{
  "ackermann": {
    "base_native": {
      "mean": 1249614.2727272727,
      "median": 1108502.0,
      "min": 1103821.0,
      "max": 2631802.0,
      "std_dev": 458496.5068298974
    },
    "wasmtime_app": {
      "mean": 3403887.6,
      "median": 3220348.0,
      "min": 3184272.0,
      "max": 5095407.0,
      "std_dev": 594607.4915597123
    },
    "wasmtime_vcode_app": {
      "mean": 3519621.6,
      "median": 3369081.0,
      "min": 3350419.0,
      "max": 4862349.0,
      "std_dev": 472086.4842058309
    }
  },
  "base64": {
    "base_native": {
      "mean": 109817570.57142857,
      "median": 109759983.0,
      "min": 109680124.0,
      "max": 110164469.0,
      "std_dev": 170078.28326671335
    },
    "wasmtime_app": {
      "mean": 168475494.0,
      "median": 167606256.0,
      "min": 167258693.0,
      "max": 171430771.0,
      "std_dev": 1987746.624930686
    },
    "wasmtime_vcode_app": {
      "mean": 167511768.5,
      "median": 167519095.0,
      "min": 167451220.0,
      "max": 167557664.0,
      "std_dev": 45136.466628067676
    }
  },
  "ctype": {
    "base_native": {
      "mean": 498020280.0,
      "median": 498020280.0,
      "min": 497664038.0,
      "max": 498376522.0,
      "std_dev": 503802.2678869161
    },
    "wasmtime_app": {
      "mean": 654227486.5,
      "median": 654227486.5,
      "min": 650322236.0,
      "max": 658132737.0,
      "std_dev": 5522858.221564311
    },
    "wasmtime_vcode_app": {
      "mean": 650829146.5,
      "median": 650829146.5,
      "min": 650410215.0,
      "max": 651248078.0,
      "std_dev": 592458.6090053043
    }
  },
  "ed25519": {
    "base_native": {
      "mean": 504693686.5,
      "median": 504693686.5,
      "min": 501870516.0,
      "max": 507516857.0,
      "std_dev": 3992566.009991632
    },
    "wasmtime_app": {
      "mean": 3446700169.0,
      "median": 3446700169.0,
      "min": 3446700169.0,
      "max": 3446700169.0,
      "std_dev": 0.0
    },
    "wasmtime_vcode_app": {
      "mean": 3390008216.0,
      "median": 3390008216.0,
      "min": 3390008216.0,
      "max": 3390008216.0,
      "std_dev": 0.0
    }
  },
  "fib2": {
    "base_native": {
      "mean": 2866405735.0,
      "median": 2866405735.0,
      "min": 2866405735.0,
      "max": 2866405735.0,
      "std_dev": 0.0
    },
    "wasmtime_app": {
      "mean": 5855720418.0,
      "median": 5855720418.0,
      "min": 5855720418.0,
      "max": 5855720418.0,
      "std_dev": 0.0
    },
    "wasmtime_vcode_app": {
      "mean": 5855852625.0,
      "median": 5855852625.0,
      "min": 5855852625.0,
      "max": 5855852625.0,
      "std_dev": 0.0
    }
  },
  "gimli": {
    "base_native": {
      "mean": 1159786.2727272727,
      "median": 1156172.0,
      "min": 1149016.0,
      "max": 1198423.0,
      "std_dev": 13538.521574314596
    },
    "wasmtime_app": {
      "mean": 5639257.4,
      "median": 5436669.0,
      "min": 5418303.0,
      "max": 7486660.0,
      "std_dev": 649163.6239966692
    },
    "wasmtime_vcode_app": {
      "mean": 5882669.3,
      "median": 5830531.0,
      "min": 5792295.0,
      "max": 6351212.0,
      "std_dev": 165618.58487504083
    }
  },
  "heapsort": {
    "base_native": {
      "mean": 741667645.0,
      "median": 741667645.0,
      "min": 741667645.0,
      "max": 741667645.0,
      "std_dev": 0.0
    },
    "wasmtime_app": {
      "mean": 903540736.0,
      "median": 903540736.0,
      "min": 903540736.0,
      "max": 903540736.0,
      "std_dev": 0.0
    },
    "wasmtime_vcode_app": {
      "mean": 915297098.0,
      "median": 915297098.0,
      "min": 915297098.0,
      "max": 915297098.0,
      "std_dev": 0.0
    }
  },
  "keccak": {
    "base_native": {
      "mean": 4996256.2,
      "median": 4991262.0,
      "min": 4982308.0,
      "max": 5022356.0,
      "std_dev": 13358.56480814213
    },
    "wasmtime_app": {
      "mean": 11929532.2,
      "median": 11498855.0,
      "min": 11466538.0,
      "max": 15843402.0,
      "std_dev": 1375323.5382705652
    },
    "wasmtime_vcode_app": {
      "mean": 11673279.6,
      "median": 11669641.0,
      "min": 11639139.0,
      "max": 11761388.0,
      "std_dev": 35409.70500740032
    }
  },
  "matrix": {
    "base_native": {
      "mean": 128222200.33333333,
      "median": 128212220.5,
      "min": 128140976.0,
      "max": 128322141.0,
      "std_dev": 61101.19664512854
    },
    "wasmtime_app": {
      "mean": 365579435.5,
      "median": 365579435.5,
      "min": 364009827.0,
      "max": 367149044.0,
      "std_dev": 2219761.62831609
    },
    "wasmtime_vcode_app": {
      "mean": 364810607.0,
      "median": 364810607.0,
      "min": 364321296.0,
      "max": 365299918.0,
      "std_dev": 691990.2524183415
    }
  },
  "matrix2": {
    "base_native": {
      "mean": 83954194.875,
      "median": 83906393.0,
      "min": 83837291.0,
      "max": 84125492.0,
      "std_dev": 117512.63444344733
    },
    "wasmtime_app": {
      "mean": 167242737.0,
      "median": 166687780.0,
      "min": 166231590.0,
      "max": 169363798.0,
      "std_dev": 1442909.1642553248
    },
    "wasmtime_vcode_app": {
      "mean": 166751837.5,
      "median": 166757613.5,
      "min": 166549353.0,
      "max": 166942770.0,
      "std_dev": 163685.43521950877
    }
  },
  "memmove": {
    "base_native": {
      "mean": 11366413.5,
      "median": 11363249.0,
      "min": 11349765.0,
      "max": 11386960.0,
      "std_dev": 12865.640099375805
    },
    "wasmtime_app": {
      "mean": 568902570.0,
      "median": 568902570.0,
      "min": 567135981.0,
      "max": 570669159.0,
      "std_dev": 2498334.122939124
    },
    "wasmtime_vcode_app": {
      "mean": 567098091.5,
      "median": 567098091.5,
      "min": 567069468.0,
      "max": 567126715.0,
      "std_dev": 40479.741902586284
    }
  },
  "minicsv": {
    "base_native": {
      "mean": 548253744.5,
      "median": 548253744.5,
      "min": 548120039.0,
      "max": 548387450.0,
      "std_dev": 189088.13146387585
    },
    "wasmtime_app": {
      "mean": 821152332.0,
      "median": 821152332.0,
      "min": 821152332.0,
      "max": 821152332.0,
      "std_dev": 0.0
    },
    "wasmtime_vcode_app": {
      "mean": 819148372.0,
      "median": 819148372.0,
      "min": 819148372.0,
      "max": 819148372.0,
      "std_dev": 0.0
    }
  },
  "nestedloop": {
    "base_native": {
      "mean": 573401.4166666666,
      "median": 571675.5,
      "min": 563633.0,
      "max": 601770.0,
      "std_dev": 9342.050061740229
    },
    "wasmtime_app": {
      "mean": 2142835.090909091,
      "median": 2106091.0,
      "min": 2089211.0,
      "max": 2496404.0,
      "std_dev": 117676.10231517233
    },
    "wasmtime_vcode_app": {
      "mean": 2281292.4545454546,
      "median": 2276284.0,
      "min": 2265569.0,
      "max": 2331481.0,
      "std_dev": 18744.952773286128
    }
  },
  "nestedloop2": {
    "base_native": {
      "mean": 572762.6666666666,
      "median": 570167.0,
      "min": 566505.0,
      "max": 606660.0,
      "std_dev": 10859.806471851172
    },
    "wasmtime_app": {
      "mean": 2142790.6363636362,
      "median": 2110247.0,
      "min": 2093566.0,
      "max": 2507042.0,
      "std_dev": 121057.56170373886
    },
    "wasmtime_vcode_app": {
      "mean": 2277236.5454545454,
      "median": 2269906.0,
      "min": 2253926.0,
      "max": 2357488.0,
      "std_dev": 28731.30468448531
    }
  },
  "nestedloop3": {
    "base_native": {
      "mean": 788866.75,
      "median": 786459.5,
      "min": 784354.0,
      "max": 806915.0,
      "std_dev": 6434.497015378055
    },
    "wasmtime_app": {
      "mean": 2385592.3636363638,
      "median": 2342060.0,
      "min": 2326180.0,
      "max": 2843217.0,
      "std_dev": 152015.1980982643
    },
    "wasmtime_vcode_app": {
      "mean": 2523578.5454545454,
      "median": 2510455.0,
      "min": 2496615.0,
      "max": 2607569.0,
      "std_dev": 33221.23006862821
    }
  },