{
  "ackermann": {
    "base_native": {
      "mean": 1226001.1818181819,
      "median": 1103143.0,
      "min": 1088658.0,
      "max": 2477708.0,
      "std_dev": 415223.89624173084
    },
    "wasmtime_app": {
      "mean": 3405936.9,
      "median": 3217092.0,
      "min": 3200667.0,
      "max": 5127214.0,
      "std_dev": 604877.423079062
    },
    "wasmtime_vcode_app": {
      "mean": 3527644.8,
      "median": 3372698.0,
      "min": 3355032.0,
      "max": 4948329.0,
      "std_dev": 499215.8887828881
    }
  },
  "base64": {
    "base_native": {
      "mean": 109730775.28571428,
      "median": 109728449.0,
      "min": 109687000.0,
      "max": 109806599.0,
      "std_dev": 43028.82601897742
    },
    "wasmtime_app": {
      "mean": 168174364.25,
      "median": 167298333.0,
      "min": 167194018.0,
      "max": 170906773.0,
      "std_dev": 1822957.088831838
    },
    "wasmtime_vcode_app": {
      "mean": 167541116.0,
      "median": 167551522.0,
      "min": 167412395.0,
      "max": 167649025.0,
      "std_dev": 116041.20188105603
    }
  },
  "ctype": {
    "base_native": {
      "mean": 498049406.0,
      "median": 498049406.0,
      "min": 497999791.0,
      "max": 498099021.0,
      "std_dev": 70166.20589714112
    },
    "wasmtime_app": {
      "mean": 652020001.0,
      "median": 652020001.0,
      "min": 650510690.0,
      "max": 653529312.0,
      "std_dev": 2134488.0860388987
    },
    "wasmtime_vcode_app": {
      "mean": 650980974.5,
      "median": 650980974.5,
      "min": 650961914.0,
      "max": 651000035.0,
      "std_dev": 26955.617605612377
    }
  },
  "ed25519": {
    "base_native": {
      "mean": 502420679.5,
      "median": 502420679.5,
      "min": 500162600.0,
      "max": 504678759.0,
      "std_dev": 3193406.653816657
    },
    "wasmtime_app": {
      "mean": 3410752419.0,
      "median": 3410752419.0,
      "min": 3410752419.0,
      "max": 3410752419.0,
      "std_dev": 0.0
    },
    "wasmtime_vcode_app": {
      "mean": 3435759117.0,
      "median": 3435759117.0,
      "min": 3435759117.0,
      "max": 3435759117.0,
      "std_dev": 0.0
    }
  },
  "fib2": {
    "base_native": {
      "mean": 2867355895.0,
      "median": 2867355895.0,
      "min": 2867355895.0,
      "max": 2867355895.0,
      "std_dev": 0.0
    },
    "wasmtime_app": {
      "mean": 5872708560.0,
      "median": 5872708560.0,
      "min": 5872708560.0,
      "max": 5872708560.0,
      "std_dev": 0.0
    },
    "wasmtime_vcode_app": {
      "mean": 5858470725.0,
      "median": 5858470725.0,
      "min": 5858470725.0,
      "max": 5858470725.0,
      "std_dev": 0.0
    }
  },
  "gimli": {
    "base_native": {
      "mean": 1159383.0,
      "median": 1152786.0,
      "min": 1146319.0,
      "max": 1230613.0,
      "std_dev": 23804.536000518892
    },
    "wasmtime_app": {
      "mean": 5501591.3,
      "median": 5433304.0,
      "min": 5419914.0,
      "max": 6114201.0,
      "std_dev": 215608.81079041172
    },
    "wasmtime_vcode_app": {
      "mean": 5612077.1,
      "median": 5601095.0,
      "min": 5576133.0,
      "max": 5712661.0,
      "std_dev": 37030.759416853565
    }
  },
  "heapsort": {
    "base_native": {
      "mean": 741142762.0,
      "median": 741142762.0,
      "min": 741142762.0,
      "max": 741142762.0,
      "std_dev": 0.0
    },
    "wasmtime_app": {
      "mean": 903749333.0,
      "median": 903749333.0,
      "min": 903749333.0,
      "max": 903749333.0,
      "std_dev": 0.0
    },
    "wasmtime_vcode_app": {
      "mean": 897972052.0,
      "median": 897972052.0,
      "min": 897972052.0,
      "max": 897972052.0,
      "std_dev": 0.0
    }
  },
  "keccak": {
    "base_native": {
      "mean": 4993088.8,
      "median": 4989176.0,
      "min": 4984546.0,
      "max": 5011590.0,
      "std_dev": 9621.310349658432
    },
    "wasmtime_app": {
      "mean": 11956187.0,
      "median": 11511315.0,
      "min": 11471167.0,
      "max": 15879976.0,
      "std_dev": 1379468.6953715992
    },
    "wasmtime_vcode_app": {
      "mean": 11671045.2,
      "median": 11666307.0,
      "min": 11615674.0,
      "max": 11777280.0,
      "std_dev": 42761.76403387597
    }
  },
  "matrix": {
    "base_native": {
      "mean": 128323012.66666667,
      "median": 128303741.0,
      "min": 128220205.0,
      "max": 128455127.0,
      "std_dev": 96790.73048730785
    },
    "wasmtime_app": {
      "mean": 365750053.5,
      "median": 365750053.5,
      "min": 364026006.0,
      "max": 367474101.0,
      "std_dev": 2438171.356675429
    },
    "wasmtime_vcode_app": {
      "mean": 364554422.5,
      "median": 364554422.5,
      "min": 364542515.0,
      "max": 364566330.0,
      "std_dev": 16839.74799395763
    }
  },
  "matrix2": {
    "base_native": {
      "mean": 83930821.125,
      "median": 83836915.0,
      "min": 83810008.0,
      "max": 84408907.0,
      "std_dev": 209570.38422887734
    },
    "wasmtime_app": {
      "mean": 167144299.0,
      "median": 166449328.0,
      "min": 166301131.0,
      "max": 169377409.0,
      "std_dev": 1492061.523817969
    },
    "wasmtime_vcode_app": {
      "mean": 167164993.5,
      "median": 166823362.5,
      "min": 166698018.0,
      "max": 168315231.0,
      "std_dev": 769864.1788508325
    }
  },
  "memmove": {
    "base_native": {
      "mean": 11357550.8,
      "median": 11358905.5,
      "min": 11342816.0,
      "max": 11366836.0,
      "std_dev": 8069.329681647113
    },
    "wasmtime_app": {
      "mean": 568843225.5,
      "median": 568843225.5,
      "min": 567093630.0,
      "max": 570592821.0,
      "std_dev": 2474301.6847669366
    },
    "wasmtime_vcode_app": {
      "mean": 567294217.5,
      "median": 567294217.5,
      "min": 567245510.0,
      "max": 567342925.0,
      "std_dev": 68882.80708928753
    }
  },
  "minicsv": {
    "base_native": {
      "mean": 548225973.0,
      "median": 548225973.0,
      "min": 547265691.0,
      "max": 549186255.0,
      "std_dev": 1358043.8281027605
    },
    "wasmtime_app": {
      "mean": 820790212.0,
      "median": 820790212.0,
      "min": 820790212.0,
      "max": 820790212.0,
      "std_dev": 0.0
    },
    "wasmtime_vcode_app": {
      "mean": 836395321.0,
      "median": 836395321.0,
      "min": 836395321.0,
      "max": 836395321.0,
      "std_dev": 0.0
    }
  },
  "nestedloop": {
    "base_native": {
      "mean": 571964.25,
      "median": 570247.5,
      "min": 562833.0,
      "max": 591518.0,
      "std_dev": 8177.32074509627
    },
    "wasmtime_app": {
      "mean": 2138605.5454545454,
      "median": 2105181.0,
      "min": 2086163.0,
      "max": 2494927.0,
      "std_dev": 118592.36553873413
    },
    "wasmtime_vcode_app": {
      "mean": 2289477.5454545454,
      "median": 2283854.0,
      "min": 2272144.0,
      "max": 2357951.0,
      "std_dev": 24501.192205130086
    }
  },
  "nestedloop2": {
    "base_native": {
      "mean": 575474.8333333334,
      "median": 567969.0,
      "min": 564431.0,
      "max": 663791.0,
      "std_dev": 27859.838366147764
    },
    "wasmtime_app": {
      "mean": 2135682.1818181816,
      "median": 2102675.0,
      "min": 2086969.0,
      "max": 2497510.0,
      "std_dev": 120347.26224540232
    },
    "wasmtime_vcode_app": {
      "mean": 2285792.727272727,
      "median": 2274296.0,
      "min": 2263181.0,
      "max": 2427310.0,
      "std_dev": 47126.89878422069
    }
  },
  "nestedloop3": {
    "base_native": {
      "mean": 786546.9166666666,
      "median": 784894.0,
      "min": 782079.0,
      "max": 804129.0,
      "std_dev": 5962.9307385231505
    },
    "wasmtime_app": {
      "mean": 2377826.4545454546,
      "median": 2335202.0,
      "min": 2321406.0,
      "max": 2819847.0,
      "std_dev": 146774.34571434045
    },
    "wasmtime_vcode_app": {
      "mean": 2514388.090909091,
      "median": 2505314.0,
      "min": 2496936.0,
      "max": 2573608.0,
      "std_dev": 21798.396186208498
    }
  },