{
  "ackermann": {
    "base_native": {
      "mean": 1232759.3636363635,
      "median": 1105698.0,
      "min": 1093740.0,
      "max": 2538391.0,
      "std_dev": 433085.1777981493
    },
    "wasmtime_app": {
      "mean": 3393560.2,
      "median": 3209355.0,
      "min": 3184139.0,
      "max": 5048370.0,
      "std_dev": 581767.3233909851
    },
    "wasmtime_vcode_app": {
      "mean": 3524524.3,
      "median": 3368512.5,
      "min": 3339805.0,
      "max": 4946364.0,
      "std_dev": 499842.5759767991
    }
  },
  "base64": {
    "base_native": {
      "mean": 109748668.71428572,
      "median": 109749150.0,
      "min": 109670337.0,
      "max": 109815735.0,
      "std_dev": 50821.30679388415
    },
    "wasmtime_app": {
      "mean": 168229381.25,
      "median": 167261499.0,
      "min": 167240058.0,
      "max": 171154469.0,
      "std_dev": 1950085.725604454
    },
    "wasmtime_vcode_app": {
      "mean": 167493657.75,
      "median": 167515308.5,
      "min": 167364146.0,
      "max": 167579868.0,
      "std_dev": 94566.43922793117
    }
  },
  "ctype": {
    "base_native": {
      "mean": 497759784.0,
      "median": 497759784.0,
      "min": 497685151.0,
      "max": 497834417.0,
      "std_dev": 105547.00080059121
    },
    "wasmtime_app": {
      "mean": 651671891.5,
      "median": 651671891.5,
      "min": 650238076.0,
      "max": 653105707.0,
      "std_dev": 2027721.3260407604
    },
    "wasmtime_vcode_app": {
      "mean": 650461986.0,
      "median": 650461986.0,
      "min": 650159813.0,
      "max": 650764159.0,
      "std_dev": 427337.15478296526
    }
  },
  "ed25519": {
    "base_native": {
      "mean": 502169738.0,
      "median": 502169738.0,
      "min": 500131151.0,
      "max": 504208325.0,
      "std_dev": 2882997.3834774806
    },
    "wasmtime_app": {
      "mean": 3421195067.0,
      "median": 3421195067.0,
      "min": 3421195067.0,
      "max": 3421195067.0,
      "std_dev": 0.0
    },
    "wasmtime_vcode_app": {
      "mean": 3387642392.0,
      "median": 3387642392.0,
      "min": 3387642392.0,
      "max": 3387642392.0,
      "std_dev": 0.0
    }
  },
  "fib2": {
    "base_native": {
      "mean": 2865913380.0,
      "median": 2865913380.0,
      "min": 2865913380.0,
      "max": 2865913380.0,
      "std_dev": 0.0
    },
    "wasmtime_app": {
      "mean": 5869393716.0,
      "median": 5869393716.0,
      "min": 5869393716.0,
      "max": 5869393716.0,
      "std_dev": 0.0
    },
    "wasmtime_vcode_app": {
      "mean": 5857994358.0,
      "median": 5857994358.0,
      "min": 5857994358.0,
      "max": 5857994358.0,
      "std_dev": 0.0
    }
  },
  "gimli": {
    "base_native": {
      "mean": 1154839.4545454546,
      "median": 1152155.0,
      "min": 1147941.0,
      "max": 1182700.0,
      "std_dev": 9816.221527284686
    },
    "wasmtime_app": {
      "mean": 5626223.5,
      "median": 5421542.5,
      "min": 5402206.0,
      "max": 7479807.0,
      "std_dev": 651395.3750433244
    },
    "wasmtime_vcode_app": {
      "mean": 5616350.8,
      "median": 5600463.0,
      "min": 5577077.0,
      "max": 5693326.0,
      "std_dev": 36410.43822495595
    }
  },
  "heapsort": {
    "base_native": {
      "mean": 741364553.0,
      "median": 741364553.0,
      "min": 741364553.0,
      "max": 741364553.0,
      "std_dev": 0.0
    },
    "wasmtime_app": {
      "mean": 905722244.0,
      "median": 905722244.0,
      "min": 905722244.0,
      "max": 905722244.0,
      "std_dev": 0.0
    },
    "wasmtime_vcode_app": {
      "mean": 905220474.0,
      "median": 905220474.0,
      "min": 905220474.0,
      "max": 905220474.0,
      "std_dev": 0.0
    }
  },
  "keccak": {
    "base_native": {
      "mean": 4992246.8,
      "median": 4986913.5,
      "min": 4985138.0,
      "max": 5026975.0,
      "std_dev": 13095.611850285322
    },
    "wasmtime_app": {
      "mean": 11929631.6,
      "median": 11491557.0,
      "min": 11464708.0,
      "max": 15867490.0,
      "std_dev": 1383862.1918478892
    },
    "wasmtime_vcode_app": {
      "mean": 11668775.2,
      "median": 11656210.5,
      "min": 11634486.0,
      "max": 11792060.0,
      "std_dev": 46200.09781086328
    }
  },
  "matrix": {
    "base_native": {
      "mean": 128181003.66666667,
      "median": 128155350.0,
      "min": 128096152.0,
      "max": 128336757.0,
      "std_dev": 95556.09365114642
    },
    "wasmtime_app": {
      "mean": 365162666.0,
      "median": 365162666.0,
      "min": 363305017.0,
      "max": 367020315.0,
      "std_dev": 2627112.409928818
    },
    "wasmtime_vcode_app": {
      "mean": 364730785.0,
      "median": 364730785.0,
      "min": 364730724.0,
      "max": 364730846.0,
      "std_dev": 86.2670273047588
    }
  },
  "matrix2": {
    "base_native": {
      "mean": 83883060.5,
      "median": 83853964.0,
      "min": 83789208.0,
      "max": 84059112.0,
      "std_dev": 90490.14139357155
    },
    "wasmtime_app": {
      "mean": 167056593.5,
      "median": 166385669.5,
      "min": 166291757.0,
      "max": 169163278.0,
      "std_dev": 1405305.529228075
    },
    "wasmtime_vcode_app": {
      "mean": 166761113.4,
      "median": 166595565.0,
      "min": 166534005.0,
      "max": 167343638.0,
      "std_dev": 342576.02694044425
    }
  },
  "memmove": {
    "base_native": {
      "mean": 11358694.7,
      "median": 11359607.5,
      "min": 11343945.0,
      "max": 11376325.0,
      "std_dev": 9377.06608996415
    },
    "wasmtime_app": {
      "mean": 568471262.5,
      "median": 568471262.5,
      "min": 566839677.0,
      "max": 570102848.0,
      "std_dev": 2307410.3422712875
    },
    "wasmtime_vcode_app": {
      "mean": 567773924.0,
      "median": 567773924.0,
      "min": 566968709.0,
      "max": 568579139.0,
      "std_dev": 1138745.9736262518
    }
  },
  "minicsv": {
    "base_native": {
      "mean": 544578374.5,
      "median": 544578374.5,
      "min": 543645340.0,
      "max": 545511409.0,
      "std_dev": 1319510.0440619995
    },
    "wasmtime_app": {
      "mean": 824156359.0,
      "median": 824156359.0,
      "min": 824156359.0,
      "max": 824156359.0,
      "std_dev": 0.0
    },
    "wasmtime_vcode_app": {
      "mean": 825262460.0,
      "median": 825262460.0,
      "min": 825262460.0,
      "max": 825262460.0,
      "std_dev": 0.0
    }
  },
  "nestedloop": {
    "base_native": {
      "mean": 569549.6666666666,
      "median": 568360.5,
      "min": 565427.0,
      "max": 587821.0,
      "std_dev": 5887.328524170802
    },
    "wasmtime_app": {
      "mean": 2133580.272727273,
      "median": 2097685.0,
      "min": 2088021.0,
      "max": 2491159.0,
      "std_dev": 118805.67281413033
    },
    "wasmtime_vcode_app": {
      "mean": 2270672.727272727,
      "median": 2268003.0,
      "min": 2263768.0,
      "max": 2294170.0,
      "std_dev": 8748.156023881938
    }
  },
  "nestedloop2": {
    "base_native": {
      "mean": 570195.0,
      "median": 567022.0,
      "min": 564898.0,
      "max": 606863.0,
      "std_dev": 11643.134613855653
    },
    "wasmtime_app": {
      "mean": 2131886.8181818184,
      "median": 2097805.0,
      "min": 2087273.0,
      "max": 2465313.0,
      "std_dev": 110799.35633190129
    },
    "wasmtime_vcode_app": {
      "mean": 2269401.909090909,
      "median": 2262644.0,
      "min": 2245871.0,
      "max": 2352425.0,
      "std_dev": 28629.882893419403
    }
  },
  "nestedloop3": {
    "base_native": {
      "mean": 784720.9166666666,
      "median": 783876.0,
      "min": 780071.0,
      "max": 796896.0,
      "std_dev": 4456.541350712014
    },
    "wasmtime_app": {
      "mean": 2378878.3636363638,
      "median": 2334157.0,
      "min": 2326194.0,
      "max": 2816545.0,
      "std_dev": 145349.61793639002
    },
    "wasmtime_vcode_app": {
      "mean": 2508215.090909091,
      "median": 2504011.0,
      "min": 2487337.0,
      "max": 2556052.0,
      "std_dev": 18122.844172229397
    }
  },