{
  "ackermann": {
    "base_native": {
      "mean": 3965708.3,
      "median": 3070125.0,
      "min": 3018416.0,
      "max": 12079791.0,
      "std_dev": 2851120.578621834
    },
    "wasmtime_app": {
      "mean": 9222902.6,
      "median": 9128486.0,
      "min": 8478728.0,
      "max": 10537420.0,
      "std_dev": 719767.3929124911
    }
  },
  "base64": {
    "base_native": {
      "mean": 261352166.33333334,
      "median": 261575251.0,
      "min": 256608144.0,
      "max": 265873104.0,
      "std_dev": 4636506.877680258
    },
    "wasmtime_app": {
      "mean": 381281338.5,
      "median": 381281338.5,
      "min": 372905316.0,
      "max": 389657361.0,
      "std_dev": 11845484.618242197
    }
  },
  "ctype": {
    "base_native": {
      "mean": 658101553.0,
      "median": 658101553.0,
      "min": 655424525.0,
      "max": 660778581.0,
      "std_dev": 3785889.3044525217
    },
    "wasmtime_app": {
      "mean": 981798223.0,
      "median": 981798223.0,
      "min": 981798223.0,
      "max": 981798223.0,
      "std_dev": 0.0
    }
  },
  "ed25519": {
    "base_native": {
      "mean": 1433057244.0,
      "median": 1433057244.0,
      "min": 1433057244.0,
      "max": 1433057244.0,
      "std_dev": 0.0
    },
    "wasmtime_app": {
      "mean": 6781892257.0,
      "median": 6781892257.0,
      "min": 6781892257.0,
      "max": 6781892257.0,
      "std_dev": 0.0
    }
  },
  "fib2": {
    "base_native": {
      "mean": 6955831622.0,
      "median": 6955831622.0,
      "min": 6955831622.0,
      "max": 6955831622.0,
      "std_dev": 0.0
    },
    "wasmtime_app": {
      "mean": 10670662075.0,
      "median": 10670662075.0,
      "min": 10670662075.0,
      "max": 10670662075.0,
      "std_dev": 0.0
    }
  },
  "gimli": {
    "base_native": {
      "mean": 4151320.5,
      "median": 4151013.0,
      "min": 4126140.0,
      "max": 4175086.0,
      "std_dev": 14958.210032918007
    },
    "wasmtime_app": {
      "mean": 9512329.0,
      "median": 9357484.0,
      "min": 9340822.0,
      "max": 10826377.0,
      "std_dev": 462730.6208982596
    }
  },
  "heapsort": {
    "base_native": {
      "mean": 1076237139.0,
      "median": 1076237139.0,
      "min": 1076237139.0,
      "max": 1076237139.0,
      "std_dev": 0.0
    },
    "wasmtime_app": {
      "mean": 1220358122.0,
      "median": 1220358122.0,
      "min": 1220358122.0,
      "max": 1220358122.0,
      "std_dev": 0.0
    }
  },
  "keccak": {
    "base_native": {
      "mean": 7490025.1,
      "median": 7487920.5,
      "min": 7467184.0,
      "max": 7517681.0,
      "std_dev": 13438.430004613221
    },
    "wasmtime_app": {
      "mean": 22839950.0,
      "median": 21216495.0,
      "min": 21040743.0,
      "max": 37043712.0,
      "std_dev": 4993092.84245324
    }
  },
  "matrix": {
    "base_native": {
      "mean": 377877163.5,
      "median": 377877163.5,
      "min": 377874151.0,
      "max": 377880176.0,
      "std_dev": 4260.318356648949
    },
    "wasmtime_app": {
      "mean": 533508540.0,
      "median": 533508540.0,
      "min": 529394180.0,
      "max": 537622900.0,
      "std_dev": 5818583.712485367
    }
  },
  "matrix2": {
    "base_native": {
      "mean": 194267763.75,
      "median": 194256621.0,
      "min": 194251821.0,
      "max": 194305992.0,
      "std_dev": 25586.566336979777
    },
    "wasmtime_app": {
      "mean": 260228952.66666666,
      "median": 257663368.0,
      "min": 257662918.0,
      "max": 265360572.0,
      "std_dev": 4444112.71091377
    }
  },
  "memmove": {
    "base_native": {
      "mean": 47342922.9,
      "median": 47343320.5,
      "min": 47330684.0,
      "max": 47357982.0,
      "std_dev": 9473.111860535704
    },
    "wasmtime_app": {
      "mean": 521205583.0,
      "median": 521205583.0,
      "min": 516369270.0,
      "max": 526041896.0,
      "std_dev": 6839579.43648131
    }
  },
  "minicsv": {
    "base_native": {
      "mean": 728753116.0,
      "median": 728753116.0,
      "min": 728753116.0,
      "max": 728753116.0,
      "std_dev": 0.0
    },
    "wasmtime_app": {
      "mean": 1105423405.0,
      "median": 1105423405.0,
      "min": 1105423405.0,
      "max": 1105423405.0,
      "std_dev": 0.0
    }
  },
  "nestedloop": {
    "base_native": {
      "mean": 1591894.1818181819,
      "median": 1590015.0,
      "min": 1567366.0,
      "max": 1614363.0,
      "std_dev": 13014.529248637324
    },
    "wasmtime_app": {
      "mean": 6272000.3,
      "median": 6181338.5,
      "min": 6157803.0,
      "max": 7103442.0,
      "std_dev": 292614.1473735032
    }
  },
  "nestedloop2": {
    "base_native": {
      "mean": 1808124.6,
      "median": 1595426.5,
      "min": 1567191.0,
      "max": 3570578.0,
      "std_dev": 620843.9138488477
    },
    "wasmtime_app": {
      "mean": 6255828.7,
      "median": 6170476.5,
      "min": 6152753.0,
      "max": 7031946.0,
      "std_dev": 273057.12655089836
    }
  },
  "nestedloop3": {
    "base_native": {
      "mean": 2095468.6363636365,
      "median": 2090355.0,
      "min": 2065057.0,
      "max": 2152401.0,
      "std_dev": 24079.47037736805
    },
    "wasmtime_app": {
      "mean": 6840303.6,
      "median": 6722753.5,
      "min": 6692793.0,
      "max": 7941263.0,
      "std_dev": 387261.3813345653
    }
  },
  "random": {
    "base_native": {
      "mean": 577588545.5,
      "median": 577588545.5,
      "min": 577582096.0,
      "max": 577594995.0,
      "std_dev": 9120.970370525276
    },
    "wasmtime_app": {
      "mean": 290678207.0,
      "median": 290403783.0,
      "min": 290376135.0,
      "max": 291254703.0,
      "std_dev": 499451.53066939337
    }
  },
  "random2": {
    "base_native": {
      "mean": 577649804.0,
      "median": 577649804.0,
      "min": 577556173.0,
      "max": 577743435.0,
      "std_dev": 132414.23005855526
    },
    "wasmtime_app": {
      "mean": 290693006.0,
      "median": 290391709.0,
      "min": 290390184.0,
      "max": 291297125.0,
      "std_dev": 523182.9565524856
    }
  },
  "ratelimit": {
    "base_native": {
      "mean": 25921183.5,
      "median": 25920536.0,
      "min": 25899962.0,
      "max": 25946884.0,
      "std_dev": 13808.343381609702
    },
    "wasmtime_app": {
      "mean": 39030286.6,
      "median": 38317780.0,
      "min": 38284557.0,
      "max": 45506992.0,
      "std_dev": 2275741.258617616
    }
  },
  "seqhash": {
    "base_native": {
      "mean": 7121555137.0,
      "median": 7121555137.0,
      "min": 7121555137.0,
      "max": 7121555137.0,
      "std_dev": 0.0
    },
    "wasmtime_app": {
      "mean": 9698297844.0,
      "median": 9698297844.0,
      "min": 9698297844.0,
      "max": 9698297844.0,
      "std_dev": 0.0
    }
  },
  "sieve": {
    "base_native": {
      "mean": 569248296.5,
      "median": 569248296.5,
      "min": 569239372.0,
      "max": 569257221.0,
      "std_dev": 12621.148937398686
    },
    "wasmtime_app": {
      "mean": 767128333.0,
      "median": 767128333.0,
      "min": 767128333.0,
      "max": 767128333.0,
      "std_dev": 0.0
    }
  },
  "strcat": {
    "base_native": {
      "mean": 65864187.4,
      "median": 65855005.5,
      "min": 65838732.0,
      "max": 65941875.0,
      "std_dev": 29683.243987138605
    },
    "wasmtime_app": {
      "mean": 352665620.0,
      "median": 352665620.0,
      "min": 350132683.0,
      "max": 355198557.0,
      "std_dev": 3582113.85803662
    }
  },
  "strcat2": {
    "base_native": {
      "mean": 2601140.5454545454,
      "median": 2597470.0,
      "min": 2588821.0,
      "max": 2626018.0,
      "std_dev": 11847.46656769823
    },
    "wasmtime_app": {
      "mean": 9383012.3,
      "median": 8488265.0,
      "min": 8417107.0,
      "max": 17597065.0,
      "std_dev": 2886308.0650508474
    }
  },
  "strchr": {
    "base_native": {
      "mean": 155139930.0,
      "median": 155144920.0,
      "min": 155115697.0,
      "max": 155158844.0,
      "std_dev": 16723.455877897966
    },