{
  "ackermann": {
    "base_native": {
      "mean": 3201627.5,
      "median": 2879248.0,
      "min": 2855012.0,
      "max": 6074429.0,
      "std_dev": 1009787.0577103813
    },
    "wasmtime_app": {
      "mean": 8886769.8,
      "median": 8627351.5,
      "min": 7945689.0,
      "max": 12373271.0,
      "std_dev": 1303332.4019443218
    }
  },
  "base64": {
    "base_native": {
      "mean": 252567724.0,
      "median": 253404743.0,
      "min": 250819365.0,
      "max": 253479064.0,
      "std_dev": 1514579.247652958
    },
    "wasmtime_app": {
      "mean": 355055896.0,
      "median": 355055896.0,
      "min": 350370165.0,
      "max": 359741627.0,
      "std_dev": 6626624.329832045
    }
  },
  "ctype": {
    "base_native": {
      "mean": 654626196.5,
      "median": 654626196.5,
      "min": 654150161.0,
      "max": 655102232.0,
      "std_dev": 673215.8602710575
    },
    "wasmtime_app": {
      "mean": 984122295.0,
      "median": 984122295.0,
      "min": 984122295.0,
      "max": 984122295.0,
      "std_dev": 0.0
    }
  },
  "ed25519": {
    "base_native": {
      "mean": 1433356388.0,
      "median": 1433356388.0,
      "min": 1433356388.0,
      "max": 1433356388.0,
      "std_dev": 0.0
    },
    "wasmtime_app": {
      "mean": 6730779535.0,
      "median": 6730779535.0,
      "min": 6730779535.0,
      "max": 6730779535.0,
      "std_dev": 0.0
    }
  },
  "fib2": {
    "base_native": {
      "mean": 6956059748.0,
      "median": 6956059748.0,
      "min": 6956059748.0,
      "max": 6956059748.0,
      "std_dev": 0.0
    },
    "wasmtime_app": {
      "mean": 10698278341.0,
      "median": 10698278341.0,
      "min": 10698278341.0,
      "max": 10698278341.0,
      "std_dev": 0.0
    }
  },
  "gimli": {
    "base_native": {
      "mean": 4142614.1,
      "median": 4145201.5,
      "min": 4120815.0,
      "max": 4159538.0,
      "std_dev": 11836.993823039136
    },
    "wasmtime_app": {
      "mean": 9487376.8,
      "median": 9328725.5,
      "min": 9312664.0,
      "max": 10806107.0,
      "std_dev": 464277.2253793584
    }
  },
  "heapsort": {
    "base_native": {
      "mean": 1076347634.0,
      "median": 1076347634.0,
      "min": 1076347634.0,
      "max": 1076347634.0,
      "std_dev": 0.0
    },
    "wasmtime_app": {
      "mean": 1220565882.0,
      "median": 1220565882.0,
      "min": 1220565882.0,
      "max": 1220565882.0,
      "std_dev": 0.0
    }
  },
  "keccak": {
    "base_native": {
      "mean": 7475299.5,
      "median": 7478062.0,
      "min": 7450351.0,
      "max": 7495198.0,
      "std_dev": 14815.7819627135
    },
    "wasmtime_app": {
      "mean": 22856191.6,
      "median": 21321380.5,
      "min": 20973475.0,
      "max": 36967423.0,
      "std_dev": 4960391.857097272
    }
  },
  "matrix": {
    "base_native": {
      "mean": 377897928.5,
      "median": 377897928.5,
      "min": 377871767.0,
      "max": 377924090.0,
      "std_dev": 36997.948112023725
    },
    "wasmtime_app": {
      "mean": 533645742.5,
      "median": 533645742.5,
      "min": 529371277.0,
      "max": 537920208.0,
      "std_dev": 6045007.081995893
    }
  },
  "matrix2": {
    "base_native": {
      "mean": 194267443.0,
      "median": 194261943.5,
      "min": 194248956.0,
      "max": 194296929.0,
      "std_dev": 20690.63941335147
    },
    "wasmtime_app": {
      "mean": 260140679.0,
      "median": 257616526.0,
      "min": 257584577.0,
      "max": 265220934.0,
      "std_dev": 4399658.888302478
    }
  },
  "memmove": {
    "base_native": {
      "mean": 47334376.0,
      "median": 47332646.5,
      "min": 47323334.0,
      "max": 47353257.0,
      "std_dev": 9462.087460550716
    },
    "wasmtime_app": {
      "mean": 520953401.0,
      "median": 520953401.0,
      "min": 516019484.0,
      "max": 525887318.0,
      "std_dev": 6977612.337023174
    }
  },
  "minicsv": {
    "base_native": {
      "mean": 729037004.0,
      "median": 729037004.0,
      "min": 729037004.0,
      "max": 729037004.0,
      "std_dev": 0.0
    },
    "wasmtime_app": {
      "mean": 1109067570.0,
      "median": 1109067570.0,
      "min": 1109067570.0,
      "max": 1109067570.0,
      "std_dev": 0.0
    }
  },
  "nestedloop": {
    "base_native": {
      "mean": 1577757.7272727273,
      "median": 1581460.0,
      "min": 1551461.0,
      "max": 1601608.0,
      "std_dev": 17190.108284073773
    },
    "wasmtime_app": {
      "mean": 6249186.9,
      "median": 6167898.5,
      "min": 6126939.0,
      "max": 7033364.0,
      "std_dev": 276662.0359598211
    }
  },
  "nestedloop2": {
    "base_native": {
      "mean": 1577425.5454545454,
      "median": 1583634.0,
      "min": 1553036.0,
      "max": 1589409.0,
      "std_dev": 12289.983827195512
    },
    "wasmtime_app": {
      "mean": 6246929.6,
      "median": 6154212.0,
      "min": 6136163.0,
      "max": 6997241.0,
      "std_dev": 265251.67682335206
    }
  },
  "nestedloop3": {
    "base_native": {
      "mean": 2084487.9090909092,
      "median": 2084856.0,
      "min": 2071507.0,
      "max": 2091956.0,
      "std_dev": 5568.149611038579
    },
    "wasmtime_app": {
      "mean": 6831269.9,
      "median": 6710406.5,
      "min": 6672959.0,
      "max": 7917490.0,
      "std_dev": 382219.96943163796
    }
  },
  "random": {
    "base_native": {
      "mean": 577628774.0,
      "median": 577628774.0,
      "min": 577600763.0,
      "max": 577656785.0,
      "std_dev": 39613.536095632764
    },
    "wasmtime_app": {
      "mean": 290686512.6666667,
      "median": 290405203.0,
      "min": 290400628.0,
      "max": 291253707.0,
      "std_dev": 491210.0278702923
    }
  },
  "random2": {
    "base_native": {
      "mean": 577641485.5,
      "median": 577641485.5,
      "min": 577592613.0,
      "max": 577690358.0,
      "std_dev": 69116.1523270791
    },
    "wasmtime_app": {
      "mean": 290674179.6666667,
      "median": 290360680.0,
      "min": 290350056.0,
      "max": 291311803.0,
      "std_dev": 552223.5541448167
    }
  },
  "ratelimit": {
    "base_native": {
      "mean": 25933332.6,
      "median": 25936250.0,
      "min": 25915251.0,
      "max": 25951149.0,
      "std_dev": 14193.358988547347
    },
    "wasmtime_app": {
      "mean": 39018322.8,
      "median": 38303224.5,
      "min": 38265202.0,
      "max": 45518129.0,
      "std_dev": 2283931.5128501942
    }
  },
  "seqhash": {
    "base_native": {
      "mean": 7111501811.0,
      "median": 7111501811.0,
      "min": 7111501811.0,
      "max": 7111501811.0,
      "std_dev": 0.0
    },
    "wasmtime_app": {
      "mean": 9693439082.0,
      "median": 9693439082.0,
      "min": 9693439082.0,
      "max": 9693439082.0,
      "std_dev": 0.0
    }
  },
  "sieve": {
    "base_native": {
      "mean": 569150006.0,
      "median": 569150006.0,
      "min": 569142169.0,
      "max": 569157843.0,
      "std_dev": 11083.191688317946
    },
    "wasmtime_app": {
      "mean": 766939027.0,
      "median": 766939027.0,
      "min": 766939027.0,
      "max": 766939027.0,
      "std_dev": 0.0
    }
  },
  "strcat": {
    "base_native": {
      "mean": 65861130.3,
      "median": 65847381.0,
      "min": 65829157.0,
      "max": 65939801.0,
      "std_dev": 33392.26146562836
    },
    "wasmtime_app": {
      "mean": 353877473.5,
      "median": 353877473.5,
      "min": 350148678.0,
      "max": 357606269.0,
      "std_dev": 5273313.167415766
    }
  },
  "strcat2": {
    "base_native": {
      "mean": 2595510.909090909,
      "median": 2592252.0,
      "min": 2579628.0,
      "max": 2612576.0,
      "std_dev": 10791.605918069336
    },
    "wasmtime_app": {
      "mean": 9357078.9,
      "median": 8443824.0,
      "min": 8399189.0,
      "max": 17641557.0,
      "std_dev": 2910958.4187534996
    }
  },
  "strchr": {
    "base_native": {
      "mean": 154964070.0,
      "median": 155085608.0,
      "min": 154576162.0,
      "max": 155107707.0,
      "std_dev": 226778.9547455848
    },