{
  "ackermann": {
    "base_native": {
      "mean": 3732755.3,
      "median": 3079522.0,
      "min": 3035311.0,
      "max": 9684666.0,
      "std_dev": 2091364.2309724817
    },
    "wasmtime_app": {
      "mean": 8949706.1,
      "median": 8442764.5,
      "min": 7891883.0,
      "max": 13737931.0,
      "std_dev": 1766009.972218129
    }
  },
  "base64": {
    "base_native": {
      "mean": 263507690.33333334,
      "median": 261648878.0,
      "min": 259687010.0,
      "max": 269187183.0,
      "std_dev": 5015447.061369139
    },
    "wasmtime_app": {
      "mean": 355014452.5,
      "median": 355014452.5,
      "min": 350377637.0,
      "max": 359651268.0,
      "std_dev": 6557447.3663217835
    }
  },
  "ctype": {
    "base_native": {
      "mean": 657219130.0,
      "median": 657219130.0,
      "min": 653814492.0,
      "max": 660623768.0,
      "std_dev": 4814885.23457081
    },
    "wasmtime_app": {
      "mean": 984972416.0,
      "median": 984972416.0,
      "min": 984972416.0,
      "max": 984972416.0,
      "std_dev": 0.0
    }
  },
  "ed25519": {
    "base_native": {
      "mean": 1433760898.0,
      "median": 1433760898.0,
      "min": 1433760898.0,
      "max": 1433760898.0,
      "std_dev": 0.0
    },
    "wasmtime_app": {
      "mean": 6777650496.0,
      "median": 6777650496.0,
      "min": 6777650496.0,
      "max": 6777650496.0,
      "std_dev": 0.0
    }
  },
  "fib2": {
    "base_native": {
      "mean": 6956732364.0,
      "median": 6956732364.0,
      "min": 6956732364.0,
      "max": 6956732364.0,
      "std_dev": 0.0
    },
    "wasmtime_app": {
      "mean": 10674582890.0,
      "median": 10674582890.0,
      "min": 10674582890.0,
      "max": 10674582890.0,
      "std_dev": 0.0
    }
  },
  "gimli": {
    "base_native": {
      "mean": 4147430.7,
      "median": 4147028.0,
      "min": 4126629.0,
      "max": 4171328.0,
      "std_dev": 12436.982503360246
    },
    "wasmtime_app": {
      "mean": 9578603.4,
      "median": 9372875.0,
      "min": 9320178.0,
      "max": 11228246.0,
      "std_dev": 585738.1841424451
    }
  },
  "heapsort": {
    "base_native": {
      "mean": 1076495114.0,
      "median": 1076495114.0,
      "min": 1076495114.0,
      "max": 1076495114.0,
      "std_dev": 0.0
    },
    "wasmtime_app": {
      "mean": 1220842713.0,
      "median": 1220842713.0,
      "min": 1220842713.0,
      "max": 1220842713.0,
      "std_dev": 0.0
    }
  },
  "keccak": {
    "base_native": {
      "mean": 7486823.3,
      "median": 7484093.5,
      "min": 7473581.0,
      "max": 7501480.0,
      "std_dev": 8407.201503605242
    },
    "wasmtime_app": {
      "mean": 22837438.7,
      "median": 21241510.5,
      "min": 20988425.0,
      "max": 36977905.0,
      "std_dev": 4970746.3514420055
    }
  },
  "matrix": {
    "base_native": {
      "mean": 377896755.5,
      "median": 377896755.5,
      "min": 377877506.0,
      "max": 377916005.0,
      "std_dev": 27222.903968900893
    },
    "wasmtime_app": {
      "mean": 533693588.5,
      "median": 533693588.5,
      "min": 529388792.0,
      "max": 537998385.0,
      "std_dev": 6087901.593556231
    }
  },
  "matrix2": {
    "base_native": {
      "mean": 194282515.5,
      "median": 194276359.5,
      "min": 194251423.0,
      "max": 194325920.0,
      "std_dev": 31332.8616684358
    },
    "wasmtime_app": {
      "mean": 260200018.33333334,
      "median": 257648853.0,
      "min": 257636403.0,
      "max": 265314799.0,
      "std_dev": 4429534.366240467
    }
  },
  "memmove": {
    "base_native": {
      "mean": 47322876.4,
      "median": 47325403.5,
      "min": 47302617.0,
      "max": 47346841.0,
      "std_dev": 13644.579601031644
    },
    "wasmtime_app": {
      "mean": 520648956.0,
      "median": 520648956.0,
      "min": 515664660.0,
      "max": 525633252.0,
      "std_dev": 7048859.002081968
    }
  },
  "minicsv": {
    "base_native": {
      "mean": 727100375.0,
      "median": 727100375.0,
      "min": 727100375.0,
      "max": 727100375.0,
      "std_dev": 0.0
    },
    "wasmtime_app": {
      "mean": 1112011380.0,
      "median": 1112011380.0,
      "min": 1112011380.0,
      "max": 1112011380.0,
      "std_dev": 0.0
    }
  },
  "nestedloop": {
    "base_native": {
      "mean": 1580294.0909090908,
      "median": 1583328.0,
      "min": 1551079.0,
      "max": 1636077.0,
      "std_dev": 23305.988781661017
    },
    "wasmtime_app": {
      "mean": 6263964.0,
      "median": 6168804.5,
      "min": 6133456.0,
      "max": 7144800.0,
      "std_dev": 310219.04183119815
    }
  },
  "nestedloop2": {
    "base_native": {
      "mean": 1565751.1818181819,
      "median": 1574153.0,
      "min": 1542429.0,
      "max": 1578778.0,
      "std_dev": 13832.589575478496
    },
    "wasmtime_app": {
      "mean": 6341704.4,
      "median": 6250212.0,
      "min": 6211302.0,
      "max": 7165398.0,
      "std_dev": 290898.8700631964
    }
  },
  "nestedloop3": {
    "base_native": {
      "mean": 2088627.1818181819,
      "median": 2082089.0,
      "min": 2059764.0,
      "max": 2133687.0,
      "std_dev": 20195.9696366289
    },
    "wasmtime_app": {
      "mean": 7049132.5,
      "median": 6741634.5,
      "min": 6727323.0,
      "max": 7983753.0,
      "std_dev": 516651.37349350215
    }
  },
  "random": {
    "base_native": {
      "mean": 577660855.0,
      "median": 577660855.0,
      "min": 577618369.0,
      "max": 577703341.0,
      "std_dev": 60084.27741098332
    },
    "wasmtime_app": {
      "mean": 290640689.3333333,
      "median": 290353347.0,
      "min": 290339623.0,
      "max": 291229098.0,
      "std_dev": 509623.0531484357
    }
  },
  "random2": {
    "base_native": {
      "mean": 577726703.0,
      "median": 577726703.0,
      "min": 577648843.0,
      "max": 577804563.0,
      "std_dev": 110110.66796636918
    },
    "wasmtime_app": {
      "mean": 290688986.6666667,
      "median": 290390145.0,
      "min": 290359072.0,
      "max": 291317743.0,
      "std_dev": 544740.5601406356
    }
  },
  "ratelimit": {
    "base_native": {
      "mean": 25934509.0,
      "median": 25932879.5,
      "min": 25905842.0,
      "max": 25991090.0,
      "std_dev": 23683.43594160273
    },
    "wasmtime_app": {
      "mean": 38961988.7,
      "median": 38264945.5,
      "min": 38179337.0,
      "max": 45315788.0,
      "std_dev": 2233054.519504372
    }
  },
  "seqhash": {
    "base_native": {
      "mean": 7105957103.0,
      "median": 7105957103.0,
      "min": 7105957103.0,
      "max": 7105957103.0,
      "std_dev": 0.0
    },
    "wasmtime_app": {
      "mean": 9677578922.0,
      "median": 9677578922.0,
      "min": 9677578922.0,
      "max": 9677578922.0,
      "std_dev": 0.0
    }
  },
  "sieve": {
    "base_native": {
      "mean": 569343510.5,
      "median": 569343510.5,
      "min": 569300812.0,
      "max": 569386209.0,
      "std_dev": 60384.7977929876
    },
    "wasmtime_app": {
      "mean": 766808102.0,
      "median": 766808102.0,
      "min": 766808102.0,
      "max": 766808102.0,
      "std_dev": 0.0
    }
  },
  "strcat": {
    "base_native": {
      "mean": 65884619.1,
      "median": 65877562.0,
      "min": 65827226.0,
      "max": 65998271.0,
      "std_dev": 55432.925016435656
    },
    "wasmtime_app": {
      "mean": 352290355.0,
      "median": 352290355.0,
      "min": 349439865.0,
      "max": 355140845.0,
      "std_dev": 4031201.6174088838
    }
  },
  "strcat2": {
    "base_native": {
      "mean": 2602880.3636363638,
      "median": 2593599.0,
      "min": 2580599.0,
      "max": 2628673.0,
      "std_dev": 18064.510468167842
    },
    "wasmtime_app": {
      "mean": 9350518.5,
      "median": 8439414.5,
      "min": 8384705.0,
      "max": 17552892.0,
      "std_dev": 2882136.8165741293
    }
  },
  "strchr": {
    "base_native": {
      "mean": 155105641.4,
      "median": 155084917.0,
      "min": 155044843.0,
      "max": 155197039.0,
      "std_dev": 59100.24832688946
    },