{
  "ackermann": {
    "base_native": {
      "mean": 3160217.4,
      "median": 2850541.5,
      "min": 2823918.0,
      "max": 5958574.0,
      "std_dev": 983421.4222635856
    },
    "wasmtime_app": {
      "mean": 9186345.9,
      "median": 9352336.5,
      "min": 7953078.0,
      "max": 12394178.0,
      "std_dev": 1376649.4728283393
    }
  },
  "base64": {
    "base_native": {
      "mean": 249537229.33333334,
      "median": 249511305.0,
      "min": 249472357.0,
      "max": 249628026.0,
      "std_dev": 81007.79397276125
    },
    "wasmtime_app": {
      "mean": 355016147.5,
      "median": 355016147.5,
      "min": 350364334.0,
      "max": 359667961.0,
      "std_dev": 6578657.741330256
    }
  },
  "ctype": {
    "base_native": {
      "mean": 655434441.0,
      "median": 655434441.0,
      "min": 655354544.0,
      "max": 655514338.0,
      "std_dev": 112991.42099292317
    },
    "wasmtime_app": {
      "mean": 985095487.0,
      "median": 985095487.0,
      "min": 985095487.0,
      "max": 985095487.0,
      "std_dev": 0.0
    }
  },
  "ed25519": {
    "base_native": {
      "mean": 1433110731.0,
      "median": 1433110731.0,
      "min": 1433110731.0,
      "max": 1433110731.0,
      "std_dev": 0.0
    },
    "wasmtime_app": {
      "mean": 6762908099.0,
      "median": 6762908099.0,
      "min": 6762908099.0,
      "max": 6762908099.0,
      "std_dev": 0.0
    }
  },
  "fib2": {
    "base_native": {
      "mean": 6956147034.0,
      "median": 6956147034.0,
      "min": 6956147034.0,
      "max": 6956147034.0,
      "std_dev": 0.0
    },
    "wasmtime_app": {
      "mean": 10666091890.0,
      "median": 10666091890.0,
      "min": 10666091890.0,
      "max": 10666091890.0,
      "std_dev": 0.0
    }
  },
  "gimli": {
    "base_native": {
      "mean": 4152809.8,
      "median": 4149004.5,
      "min": 4140393.0,
      "max": 4183491.0,
      "std_dev": 13285.813493263322
    },
    "wasmtime_app": {
      "mean": 9495943.3,
      "median": 9356136.0,
      "min": 9309776.0,
      "max": 10807392.0,
      "std_dev": 461204.6843303234
    }
  },
  "heapsort": {
    "base_native": {
      "mean": 1076394283.0,
      "median": 1076394283.0,
      "min": 1076394283.0,
      "max": 1076394283.0,
      "std_dev": 0.0
    },
    "wasmtime_app": {
      "mean": 1220454435.0,
      "median": 1220454435.0,
      "min": 1220454435.0,
      "max": 1220454435.0,
      "std_dev": 0.0
    }
  },
  "keccak": {
    "base_native": {
      "mean": 7483593.7,
      "median": 7484053.5,
      "min": 7474092.0,
      "max": 7497816.0,
      "std_dev": 6867.612023112547
    },
    "wasmtime_app": {
      "mean": 22732664.6,
      "median": 21146024.0,
      "min": 20974446.0,
      "max": 37104089.0,
      "std_dev": 5051227.523806844
    }
  },
  "matrix": {
    "base_native": {
      "mean": 377879459.5,
      "median": 377879459.5,
      "min": 377878672.0,
      "max": 377880247.0,
      "std_dev": 1113.6931803688124
    },
    "wasmtime_app": {
      "mean": 533918706.0,
      "median": 533918706.0,
      "min": 530082534.0,
      "max": 537754878.0,
      "std_dev": 5425166.469995921
    }
  },
  "matrix2": {
    "base_native": {
      "mean": 194268409.0,
      "median": 194266396.5,
      "min": 194250047.0,
      "max": 194290796.0,
      "std_dev": 16834.682711592755
    },
    "wasmtime_app": {
      "mean": 260162436.66666666,
      "median": 257635370.0,
      "min": 257589698.0,
      "max": 265262242.0,
      "std_dev": 4416620.009839802
    }
  },
  "memmove": {
    "base_native": {
      "mean": 47341080.1,
      "median": 47339983.0,
      "min": 47324308.0,
      "max": 47362832.0,
      "std_dev": 13216.366305540347
    },
    "wasmtime_app": {
      "mean": 520494197.5,
      "median": 520494197.5,
      "min": 515926654.0,
      "max": 525061741.0,
      "std_dev": 6459481.964429075
    }
  },
  "minicsv": {
    "base_native": {
      "mean": 738569720.0,
      "median": 738569720.0,
      "min": 738569720.0,
      "max": 738569720.0,
      "std_dev": 0.0
    },
    "wasmtime_app": {
      "mean": 1109349129.0,
      "median": 1109349129.0,
      "min": 1109349129.0,
      "max": 1109349129.0,
      "std_dev": 0.0
    }
  },
  "nestedloop": {
    "base_native": {
      "mean": 1580601.0,
      "median": 1585589.0,
      "min": 1555216.0,
      "max": 1602714.0,
      "std_dev": 16347.051575131216
    },
    "wasmtime_app": {
      "mean": 6276504.2,
      "median": 6189689.5,
      "min": 6158778.0,
      "max": 7080177.0,
      "std_dev": 282814.8120499428
    }
  },
  "nestedloop2": {
    "base_native": {
      "mean": 1560269.9090909092,
      "median": 1563440.0,
      "min": 1529192.0,
      "max": 1588314.0,
      "std_dev": 20610.991710514783
    },
    "wasmtime_app": {
      "mean": 6246690.9,
      "median": 6156628.5,
      "min": 6101057.0,
      "max": 7089526.0,
      "std_dev": 297569.36720646423
    }
  },
  "nestedloop3": {
    "base_native": {
      "mean": 2090308.9090909092,
      "median": 2092370.0,
      "min": 2063821.0,
      "max": 2109570.0,
      "std_dev": 14703.347152635315
    },
    "wasmtime_app": {
      "mean": 6818743.8,
      "median": 6701073.0,
      "min": 6676549.0,
      "max": 7904030.0,
      "std_dev": 381586.35886950797
    }
  },
  "random": {
    "base_native": {
      "mean": 577664760.0,
      "median": 577664760.0,
      "min": 577610162.0,
      "max": 577719358.0,
      "std_dev": 77213.23207844625
    },
    "wasmtime_app": {
      "mean": 290668955.6666667,
      "median": 290389830.0,
      "min": 290380155.0,
      "max": 291236882.0,
      "std_dev": 491862.42128905654
    }
  },
  "random2": {
    "base_native": {
      "mean": 577660197.5,
      "median": 577660197.5,
      "min": 577580688.0,
      "max": 577739707.0,
      "std_dev": 112443.4132375036
    },
    "wasmtime_app": {
      "mean": 290650940.0,
      "median": 290375030.0,
      "min": 290351282.0,
      "max": 291226508.0,
      "std_dev": 498597.91801009356
    }
  },
  "ratelimit": {
    "base_native": {
      "mean": 25940832.7,
      "median": 25936380.5,
      "min": 25923943.0,
      "max": 25986566.0,
      "std_dev": 17502.193970725184
    },
    "wasmtime_app": {
      "mean": 39070736.2,
      "median": 38346319.0,
      "min": 38309597.0,
      "max": 45616536.0,
      "std_dev": 2300058.7249423196
    }
  },
  "seqhash": {
    "base_native": {
      "mean": 7088960307.0,
      "median": 7088960307.0,
      "min": 7088960307.0,
      "max": 7088960307.0,
      "std_dev": 0.0
    },
    "wasmtime_app": {
      "mean": 9712822114.0,
      "median": 9712822114.0,
      "min": 9712822114.0,
      "max": 9712822114.0,
      "std_dev": 0.0
    }
  },
  "sieve": {
    "base_native": {
      "mean": 569236991.5,
      "median": 569236991.5,
      "min": 569231729.0,
      "max": 569242254.0,
      "std_dev": 7442.298871988412
    },
    "wasmtime_app": {
      "mean": 766985445.0,
      "median": 766985445.0,
      "min": 766985445.0,
      "max": 766985445.0,
      "std_dev": 0.0
    }
  },
  "strcat": {
    "base_native": {
      "mean": 65859416.7,
      "median": 65851869.5,
      "min": 65808009.0,
      "max": 65949378.0,
      "std_dev": 38618.4070735705
    },
    "wasmtime_app": {
      "mean": 352645918.0,
      "median": 352645918.0,
      "min": 347118541.0,
      "max": 358173295.0,
      "std_dev": 7816891.517749111
    }
  },
  "strcat2": {
    "base_native": {
      "mean": 2579720.090909091,
      "median": 2580552.0,
      "min": 2547278.0,
      "max": 2604626.0,
      "std_dev": 16603.532771398655
    },
    "wasmtime_app": {
      "mean": 9377772.4,
      "median": 8478910.5,
      "min": 8386503.0,
      "max": 17632809.0,
      "std_dev": 2900697.124585904
    }
  },
  "strchr": {
    "base_native": {
      "mean": 154607022.6,
      "median": 154621747.0,
      "min": 154519151.0,
      "max": 154673695.0,
      "std_dev": 59518.659937871584
    },