{
  "ackermann": {
    "base_native": {
      "mean": 2894165.8181818184,
      "median": 2885762.0,
      "min": 2862813.0,
      "max": 2963632.0,
      "std_dev": 28441.604254395294
    },
    "wasmtime_app": {
      "mean": 9652504.4,
      "median": 9081419.5,
      "min": 8359898.0,
      "max": 13078554.0,
      "std_dev": 1333935.2579476344
    }
  },
  "base64": {
    "base_native": {
      "mean": 251108799.66666666,
      "median": 250302370.0,
      "min": 249528314.0,
      "max": 253495715.0,
      "std_dev": 2103048.8057009834
    },
    "wasmtime_app": {
      "mean": 360328473.5,
      "median": 360328473.5,
      "min": 353412280.0,
      "max": 367244667.0,
      "std_dev": 9780974.647696644
    }
  },
  "ctype": {
    "base_native": {
      "mean": 653724387.0,
      "median": 653724387.0,
      "min": 653700263.0,
      "max": 653748511.0,
      "std_dev": 34116.48797868854
    },
    "wasmtime_app": {
      "mean": 984711221.0,
      "median": 984711221.0,
      "min": 984711221.0,
      "max": 984711221.0,
      "std_dev": 0.0
    }
  },
  "ed25519": {
    "base_native": {
      "mean": 1433245436.0,
      "median": 1433245436.0,
      "min": 1433245436.0,
      "max": 1433245436.0,
      "std_dev": 0.0
    },
    "wasmtime_app": {
      "mean": 6726558511.0,
      "median": 6726558511.0,
      "min": 6726558511.0,
      "max": 6726558511.0,
      "std_dev": 0.0
    }
  },
  "fib2": {
    "base_native": {
      "mean": 6956050201.0,
      "median": 6956050201.0,
      "min": 6956050201.0,
      "max": 6956050201.0,
      "std_dev": 0.0
    },
    "wasmtime_app": {
      "mean": 10701883692.0,
      "median": 10701883692.0,
      "min": 10701883692.0,
      "max": 10701883692.0,
      "std_dev": 0.0
    }
  },
  "gimli": {
    "base_native": {
      "mean": 4143895.9,
      "median": 4141866.0,
      "min": 4123492.0,
      "max": 4165240.0,
      "std_dev": 13485.370941629057
    },
    "wasmtime_app": {
      "mean": 9562652.0,
      "median": 9383714.5,
      "min": 9347317.0,
      "max": 11184262.0,
      "std_dev": 570128.4227314248
    }
  },
  "heapsort": {
    "base_native": {
      "mean": 1077962156.0,
      "median": 1077962156.0,
      "min": 1077962156.0,
      "max": 1077962156.0,
      "std_dev": 0.0
    },
    "wasmtime_app": {
      "mean": 1220559703.0,
      "median": 1220559703.0,
      "min": 1220559703.0,
      "max": 1220559703.0,
      "std_dev": 0.0
    }
  },
  "keccak": {
    "base_native": {
      "mean": 7485987.5,
      "median": 7489927.0,
      "min": 7455554.0,
      "max": 7507376.0,
      "std_dev": 16533.98153467243
    },
    "wasmtime_app": {
      "mean": 22831535.6,
      "median": 21255488.0,
      "min": 20991153.0,
      "max": 37167506.0,
      "std_dev": 5041775.932140825
    }
  },
  "matrix": {
    "base_native": {
      "mean": 377883568.5,
      "median": 377883568.5,
      "min": 377879156.0,
      "max": 377887981.0,
      "std_dev": 6240.2173439712815
    },
    "wasmtime_app": {
      "mean": 533731589.0,
      "median": 533731589.0,
      "min": 529527591.0,
      "max": 537935587.0,
      "std_dev": 5945350.987789366
    }
  },
  "matrix2": {
    "base_native": {
      "mean": 194268902.25,
      "median": 194265477.5,
      "min": 194255403.0,
      "max": 194289251.0,
      "std_dev": 16179.83315478459
    },
    "wasmtime_app": {
      "mean": 260227649.66666666,
      "median": 257703985.0,
      "min": 257651088.0,
      "max": 265327876.0,
      "std_dev": 4417004.755665578
    }
  },
  "memmove": {
    "base_native": {
      "mean": 47335942.1,
      "median": 47334744.5,
      "min": 47323183.0,
      "max": 47354956.0,
      "std_dev": 9034.976990070929
    },
    "wasmtime_app": {
      "mean": 520100553.5,
      "median": 520100553.5,
      "min": 515198408.0,
      "max": 525002699.0,
      "std_dev": 6932680.650826237
    }
  },
  "minicsv": {
    "base_native": {
      "mean": 751525301.0,
      "median": 751525301.0,
      "min": 751525301.0,
      "max": 751525301.0,
      "std_dev": 0.0
    },
    "wasmtime_app": {
      "mean": 1103763885.0,
      "median": 1103763885.0,
      "min": 1103763885.0,
      "max": 1103763885.0,
      "std_dev": 0.0
    }
  },
  "nestedloop": {
    "base_native": {
      "mean": 1577694.4545454546,
      "median": 1580860.0,
      "min": 1549262.0,
      "max": 1602109.0,
      "std_dev": 17336.430799698282
    },
    "wasmtime_app": {
      "mean": 6297718.0,
      "median": 6210808.0,
      "min": 6188147.0,
      "max": 7112419.0,
      "std_dev": 286578.32442031545
    }
  },
  "nestedloop2": {
    "base_native": {
      "mean": 1576072.0909090908,
      "median": 1581835.0,
      "min": 1550612.0,
      "max": 1587410.0,
      "std_dev": 13173.726051915193
    },
    "wasmtime_app": {
      "mean": 6286983.7,
      "median": 6195646.5,
      "min": 6172223.0,
      "max": 7020224.0,
      "std_dev": 260662.07815059877
    }
  },
  "nestedloop3": {
    "base_native": {
      "mean": 2081843.4545454546,
      "median": 2082407.0,
      "min": 2058583.0,
      "max": 2105656.0,
      "std_dev": 13246.00142204157
    },
    "wasmtime_app": {
      "mean": 6850224.1,
      "median": 6729141.0,
      "min": 6706392.0,
      "max": 7937947.0,
      "std_dev": 382745.75652846164
    }
  },
  "random": {
    "base_native": {
      "mean": 577610039.0,
      "median": 577610039.0,
      "min": 577602852.0,
      "max": 577617226.0,
      "std_dev": 10163.952872775433
    },
    "wasmtime_app": {
      "mean": 290699037.6666667,
      "median": 290421570.0,
      "min": 290387097.0,
      "max": 291288446.0,
      "std_dev": 510733.5259059594
    }
  },
  "random2": {
    "base_native": {
      "mean": 577635537.5,
      "median": 577635537.5,
      "min": 577586028.0,
      "max": 577685047.0,
      "std_dev": 70017.00636631074
    },
    "wasmtime_app": {
      "mean": 290692438.3333333,
      "median": 290394447.0,
      "min": 290362499.0,
      "max": 291320369.0,
      "std_dev": 544038.4731628209
    }
  },
  "ratelimit": {
    "base_native": {
      "mean": 25926543.5,
      "median": 25927688.5,
      "min": 25907965.0,
      "max": 25958512.0,
      "std_dev": 15539.698826267873
    },
    "wasmtime_app": {
      "mean": 39065745.3,
      "median": 38345889.0,
      "min": 38317915.0,
      "max": 45594001.0,
      "std_dev": 2293828.837509269
    }
  },
  "seqhash": {
    "base_native": {
      "mean": 7117341387.0,
      "median": 7117341387.0,
      "min": 7117341387.0,
      "max": 7117341387.0,
      "std_dev": 0.0
    },
    "wasmtime_app": {
      "mean": 9677692421.0,
      "median": 9677692421.0,
      "min": 9677692421.0,
      "max": 9677692421.0,
      "std_dev": 0.0
    }
  },
  "sieve": {
    "base_native": {
      "mean": 569218286.5,
      "median": 569218286.5,
      "min": 569194675.0,
      "max": 569241898.0,
      "std_dev": 33391.703527972335
    },
    "wasmtime_app": {
      "mean": 767027529.0,
      "median": 767027529.0,
      "min": 767027529.0,
      "max": 767027529.0,
      "std_dev": 0.0
    }
  },
  "strcat": {
    "base_native": {
      "mean": 65871747.6,
      "median": 65858950.5,
      "min": 65843464.0,
      "max": 65967432.0,
      "std_dev": 35696.13007098171
    },
    "wasmtime_app": {
      "mean": 352729681.5,
      "median": 352729681.5,
      "min": 350190614.0,
      "max": 355268749.0,
      "std_dev": 3590783.6942807487
    }
  },
  "strcat2": {
    "base_native": {
      "mean": 2585903.8181818184,
      "median": 2582229.0,
      "min": 2572455.0,
      "max": 2608128.0,
      "std_dev": 11740.374796557237
    },
    "wasmtime_app": {
      "mean": 9406373.4,
      "median": 8484391.0,
      "min": 8456967.0,
      "max": 17713015.0,
      "std_dev": 2918690.3906971784
    }
  },
  "strchr": {
    "base_native": {
      "mean": 155133638.0,
      "median": 155117934.0,
      "min": 155096585.0,
      "max": 155219703.0,
      "std_dev": 50720.1193659873
    },