{
  "ackermann": {
    "base_native": {
      "mean": 3343669.3,
      "median": 2845925.5,
      "min": 2815215.0,
      "max": 7870622.0,
      "std_dev": 1590676.517372757
    },
    "wasmtime_app": {
      "mean": 9341490.2,
      "median": 8824069.5,
      "min": 8404308.0,
      "max": 13693333.0,
      "std_dev": 1612759.5210206776
    }
  },
  "base64": {
    "base_native": {
      "mean": 249545579.33333334,
      "median": 249508698.0,
      "min": 249502373.0,
      "max": 249625667.0,
      "std_dev": 69430.01634979883
    },
    "wasmtime_app": {
      "mean": 371537672.0,
      "median": 371537672.0,
      "min": 361554898.0,
      "max": 381520446.0,
      "std_dev": 14117774.38090551
    }
  },
  "ctype": {
    "base_native": {
      "mean": 654489012.0,
      "median": 654489012.0,
      "min": 654285684.0,
      "max": 654692340.0,
      "std_dev": 287549.2152101967
    },
    "wasmtime_app": {
      "mean": 920178107.0,
      "median": 920178107.0,
      "min": 920178107.0,
      "max": 920178107.0,
      "std_dev": 0.0
    }
  },
  "ed25519": {
    "base_native": {
      "mean": 1433249847.0,
      "median": 1433249847.0,
      "min": 1433249847.0,
      "max": 1433249847.0,
      "std_dev": 0.0
    },
    "wasmtime_app": {
      "mean": 6795082747.0,
      "median": 6795082747.0,
      "min": 6795082747.0,
      "max": 6795082747.0,
      "std_dev": 0.0
    }
  },
  "fib2": {
    "base_native": {
      "mean": 6956129526.0,
      "median": 6956129526.0,
      "min": 6956129526.0,
      "max": 6956129526.0,
      "std_dev": 0.0
    },
    "wasmtime_app": {
      "mean": 10702665128.0,
      "median": 10702665128.0,
      "min": 10702665128.0,
      "max": 10702665128.0,
      "std_dev": 0.0
    }
  },
  "gimli": {
    "base_native": {
      "mean": 4148093.3,
      "median": 4147463.5,
      "min": 4136601.0,
      "max": 4160550.0,
      "std_dev": 7111.266367141961
    },
    "wasmtime_app": {
      "mean": 9435809.5,
      "median": 9307315.0,
      "min": 9240931.0,
      "max": 10712566.0,
      "std_dev": 449701.81444405776
    }
  },
  "heapsort": {
    "base_native": {
      "mean": 1076374741.0,
      "median": 1076374741.0,
      "min": 1076374741.0,
      "max": 1076374741.0,
      "std_dev": 0.0
    },
    "wasmtime_app": {
      "mean": 1220311031.0,
      "median": 1220311031.0,
      "min": 1220311031.0,
      "max": 1220311031.0,
      "std_dev": 0.0
    }
  },
  "keccak": {
    "base_native": {
      "mean": 7483853.7,
      "median": 7486053.5,
      "min": 7462842.0,
      "max": 7504415.0,
      "std_dev": 12047.099079584816
    },
    "wasmtime_app": {
      "mean": 22822761.4,
      "median": 21257418.0,
      "min": 21008058.0,
      "max": 37213862.0,
      "std_dev": 5057780.7860704465
    }
  },
  "matrix": {
    "base_native": {
      "mean": 377905860.0,
      "median": 377905860.0,
      "min": 377898698.0,
      "max": 377913022.0,
      "std_dev": 10128.597533716107
    },
    "wasmtime_app": {
      "mean": 533447693.5,
      "median": 533447693.5,
      "min": 529303636.0,
      "max": 537591751.0,
      "std_dev": 5860582.319753942
    }
  },
  "matrix2": {
    "base_native": {
      "mean": 194287437.0,
      "median": 194290705.5,
      "min": 194269294.0,
      "max": 194299043.0,
      "std_dev": 14255.515681073532
    },
    "wasmtime_app": {
      "mean": 260171947.0,
      "median": 257652735.0,
      "min": 257609138.0,
      "max": 265253968.0,
      "std_dev": 4401213.271125702
    }
  },
  "memmove": {
    "base_native": {
      "mean": 47341254.3,
      "median": 47339544.5,
      "min": 47320183.0,
      "max": 47361931.0,
      "std_dev": 14690.44893081518
    },
    "wasmtime_app": {
      "mean": 519998420.0,
      "median": 519998420.0,
      "min": 514991540.0,
      "max": 525005300.0,
      "std_dev": 7080797.601174602
    }
  },
  "minicsv": {
    "base_native": {
      "mean": 750449453.0,
      "median": 750449453.0,
      "min": 750449453.0,
      "max": 750449453.0,
      "std_dev": 0.0
    },
    "wasmtime_app": {
      "mean": 1106735013.0,
      "median": 1106735013.0,
      "min": 1106735013.0,
      "max": 1106735013.0,
      "std_dev": 0.0
    }
  },
  "nestedloop": {
    "base_native": {
      "mean": 1569435.8181818181,
      "median": 1574774.0,
      "min": 1539626.0,
      "max": 1595898.0,
      "std_dev": 20279.63351157107
    },
    "wasmtime_app": {
      "mean": 6260884.8,
      "median": 6194069.0,
      "min": 6122048.0,
      "max": 7087064.0,
      "std_dev": 292066.4912651836
    }
  },
  "nestedloop2": {
    "base_native": {
      "mean": 1574528.6363636365,
      "median": 1578824.0,
      "min": 1547200.0,
      "max": 1595798.0,
      "std_dev": 15697.792101265244
    },
    "wasmtime_app": {
      "mean": 6281130.8,
      "median": 6175820.0,
      "min": 6143247.0,
      "max": 7241004.0,
      "std_dev": 337779.0387844956
    }
  },
  "nestedloop3": {
    "base_native": {
      "mean": 2075854.5454545454,
      "median": 2075850.0,
      "min": 2061126.0,
      "max": 2088399.0,
      "std_dev": 7624.993276897186
    },
    "wasmtime_app": {
      "mean": 6842051.4,
      "median": 6731573.5,
      "min": 6697288.0,
      "max": 7914338.0,
      "std_dev": 377117.29746774776
    }
  },
  "random": {
    "base_native": {
      "mean": 577635355.5,
      "median": 577635355.5,
      "min": 577586308.0,
      "max": 577684403.0,
      "std_dev": 69363.63970049439
    },
    "wasmtime_app": {
      "mean": 290686004.6666667,
      "median": 290394198.0,
      "min": 290388748.0,
      "max": 291275068.0,
      "std_dev": 510151.0890249411
    }
  },
  "random2": {
    "base_native": {
      "mean": 577636543.0,
      "median": 577636543.0,
      "min": 577588258.0,
      "max": 577684828.0,
      "std_dev": 68285.3018591849
    },
    "wasmtime_app": {
      "mean": 290714936.3333333,
      "median": 290403347.0,
      "min": 290387323.0,
      "max": 291354139.0,
      "std_dev": 553623.7250600206
    }
  },
  "ratelimit": {
    "base_native": {
      "mean": 25937734.5,
      "median": 25935832.0,
      "min": 25926958.0,
      "max": 25953881.0,
      "std_dev": 8076.796081643045
    },
    "wasmtime_app": {
      "mean": 39021030.7,
      "median": 38301107.5,
      "min": 38273897.0,
      "max": 45521951.0,
      "std_dev": 2284233.8911936725
    }
  },
  "seqhash": {
    "base_native": {
      "mean": 7117423625.0,
      "median": 7117423625.0,
      "min": 7117423625.0,
      "max": 7117423625.0,
      "std_dev": 0.0
    },
    "wasmtime_app": {
      "mean": 9692958600.0,
      "median": 9692958600.0,
      "min": 9692958600.0,
      "max": 9692958600.0,
      "std_dev": 0.0
    }
  },
  "sieve": {
    "base_native": {
      "mean": 569260832.0,
      "median": 569260832.0,
      "min": 569247783.0,
      "max": 569273881.0,
      "std_dev": 18454.072775406516
    },
    "wasmtime_app": {
      "mean": 767139990.0,
      "median": 767139990.0,
      "min": 767139990.0,
      "max": 767139990.0,
      "std_dev": 0.0
    }
  },
  "strcat": {
    "base_native": {
      "mean": 65862547.1,
      "median": 65856057.5,
      "min": 65835896.0,
      "max": 65926967.0,
      "std_dev": 24834.63977078074
    },
    "wasmtime_app": {
      "mean": 349784984.0,
      "median": 349784984.0,
      "min": 347251727.0,
      "max": 352318241.0,
      "std_dev": 3582566.40637658
    }
  },
  "strcat2": {
    "base_native": {
      "mean": 2601970.1818181816,
      "median": 2597875.0,
      "min": 2587476.0,
      "max": 2621249.0,
      "std_dev": 11696.538588985904
    },
    "wasmtime_app": {
      "mean": 9353029.6,
      "median": 8447705.0,
      "min": 8409708.0,
      "max": 17540121.0,
      "std_dev": 2876731.2840733817
    }
  },
  "strchr": {
    "base_native": {
      "mean": 154971316.4,
      "median": 154945528.0,
      "min": 154856107.0,
      "max": 155112695.0,
      "std_dev": 117433.78188919916
    },