{
  "ackermann": {
    "base_native": {
      "mean": 3347796.7,
      "median": 2973518.0,
      "min": 2947782.0,
      "max": 6759690.0,
      "std_dev": 1198877.899721796
    },
    "wasmtime_app": {
      "mean": 9043755.2,
      "median": 8550075.0,
      "min": 8223693.0,
      "max": 13449528.0,
      "std_dev": 1575283.1458448493
    }
  },
  "base64": {
    "base_native": {
      "mean": 257574198.0,
      "median": 257701474.0,
      "min": 253390869.0,
      "max": 261630251.0,
      "std_dev": 4121165.286737842
    },
    "wasmtime_app": {
      "mean": 362660593.0,
      "median": 362660593.0,
      "min": 354161277.0,
      "max": 371159909.0,
      "std_dev": 12019847.958094645
    }
  },
  "ctype": {
    "base_native": {
      "mean": 655746620.5,
      "median": 655746620.5,
      "min": 654277379.0,
      "max": 657215862.0,
      "std_dev": 2077821.2557013896
    },
    "wasmtime_app": {
      "mean": 984669025.0,
      "median": 984669025.0,
      "min": 984669025.0,
      "max": 984669025.0,
      "std_dev": 0.0
    }
  },
  "ed25519": {
    "base_native": {
      "mean": 1433081604.0,
      "median": 1433081604.0,
      "min": 1433081604.0,
      "max": 1433081604.0,
      "std_dev": 0.0
    },
    "wasmtime_app": {
      "mean": 6751242424.0,
      "median": 6751242424.0,
      "min": 6751242424.0,
      "max": 6751242424.0,
      "std_dev": 0.0
    }
  },
  "fib2": {
    "base_native": {
      "mean": 6956023575.0,
      "median": 6956023575.0,
      "min": 6956023575.0,
      "max": 6956023575.0,
      "std_dev": 0.0
    },
    "wasmtime_app": {
      "mean": 10685514446.0,
      "median": 10685514446.0,
      "min": 10685514446.0,
      "max": 10685514446.0,
      "std_dev": 0.0
    }
  },
  "gimli": {
    "base_native": {
      "mean": 4148403.8,
      "median": 4148539.0,
      "min": 4129715.0,
      "max": 4171862.0,
      "std_dev": 11711.819365258518
    },
    "wasmtime_app": {
      "mean": 9513606.7,
      "median": 9353993.0,
      "min": 9332932.0,
      "max": 10947317.0,
      "std_dev": 503946.6260841188
    }
  },
  "heapsort": {
    "base_native": {
      "mean": 1076351609.0,
      "median": 1076351609.0,
      "min": 1076351609.0,
      "max": 1076351609.0,
      "std_dev": 0.0
    },
    "wasmtime_app": {
      "mean": 1220468094.0,
      "median": 1220468094.0,
      "min": 1220468094.0,
      "max": 1220468094.0,
      "std_dev": 0.0
    }
  },
  "keccak": {
    "base_native": {
      "mean": 7484004.1,
      "median": 7482236.5,
      "min": 7472050.0,
      "max": 7506673.0,
      "std_dev": 11594.246153923841
    },
    "wasmtime_app": {
      "mean": 22995126.4,
      "median": 21439935.0,
      "min": 21159576.0,
      "max": 37431123.0,
      "std_dev": 5074031.396713601
    }
  },
  "matrix": {
    "base_native": {
      "mean": 377892541.0,
      "median": 377892541.0,
      "min": 377889466.0,
      "max": 377895616.0,
      "std_dev": 4348.706704297268
    },
    "wasmtime_app": {
      "mean": 533749365.0,
      "median": 533749365.0,
      "min": 529873180.0,
      "max": 537625550.0,
      "std_dev": 5481753.397267155
    }
  },
  "matrix2": {
    "base_native": {
      "mean": 194265786.5,
      "median": 194253606.0,
      "min": 194249431.0,
      "max": 194306503.0,
      "std_dev": 27425.717328813844
    },
    "wasmtime_app": {
      "mean": 260246603.66666666,
      "median": 257707578.0,
      "min": 257667530.0,
      "max": 265364703.0,
      "std_dev": 4432449.272126679
    }
  },
  "memmove": {
    "base_native": {
      "mean": 47337278.4,
      "median": 47334259.0,
      "min": 47309035.0,
      "max": 47380206.0,
      "std_dev": 24654.007815723955
    },
    "wasmtime_app": {
      "mean": 521204110.5,
      "median": 521204110.5,
      "min": 516163365.0,
      "max": 526244856.0,
      "std_dev": 7128690.650571148
    }
  },
  "minicsv": {
    "base_native": {
      "mean": 732970730.0,
      "median": 732970730.0,
      "min": 732970730.0,
      "max": 732970730.0,
      "std_dev": 0.0
    },
    "wasmtime_app": {
      "mean": 1098843091.0,
      "median": 1098843091.0,
      "min": 1098843091.0,
      "max": 1098843091.0,
      "std_dev": 0.0
    }
  },
  "nestedloop": {
    "base_native": {
      "mean": 1583773.0909090908,
      "median": 1581185.0,
      "min": 1554511.0,
      "max": 1613158.0,
      "std_dev": 21593.847227645867
    },
    "wasmtime_app": {
      "mean": 6303617.2,
      "median": 6208730.0,
      "min": 6184406.0,
      "max": 7172002.0,
      "std_dev": 305576.06379019795
    }
  },
  "nestedloop2": {
    "base_native": {
      "mean": 1599133.7272727273,
      "median": 1564586.0,
      "min": 1543962.0,
      "max": 1750675.0,
      "std_dev": 65477.03241609368
    },
    "wasmtime_app": {
      "mean": 6304077.5,
      "median": 6212117.5,
      "min": 6196231.0,
      "max": 7081982.0,
      "std_dev": 274098.31582207873
    }
  },
  "nestedloop3": {
    "base_native": {
      "mean": 2100918.6363636362,
      "median": 2099805.0,
      "min": 2062282.0,
      "max": 2172801.0,
      "std_dev": 32534.911843349833
    },
    "wasmtime_app": {
      "mean": 6866176.1,
      "median": 6748237.5,
      "min": 6721552.0,
      "max": 7946684.0,
      "std_dev": 380365.5670589808
    }
  },
  "random": {
    "base_native": {
      "mean": 577601937.5,
      "median": 577601937.5,
      "min": 577591513.0,
      "max": 577612362.0,
      "std_dev": 14742.469280958328
    },
    "wasmtime_app": {
      "mean": 290723988.0,
      "median": 290462311.0,
      "min": 290403914.0,
      "max": 291305739.0,
      "std_dev": 504656.53855171637
    }
  },
  "random2": {
    "base_native": {
      "mean": 577750766.5,
      "median": 577750766.5,
      "min": 577608337.0,
      "max": 577893196.0,
      "std_dev": 201425.73058201873
    },
    "wasmtime_app": {
      "mean": 290760477.6666667,
      "median": 290461561.0,
      "min": 290426213.0,
      "max": 291393659.0,
      "std_dev": 548635.8728130466
    }
  },
  "ratelimit": {
    "base_native": {
      "mean": 25926748.0,
      "median": 25925563.5,
      "min": 25913151.0,
      "max": 25948324.0,
      "std_dev": 12507.230317789075
    },
    "wasmtime_app": {
      "mean": 39083651.2,
      "median": 38365196.0,
      "min": 38324398.0,
      "max": 45612244.0,
      "std_dev": 2293984.4954792233
    }
  },
  "seqhash": {
    "base_native": {
      "mean": 7124523095.0,
      "median": 7124523095.0,
      "min": 7124523095.0,
      "max": 7124523095.0,
      "std_dev": 0.0
    },
    "wasmtime_app": {
      "mean": 9681294855.0,
      "median": 9681294855.0,
      "min": 9681294855.0,
      "max": 9681294855.0,
      "std_dev": 0.0
    }
  },
  "sieve": {
    "base_native": {
      "mean": 569271061.0,
      "median": 569271061.0,
      "min": 569236113.0,
      "max": 569306009.0,
      "std_dev": 49423.935577814926
    },
    "wasmtime_app": {
      "mean": 767029149.0,
      "median": 767029149.0,
      "min": 767029149.0,
      "max": 767029149.0,
      "std_dev": 0.0
    }
  },
  "strcat": {
    "base_native": {
      "mean": 65854758.1,
      "median": 65846606.0,
      "min": 65829832.0,
      "max": 65923327.0,
      "std_dev": 26046.517470138348
    },
    "wasmtime_app": {
      "mean": 354202550.0,
      "median": 354202550.0,
      "min": 350186498.0,
      "max": 358218602.0,
      "std_dev": 5679555.205595593
    }
  },
  "strcat2": {
    "base_native": {
      "mean": 2601994.8181818184,
      "median": 2600552.0,
      "min": 2583453.0,
      "max": 2635725.0,
      "std_dev": 14293.499276371633
    },
    "wasmtime_app": {
      "mean": 9397320.6,
      "median": 8487791.0,
      "min": 8442331.0,
      "max": 17630721.0,
      "std_dev": 2893020.928042949
    }
  },
  "strchr": {
    "base_native": {
      "mean": 154607755.2,
      "median": 154609210.0,
      "min": 154575712.0,
      "max": 154647783.0,
      "std_dev": 26977.223350448803
    },