{
  "ackermann": {
    "base_native": {
      "mean": 3363677.3,
      "median": 2849113.5,
      "min": 2819840.0,
      "max": 8034600.0,
      "std_dev": 1641282.9272228917
    },
    "wasmtime_app": {
      "mean": 10925114.4,
      "median": 10440967.5,
      "min": 9981732.0,
      "max": 14782329.0,
      "std_dev": 1470573.2977742765
    }
  },
  "base64": {
    "base_native": {
      "mean": 249516278.66666666,
      "median": 249502338.0,
      "min": 249483414.0,
      "max": 249563084.0,
      "std_dev": 41624.31819661835
    },
    "wasmtime_app": {
      "mean": 358663744.0,
      "median": 358663744.0,
      "min": 351678616.0,
      "max": 365648872.0,
      "std_dev": 9878462.752512053
    }
  },
  "ctype": {
    "base_native": {
      "mean": 653881755.0,
      "median": 653881755.0,
      "min": 653752401.0,
      "max": 654011109.0,
      "std_dev": 182934.18114720934
    },
    "wasmtime_app": {
      "mean": 959944173.0,
      "median": 959944173.0,
      "min": 959944173.0,
      "max": 959944173.0,
      "std_dev": 0.0
    }
  },
  "ed25519": {
    "base_native": {
      "mean": 1433068006.0,
      "median": 1433068006.0,
      "min": 1433068006.0,
      "max": 1433068006.0,
      "std_dev": 0.0
    },
    "wasmtime_app": {
      "mean": 6832743318.0,
      "median": 6832743318.0,
      "min": 6832743318.0,
      "max": 6832743318.0,
      "std_dev": 0.0
    }
  },
  "fib2": {
    "base_native": {
      "mean": 6956566810.0,
      "median": 6956566810.0,
      "min": 6956566810.0,
      "max": 6956566810.0,
      "std_dev": 0.0
    },
    "wasmtime_app": {
      "mean": 10669350964.0,
      "median": 10669350964.0,
      "min": 10669350964.0,
      "max": 10669350964.0,
      "std_dev": 0.0
    }
  },
  "gimli": {
    "base_native": {
      "mean": 4160815.2,
      "median": 4156640.5,
      "min": 4127930.0,
      "max": 4215199.0,
      "std_dev": 22381.265006448783
    },
    "wasmtime_app": {
      "mean": 9537776.1,
      "median": 9380888.5,
      "min": 9354477.0,
      "max": 10966726.0,
      "std_dev": 502203.46816149453
    }
  },
  "heapsort": {
    "base_native": {
      "mean": 1076618673.0,
      "median": 1076618673.0,
      "min": 1076618673.0,
      "max": 1076618673.0,
      "std_dev": 0.0
    },
    "wasmtime_app": {
      "mean": 1220574410.0,
      "median": 1220574410.0,
      "min": 1220574410.0,
      "max": 1220574410.0,
      "std_dev": 0.0
    }
  },
  "keccak": {
    "base_native": {
      "mean": 7500437.4,
      "median": 7491010.5,
      "min": 7473262.0,
      "max": 7606578.0,
      "std_dev": 37964.23056919646
    },
    "wasmtime_app": {
      "mean": 22900343.7,
      "median": 21352120.5,
      "min": 21107653.0,
      "max": 37019722.0,
      "std_dev": 4963096.304582006
    }
  },
  "matrix": {
    "base_native": {
      "mean": 377941804.5,
      "median": 377941804.5,
      "min": 377930580.0,
      "max": 377953029.0,
      "std_dev": 15873.840130856805
    },
    "wasmtime_app": {
      "mean": 533888722.0,
      "median": 533888722.0,
      "min": 529707030.0,
      "max": 538070414.0,
      "std_dev": 5913805.540067073
    }
  },
  "matrix2": {
    "base_native": {
      "mean": 194335139.0,
      "median": 194297504.0,
      "min": 194272818.0,
      "max": 194472730.0,
      "std_dev": 94048.05192737027
    },
    "wasmtime_app": {
      "mean": 260309005.0,
      "median": 257828051.0,
      "min": 257714404.0,
      "max": 265384560.0,
      "std_dev": 4395926.845236508
    }
  },
  "memmove": {
    "base_native": {
      "mean": 47840269.2,
      "median": 47455714.5,
      "min": 47359183.0,
      "max": 51249654.0,
      "std_dev": 1201602.0699313432
    },
    "wasmtime_app": {
      "mean": 520108922.5,
      "median": 520108922.5,
      "min": 514676908.0,
      "max": 525540937.0,
      "std_dev": 7682028.576907307
    }
  },
  "minicsv": {
    "base_native": {
      "mean": 721203698.0,
      "median": 721203698.0,
      "min": 721203698.0,
      "max": 721203698.0,
      "std_dev": 0.0
    },
    "wasmtime_app": {
      "mean": 1108963409.0,
      "median": 1108963409.0,
      "min": 1108963409.0,
      "max": 1108963409.0,
      "std_dev": 0.0
    }
  },
  "nestedloop": {
    "base_native": {
      "mean": 1608224.0,
      "median": 1610394.0,
      "min": 1567047.0,
      "max": 1684340.0,
      "std_dev": 30751.4352673172
    },
    "wasmtime_app": {
      "mean": 6298731.8,
      "median": 6213289.5,
      "min": 6180128.0,
      "max": 7135198.0,
      "std_dev": 294425.55436903075
    }
  },
  "nestedloop2": {
    "base_native": {
      "mean": 1619618.8181818181,
      "median": 1631093.0,
      "min": 1574597.0,
      "max": 1644042.0,
      "std_dev": 25835.459124305038
    },
    "wasmtime_app": {
      "mean": 6307846.5,
      "median": 6225027.0,
      "min": 6166103.0,
      "max": 7092499.0,
      "std_dev": 277366.88610424765
    }
  },
  "nestedloop3": {
    "base_native": {
      "mean": 2115186.3636363638,
      "median": 2111512.0,
      "min": 2084888.0,
      "max": 2149909.0,
      "std_dev": 18069.958540476662
    },
    "wasmtime_app": {
      "mean": 6877875.8,
      "median": 6753047.5,
      "min": 6732435.0,
      "max": 7996370.0,
      "std_dev": 393198.6128402681
    }
  },
  "random": {
    "base_native": {
      "mean": 577763598.5,
      "median": 577763598.5,
      "min": 577713814.0,
      "max": 577813383.0,
      "std_dev": 70405.91509596336
    },
    "wasmtime_app": {
      "mean": 290739054.0,
      "median": 290451663.0,
      "min": 290433889.0,
      "max": 291331610.0,
      "std_dev": 513245.4954707347
    }
  },
  "random2": {
    "base_native": {
      "mean": 577815282.5,
      "median": 577815282.5,
      "min": 577773410.0,
      "max": 577857155.0,
      "std_dev": 59216.65739046742
    },
    "wasmtime_app": {
      "mean": 290748195.3333333,
      "median": 290439264.0,
      "min": 290416789.0,
      "max": 291388533.0,
      "std_dev": 554662.5342677593
    }
  },
  "ratelimit": {
    "base_native": {
      "mean": 25945888.2,
      "median": 25938118.5,
      "min": 25914283.0,
      "max": 26045199.0,
      "std_dev": 36640.85343438387
    },
    "wasmtime_app": {
      "mean": 39077156.7,
      "median": 38366829.0,
      "min": 38299807.0,
      "max": 45604874.0,
      "std_dev": 2293775.863109222
    }
  },
  "seqhash": {
    "base_native": {
      "mean": 7493494512.0,
      "median": 7493494512.0,
      "min": 7493494512.0,
      "max": 7493494512.0,
      "std_dev": 0.0
    },
    "wasmtime_app": {
      "mean": 9699354810.0,
      "median": 9699354810.0,
      "min": 9699354810.0,
      "max": 9699354810.0,
      "std_dev": 0.0
    }
  },
  "sieve": {
    "base_native": {
      "mean": 573741111.0,
      "median": 573741111.0,
      "min": 572400786.0,
      "max": 575081436.0,
      "std_dev": 1895505.7929877187
    },
    "wasmtime_app": {
      "mean": 767010359.0,
      "median": 767010359.0,
      "min": 767010359.0,
      "max": 767010359.0,
      "std_dev": 0.0
    }
  },
  "strcat": {
    "base_native": {
      "mean": 66825587.6,
      "median": 66782178.0,
      "min": 66594178.0,
      "max": 67264809.0,
      "std_dev": 192308.15101474794
    },
    "wasmtime_app": {
      "mean": 352728195.0,
      "median": 352728195.0,
      "min": 350157364.0,
      "max": 355299026.0,
      "std_dev": 3635704.0667691864
    }
  },
  "strcat2": {
    "base_native": {
      "mean": 2816424.4545454546,
      "median": 2837989.0,
      "min": 2682449.0,
      "max": 2895460.0,
      "std_dev": 73158.36496582415
    },
    "wasmtime_app": {
      "mean": 9436794.4,
      "median": 8520466.5,
      "min": 8482455.0,
      "max": 17750185.0,
      "std_dev": 2921078.8656803262
    }
  },
  "strchr": {
    "base_native": {
      "mean": 169791128.75,
      "median": 169675811.5,
      "min": 158701540.0,
      "max": 181111352.0,
      "std_dev": 9199353.870175282
    },