{
  "ackermann": {
    "base_native": {
      "mean": 3146091.4,
      "median": 2859234.5,
      "min": 2823748.0,
      "max": 5790241.0,
      "std_dev": 929272.5553165169
    },
    "wasmtime_app": {
      "mean": 9419090.4,
      "median": 9755199.5,
      "min": 8370938.0,
      "max": 10447524.0,
      "std_dev": 721854.3038910584
    }
  },
  "base64": {
    "base_native": {
      "mean": 249591788.66666666,
      "median": 249573931.0,
      "min": 249556957.0,
      "max": 249644478.0,
      "std_dev": 46412.85979481692
    },
    "wasmtime_app": {
      "mean": 366441937.0,
      "median": 366441937.0,
      "min": 355980376.0,
      "max": 376903498.0,
      "std_dev": 14794881.44979344
    }
  },
  "ctype": {
    "base_native": {
      "mean": 654717278.5,
      "median": 654717278.5,
      "min": 654626495.0,
      "max": 654808062.0,
      "std_dev": 128387.25693969788
    },
    "wasmtime_app": {
      "mean": 935940756.0,
      "median": 935940756.0,
      "min": 935940756.0,
      "max": 935940756.0,
      "std_dev": 0.0
    }
  },
  "ed25519": {
    "base_native": {
      "mean": 1434307883.0,
      "median": 1434307883.0,
      "min": 1434307883.0,
      "max": 1434307883.0,
      "std_dev": 0.0
    },
    "wasmtime_app": {
      "mean": 6739899013.0,
      "median": 6739899013.0,
      "min": 6739899013.0,
      "max": 6739899013.0,
      "std_dev": 0.0
    }
  },
  "fib2": {
    "base_native": {
      "mean": 6957038718.0,
      "median": 6957038718.0,
      "min": 6957038718.0,
      "max": 6957038718.0,
      "std_dev": 0.0
    },
    "wasmtime_app": {
      "mean": 10720154976.0,
      "median": 10720154976.0,
      "min": 10720154976.0,
      "max": 10720154976.0,
      "std_dev": 0.0
    }
  },
  "gimli": {
    "base_native": {
      "mean": 4149176.6,
      "median": 4145564.0,
      "min": 4121090.0,
      "max": 4175238.0,
      "std_dev": 17423.340961671693
    },
    "wasmtime_app": {
      "mean": 9523764.5,
      "median": 9377820.0,
      "min": 9362058.0,
      "max": 10838002.0,
      "std_dev": 461862.08696638484
    }
  },
  "heapsort": {
    "base_native": {
      "mean": 1076896266.0,
      "median": 1076896266.0,
      "min": 1076896266.0,
      "max": 1076896266.0,
      "std_dev": 0.0
    },
    "wasmtime_app": {
      "mean": 1220981468.0,
      "median": 1220981468.0,
      "min": 1220981468.0,
      "max": 1220981468.0,
      "std_dev": 0.0
    }
  },
  "keccak": {
    "base_native": {
      "mean": 7487880.1,
      "median": 7487752.5,
      "min": 7467966.0,
      "max": 7502814.0,
      "std_dev": 10706.440548151897
    },
    "wasmtime_app": {
      "mean": 22923105.9,
      "median": 21338510.5,
      "min": 21186182.0,
      "max": 37171400.0,
      "std_dev": 5008223.832184785
    }
  },
  "matrix": {
    "base_native": {
      "mean": 377957036.0,
      "median": 377957036.0,
      "min": 377946499.0,
      "max": 377967573.0,
      "std_dev": 14901.568306725303
    },
    "wasmtime_app": {
      "mean": 533852921.0,
      "median": 533852921.0,
      "min": 529844117.0,
      "max": 537861725.0,
      "std_dev": 5669304.985695513
    }
  },
  "matrix2": {
    "base_native": {
      "mean": 194314642.0,
      "median": 194309398.5,
      "min": 194297849.0,
      "max": 194341922.0,
      "std_dev": 20617.283477703848
    },
    "wasmtime_app": {
      "mean": 260294576.0,
      "median": 257757416.0,
      "min": 257748366.0,
      "max": 265377946.0,
      "std_dev": 4402329.882380465
    }
  },
  "memmove": {
    "base_native": {
      "mean": 47364627.3,
      "median": 47363972.5,
      "min": 47344936.0,
      "max": 47409483.0,
      "std_dev": 18787.0334719928
    },
    "wasmtime_app": {
      "mean": 520034132.5,
      "median": 520034132.5,
      "min": 514398793.0,
      "max": 525669472.0,
      "std_dev": 7969573.549476816
    }
  },
  "minicsv": {
    "base_native": {
      "mean": 747599394.0,
      "median": 747599394.0,
      "min": 747599394.0,
      "max": 747599394.0,
      "std_dev": 0.0
    },
    "wasmtime_app": {
      "mean": 1105782093.0,
      "median": 1105782093.0,
      "min": 1105782093.0,
      "max": 1105782093.0,
      "std_dev": 0.0
    }
  },
  "nestedloop": {
    "base_native": {
      "mean": 1580672.2727272727,
      "median": 1576379.0,
      "min": 1559730.0,
      "max": 1608028.0,
      "std_dev": 20040.075938433514
    },
    "wasmtime_app": {
      "mean": 6307856.7,
      "median": 6218481.5,
      "min": 6193308.0,
      "max": 7123157.0,
      "std_dev": 287240.6002260707
    }
  },
  "nestedloop2": {
    "base_native": {
      "mean": 1659575.3636363635,
      "median": 1576829.0,
      "min": 1563705.0,
      "max": 2432391.0,
      "std_dev": 256872.02047022278
    },
    "wasmtime_app": {
      "mean": 6286352.9,
      "median": 6204432.0,
      "min": 6171509.0,
      "max": 7043511.0,
      "std_dev": 266809.1446485671
    }
  },
  "nestedloop3": {
    "base_native": {
      "mean": 2104046.4545454546,
      "median": 2100656.0,
      "min": 2066407.0,
      "max": 2178002.0,
      "std_dev": 34636.606399483295
    },
    "wasmtime_app": {
      "mean": 6885752.4,
      "median": 6766751.5,
      "min": 6734478.0,
      "max": 8013158.0,
      "std_dev": 396460.4867435509
    }
  },
  "random": {
    "base_native": {
      "mean": 577662531.5,
      "median": 577662531.5,
      "min": 577653107.0,
      "max": 577671956.0,
      "std_dev": 13328.255718585235
    },
    "wasmtime_app": {
      "mean": 290736839.3333333,
      "median": 290442714.0,
      "min": 290436439.0,
      "max": 291331365.0,
      "std_dev": 514883.8899697031
    }
  },
  "random2": {
    "base_native": {
      "mean": 577830774.5,
      "median": 577830774.5,
      "min": 577706530.0,
      "max": 577955019.0,
      "std_dev": 175708.256950264
    },
    "wasmtime_app": {
      "mean": 290717648.6666667,
      "median": 290427640.0,
      "min": 290396066.0,
      "max": 291329240.0,
      "std_dev": 529888.8549736948
    }
  },
  "ratelimit": {
    "base_native": {
      "mean": 25934534.1,
      "median": 25938503.5,
      "min": 25903193.0,
      "max": 25952316.0,
      "std_dev": 15694.548979042233
    },
    "wasmtime_app": {
      "mean": 39059848.8,
      "median": 38350172.5,
      "min": 38268865.0,
      "max": 45587162.0,
      "std_dev": 2293636.9483787487
    }
  },
  "seqhash": {
    "base_native": {
      "mean": 7128288146.0,
      "median": 7128288146.0,
      "min": 7128288146.0,
      "max": 7128288146.0,
      "std_dev": 0.0
    },
    "wasmtime_app": {
      "mean": 9687841332.0,
      "median": 9687841332.0,
      "min": 9687841332.0,
      "max": 9687841332.0,
      "std_dev": 0.0
    }
  },
  "sieve": {
    "base_native": {
      "mean": 569297117.5,
      "median": 569297117.5,
      "min": 569276831.0,
      "max": 569317404.0,
      "std_dev": 28689.443433081793
    },
    "wasmtime_app": {
      "mean": 767369348.0,
      "median": 767369348.0,
      "min": 767369348.0,
      "max": 767369348.0,
      "std_dev": 0.0
    }
  },
  "strcat": {
    "base_native": {
      "mean": 65891930.0,
      "median": 65879470.5,
      "min": 65844035.0,
      "max": 65988528.0,
      "std_dev": 40041.3995759389
    },
    "wasmtime_app": {
      "mean": 352846161.5,
      "median": 352846161.5,
      "min": 350287740.0,
      "max": 355404583.0,
      "std_dev": 3618154.3835669174
    }
  },
  "strcat2": {
    "base_native": {
      "mean": 2598422.1818181816,
      "median": 2597109.0,
      "min": 2578184.0,
      "max": 2613508.0,
      "std_dev": 9985.699993672772
    },
    "wasmtime_app": {
      "mean": 9440394.1,
      "median": 8520005.0,
      "min": 8492181.0,
      "max": 17731747.0,
      "std_dev": 2913362.891508805
    }
  },
  "strchr": {
    "base_native": {
      "mean": 155163041.4,
      "median": 155177946.0,
      "min": 155092125.0,
      "max": 155212044.0,
      "std_dev": 46343.27861513469
    },