{
  "ackermann": {
    "base_native": {
      "mean": 3213995.1,
      "median": 2894668.5,
      "min": 2858608.0,
      "max": 6165691.0,
      "std_dev": 1037296.8062683623
    },
    "wasmtime_app": {
      "mean": 9873404.8,
      "median": 8483443.5,
      "min": 8453452.0,
      "max": 21591085.0,
      "std_dev": 4123827.981571298
    }
  },
  "base64": {
    "base_native": {
      "mean": 251534185.33333334,
      "median": 251566808.0,
      "min": 249562375.0,
      "max": 253473373.0,
      "std_dev": 1955703.0750567259
    },
    "wasmtime_app": {
      "mean": 369466466.0,
      "median": 369466466.0,
      "min": 360880298.0,
      "max": 378052634.0,
      "std_dev": 12142675.234413873
    }
  },
  "ctype": {
    "base_native": {
      "mean": 654354644.0,
      "median": 654354644.0,
      "min": 654085122.0,
      "max": 654624166.0,
      "std_dev": 381161.6677579213
    },
    "wasmtime_app": {
      "mean": 893808090.0,
      "median": 893808090.0,
      "min": 893808090.0,
      "max": 893808090.0,
      "std_dev": 0.0
    }
  },
  "ed25519": {
    "base_native": {
      "mean": 1433039440.0,
      "median": 1433039440.0,
      "min": 1433039440.0,
      "max": 1433039440.0,
      "std_dev": 0.0
    },
    "wasmtime_app": {
      "mean": 6718847552.0,
      "median": 6718847552.0,
      "min": 6718847552.0,
      "max": 6718847552.0,
      "std_dev": 0.0
    }
  },
  "fib2": {
    "base_native": {
      "mean": 6955988207.0,
      "median": 6955988207.0,
      "min": 6955988207.0,
      "max": 6955988207.0,
      "std_dev": 0.0
    },
    "wasmtime_app": {
      "mean": 10672279110.0,
      "median": 10672279110.0,
      "min": 10672279110.0,
      "max": 10672279110.0,
      "std_dev": 0.0
    }
  },
  "gimli": {
    "base_native": {
      "mean": 4146096.2,
      "median": 4144684.0,
      "min": 4129035.0,
      "max": 4169907.0,
      "std_dev": 10304.800626676653
    },
    "wasmtime_app": {
      "mean": 9495766.1,
      "median": 9344514.0,
      "min": 9312699.0,
      "max": 10887603.0,
      "std_dev": 489267.0261826926
    }
  },
  "heapsort": {
    "base_native": {
      "mean": 1076333914.0,
      "median": 1076333914.0,
      "min": 1076333914.0,
      "max": 1076333914.0,
      "std_dev": 0.0
    },
    "wasmtime_app": {
      "mean": 1219104742.0,
      "median": 1219104742.0,
      "min": 1219104742.0,
      "max": 1219104742.0,
      "std_dev": 0.0
    }
  },
  "keccak": {
    "base_native": {
      "mean": 7705676.9,
      "median": 7489651.5,
      "min": 7468916.0,
      "max": 9668713.0,
      "std_dev": 689794.092801041
    },
    "wasmtime_app": {
      "mean": 22888898.9,
      "median": 21324393.5,
      "min": 21191878.0,
      "max": 37213514.0,
      "std_dev": 5033520.329329464
    }
  },
  "matrix": {
    "base_native": {
      "mean": 377890669.0,
      "median": 377890669.0,
      "min": 377871895.0,
      "max": 377909443.0,
      "std_dev": 26550.445419992488
    },
    "wasmtime_app": {
      "mean": 533051553.5,
      "median": 533051553.5,
      "min": 528845317.0,
      "max": 537257790.0,
      "std_dev": 5948516.704848739
    }
  },
  "matrix2": {
    "base_native": {
      "mean": 194282267.75,
      "median": 194280699.0,
      "min": 194254788.0,
      "max": 194312885.0,
      "std_dev": 24670.217528766676
    },
    "wasmtime_app": {
      "mean": 259910806.66666666,
      "median": 257344793.0,
      "min": 257329161.0,
      "max": 265058466.0,
      "std_dev": 4458010.604394782
    }
  },
  "memmove": {
    "base_native": {
      "mean": 47325399.7,
      "median": 47323437.5,
      "min": 47315325.0,
      "max": 47338574.0,
      "std_dev": 8469.625153059214
    },
    "wasmtime_app": {
      "mean": 521238813.5,
      "median": 521238813.5,
      "min": 515798858.0,
      "max": 526678769.0,
      "std_dev": 7693258.846806112
    }
  },
  "minicsv": {
    "base_native": {
      "mean": 740535124.0,
      "median": 740535124.0,
      "min": 740535124.0,
      "max": 740535124.0,
      "std_dev": 0.0
    },
    "wasmtime_app": {
      "mean": 1103021749.0,
      "median": 1103021749.0,
      "min": 1103021749.0,
      "max": 1103021749.0,
      "std_dev": 0.0
    }
  },
  "nestedloop": {
    "base_native": {
      "mean": 1575992.1818181819,
      "median": 1578908.0,
      "min": 1545110.0,
      "max": 1623680.0,
      "std_dev": 22738.233202332067
    },
    "wasmtime_app": {
      "mean": 6266186.8,
      "median": 6180784.0,
      "min": 6147908.0,
      "max": 7089988.0,
      "std_dev": 290241.4142796763
    }
  },
  "nestedloop2": {
    "base_native": {
      "mean": 1572644.5454545454,
      "median": 1571483.0,
      "min": 1547035.0,
      "max": 1593732.0,
      "std_dev": 14967.002594799244
    },
    "wasmtime_app": {
      "mean": 6264888.3,
      "median": 6187988.5,
      "min": 6137145.0,
      "max": 7033676.0,
      "std_dev": 271099.10658037546
    }
  },
  "nestedloop3": {
    "base_native": {
      "mean": 2078581.0,
      "median": 2079404.0,
      "min": 2058705.0,
      "max": 2090028.0,
      "std_dev": 8593.239994321117
    },
    "wasmtime_app": {
      "mean": 6836334.8,
      "median": 6706264.0,
      "min": 6680068.0,
      "max": 7949386.0,
      "std_dev": 391960.914553933
    }
  },
  "random": {
    "base_native": {
      "mean": 577576092.5,
      "median": 577576092.5,
      "min": 577566343.0,
      "max": 577585842.0,
      "std_dev": 13787.87512635649
    },
    "wasmtime_app": {
      "mean": 290352729.3333333,
      "median": 290064790.0,
      "min": 290059471.0,
      "max": 290933927.0,
      "std_dev": 503338.9700235154
    }
  },
  "random2": {
    "base_native": {
      "mean": 577622677.0,
      "median": 577622677.0,
      "min": 577577492.0,
      "max": 577667862.0,
      "std_dev": 63901.2398158283
    },
    "wasmtime_app": {
      "mean": 290378700.3333333,
      "median": 290086666.0,
      "min": 290086141.0,
      "max": 290963294.0,
      "std_dev": 506273.0342772893
    }
  },
  "ratelimit": {
    "base_native": {
      "mean": 25931262.9,
      "median": 25928755.5,
      "min": 25900820.0,
      "max": 25970441.0,
      "std_dev": 17816.451981556573
    },
    "wasmtime_app": {
      "mean": 38977390.7,
      "median": 38256832.0,
      "min": 38225892.0,
      "max": 45491661.0,
      "std_dev": 2288930.695538084
    }
  },
  "seqhash": {
    "base_native": {
      "mean": 7112452066.0,
      "median": 7112452066.0,
      "min": 7112452066.0,
      "max": 7112452066.0,
      "std_dev": 0.0
    },
    "wasmtime_app": {
      "mean": 9711371991.0,
      "median": 9711371991.0,
      "min": 9711371991.0,
      "max": 9711371991.0,
      "std_dev": 0.0
    }
  },
  "sieve": {
    "base_native": {
      "mean": 569183492.5,
      "median": 569183492.5,
      "min": 569176305.0,
      "max": 569190680.0,
      "std_dev": 10164.65997955662
    },
    "wasmtime_app": {
      "mean": 766362345.0,
      "median": 766362345.0,
      "min": 766362345.0,
      "max": 766362345.0,
      "std_dev": 0.0
    }
  },
  "strcat": {
    "base_native": {
      "mean": 65869932.5,
      "median": 65854311.0,
      "min": 65824575.0,
      "max": 65965217.0,
      "std_dev": 44613.27911246456
    },
    "wasmtime_app": {
      "mean": 353803170.0,
      "median": 353803170.0,
      "min": 349796912.0,
      "max": 357809428.0,
      "std_dev": 5665704.397965711
    }
  },
  "strcat2": {
    "base_native": {
      "mean": 2590810.3636363638,
      "median": 2585949.0,
      "min": 2577550.0,
      "max": 2616297.0,
      "std_dev": 12810.641719076582
    },
    "wasmtime_app": {
      "mean": 9378463.5,
      "median": 8473217.0,
      "min": 8446759.0,
      "max": 17564350.0,
      "std_dev": 2876278.7522762907
    }
  },
  "strchr": {
    "base_native": {
      "mean": 155206272.0,
      "median": 155228956.0,
      "min": 155048691.0,
      "max": 155280753.0,
      "std_dev": 93105.85691029324
    },