{
  "ackermann": {
    "base_native": {
      "mean": 3202287.3,
      "median": 2900430.0,
      "min": 2868832.0,
      "max": 5091277.0,
      "std_dev": 714391.209454448
    },
    "wasmtime_app": {
      "mean": 9006841.4,
      "median": 8755890.5,
      "min": 8101546.0,
      "max": 13421898.0,
      "std_dev": 1587112.1964777694
    }
  },
  "base64": {
    "base_native": {
      "mean": 251188246.66666666,
      "median": 250559717.0,
      "min": 249496904.0,
      "max": 253508119.0,
      "std_dev": 2078159.9073378192
    },
    "wasmtime_app": {
      "mean": 360636233.0,
      "median": 360636233.0,
      "min": 355942677.0,
      "max": 365329789.0,
      "std_dev": 6637690.550957615
    }
  },
  "ctype": {
    "base_native": {
      "mean": 654016464.5,
      "median": 654016464.5,
      "min": 653712932.0,
      "max": 654319997.0,
      "std_dev": 429259.77812101145
    },
    "wasmtime_app": {
      "mean": 982994444.0,
      "median": 982994444.0,
      "min": 982994444.0,
      "max": 982994444.0,
      "std_dev": 0.0
    }
  },
  "ed25519": {
    "base_native": {
      "mean": 1433055866.0,
      "median": 1433055866.0,
      "min": 1433055866.0,
      "max": 1433055866.0,
      "std_dev": 0.0
    },
    "wasmtime_app": {
      "mean": 6771559668.0,
      "median": 6771559668.0,
      "min": 6771559668.0,
      "max": 6771559668.0,
      "std_dev": 0.0
    }
  },
  "fib2": {
    "base_native": {
      "mean": 6955911679.0,
      "median": 6955911679.0,
      "min": 6955911679.0,
      "max": 6955911679.0,
      "std_dev": 0.0
    },
    "wasmtime_app": {
      "mean": 10677395565.0,
      "median": 10677395565.0,
      "min": 10677395565.0,
      "max": 10677395565.0,
      "std_dev": 0.0
    }
  },
  "gimli": {
    "base_native": {
      "mean": 4153234.1,
      "median": 4152044.5,
      "min": 4137782.0,
      "max": 4178755.0,
      "std_dev": 10941.47048262811
    },
    "wasmtime_app": {
      "mean": 9492381.2,
      "median": 9343113.0,
      "min": 9309990.0,
      "max": 10874817.0,
      "std_dev": 486143.2130084486
    }
  },
  "heapsort": {
    "base_native": {
      "mean": 1076270813.0,
      "median": 1076270813.0,
      "min": 1076270813.0,
      "max": 1076270813.0,
      "std_dev": 0.0
    },
    "wasmtime_app": {
      "mean": 1220437780.0,
      "median": 1220437780.0,
      "min": 1220437780.0,
      "max": 1220437780.0,
      "std_dev": 0.0
    }
  },
  "keccak": {
    "base_native": {
      "mean": 7487519.0,
      "median": 7489074.0,
      "min": 7469063.0,
      "max": 7506710.0,
      "std_dev": 13247.277489691567
    },
    "wasmtime_app": {
      "mean": 22851267.4,
      "median": 21314592.0,
      "min": 21033217.0,
      "max": 37011021.0,
      "std_dev": 4976525.243661623
    }
  },
  "matrix": {
    "base_native": {
      "mean": 377879781.0,
      "median": 377879781.0,
      "min": 377857320.0,
      "max": 377902242.0,
      "std_dev": 31764.65082446209
    },
    "wasmtime_app": {
      "mean": 533684401.0,
      "median": 533684401.0,
      "min": 529595517.0,
      "max": 537773285.0,
      "std_dev": 5782555.20777035
    }
  },
  "matrix2": {
    "base_native": {
      "mean": 194266403.75,
      "median": 194257585.5,
      "min": 194249186.0,
      "max": 194301258.0,
      "std_dev": 24263.715191962394
    },
    "wasmtime_app": {
      "mean": 260241762.66666666,
      "median": 257696890.0,
      "min": 257693290.0,
      "max": 265335108.0,
      "std_dev": 4410966.816180023
    }
  },
  "memmove": {
    "base_native": {
      "mean": 47334520.5,
      "median": 47336342.5,
      "min": 47308707.0,
      "max": 47349955.0,
      "std_dev": 12084.207115533527
    },
    "wasmtime_app": {
      "mean": 520046550.5,
      "median": 520046550.5,
      "min": 514845031.0,
      "max": 525248070.0,
      "std_dev": 7356059.42184812
    }
  },
  "minicsv": {
    "base_native": {
      "mean": 753838925.0,
      "median": 753838925.0,
      "min": 753838925.0,
      "max": 753838925.0,
      "std_dev": 0.0
    },
    "wasmtime_app": {
      "mean": 1096464870.0,
      "median": 1096464870.0,
      "min": 1096464870.0,
      "max": 1096464870.0,
      "std_dev": 0.0
    }
  },
  "nestedloop": {
    "base_native": {
      "mean": 1589649.8181818181,
      "median": 1587857.0,
      "min": 1560183.0,
      "max": 1619455.0,
      "std_dev": 16960.370183567233
    },
    "wasmtime_app": {
      "mean": 6298577.9,
      "median": 6199910.0,
      "min": 6172886.0,
      "max": 7150116.0,
      "std_dev": 300069.5702793863
    }
  },
  "nestedloop2": {
    "base_native": {
      "mean": 1581166.0,
      "median": 1586332.0,
      "min": 1561458.0,
      "max": 1598506.0,
      "std_dev": 14006.638668859849
    },
    "wasmtime_app": {
      "mean": 6336523.7,
      "median": 6226609.0,
      "min": 6200185.0,
      "max": 7345706.0,
      "std_dev": 355031.04264965333
    }
  },
  "nestedloop3": {
    "base_native": {
      "mean": 2094822.2727272727,
      "median": 2092202.0,
      "min": 2068703.0,
      "max": 2116851.0,
      "std_dev": 13575.915100580949
    },
    "wasmtime_app": {
      "mean": 6875000.9,
      "median": 6757121.5,
      "min": 6729010.0,
      "max": 7944503.0,
      "std_dev": 376166.75960874645
    }
  },
  "random": {
    "base_native": {
      "mean": 577603834.5,
      "median": 577603834.5,
      "min": 577575361.0,
      "max": 577632308.0,
      "std_dev": 40267.60986823032
    },
    "wasmtime_app": {
      "mean": 290685483.0,
      "median": 290405838.0,
      "min": 290390513.0,
      "max": 291260098.0,
      "std_dev": 497690.17729406717
    }
  },
  "random2": {
    "base_native": {
      "mean": 577622833.5,
      "median": 577622833.5,
      "min": 577569412.0,
      "max": 577676255.0,
      "std_dev": 75549.4098223143
    },
    "wasmtime_app": {
      "mean": 290754279.3333333,
      "median": 290452085.0,
      "min": 290413362.0,
      "max": 291397391.0,
      "std_dev": 557287.4747689322
    }
  },
  "ratelimit": {
    "base_native": {
      "mean": 25938667.1,
      "median": 25940732.0,
      "min": 25914434.0,
      "max": 25958006.0,
      "std_dev": 14428.930964096635
    },
    "wasmtime_app": {
      "mean": 39048498.5,
      "median": 38326835.0,
      "min": 38293486.0,
      "max": 45553397.0,
      "std_dev": 2285677.47505841
    }
  },
  "seqhash": {
    "base_native": {
      "mean": 7123779958.0,
      "median": 7123779958.0,
      "min": 7123779958.0,
      "max": 7123779958.0,
      "std_dev": 0.0
    },
    "wasmtime_app": {
      "mean": 9681349980.0,
      "median": 9681349980.0,
      "min": 9681349980.0,
      "max": 9681349980.0,
      "std_dev": 0.0
    }
  },
  "sieve": {
    "base_native": {
      "mean": 569250498.5,
      "median": 569250498.5,
      "min": 569237674.0,
      "max": 569263323.0,
      "std_dev": 18136.58183065376
    },
    "wasmtime_app": {
      "mean": 766679996.0,
      "median": 766679996.0,
      "min": 766679996.0,
      "max": 766679996.0,
      "std_dev": 0.0
    }
  },
  "strcat": {
    "base_native": {
      "mean": 65861286.7,
      "median": 65850097.5,
      "min": 65834348.0,
      "max": 65976340.0,
      "std_dev": 42445.24727235207
    },
    "wasmtime_app": {
      "mean": 354132311.5,
      "median": 354132311.5,
      "min": 350116949.0,
      "max": 358147674.0,
      "std_dev": 5678580.1053443365
    }
  },
  "strcat2": {
    "base_native": {
      "mean": 2602656.272727273,
      "median": 2600922.0,
      "min": 2585948.0,
      "max": 2633995.0,
      "std_dev": 13102.041872096952
    },
    "wasmtime_app": {
      "mean": 9392263.5,
      "median": 8483316.0,
      "min": 8434206.0,
      "max": 17615327.0,
      "std_dev": 2889352.2794210874
    }
  },
  "strchr": {
    "base_native": {
      "mean": 155194750.6,
      "median": 155201620.0,
      "min": 155118350.0,
      "max": 155241343.0,
      "std_dev": 48097.24810007325
    },