{
  "ackermann": {
    "base_native": {
      "mean": 3384245.8,
      "median": 2983391.0,
      "min": 2947569.0,
      "max": 7002811.0,
      "std_dev": 1271607.9832491004
    },
    "wasmtime_app": {
      "mean": 9198095.7,
      "median": 8865884.5,
      "min": 8207034.0,
      "max": 13407290.0,
      "std_dev": 1541792.1348244962
    }
  },
  "base64": {
    "base_native": {
      "mean": 259130795.33333334,
      "median": 261568867.0,
      "min": 254170783.0,
      "max": 261652736.0,
      "std_dev": 4295701.3702542605
    },
    "wasmtime_app": {
      "mean": 361200491.0,
      "median": 361200491.0,
      "min": 351232943.0,
      "max": 371168039.0,
      "std_dev": 14096241.56520482
    }
  },
  "ctype": {
    "base_native": {
      "mean": 655803587.0,
      "median": 655803587.0,
      "min": 653670648.0,
      "max": 657936526.0,
      "std_dev": 3016431.261514507
    },
    "wasmtime_app": {
      "mean": 980591674.0,
      "median": 980591674.0,
      "min": 980591674.0,
      "max": 980591674.0,
      "std_dev": 0.0
    }
  },
  "ed25519": {
    "base_native": {
      "mean": 1432971053.0,
      "median": 1432971053.0,
      "min": 1432971053.0,
      "max": 1432971053.0,
      "std_dev": 0.0
    },
    "wasmtime_app": {
      "mean": 6783270508.0,
      "median": 6783270508.0,
      "min": 6783270508.0,
      "max": 6783270508.0,
      "std_dev": 0.0
    }
  },
  "fib2": {
    "base_native": {
      "mean": 6955841607.0,
      "median": 6955841607.0,
      "min": 6955841607.0,
      "max": 6955841607.0,
      "std_dev": 0.0
    },
    "wasmtime_app": {
      "mean": 10703686343.0,
      "median": 10703686343.0,
      "min": 10703686343.0,
      "max": 10703686343.0,
      "std_dev": 0.0
    }
  },
  "gimli": {
    "base_native": {
      "mean": 4151447.2,
      "median": 4149010.0,
      "min": 4140660.0,
      "max": 4179558.0,
      "std_dev": 10929.766651976915
    },
    "wasmtime_app": {
      "mean": 9494486.5,
      "median": 9348395.0,
      "min": 9332471.0,
      "max": 10815137.0,
      "std_dev": 464130.9252573866
    }
  },
  "heapsort": {
    "base_native": {
      "mean": 1076240903.0,
      "median": 1076240903.0,
      "min": 1076240903.0,
      "max": 1076240903.0,
      "std_dev": 0.0
    },
    "wasmtime_app": {
      "mean": 1220313213.0,
      "median": 1220313213.0,
      "min": 1220313213.0,
      "max": 1220313213.0,
      "std_dev": 0.0
    }
  },
  "keccak": {
    "base_native": {
      "mean": 7482847.2,
      "median": 7482377.0,
      "min": 7467603.0,
      "max": 7493501.0,
      "std_dev": 9564.579177592941
    },
    "wasmtime_app": {
      "mean": 22866223.4,
      "median": 21319753.5,
      "min": 21020358.0,
      "max": 37253038.0,
      "std_dev": 5056039.192395922
    }
  },
  "matrix": {
    "base_native": {
      "mean": 377864312.0,
      "median": 377864312.0,
      "min": 377858025.0,
      "max": 377870599.0,
      "std_dev": 8891.16066663965
    },
    "wasmtime_app": {
      "mean": 533801533.5,
      "median": 533801533.5,
      "min": 529940215.0,
      "max": 537662852.0,
      "std_dev": 5460728.991342136
    }
  },
  "matrix2": {
    "base_native": {
      "mean": 194262333.75,
      "median": 194265390.0,
      "min": 194232317.0,
      "max": 194286238.0,
      "std_dev": 22474.066734423774
    },
    "wasmtime_app": {
      "mean": 260171279.0,
      "median": 257629798.0,
      "min": 257629023.0,
      "max": 265255016.0,
      "std_dev": 4402645.405211848
    }
  },
  "memmove": {
    "base_native": {
      "mean": 47328923.5,
      "median": 47326396.0,
      "min": 47305373.0,
      "max": 47356494.0,
      "std_dev": 18374.15297065116
    },
    "wasmtime_app": {
      "mean": 520849380.5,
      "median": 520849380.5,
      "min": 515947458.0,
      "max": 525751303.0,
      "std_dev": 6932365.281201828
    }
  },
  "minicsv": {
    "base_native": {
      "mean": 761218191.0,
      "median": 761218191.0,
      "min": 761218191.0,
      "max": 761218191.0,
      "std_dev": 0.0
    },
    "wasmtime_app": {
      "mean": 1115827785.0,
      "median": 1115827785.0,
      "min": 1115827785.0,
      "max": 1115827785.0,
      "std_dev": 0.0
    }
  },
  "nestedloop": {
    "base_native": {
      "mean": 1574341.7272727273,
      "median": 1579089.0,
      "min": 1548616.0,
      "max": 1614362.0,
      "std_dev": 23210.091590042935
    },
    "wasmtime_app": {
      "mean": 6301584.8,
      "median": 6211472.0,
      "min": 6183124.0,
      "max": 7119821.0,
      "std_dev": 287854.98653268686
    }
  },
  "nestedloop2": {
    "base_native": {
      "mean": 1578578.0,
      "median": 1583039.0,
      "min": 1552916.0,
      "max": 1629686.0,
      "std_dev": 22657.836763468837
    },
    "wasmtime_app": {
      "mean": 6285460.7,
      "median": 6196685.5,
      "min": 6163625.0,
      "max": 7046125.0,
      "std_dev": 268234.90856007783
    }
  },
  "nestedloop3": {
    "base_native": {
      "mean": 2082701.8181818181,
      "median": 2080679.0,
      "min": 2038682.0,
      "max": 2126151.0,
      "std_dev": 21070.810605281335
    },
    "wasmtime_app": {
      "mean": 6875489.9,
      "median": 6753004.0,
      "min": 6709269.0,
      "max": 7973398.0,
      "std_dev": 386508.42041753186
    }
  },
  "random": {
    "base_native": {
      "mean": 577596271.0,
      "median": 577596271.0,
      "min": 577576910.0,
      "max": 577615632.0,
      "std_dev": 27380.588781105493
    },
    "wasmtime_app": {
      "mean": 290718906.3333333,
      "median": 290440864.0,
      "min": 290431539.0,
      "max": 291284316.0,
      "std_dev": 489681.33237477345
    }
  },
  "random2": {
    "base_native": {
      "mean": 577628043.5,
      "median": 577628043.5,
      "min": 577567985.0,
      "max": 577688102.0,
      "std_dev": 84935.54523578454
    },
    "wasmtime_app": {
      "mean": 290731280.6666667,
      "median": 290448188.0,
      "min": 290437714.0,
      "max": 291307940.0,
      "std_dev": 499429.09027141513
    }
  },
  "ratelimit": {
    "base_native": {
      "mean": 25922012.6,
      "median": 25918515.5,
      "min": 25895267.0,
      "max": 25955988.0,
      "std_dev": 19246.860304995203
    },
    "wasmtime_app": {
      "mean": 39064048.0,
      "median": 38347501.0,
      "min": 38307578.0,
      "max": 45586091.0,
      "std_dev": 2291673.411594826
    }
  },
  "seqhash": {
    "base_native": {
      "mean": 7090537630.0,
      "median": 7090537630.0,
      "min": 7090537630.0,
      "max": 7090537630.0,
      "std_dev": 0.0
    },
    "wasmtime_app": {
      "mean": 9664965288.0,
      "median": 9664965288.0,
      "min": 9664965288.0,
      "max": 9664965288.0,
      "std_dev": 0.0
    }
  },
  "sieve": {
    "base_native": {
      "mean": 569175108.5,
      "median": 569175108.5,
      "min": 569127124.0,
      "max": 569223093.0,
      "std_dev": 67860.33068369178
    },
    "wasmtime_app": {
      "mean": 766790617.0,
      "median": 766790617.0,
      "min": 766790617.0,
      "max": 766790617.0,
      "std_dev": 0.0
    }
  },
  "strcat": {
    "base_native": {
      "mean": 65851405.6,
      "median": 65847166.0,
      "min": 65826380.0,
      "max": 65918398.0,
      "std_dev": 24945.401247079146
    },
    "wasmtime_app": {
      "mean": 351189708.5,
      "median": 351189708.5,
      "min": 347188073.0,
      "max": 355191344.0,
      "std_dev": 5659167.195773642
    }
  },
  "strcat2": {
    "base_native": {
      "mean": 2574313.0,
      "median": 2573495.0,
      "min": 2554771.0,
      "max": 2601018.0,
      "std_dev": 13875.942115762806
    },
    "wasmtime_app": {
      "mean": 9364811.4,
      "median": 8445446.0,
      "min": 8412973.0,
      "max": 17594652.0,
      "std_dev": 2891781.993141799
    }
  },
  "strchr": {
    "base_native": {
      "mean": 154811078.8,
      "median": 154819793.0,
      "min": 154753848.0,
      "max": 154855466.0,
      "std_dev": 44582.98234416357
    },