{
  "ackermann": {
    "base_native": {
      "mean": 3401692.6,
      "median": 2900667.5,
      "min": 2868232.0,
      "max": 7980027.0,
      "std_dev": 1608726.8843337097
    },
    "wasmtime_app": {
      "mean": 9339179.7,
      "median": 8861653.5,
      "min": 8190390.0,
      "max": 12635985.0,
      "std_dev": 1244409.6581009405
    }
  },
  "base64": {
    "base_native": {
      "mean": 251900513.33333334,
      "median": 252704965.0,
      "min": 249517299.0,
      "max": 253479276.0,
      "std_dev": 2099921.974772952
    },
    "wasmtime_app": {
      "mean": 355539573.5,
      "median": 355539573.5,
      "min": 350449363.0,
      "max": 360629784.0,
      "std_dev": 7198644.724433933
    }
  },
  "ctype": {
    "base_native": {
      "mean": 654000055.5,
      "median": 654000055.5,
      "min": 653771742.0,
      "max": 654228369.0,
      "std_dev": 322884.04817286966
    },
    "wasmtime_app": {
      "mean": 982953042.0,
      "median": 982953042.0,
      "min": 982953042.0,
      "max": 982953042.0,
      "std_dev": 0.0
    }
  },
  "ed25519": {
    "base_native": {
      "mean": 1433209176.0,
      "median": 1433209176.0,
      "min": 1433209176.0,
      "max": 1433209176.0,
      "std_dev": 0.0
    },
    "wasmtime_app": {
      "mean": 6729573579.0,
      "median": 6729573579.0,
      "min": 6729573579.0,
      "max": 6729573579.0,
      "std_dev": 0.0
    }
  },
  "fib2": {
    "base_native": {
      "mean": 6956054213.0,
      "median": 6956054213.0,
      "min": 6956054213.0,
      "max": 6956054213.0,
      "std_dev": 0.0
    },
    "wasmtime_app": {
      "mean": 10721200845.0,
      "median": 10721200845.0,
      "min": 10721200845.0,
      "max": 10721200845.0,
      "std_dev": 0.0
    }
  },
  "gimli": {
    "base_native": {
      "mean": 4156087.5,
      "median": 4154018.0,
      "min": 4141693.0,
      "max": 4182116.0,
      "std_dev": 11939.766210720654
    },
    "wasmtime_app": {
      "mean": 9523795.8,
      "median": 9381935.5,
      "min": 9339850.0,
      "max": 10824973.0,
      "std_dev": 458149.50891088916
    }
  },
  "heapsort": {
    "base_native": {
      "mean": 1076466241.0,
      "median": 1076466241.0,
      "min": 1076466241.0,
      "max": 1076466241.0,
      "std_dev": 0.0
    },
    "wasmtime_app": {
      "mean": 1220403235.0,
      "median": 1220403235.0,
      "min": 1220403235.0,
      "max": 1220403235.0,
      "std_dev": 0.0
    }
  },
  "keccak": {
    "base_native": {
      "mean": 7489216.6,
      "median": 7486827.0,
      "min": 7461803.0,
      "max": 7510575.0,
      "std_dev": 16242.539574285243
    },
    "wasmtime_app": {
      "mean": 22853514.8,
      "median": 21350007.0,
      "min": 21003169.0,
      "max": 36996913.0,
      "std_dev": 4971171.385237863
    }
  },
  "matrix": {
    "base_native": {
      "mean": 377894292.5,
      "median": 377894292.5,
      "min": 377874131.0,
      "max": 377914454.0,
      "std_dev": 28512.666737785155
    },
    "wasmtime_app": {
      "mean": 533967243.5,
      "median": 533967243.5,
      "min": 529391865.0,
      "max": 538542622.0,
      "std_dev": 6470562.327690268
    }
  },
  "matrix2": {
    "base_native": {
      "mean": 194273731.0,
      "median": 194267137.5,
      "min": 194256101.0,
      "max": 194304548.0,
      "std_dev": 21674.375700351786
    },
    "wasmtime_app": {
      "mean": 260193351.33333334,
      "median": 257660489.0,
      "min": 257622391.0,
      "max": 265297174.0,
      "std_dev": 4420081.133190469
    }
  },
  "memmove": {
    "base_native": {
      "mean": 47331924.9,
      "median": 47331667.0,
      "min": 47320368.0,
      "max": 47342017.0,
      "std_dev": 6822.8472787311375
    },
    "wasmtime_app": {
      "mean": 520073139.0,
      "median": 520073139.0,
      "min": 514942742.0,
      "max": 525203536.0,
      "std_dev": 7255477.01775824
    }
  },
  "minicsv": {
    "base_native": {
      "mean": 726558817.0,
      "median": 726558817.0,
      "min": 726558817.0,
      "max": 726558817.0,
      "std_dev": 0.0
    },
    "wasmtime_app": {
      "mean": 1100759096.0,
      "median": 1100759096.0,
      "min": 1100759096.0,
      "max": 1100759096.0,
      "std_dev": 0.0
    }
  },
  "nestedloop": {
    "base_native": {
      "mean": 1587513.6363636365,
      "median": 1592320.0,
      "min": 1547697.0,
      "max": 1651092.0,
      "std_dev": 30490.127019324555
    },
    "wasmtime_app": {
      "mean": 6296433.0,
      "median": 6205996.5,
      "min": 6181085.0,
      "max": 7133776.0,
      "std_dev": 294740.3922584529
    }
  },
  "nestedloop2": {
    "base_native": {
      "mean": 1595342.7272727273,
      "median": 1599445.0,
      "min": 1549797.0,
      "max": 1665892.0,
      "std_dev": 31194.851639624474
    },
    "wasmtime_app": {
      "mean": 6307757.8,
      "median": 6215471.0,
      "min": 6196484.0,
      "max": 7051654.0,
      "std_dev": 262436.1601786021
    }
  },
  "nestedloop3": {
    "base_native": {
      "mean": 2092881.6363636365,
      "median": 2094745.0,
      "min": 2073771.0,
      "max": 2115069.0,
      "std_dev": 13343.239263932333
    },
    "wasmtime_app": {
      "mean": 6877420.3,
      "median": 6764826.5,
      "min": 6711416.0,
      "max": 7982472.0,
      "std_dev": 389037.7656515138
    }
  },
  "random": {
    "base_native": {
      "mean": 577613509.0,
      "median": 577613509.0,
      "min": 577612909.0,
      "max": 577614109.0,
      "std_dev": 848.5281374238571
    },
    "wasmtime_app": {
      "mean": 290655342.0,
      "median": 290416575.0,
      "min": 290311654.0,
      "max": 291237797.0,
      "std_dev": 507141.4736826402
    }
  },
  "random2": {
    "base_native": {
      "mean": 577817762.0,
      "median": 577817762.0,
      "min": 577670082.0,
      "max": 577965442.0,
      "std_dev": 208851.05889125867
    },
    "wasmtime_app": {
      "mean": 290661050.3333333,
      "median": 290349528.0,
      "min": 290348128.0,
      "max": 291285495.0,
      "std_dev": 540785.3976360061
    }
  },
  "ratelimit": {
    "base_native": {
      "mean": 25937392.7,
      "median": 25935008.0,
      "min": 25923708.0,
      "max": 25973456.0,
      "std_dev": 14386.83199665583
    },
    "wasmtime_app": {
      "mean": 39013680.3,
      "median": 38292393.0,
      "min": 38266944.0,
      "max": 45530116.0,
      "std_dev": 2289668.8745941734
    }
  },
  "seqhash": {
    "base_native": {
      "mean": 7121370630.0,
      "median": 7121370630.0,
      "min": 7121370630.0,
      "max": 7121370630.0,
      "std_dev": 0.0
    },
    "wasmtime_app": {
      "mean": 9696617825.0,
      "median": 9696617825.0,
      "min": 9696617825.0,
      "max": 9696617825.0,
      "std_dev": 0.0
    }
  },
  "sieve": {
    "base_native": {
      "mean": 569245688.5,
      "median": 569245688.5,
      "min": 569224402.0,
      "max": 569266975.0,
      "std_dev": 30103.656995454887
    },
    "wasmtime_app": {
      "mean": 766965978.0,
      "median": 766965978.0,
      "min": 766965978.0,
      "max": 766965978.0,
      "std_dev": 0.0
    }
  },
  "strcat": {
    "base_native": {
      "mean": 65858037.3,
      "median": 65847982.5,
      "min": 65818347.0,
      "max": 65969989.0,
      "std_dev": 42536.57259883024
    },
    "wasmtime_app": {
      "mean": 351226086.0,
      "median": 351226086.0,
      "min": 347258474.0,
      "max": 355193698.0,
      "std_dev": 5611050.70063424
    }
  },
  "strcat2": {
    "base_native": {
      "mean": 2591011.5454545454,
      "median": 2586246.0,
      "min": 2569597.0,
      "max": 2619894.0,
      "std_dev": 14103.43672559023
    },
    "wasmtime_app": {
      "mean": 9393465.3,
      "median": 8493316.5,
      "min": 8446331.0,
      "max": 17572888.0,
      "std_dev": 2874049.119470532
    }
  },
  "strchr": {
    "base_native": {
      "mean": 154694710.8,
      "median": 154691421.0,
      "min": 154671172.0,
      "max": 154728344.0,
      "std_dev": 22746.709579629314
    },