{
  "ackermann": {
    "base_native": {
      "mean": 2889311.4545454546,
      "median": 2878060.0,
      "min": 2864261.0,
      "max": 2994253.0,
      "std_dev": 36991.15712805869
    },
    "wasmtime_app": {
      "mean": 9615603.0,
      "median": 9199845.0,
      "min": 8474296.0,
      "max": 13995699.0,
      "std_dev": 1632433.9105597984
    }
  },
  "base64": {
    "base_native": {
      "mean": 253207349.0,
      "median": 253394130.0,
      "min": 252747592.0,
      "max": 253480325.0,
      "std_dev": 400486.9146339241
    },
    "wasmtime_app": {
      "mean": 374149376.5,
      "median": 374149376.5,
      "min": 365007266.0,
      "max": 383291487.0,
      "std_dev": 12928896.657813476
    }
  },
  "ctype": {
    "base_native": {
      "mean": 653946818.5,
      "median": 653946818.5,
      "min": 653730981.0,
      "max": 654162656.0,
      "std_dev": 305240.3197687029
    },
    "wasmtime_app": {
      "mean": 1001444523.0,
      "median": 1001444523.0,
      "min": 1001444523.0,
      "max": 1001444523.0,
      "std_dev": 0.0
    }
  },
  "ed25519": {
    "base_native": {
      "mean": 1433028855.0,
      "median": 1433028855.0,
      "min": 1433028855.0,
      "max": 1433028855.0,
      "std_dev": 0.0
    },
    "wasmtime_app": {
      "mean": 6728954496.0,
      "median": 6728954496.0,
      "min": 6728954496.0,
      "max": 6728954496.0,
      "std_dev": 0.0
    }
  },
  "fib2": {
    "base_native": {
      "mean": 6955893297.0,
      "median": 6955893297.0,
      "min": 6955893297.0,
      "max": 6955893297.0,
      "std_dev": 0.0
    },
    "wasmtime_app": {
      "mean": 10694977887.0,
      "median": 10694977887.0,
      "min": 10694977887.0,
      "max": 10694977887.0,
      "std_dev": 0.0
    }
  },
  "gimli": {
    "base_native": {
      "mean": 4148227.2,
      "median": 4147962.0,
      "min": 4133738.0,
      "max": 4164986.0,
      "std_dev": 8682.682596217983
    },
    "wasmtime_app": {
      "mean": 9493252.3,
      "median": 9344965.0,
      "min": 9316316.0,
      "max": 10845886.0,
      "std_dev": 475476.64195229753
    }
  },
  "heapsort": {
    "base_native": {
      "mean": 1076442477.0,
      "median": 1076442477.0,
      "min": 1076442477.0,
      "max": 1076442477.0,
      "std_dev": 0.0
    },
    "wasmtime_app": {
      "mean": 1220443038.0,
      "median": 1220443038.0,
      "min": 1220443038.0,
      "max": 1220443038.0,
      "std_dev": 0.0
    }
  },
  "keccak": {
    "base_native": {
      "mean": 7479256.7,
      "median": 7478884.5,
      "min": 7461823.0,
      "max": 7488621.0,
      "std_dev": 8476.194534629847
    },
    "wasmtime_app": {
      "mean": 22921717.0,
      "median": 21321699.0,
      "min": 21186567.0,
      "max": 37167345.0,
      "std_dev": 5007128.2328454275
    }
  },
  "matrix": {
    "base_native": {
      "mean": 377873710.0,
      "median": 377873710.0,
      "min": 377859911.0,
      "max": 377887509.0,
      "std_dev": 19514.732947186338
    },
    "wasmtime_app": {
      "mean": 533570686.0,
      "median": 533570686.0,
      "min": 529523931.0,
      "max": 537617441.0,
      "std_dev": 5722975.804601134
    }
  },
  "matrix2": {
    "base_native": {
      "mean": 194266025.0,
      "median": 194258538.0,
      "min": 194255088.0,
      "max": 194291936.0,
      "std_dev": 17354.725369958083
    },
    "wasmtime_app": {
      "mean": 260210924.0,
      "median": 257653657.0,
      "min": 257632333.0,
      "max": 265346782.0,
      "std_dev": 4447796.2774127815
    }
  },
  "memmove": {
    "base_native": {
      "mean": 47326002.4,
      "median": 47324617.5,
      "min": 47311643.0,
      "max": 47345266.0,
      "std_dev": 12589.784767377434
    },
    "wasmtime_app": {
      "mean": 521006460.5,
      "median": 521006460.5,
      "min": 516333753.0,
      "max": 525679168.0,
      "std_dev": 6608206.319502479
    }
  },
  "minicsv": {
    "base_native": {
      "mean": 754153362.0,
      "median": 754153362.0,
      "min": 754153362.0,
      "max": 754153362.0,
      "std_dev": 0.0
    },
    "wasmtime_app": {
      "mean": 1104981744.0,
      "median": 1104981744.0,
      "min": 1104981744.0,
      "max": 1104981744.0,
      "std_dev": 0.0
    }
  },
  "nestedloop": {
    "base_native": {
      "mean": 1582345.3636363635,
      "median": 1583284.0,
      "min": 1553411.0,
      "max": 1605383.0,
      "std_dev": 16157.270860344746
    },
    "wasmtime_app": {
      "mean": 6267292.8,
      "median": 6168891.5,
      "min": 6131530.0,
      "max": 7136994.0,
      "std_dev": 306621.22858188837
    }
  },
  "nestedloop2": {
    "base_native": {
      "mean": 1585506.5454545454,
      "median": 1579584.0,
      "min": 1550311.0,
      "max": 1648880.0,
      "std_dev": 27243.51360732913
    },
    "wasmtime_app": {
      "mean": 6232384.1,
      "median": 6154291.5,
      "min": 6132130.0,
      "max": 6925302.0,
      "std_dev": 243976.86592263894
    }
  },
  "nestedloop3": {
    "base_native": {
      "mean": 2086461.9090909092,
      "median": 2083705.0,
      "min": 2058857.0,
      "max": 2128728.0,
      "std_dev": 16668.37022299748
    },
    "wasmtime_app": {
      "mean": 6828240.1,
      "median": 6710171.5,
      "min": 6685110.0,
      "max": 7878143.0,
      "std_dev": 369503.86747561034
    }
  },
  "random": {
    "base_native": {
      "mean": 577574562.0,
      "median": 577574562.0,
      "min": 577569937.0,
      "max": 577579187.0,
      "std_dev": 6540.737725975565
    },
    "wasmtime_app": {
      "mean": 290673942.3333333,
      "median": 290381036.0,
      "min": 290368537.0,
      "max": 291272254.0,
      "std_dev": 518190.78928743355
    }
  },
  "random2": {
    "base_native": {
      "mean": 577740028.0,
      "median": 577740028.0,
      "min": 577636634.0,
      "max": 577843422.0,
      "std_dev": 146221.1970680038
    },
    "wasmtime_app": {
      "mean": 290786955.0,
      "median": 290506157.0,
      "min": 290495057.0,
      "max": 291359651.0,
      "std_dev": 496000.3365039181
    }
  },
  "ratelimit": {
    "base_native": {
      "mean": 25920161.9,
      "median": 25915404.5,
      "min": 25899593.0,
      "max": 25981438.0,
      "std_dev": 23259.14875890536
    },
    "wasmtime_app": {
      "mean": 38967645.3,
      "median": 38259343.0,
      "min": 38175184.0,
      "max": 45519146.0,
      "std_dev": 2302352.9969898695
    }
  },
  "seqhash": {
    "base_native": {
      "mean": 7114107573.0,
      "median": 7114107573.0,
      "min": 7114107573.0,
      "max": 7114107573.0,
      "std_dev": 0.0
    },
    "wasmtime_app": {
      "mean": 9677225247.0,
      "median": 9677225247.0,
      "min": 9677225247.0,
      "max": 9677225247.0,
      "std_dev": 0.0
    }
  },
  "sieve": {
    "base_native": {
      "mean": 569236426.5,
      "median": 569236426.5,
      "min": 569218515.0,
      "max": 569254338.0,
      "std_dev": 25330.686222445693
    },
    "wasmtime_app": {
      "mean": 767362172.0,
      "median": 767362172.0,
      "min": 767362172.0,
      "max": 767362172.0,
      "std_dev": 0.0
    }
  },
  "strcat": {
    "base_native": {
      "mean": 65855222.7,
      "median": 65844995.5,
      "min": 65820660.0,
      "max": 65987650.0,
      "std_dev": 48274.3216881973
    },
    "wasmtime_app": {
      "mean": 351229397.0,
      "median": 351229397.0,
      "min": 347239152.0,
      "max": 355219642.0,
      "std_dev": 5643058.59619143
    }
  },
  "strcat2": {
    "base_native": {
      "mean": 2584163.1818181816,
      "median": 2579977.0,
      "min": 2561278.0,
      "max": 2618650.0,
      "std_dev": 16129.096253778025
    },
    "wasmtime_app": {
      "mean": 9371861.6,
      "median": 8465434.0,
      "min": 8433398.0,
      "max": 17527947.0,
      "std_dev": 2865867.123588337
    }
  },
  "strchr": {
    "base_native": {
      "mean": 154588962.0,
      "median": 154587482.0,
      "min": 154561559.0,
      "max": 154625405.0,
      "std_dev": 25562.431466900798
    },