{
  "ackermann": {
    "base_native": {
      "mean": 3271269.4,
      "median": 2886622.5,
      "min": 2851562.0,
      "max": 6810402.0,
      "std_dev": 1243639.215108108
    },
    "wasmtime_app": {
      "mean": 8634045.8,
      "median": 8107259.5,
      "min": 8069499.0,
      "max": 12699426.0,
      "std_dev": 1444990.3149055515
    }
  },
  "base64": {
    "base_native": {
      "mean": 251726534.0,
      "median": 252215085.0,
      "min": 249485265.0,
      "max": 253479252.0,
      "std_dev": 2041321.7773646074
    },
    "wasmtime_app": {
      "mean": 355422131.0,
      "median": 355422131.0,
      "min": 350394577.0,
      "max": 360449685.0,
      "std_dev": 7110035.052363103
    }
  },
  "ctype": {
    "base_native": {
      "mean": 654554483.5,
      "median": 654554483.5,
      "min": 653797046.0,
      "max": 655311921.0,
      "std_dev": 1071178.385149971
    },
    "wasmtime_app": {
      "mean": 945523660.0,
      "median": 945523660.0,
      "min": 945523660.0,
      "max": 945523660.0,
      "std_dev": 0.0
    }
  },
  "ed25519": {
    "base_native": {
      "mean": 1433016443.0,
      "median": 1433016443.0,
      "min": 1433016443.0,
      "max": 1433016443.0,
      "std_dev": 0.0
    },
    "wasmtime_app": {
      "mean": 6765050994.0,
      "median": 6765050994.0,
      "min": 6765050994.0,
      "max": 6765050994.0,
      "std_dev": 0.0
    }
  },
  "fib2": {
    "base_native": {
      "mean": 6955933873.0,
      "median": 6955933873.0,
      "min": 6955933873.0,
      "max": 6955933873.0,
      "std_dev": 0.0
    },
    "wasmtime_app": {
      "mean": 10674476156.0,
      "median": 10674476156.0,
      "min": 10674476156.0,
      "max": 10674476156.0,
      "std_dev": 0.0
    }
  },
  "gimli": {
    "base_native": {
      "mean": 4137012.5,
      "median": 4135577.5,
      "min": 4111654.0,
      "max": 4160751.0,
      "std_dev": 12948.736130946869
    },
    "wasmtime_app": {
      "mean": 9469646.6,
      "median": 9321800.0,
      "min": 9292302.0,
      "max": 10742392.0,
      "std_dev": 447857.15203230694
    }
  },
  "heapsort": {
    "base_native": {
      "mean": 1076346728.0,
      "median": 1076346728.0,
      "min": 1076346728.0,
      "max": 1076346728.0,
      "std_dev": 0.0
    },
    "wasmtime_app": {
      "mean": 1220366439.0,
      "median": 1220366439.0,
      "min": 1220366439.0,
      "max": 1220366439.0,
      "std_dev": 0.0
    }
  },
  "keccak": {
    "base_native": {
      "mean": 7487164.6,
      "median": 7490107.0,
      "min": 7474383.0,
      "max": 7497331.0,
      "std_dev": 8973.049168358422
    },
    "wasmtime_app": {
      "mean": 22798018.6,
      "median": 21193975.5,
      "min": 21001737.0,
      "max": 37239005.0,
      "std_dev": 5076565.618263398
    }
  },
  "matrix": {
    "base_native": {
      "mean": 377876432.0,
      "median": 377876432.0,
      "min": 377866770.0,
      "max": 377886094.0,
      "std_dev": 13664.131439648845
    },
    "wasmtime_app": {
      "mean": 533520774.0,
      "median": 533520774.0,
      "min": 529335333.0,
      "max": 537706215.0,
      "std_dev": 5919107.42671241
    }
  },
  "matrix2": {
    "base_native": {
      "mean": 194261847.25,
      "median": 194251123.0,
      "min": 194248448.0,
      "max": 194296695.0,
      "std_dev": 23299.326934126948
    },
    "wasmtime_app": {
      "mean": 260195400.66666666,
      "median": 257652017.0,
      "min": 257642193.0,
      "max": 265291992.0,
      "std_dev": 4413780.300604044
    }
  },
  "memmove": {
    "base_native": {
      "mean": 47328934.0,
      "median": 47325412.0,
      "min": 47300913.0,
      "max": 47372909.0,
      "std_dev": 23282.057244916214
    },
    "wasmtime_app": {
      "mean": 520440332.5,
      "median": 520440332.5,
      "min": 515701312.0,
      "max": 525179353.0,
      "std_dev": 6701987.063464127
    }
  },
  "minicsv": {
    "base_native": {
      "mean": 754222316.0,
      "median": 754222316.0,
      "min": 754222316.0,
      "max": 754222316.0,
      "std_dev": 0.0
    },
    "wasmtime_app": {
      "mean": 1114114650.0,
      "median": 1114114650.0,
      "min": 1114114650.0,
      "max": 1114114650.0,
      "std_dev": 0.0
    }
  },
  "nestedloop": {
    "base_native": {
      "mean": 1577050.2727272727,
      "median": 1576571.0,
      "min": 1554972.0,
      "max": 1606094.0,
      "std_dev": 18980.20064220033
    },
    "wasmtime_app": {
      "mean": 6270745.0,
      "median": 6185510.0,
      "min": 6160312.0,
      "max": 7077657.0,
      "std_dev": 283894.73436821613
    }
  },
  "nestedloop2": {
    "base_native": {
      "mean": 1572430.3636363635,
      "median": 1579371.0,
      "min": 1549248.0,
      "max": 1590970.0,
      "std_dev": 15353.248830607334
    },
    "wasmtime_app": {
      "mean": 6268245.2,
      "median": 6178185.5,
      "min": 6153912.0,
      "max": 7091332.0,
      "std_dev": 289953.8326350133
    }
  },
  "nestedloop3": {
    "base_native": {
      "mean": 2087469.0,
      "median": 2086562.0,
      "min": 2059064.0,
      "max": 2130909.0,
      "std_dev": 19538.484987326934
    },
    "wasmtime_app": {
      "mean": 6841808.8,
      "median": 6718329.0,
      "min": 6697180.0,
      "max": 7925832.0,
      "std_dev": 381643.72372084303
    }
  },
  "random": {
    "base_native": {
      "mean": 577615619.5,
      "median": 577615619.5,
      "min": 577572035.0,
      "max": 577659204.0,
      "std_dev": 61637.79100925016
    },
    "wasmtime_app": {
      "mean": 290654773.0,
      "median": 290381214.0,
      "min": 290366065.0,
      "max": 291217040.0,
      "std_dev": 486996.4142753004
    }
  },
  "random2": {
    "base_native": {
      "mean": 577692314.5,
      "median": 577692314.5,
      "min": 577584059.0,
      "max": 577800570.0,
      "std_dev": 153096.3963014806
    },
    "wasmtime_app": {
      "mean": 290654631.3333333,
      "median": 290367215.0,
      "min": 290334242.0,
      "max": 291262437.0,
      "std_dev": 526633.2699387054
    }
  },
  "ratelimit": {
    "base_native": {
      "mean": 25927514.2,
      "median": 25924131.5,
      "min": 25890322.0,
      "max": 25959542.0,
      "std_dev": 19603.677057577177
    },
    "wasmtime_app": {
      "mean": 39027827.2,
      "median": 38305292.0,
      "min": 38276469.0,
      "max": 45576714.0,
      "std_dev": 2301075.5686906646
    }
  },
  "seqhash": {
    "base_native": {
      "mean": 7116907085.0,
      "median": 7116907085.0,
      "min": 7116907085.0,
      "max": 7116907085.0,
      "std_dev": 0.0
    },
    "wasmtime_app": {
      "mean": 9697498674.0,
      "median": 9697498674.0,
      "min": 9697498674.0,
      "max": 9697498674.0,
      "std_dev": 0.0
    }
  },
  "sieve": {
    "base_native": {
      "mean": 569233195.5,
      "median": 569233195.5,
      "min": 569218659.0,
      "max": 569247732.0,
      "std_dev": 20557.715449436495
    },
    "wasmtime_app": {
      "mean": 767197942.0,
      "median": 767197942.0,
      "min": 767197942.0,
      "max": 767197942.0,
      "std_dev": 0.0
    }
  },
  "strcat": {
    "base_native": {
      "mean": 65845773.4,
      "median": 65835731.5,
      "min": 65831269.0,
      "max": 65917739.0,
      "std_dev": 26416.847386132624
    },
    "wasmtime_app": {
      "mean": 352642420.0,
      "median": 352642420.0,
      "min": 347150894.0,
      "max": 358133946.0,
      "std_dev": 7766190.547324473
    }
  },
  "strcat2": {
    "base_native": {
      "mean": 2588722.4545454546,
      "median": 2580155.0,
      "min": 2571830.0,
      "max": 2642926.0,
      "std_dev": 21730.344734327784
    },
    "wasmtime_app": {
      "mean": 9384629.1,
      "median": 8464101.0,
      "min": 8384205.0,
      "max": 17694757.0,
      "std_dev": 2920366.7188213593
    }
  },
  "strchr": {
    "base_native": {
      "mean": 154621664.0,
      "median": 154591431.0,
      "min": 154558208.0,
      "max": 154757445.0,
      "std_dev": 78940.36904524833
    },