{
  "ackermann": {
    "base_native": {
      "mean": 3382777.2,
      "median": 2886916.0,
      "min": 2845467.0,
      "max": 7952275.0,
      "std_dev": 1605700.89728171
    },
    "wasmtime_app": {
      "mean": 8985538.3,
      "median": 8378932.5,
      "min": 7943366.0,
      "max": 13187888.0,
      "std_dev": 1609352.2733021127
    }
  },
  "base64": {
    "base_native": {
      "mean": 253391967.66666666,
      "median": 253398309.0,
      "min": 253311587.0,
      "max": 253466007.0,
      "std_dev": 77405.06108345458
    },
    "wasmtime_app": {
      "mean": 355064105.5,
      "median": 355064105.5,
      "min": 350423892.0,
      "max": 359704319.0,
      "std_dev": 6562252.864006728
    }
  },
  "ctype": {
    "base_native": {
      "mean": 653750486.0,
      "median": 653750486.0,
      "min": 653700988.0,
      "max": 653799984.0,
      "std_dev": 70000.74291034346
    },
    "wasmtime_app": {
      "mean": 954434773.0,
      "median": 954434773.0,
      "min": 954434773.0,
      "max": 954434773.0,
      "std_dev": 0.0
    }
  },
  "ed25519": {
    "base_native": {
      "mean": 1433072569.0,
      "median": 1433072569.0,
      "min": 1433072569.0,
      "max": 1433072569.0,
      "std_dev": 0.0
    },
    "wasmtime_app": {
      "mean": 6773117422.0,
      "median": 6773117422.0,
      "min": 6773117422.0,
      "max": 6773117422.0,
      "std_dev": 0.0
    }
  },
  "fib2": {
    "base_native": {
      "mean": 6956192249.0,
      "median": 6956192249.0,
      "min": 6956192249.0,
      "max": 6956192249.0,
      "std_dev": 0.0
    },
    "wasmtime_app": {
      "mean": 10686483077.0,
      "median": 10686483077.0,
      "min": 10686483077.0,
      "max": 10686483077.0,
      "std_dev": 0.0
    }
  },
  "gimli": {
    "base_native": {
      "mean": 4147890.9,
      "median": 4146393.0,
      "min": 4137569.0,
      "max": 4166618.0,
      "std_dev": 9049.300678321319
    },
    "wasmtime_app": {
      "mean": 9508315.6,
      "median": 9358835.5,
      "min": 9330199.0,
      "max": 10848401.0,
      "std_dev": 471157.43397915544
    }
  },
  "heapsort": {
    "base_native": {
      "mean": 1076362724.0,
      "median": 1076362724.0,
      "min": 1076362724.0,
      "max": 1076362724.0,
      "std_dev": 0.0
    },
    "wasmtime_app": {
      "mean": 1220437713.0,
      "median": 1220437713.0,
      "min": 1220437713.0,
      "max": 1220437713.0,
      "std_dev": 0.0
    }
  },
  "keccak": {
    "base_native": {
      "mean": 7487425.2,
      "median": 7486543.0,
      "min": 7469918.0,
      "max": 7501192.0,
      "std_dev": 8418.567505487168
    },
    "wasmtime_app": {
      "mean": 22816306.1,
      "median": 21112981.0,
      "min": 20964738.0,
      "max": 37141457.0,
      "std_dev": 5038842.496976164
    }
  },
  "matrix": {
    "base_native": {
      "mean": 377901621.5,
      "median": 377901621.5,
      "min": 377901022.0,
      "max": 377902221.0,
      "std_dev": 847.8210306426705
    },
    "wasmtime_app": {
      "mean": 533728797.0,
      "median": 533728797.0,
      "min": 529827485.0,
      "max": 537630109.0,
      "std_dev": 5517288.341448904
    }
  },
  "matrix2": {
    "base_native": {
      "mean": 194285640.75,
      "median": 194282472.0,
      "min": 194265985.0,
      "max": 194311634.0,
      "std_dev": 21450.294440481073
    },
    "wasmtime_app": {
      "mean": 260215352.33333334,
      "median": 257707240.0,
      "min": 257679141.0,
      "max": 265259676.0,
      "std_dev": 4368535.032367296
    }
  },
  "memmove": {
    "base_native": {
      "mean": 47342534.7,
      "median": 47343242.0,
      "min": 47323093.0,
      "max": 47374941.0,
      "std_dev": 15013.60085648269
    },
    "wasmtime_app": {
      "mean": 520969663.0,
      "median": 520969663.0,
      "min": 516186294.0,
      "max": 525753032.0,
      "std_dev": 6764705.313635029
    }
  },
  "minicsv": {
    "base_native": {
      "mean": 754363523.0,
      "median": 754363523.0,
      "min": 754363523.0,
      "max": 754363523.0,
      "std_dev": 0.0
    },
    "wasmtime_app": {
      "mean": 1103180521.0,
      "median": 1103180521.0,
      "min": 1103180521.0,
      "max": 1103180521.0,
      "std_dev": 0.0
    }
  },
  "nestedloop": {
    "base_native": {
      "mean": 1582256.0909090908,
      "median": 1588890.0,
      "min": 1556541.0,
      "max": 1608139.0,
      "std_dev": 16885.223069030184
    },
    "wasmtime_app": {
      "mean": 6255172.9,
      "median": 6157202.5,
      "min": 6150228.0,
      "max": 7073383.0,
      "std_dev": 287964.13760607614
    }
  },
  "nestedloop2": {
    "base_native": {
      "mean": 1572029.0,
      "median": 1577540.0,
      "min": 1544516.0,
      "max": 1589665.0,
      "std_dev": 15917.795538327537
    },
    "wasmtime_app": {
      "mean": 6253425.2,
      "median": 6172814.5,
      "min": 6138878.0,
      "max": 7046535.0,
      "std_dev": 279079.56062177755
    }
  },
  "nestedloop3": {
    "base_native": {
      "mean": 2093652.5454545454,
      "median": 2088971.0,
      "min": 2054472.0,
      "max": 2144619.0,
      "std_dev": 23097.35333480282
    },
    "wasmtime_app": {
      "mean": 6845706.8,
      "median": 6729775.0,
      "min": 6688952.0,
      "max": 7903768.0,
      "std_dev": 372810.54684258427
    }
  },
  "random": {
    "base_native": {
      "mean": 577603052.5,
      "median": 577603052.5,
      "min": 577593553.0,
      "max": 577612552.0,
      "std_dev": 13434.321735763217
    },
    "wasmtime_app": {
      "mean": 290696298.0,
      "median": 290429936.0,
      "min": 290425361.0,
      "max": 291233597.0,
      "std_dev": 465320.20610220655
    }
  },
  "random2": {
    "base_native": {
      "mean": 577727548.0,
      "median": 577727548.0,
      "min": 577647051.0,
      "max": 577808045.0,
      "std_dev": 113839.94913034703
    },
    "wasmtime_app": {
      "mean": 290684232.3333333,
      "median": 290403213.0,
      "min": 290367064.0,
      "max": 291282420.0,
      "std_dev": 518360.92731255636
    }
  },
  "ratelimit": {
    "base_native": {
      "mean": 25931085.8,
      "median": 25929685.5,
      "min": 25911449.0,
      "max": 25970072.0,
      "std_dev": 16889.766269022854
    },
    "wasmtime_app": {
      "mean": 39018386.9,
      "median": 38296039.5,
      "min": 38250529.0,
      "max": 45533503.0,
      "std_dev": 2289331.7373571144
    }
  },
  "seqhash": {
    "base_native": {
      "mean": 7119889411.0,
      "median": 7119889411.0,
      "min": 7119889411.0,
      "max": 7119889411.0,
      "std_dev": 0.0
    },
    "wasmtime_app": {
      "mean": 9694093709.0,
      "median": 9694093709.0,
      "min": 9694093709.0,
      "max": 9694093709.0,
      "std_dev": 0.0
    }
  },
  "sieve": {
    "base_native": {
      "mean": 569215256.0,
      "median": 569215256.0,
      "min": 569158371.0,
      "max": 569272141.0,
      "std_dev": 80447.53849559352
    },
    "wasmtime_app": {
      "mean": 767213606.0,
      "median": 767213606.0,
      "min": 767213606.0,
      "max": 767213606.0,
      "std_dev": 0.0
    }
  },
  "strcat": {
    "base_native": {
      "mean": 65864017.2,
      "median": 65857432.5,
      "min": 65837546.0,
      "max": 65950566.0,
      "std_dev": 31848.779347968044
    },
    "wasmtime_app": {
      "mean": 353085738.0,
      "median": 353085738.0,
      "min": 350549435.0,
      "max": 355622041.0,
      "std_dev": 3586874.100887568
    }
  },
  "strcat2": {
    "base_native": {
      "mean": 2603667.4545454546,
      "median": 2600827.0,
      "min": 2576602.0,
      "max": 2629575.0,
      "std_dev": 19822.565310088583
    },
    "wasmtime_app": {
      "mean": 9396526.3,
      "median": 8472741.0,
      "min": 8414843.0,
      "max": 17719620.0,
      "std_dev": 2924600.7927915016
    }
  },
  "strchr": {
    "base_native": {
      "mean": 155094635.2,
      "median": 155114859.0,
      "min": 155021963.0,
      "max": 155129609.0,
      "std_dev": 45942.371817310435
    },