{
  "ackermann": {
    "base_native": {
      "mean": 3491641.4,
      "median": 3080194.0,
      "min": 3047320.0,
      "max": 7240567.0,
      "std_dev": 1317353.044834662
    },
    "wasmtime_app": {
      "mean": 9226696.0,
      "median": 8614306.5,
      "min": 8304288.0,
      "max": 13021022.0,
      "std_dev": 1418824.2004019462
    }
  },
  "base64": {
    "base_native": {
      "mean": 270024844.0,
      "median": 270309657.0,
      "min": 269369372.0,
      "max": 270395503.0,
      "std_dev": 569275.8918283823
    },
    "wasmtime_app": {
      "mean": 354996560.5,
      "median": 354996560.5,
      "min": 350371958.0,
      "max": 359621163.0,
      "std_dev": 6540175.576084522
    }
  },
  "ctype": {
    "base_native": {
      "mean": 679662540.0,
      "median": 679662540.0,
      "min": 679662540.0,
      "max": 679662540.0,
      "std_dev": 0.0
    },
    "wasmtime_app": {
      "mean": 983162862.0,
      "median": 983162862.0,
      "min": 983162862.0,
      "max": 983162862.0,
      "std_dev": 0.0
    }
  },
  "ed25519": {
    "base_native": {
      "mean": 1437998892.0,
      "median": 1437998892.0,
      "min": 1437998892.0,
      "max": 1437998892.0,
      "std_dev": 0.0
    },
    "wasmtime_app": {
      "mean": 6732196803.0,
      "median": 6732196803.0,
      "min": 6732196803.0,
      "max": 6732196803.0,
      "std_dev": 0.0
    }
  },
  "fib2": {
    "base_native": {
      "mean": 6956067113.0,
      "median": 6956067113.0,
      "min": 6956067113.0,
      "max": 6956067113.0,
      "std_dev": 0.0
    },
    "wasmtime_app": {
      "mean": 10696329813.0,
      "median": 10696329813.0,
      "min": 10696329813.0,
      "max": 10696329813.0,
      "std_dev": 0.0
    }
  },
  "gimli": {
    "base_native": {
      "mean": 4147573.6,
      "median": 4140611.5,
      "min": 4133399.0,
      "max": 4185997.0,
      "std_dev": 15765.989430134448
    },
    "wasmtime_app": {
      "mean": 9496756.8,
      "median": 9330624.5,
      "min": 9317450.0,
      "max": 10827682.0,
      "std_dev": 468898.6599551478
    }
  },
  "heapsort": {
    "base_native": {
      "mean": 1076423882.0,
      "median": 1076423882.0,
      "min": 1076423882.0,
      "max": 1076423882.0,
      "std_dev": 0.0
    },
    "wasmtime_app": {
      "mean": 1220608829.0,
      "median": 1220608829.0,
      "min": 1220608829.0,
      "max": 1220608829.0,
      "std_dev": 0.0
    }
  },
  "keccak": {
    "base_native": {
      "mean": 7478712.2,
      "median": 7478394.5,
      "min": 7461183.0,
      "max": 7495332.0,
      "std_dev": 10146.372266863551
    },
    "wasmtime_app": {
      "mean": 22842796.8,
      "median": 21311698.5,
      "min": 21001205.0,
      "max": 36915375.0,
      "std_dev": 4945745.828411746
    }
  },
  "matrix": {
    "base_native": {
      "mean": 377911404.0,
      "median": 377911404.0,
      "min": 377892817.0,
      "max": 377929991.0,
      "std_dev": 26285.987483828718
    },
    "wasmtime_app": {
      "mean": 533744707.5,
      "median": 533744707.5,
      "min": 529360353.0,
      "max": 538129062.0,
      "std_dev": 6200413.59615151
    }
  },
  "matrix2": {
    "base_native": {
      "mean": 194272832.75,
      "median": 194268295.5,
      "min": 194263258.0,
      "max": 194291482.0,
      "std_dev": 12816.284572761328
    },
    "wasmtime_app": {
      "mean": 260155634.0,
      "median": 257607249.0,
      "min": 257605650.0,
      "max": 265254003.0,
      "std_dev": 4415317.144251475
    }
  },
  "memmove": {
    "base_native": {
      "mean": 47340096.2,
      "median": 47340503.5,
      "min": 47326892.0,
      "max": 47349491.0,
      "std_dev": 8310.89867850911
    },
    "wasmtime_app": {
      "mean": 520847827.5,
      "median": 520847827.5,
      "min": 515810238.0,
      "max": 525885417.0,
      "std_dev": 7124227.392568299
    }
  },
  "minicsv": {
    "base_native": {
      "mean": 717764298.0,
      "median": 717764298.0,
      "min": 717764298.0,
      "max": 717764298.0,
      "std_dev": 0.0
    },
    "wasmtime_app": {
      "mean": 1109454604.0,
      "median": 1109454604.0,
      "min": 1109454604.0,
      "max": 1109454604.0,
      "std_dev": 0.0
    }
  },
  "nestedloop": {
    "base_native": {
      "mean": 1578516.4545454546,
      "median": 1585382.0,
      "min": 1556108.0,
      "max": 1592032.0,
      "std_dev": 13014.445323283175
    },
    "wasmtime_app": {
      "mean": 6285609.6,
      "median": 6188430.5,
      "min": 6169444.0,
      "max": 7133310.0,
      "std_dev": 298337.0334951916
    }
  },
  "nestedloop2": {
    "base_native": {
      "mean": 1576030.1818181819,
      "median": 1580757.0,
      "min": 1552884.0,
      "max": 1587907.0,
      "std_dev": 11819.099566533669
    },
    "wasmtime_app": {
      "mean": 6274502.9,
      "median": 6204879.5,
      "min": 6137721.0,
      "max": 7062814.0,
      "std_dev": 278838.20585918037
    }
  },
  "nestedloop3": {
    "base_native": {
      "mean": 2091024.6363636365,
      "median": 2095736.0,
      "min": 2061037.0,
      "max": 2120085.0,
      "std_dev": 15992.732907622305
    },
    "wasmtime_app": {
      "mean": 6850467.4,
      "median": 6728760.0,
      "min": 6707436.0,
      "max": 7969958.0,
      "std_dev": 393664.015498891
    }
  },
  "random": {
    "base_native": {
      "mean": 577641181.0,
      "median": 577641181.0,
      "min": 577607320.0,
      "max": 577675042.0,
      "std_dev": 47886.68543551537
    },
    "wasmtime_app": {
      "mean": 290646605.0,
      "median": 290383105.0,
      "min": 290343082.0,
      "max": 291213628.0,
      "std_dev": 491463.90714781894
    }
  },
  "random2": {
    "base_native": {
      "mean": 577701528.0,
      "median": 577701528.0,
      "min": 577632018.0,
      "max": 577771038.0,
      "std_dev": 98301.98472055384
    },
    "wasmtime_app": {
      "mean": 290692285.3333333,
      "median": 290421777.0,
      "min": 290356906.0,
      "max": 291298173.0,
      "std_dev": 525715.6647127165
    }
  },
  "ratelimit": {
    "base_native": {
      "mean": 25930191.9,
      "median": 25928649.5,
      "min": 25912500.0,
      "max": 25959923.0,
      "std_dev": 15137.31987469674
    },
    "wasmtime_app": {
      "mean": 39019767.4,
      "median": 38295964.5,
      "min": 38271266.0,
      "max": 45553942.0,
      "std_dev": 2295912.6728814887
    }
  },
  "seqhash": {
    "base_native": {
      "mean": 7113123100.0,
      "median": 7113123100.0,
      "min": 7113123100.0,
      "max": 7113123100.0,
      "std_dev": 0.0
    },
    "wasmtime_app": {
      "mean": 9670989125.0,
      "median": 9670989125.0,
      "min": 9670989125.0,
      "max": 9670989125.0,
      "std_dev": 0.0
    }
  },
  "sieve": {
    "base_native": {
      "mean": 569289397.5,
      "median": 569289397.5,
      "min": 569275223.0,
      "max": 569303572.0,
      "std_dev": 20045.770139857435
    },
    "wasmtime_app": {
      "mean": 767276741.0,
      "median": 767276741.0,
      "min": 767276741.0,
      "max": 767276741.0,
      "std_dev": 0.0
    }
  },
  "strcat": {
    "base_native": {
      "mean": 65862810.3,
      "median": 65854106.0,
      "min": 65832082.0,
      "max": 65973701.0,
      "std_dev": 40614.38530605737
    },
    "wasmtime_app": {
      "mean": 351186495.0,
      "median": 351186495.0,
      "min": 347181204.0,
      "max": 355191786.0,
      "std_dev": 5664336.853450896
    }
  },
  "strcat2": {
    "base_native": {
      "mean": 2606668.3636363638,
      "median": 2603464.0,
      "min": 2591765.0,
      "max": 2622838.0,
      "std_dev": 10630.918326021767
    },
    "wasmtime_app": {
      "mean": 9374966.8,
      "median": 8465090.5,
      "min": 8432530.0,
      "max": 17595165.0,
      "std_dev": 2888321.0847340515
    }
  },
  "strchr": {
    "base_native": {
      "mean": 154613210.0,
      "median": 154615540.0,
      "min": 154568717.0,
      "max": 154641089.0,
      "std_dev": 28468.057784120083
    },
    "wasmtime_app": {
      "mean": 406586181.5,