{
  "ackermann": {
    "base_native": {
      "mean": 3166088.9,
      "median": 2839312.5,
      "min": 2817189.0,
      "max": 6089202.0,
      "std_dev": 1027268.5817499454
    },
    "wasmtime_app": {
      "mean": 8921097.7,
      "median": 8583830.0,
      "min": 7887919.0,
      "max": 12308518.0,
      "std_dev": 1292058.69551469
    }
  },
  "base64": {
    "base_native": {
      "mean": 249539638.33333334,
      "median": 249528589.0,
      "min": 249506565.0,
      "max": 249583761.0,
      "std_dev": 39766.46111151121
    },
    "wasmtime_app": {
      "mean": 354886546.0,
      "median": 354886546.0,
      "min": 350335231.0,
      "max": 359437861.0,
      "std_dev": 6436531.399632103
    }
  },
  "ctype": {
    "base_native": {
      "mean": 654911749.0,
      "median": 654911749.0,
      "min": 654882738.0,
      "max": 654940760.0,
      "std_dev": 41027.74965800586
    },
    "wasmtime_app": {
      "mean": 956879249.0,
      "median": 956879249.0,
      "min": 956879249.0,
      "max": 956879249.0,
      "std_dev": 0.0
    }
  },
  "ed25519": {
    "base_native": {
      "mean": 1433448146.0,
      "median": 1433448146.0,
      "min": 1433448146.0,
      "max": 1433448146.0,
      "std_dev": 0.0
    },
    "wasmtime_app": {
      "mean": 6761287750.0,
      "median": 6761287750.0,
      "min": 6761287750.0,
      "max": 6761287750.0,
      "std_dev": 0.0
    }
  },
  "fib2": {
    "base_native": {
      "mean": 6955910490.0,
      "median": 6955910490.0,
      "min": 6955910490.0,
      "max": 6955910490.0,
      "std_dev": 0.0
    },
    "wasmtime_app": {
      "mean": 10672130989.0,
      "median": 10672130989.0,
      "min": 10672130989.0,
      "max": 10672130989.0,
      "std_dev": 0.0
    }
  },
  "gimli": {
    "base_native": {
      "mean": 4140325.9,
      "median": 4138713.5,
      "min": 4121589.0,
      "max": 4164437.0,
      "std_dev": 11861.681850489087
    },
    "wasmtime_app": {
      "mean": 9514616.6,
      "median": 9373009.5,
      "min": 9318338.0,
      "max": 10837877.0,
      "std_dev": 465405.2690123833
    }
  },
  "heapsort": {
    "base_native": {
      "mean": 1076281523.0,
      "median": 1076281523.0,
      "min": 1076281523.0,
      "max": 1076281523.0,
      "std_dev": 0.0
    },
    "wasmtime_app": {
      "mean": 1220368800.0,
      "median": 1220368800.0,
      "min": 1220368800.0,
      "max": 1220368800.0,
      "std_dev": 0.0
    }
  },
  "keccak": {
    "base_native": {
      "mean": 7480227.6,
      "median": 7482960.0,
      "min": 7466424.0,
      "max": 7494697.0,
      "std_dev": 10840.489915128375
    },
    "wasmtime_app": {
      "mean": 22839023.0,
      "median": 21236048.5,
      "min": 21010628.0,
      "max": 37272380.0,
      "std_dev": 5073554.422565242
    }
  },
  "matrix": {
    "base_native": {
      "mean": 377881679.0,
      "median": 377881679.0,
      "min": 377867842.0,
      "max": 377895516.0,
      "std_dev": 19568.473062556517
    },
    "wasmtime_app": {
      "mean": 534139136.0,
      "median": 534139136.0,
      "min": 529981530.0,
      "max": 538296742.0,
      "std_dev": 5879742.792203754
    }
  },
  "matrix2": {
    "base_native": {
      "mean": 194264748.0,
      "median": 194259892.0,
      "min": 194246218.0,
      "max": 194292990.0,
      "std_dev": 21366.22013053939
    },
    "wasmtime_app": {
      "mean": 260215716.0,
      "median": 257681453.0,
      "min": 257673478.0,
      "max": 265292217.0,
      "std_dev": 4396380.636660911
    }
  },
  "memmove": {
    "base_native": {
      "mean": 47320657.4,
      "median": 47318900.0,
      "min": 47303551.0,
      "max": 47339724.0,
      "std_dev": 12231.24883421331
    },
    "wasmtime_app": {
      "mean": 521376200.5,
      "median": 521376200.5,
      "min": 516625738.0,
      "max": 526126663.0,
      "std_dev": 6718168.495044799
    }
  },
  "minicsv": {
    "base_native": {
      "mean": 756026618.0,
      "median": 756026618.0,
      "min": 756026618.0,
      "max": 756026618.0,
      "std_dev": 0.0
    },
    "wasmtime_app": {
      "mean": 1106130611.0,
      "median": 1106130611.0,
      "min": 1106130611.0,
      "max": 1106130611.0,
      "std_dev": 0.0
    }
  },
  "nestedloop": {
    "base_native": {
      "mean": 1578952.4545454546,
      "median": 1579034.0,
      "min": 1548111.0,
      "max": 1602133.0,
      "std_dev": 16619.84796779824
    },
    "wasmtime_app": {
      "mean": 6236683.0,
      "median": 6156109.0,
      "min": 6107275.0,
      "max": 7019933.0,
      "std_dev": 276581.08335973456
    }
  },
  "nestedloop2": {
    "base_native": {
      "mean": 1592751.6363636365,
      "median": 1590309.0,
      "min": 1561685.0,
      "max": 1702952.0,
      "std_dev": 39019.73011765388
    },
    "wasmtime_app": {
      "mean": 6269740.4,
      "median": 6184994.0,
      "min": 6162096.0,
      "max": 7024507.0,
      "std_dev": 266118.5479085089
    }
  },
  "nestedloop3": {
    "base_native": {
      "mean": 2096927.5454545454,
      "median": 2084956.0,
      "min": 2063082.0,
      "max": 2175550.0,
      "std_dev": 31984.833594576154
    },
    "wasmtime_app": {
      "mean": 6831084.2,
      "median": 6702293.5,
      "min": 6666234.0,
      "max": 7904893.0,
      "std_dev": 378830.9154598893
    }
  },
  "random": {
    "base_native": {
      "mean": 577576761.0,
      "median": 577576761.0,
      "min": 577566274.0,
      "max": 577587248.0,
      "std_dev": 14830.857628606647
    },
    "wasmtime_app": {
      "mean": 290670357.3333333,
      "median": 290409818.0,
      "min": 290360247.0,
      "max": 291241007.0,
      "std_dev": 494818.25204850046
    }
  },
  "random2": {
    "base_native": {
      "mean": 577642495.0,
      "median": 577642495.0,
      "min": 577569924.0,
      "max": 577715066.0,
      "std_dev": 102630.89243497788
    },
    "wasmtime_app": {
      "mean": 290702088.3333333,
      "median": 290434391.0,
      "min": 290389370.0,
      "max": 291282504.0,
      "std_dev": 503158.5060339667
    }
  },
  "ratelimit": {
    "base_native": {
      "mean": 25924803.1,
      "median": 25921208.5,
      "min": 25910646.0,
      "max": 25950319.0,
      "std_dev": 13454.062909272674
    },
    "wasmtime_app": {
      "mean": 39029591.1,
      "median": 38303479.5,
      "min": 38281556.0,
      "max": 45590493.0,
      "std_dev": 2305315.6209387253
    }
  },
  "seqhash": {
    "base_native": {
      "mean": 7085464799.0,
      "median": 7085464799.0,
      "min": 7085464799.0,
      "max": 7085464799.0,
      "std_dev": 0.0
    },
    "wasmtime_app": {
      "mean": 9651624474.0,
      "median": 9651624474.0,
      "min": 9651624474.0,
      "max": 9651624474.0,
      "std_dev": 0.0
    }
  },
  "sieve": {
    "base_native": {
      "mean": 569241924.0,
      "median": 569241924.0,
      "min": 569227500.0,
      "max": 569256348.0,
      "std_dev": 20398.616423669522
    },
    "wasmtime_app": {
      "mean": 766882738.0,
      "median": 766882738.0,
      "min": 766882738.0,
      "max": 766882738.0,
      "std_dev": 0.0
    }
  },
  "strcat": {
    "base_native": {
      "mean": 65851417.7,
      "median": 65843943.0,
      "min": 65823544.0,
      "max": 65916364.0,
      "std_dev": 28529.05901415841
    },
    "wasmtime_app": {
      "mean": 352721118.0,
      "median": 352721118.0,
      "min": 350200841.0,
      "max": 355241395.0,
      "std_dev": 3564209.914336977
    }
  },
  "strcat2": {
    "base_native": {
      "mean": 2589915.272727273,
      "median": 2588627.0,
      "min": 2559154.0,
      "max": 2629949.0,
      "std_dev": 20528.8731599711
    },
    "wasmtime_app": {
      "mean": 9299409.8,
      "median": 8399718.5,
      "min": 8372383.0,
      "max": 17448065.0,
      "std_dev": 2863178.470791267
    }
  },
  "strchr": {
    "base_native": {
      "mean": 154612099.2,
      "median": 154599380.0,
      "min": 154548533.0,
      "max": 154698999.0,
      "std_dev": 54989.38932375954
    },