{
  "ackermann": {
    "base_native": {
      "mean": 3350647.7,
      "median": 3041972.0,
      "min": 3005962.0,
      "max": 6178289.0,
      "std_dev": 993749.933433742
    },
    "wasmtime_app": {
      "mean": 9640096.3,
      "median": 9109944.5,
      "min": 8377087.0,
      "max": 12776307.0,
      "std_dev": 1263852.2331740852
    }
  },
  "base64": {
    "base_native": {
      "mean": 260807945.33333334,
      "median": 259030698.0,
      "min": 257456521.0,
      "max": 265936617.0,
      "std_dev": 4510760.812233822
    },
    "wasmtime_app": {
      "mean": 366441503.5,
      "median": 366441503.5,
      "min": 355895929.0,
      "max": 376987078.0,
      "std_dev": 14913694.48091587
    }
  },
  "ctype": {
    "base_native": {
      "mean": 654499251.0,
      "median": 654499251.0,
      "min": 653636030.0,
      "max": 655362472.0,
      "std_dev": 1220778.8455252654
    },
    "wasmtime_app": {
      "mean": 982636834.0,
      "median": 982636834.0,
      "min": 982636834.0,
      "max": 982636834.0,
      "std_dev": 0.0
    }
  },
  "ed25519": {
    "base_native": {
      "mean": 1433016483.0,
      "median": 1433016483.0,
      "min": 1433016483.0,
      "max": 1433016483.0,
      "std_dev": 0.0
    },
    "wasmtime_app": {
      "mean": 6726705667.0,
      "median": 6726705667.0,
      "min": 6726705667.0,
      "max": 6726705667.0,
      "std_dev": 0.0
    }
  },
  "fib2": {
    "base_native": {
      "mean": 6955902628.0,
      "median": 6955902628.0,
      "min": 6955902628.0,
      "max": 6955902628.0,
      "std_dev": 0.0
    },
    "wasmtime_app": {
      "mean": 10676415316.0,
      "median": 10676415316.0,
      "min": 10676415316.0,
      "max": 10676415316.0,
      "std_dev": 0.0
    }
  },
  "gimli": {
    "base_native": {
      "mean": 4146945.6,
      "median": 4147803.0,
      "min": 4121492.0,
      "max": 4157940.0,
      "std_dev": 10923.792556718668
    },
    "wasmtime_app": {
      "mean": 9493457.5,
      "median": 9340694.0,
      "min": 9314808.0,
      "max": 10784372.0,
      "std_dev": 454812.22392305307
    }
  },
  "heapsort": {
    "base_native": {
      "mean": 1076345057.0,
      "median": 1076345057.0,
      "min": 1076345057.0,
      "max": 1076345057.0,
      "std_dev": 0.0
    },
    "wasmtime_app": {
      "mean": 1220358561.0,
      "median": 1220358561.0,
      "min": 1220358561.0,
      "max": 1220358561.0,
      "std_dev": 0.0
    }
  },
  "keccak": {
    "base_native": {
      "mean": 7481829.8,
      "median": 7482494.5,
      "min": 7469658.0,
      "max": 7490332.0,
      "std_dev": 6418.6982030799845
    },
    "wasmtime_app": {
      "mean": 22936335.9,
      "median": 21366982.0,
      "min": 21037826.0,
      "max": 37402175.0,
      "std_dev": 5084112.011700643
    }
  },
  "matrix": {
    "base_native": {
      "mean": 377873051.0,
      "median": 377873051.0,
      "min": 377871651.0,
      "max": 377874451.0,
      "std_dev": 1979.8989873223331
    },
    "wasmtime_app": {
      "mean": 533576122.0,
      "median": 533576122.0,
      "min": 529602553.0,
      "max": 537549691.0,
      "std_dev": 5619475.170825297
    }
  },
  "matrix2": {
    "base_native": {
      "mean": 194255687.0,
      "median": 194252431.0,
      "min": 194238644.0,
      "max": 194279242.0,
      "std_dev": 20042.69803860415
    },
    "wasmtime_app": {
      "mean": 260218176.0,
      "median": 257662616.0,
      "min": 257647117.0,
      "max": 265344795.0,
      "std_dev": 4439789.052772778
    }
  },
  "memmove": {
    "base_native": {
      "mean": 47340725.6,
      "median": 47336780.5,
      "min": 47325944.0,
      "max": 47360817.0,
      "std_dev": 12227.80985386272
    },
    "wasmtime_app": {
      "mean": 520323968.0,
      "median": 520323968.0,
      "min": 515339558.0,
      "max": 525308378.0,
      "std_dev": 7049020.222428079
    }
  },
  "minicsv": {
    "base_native": {
      "mean": 757841472.0,
      "median": 757841472.0,
      "min": 757841472.0,
      "max": 757841472.0,
      "std_dev": 0.0
    },
    "wasmtime_app": {
      "mean": 1115232074.0,
      "median": 1115232074.0,
      "min": 1115232074.0,
      "max": 1115232074.0,
      "std_dev": 0.0
    }
  },
  "nestedloop": {
    "base_native": {
      "mean": 1576732.8181818181,
      "median": 1575101.0,
      "min": 1544703.0,
      "max": 1625698.0,
      "std_dev": 21281.451622566456
    },
    "wasmtime_app": {
      "mean": 6287286.3,
      "median": 6192789.0,
      "min": 6162766.0,
      "max": 7128460.0,
      "std_dev": 296014.0347329835
    }
  },
  "nestedloop2": {
    "base_native": {
      "mean": 1574396.8181818181,
      "median": 1578426.0,
      "min": 1550803.0,
      "max": 1584976.0,
      "std_dev": 11579.318691686327
    },
    "wasmtime_app": {
      "mean": 6283506.4,
      "median": 6195289.0,
      "min": 6150992.0,
      "max": 7096987.0,
      "std_dev": 287228.9090178772
    }
  },
  "nestedloop3": {
    "base_native": {
      "mean": 2082689.8181818181,
      "median": 2082419.0,
      "min": 2059971.0,
      "max": 2106068.0,
      "std_dev": 12238.744689045374
    },
    "wasmtime_app": {
      "mean": 6849538.7,
      "median": 6729495.5,
      "min": 6704810.0,
      "max": 7954212.0,
      "std_dev": 388250.42598475586
    }
  },
  "random": {
    "base_native": {
      "mean": 577618002.5,
      "median": 577618002.5,
      "min": 577609953.0,
      "max": 577626052.0,
      "std_dev": 11383.712070322228
    },
    "wasmtime_app": {
      "mean": 290684696.3333333,
      "median": 290417612.0,
      "min": 290383664.0,
      "max": 291252813.0,
      "std_dev": 492296.1780110966
    }
  },
  "random2": {
    "base_native": {
      "mean": 577638338.5,
      "median": 577638338.5,
      "min": 577613953.0,
      "max": 577662724.0,
      "std_dev": 34486.304825249106
    },
    "wasmtime_app": {
      "mean": 290704228.3333333,
      "median": 290409187.0,
      "min": 290403063.0,
      "max": 291300435.0,
      "std_dev": 516339.1984706694
    }
  },
  "ratelimit": {
    "base_native": {
      "mean": 25939144.6,
      "median": 25935230.0,
      "min": 25918656.0,
      "max": 25968453.0,
      "std_dev": 14368.832112133075
    },
    "wasmtime_app": {
      "mean": 39049946.3,
      "median": 38335570.0,
      "min": 38277424.0,
      "max": 45553226.0,
      "std_dev": 2285125.1192073612
    }
  },
  "seqhash": {
    "base_native": {
      "mean": 7123939334.0,
      "median": 7123939334.0,
      "min": 7123939334.0,
      "max": 7123939334.0,
      "std_dev": 0.0
    },
    "wasmtime_app": {
      "mean": 9670789118.0,
      "median": 9670789118.0,
      "min": 9670789118.0,
      "max": 9670789118.0,
      "std_dev": 0.0
    }
  },
  "sieve": {
    "base_native": {
      "mean": 569262911.5,
      "median": 569262911.5,
      "min": 569262574.0,
      "max": 569263249.0,
      "std_dev": 477.29707730091957
    },
    "wasmtime_app": {
      "mean": 766987774.0,
      "median": 766987774.0,
      "min": 766987774.0,
      "max": 766987774.0,
      "std_dev": 0.0
    }
  },
  "strcat": {
    "base_native": {
      "mean": 65857706.7,
      "median": 65853124.5,
      "min": 65821864.0,
      "max": 65944006.0,
      "std_dev": 33483.66544401414
    },
    "wasmtime_app": {
      "mean": 350515354.5,
      "median": 350515354.5,
      "min": 345771568.0,
      "max": 355259141.0,
      "std_dev": 6708727.205302396
    }
  },
  "strcat2": {
    "base_native": {
      "mean": 2594701.0,
      "median": 2594762.0,
      "min": 2580288.0,
      "max": 2619786.0,
      "std_dev": 11312.514530377408
    },
    "wasmtime_app": {
      "mean": 9384733.8,
      "median": 8474632.0,
      "min": 8407436.0,
      "max": 17698545.0,
      "std_dev": 2921321.967152611
    }
  },
  "strchr": {
    "base_native": {
      "mean": 155002619.4,
      "median": 155070265.0,
      "min": 154784083.0,
      "max": 155181808.0,
      "std_dev": 173255.85212425006
    },