{
  "ackermann": {
    "base_native": {
      "mean": 3203127.8,
      "median": 2891220.5,
      "min": 2853660.0,
      "max": 6100474.0,
      "std_dev": 1018178.594049612
    },
    "wasmtime_app": {
      "mean": 9311720.5,
      "median": 8863021.0,
      "min": 8192442.0,
      "max": 14103789.0,
      "std_dev": 1794926.9998737646
    }
  },
  "base64": {
    "base_native": {
      "mean": 251170990.33333334,
      "median": 250554718.0,
      "min": 249478754.0,
      "max": 253479499.0,
      "std_dev": 2070346.3068724356
    },
    "wasmtime_app": {
      "mean": 363936040.5,
      "median": 363936040.5,
      "min": 356810076.0,
      "max": 371062005.0,
      "std_dev": 10077635.64088921
    }
  },
  "ctype": {
    "base_native": {
      "mean": 654396934.0,
      "median": 654396934.0,
      "min": 654140711.0,
      "max": 654653157.0,
      "std_dev": 362354.04159192153
    },
    "wasmtime_app": {
      "mean": 984854081.0,
      "median": 984854081.0,
      "min": 984854081.0,
      "max": 984854081.0,
      "std_dev": 0.0
    }
  },
  "ed25519": {
    "base_native": {
      "mean": 1433091172.0,
      "median": 1433091172.0,
      "min": 1433091172.0,
      "max": 1433091172.0,
      "std_dev": 0.0
    },
    "wasmtime_app": {
      "mean": 6754778449.0,
      "median": 6754778449.0,
      "min": 6754778449.0,
      "max": 6754778449.0,
      "std_dev": 0.0
    }
  },
  "fib2": {
    "base_native": {
      "mean": 6956132222.0,
      "median": 6956132222.0,
      "min": 6956132222.0,
      "max": 6956132222.0,
      "std_dev": 0.0
    },
    "wasmtime_app": {
      "mean": 10662894806.0,
      "median": 10662894806.0,
      "min": 10662894806.0,
      "max": 10662894806.0,
      "std_dev": 0.0
    }
  },
  "gimli": {
    "base_native": {
      "mean": 4135729.3,
      "median": 4133737.0,
      "min": 4127612.0,
      "max": 4153011.0,
      "std_dev": 8102.48853473768
    },
    "wasmtime_app": {
      "mean": 9492020.6,
      "median": 9357399.5,
      "min": 9284217.0,
      "max": 10783465.0,
      "std_dev": 454834.2997654812
    }
  },
  "heapsort": {
    "base_native": {
      "mean": 1076347834.0,
      "median": 1076347834.0,
      "min": 1076347834.0,
      "max": 1076347834.0,
      "std_dev": 0.0
    },
    "wasmtime_app": {
      "mean": 1220378342.0,
      "median": 1220378342.0,
      "min": 1220378342.0,
      "max": 1220378342.0,
      "std_dev": 0.0
    }
  },
  "keccak": {
    "base_native": {
      "mean": 7504400.4,
      "median": 7479369.5,
      "min": 7456821.0,
      "max": 7757703.0,
      "std_dev": 89998.04046039621
    },
    "wasmtime_app": {
      "mean": 22932132.9,
      "median": 21342271.0,
      "min": 21235903.0,
      "max": 37452799.0,
      "std_dev": 5102362.731705283
    }
  },
  "matrix": {
    "base_native": {
      "mean": 377893008.0,
      "median": 377893008.0,
      "min": 377888521.0,
      "max": 377897495.0,
      "std_dev": 6345.576254368078
    },
    "wasmtime_app": {
      "mean": 533590787.0,
      "median": 533590787.0,
      "min": 529410847.0,
      "max": 537770727.0,
      "std_dev": 5911327.837905795
    }
  },
  "matrix2": {
    "base_native": {
      "mean": 194267573.0,
      "median": 194258705.0,
      "min": 194243980.0,
      "max": 194308902.0,
      "std_dev": 28432.668933230074
    },
    "wasmtime_app": {
      "mean": 260189713.66666666,
      "median": 257641579.0,
      "min": 257636254.0,
      "max": 265291308.0,
      "std_dev": 4418111.094724796
    }
  },
  "memmove": {
    "base_native": {
      "mean": 47324853.2,
      "median": 47329103.0,
      "min": 47304454.0,
      "max": 47341802.0,
      "std_dev": 12180.367644515314
    },
    "wasmtime_app": {
      "mean": 522949699.0,
      "median": 522949699.0,
      "min": 516658190.0,
      "max": 529241208.0,
      "std_dev": 8897537.355592389
    }
  },
  "minicsv": {
    "base_native": {
      "mean": 744688680.0,
      "median": 744688680.0,
      "min": 744688680.0,
      "max": 744688680.0,
      "std_dev": 0.0
    },
    "wasmtime_app": {
      "mean": 1112908160.0,
      "median": 1112908160.0,
      "min": 1112908160.0,
      "max": 1112908160.0,
      "std_dev": 0.0
    }
  },
  "nestedloop": {
    "base_native": {
      "mean": 1571306.8181818181,
      "median": 1576559.0,
      "min": 1546711.0,
      "max": 1597158.0,
      "std_dev": 17973.63926319977
    },
    "wasmtime_app": {
      "mean": 6284796.5,
      "median": 6189703.0,
      "min": 6167105.0,
      "max": 7141763.0,
      "std_dev": 301714.79655987484
    }
  },
  "nestedloop2": {
    "base_native": {
      "mean": 1571527.2727272727,
      "median": 1575784.0,
      "min": 1553335.0,
      "max": 1599383.0,
      "std_dev": 16169.953265800796
    },
    "wasmtime_app": {
      "mean": 6303670.2,
      "median": 6196090.5,
      "min": 6162105.0,
      "max": 7267430.0,
      "std_dev": 339131.7815952312
    }
  },
  "nestedloop3": {
    "base_native": {
      "mean": 2084479.6363636365,
      "median": 2081505.0,
      "min": 2072355.0,
      "max": 2103579.0,
      "std_dev": 10356.047038061648
    },
    "wasmtime_app": {
      "mean": 6852155.3,
      "median": 6730716.0,
      "min": 6706443.0,
      "max": 7930409.0,
      "std_dev": 379275.17162727646
    }
  },
  "random": {
    "base_native": {
      "mean": 577594725.5,
      "median": 577594725.5,
      "min": 577594663.0,
      "max": 577594788.0,
      "std_dev": 88.38834764831844
    },
    "wasmtime_app": {
      "mean": 290680212.3333333,
      "median": 290399523.0,
      "min": 290383274.0,
      "max": 291257840.0,
      "std_dev": 500306.2047130071
    }
  },
  "random2": {
    "base_native": {
      "mean": 577641710.0,
      "median": 577641710.0,
      "min": 577570514.0,
      "max": 577712906.0,
      "std_dev": 100686.34878671488
    },
    "wasmtime_app": {
      "mean": 290720851.6666667,
      "median": 290425372.0,
      "min": 290386749.0,
      "max": 291350434.0,
      "std_dev": 545576.1815423518
    }
  },
  "ratelimit": {
    "base_native": {
      "mean": 25956826.9,
      "median": 25957882.0,
      "min": 25932858.0,
      "max": 25996080.0,
      "std_dev": 19572.243245360394
    },
    "wasmtime_app": {
      "mean": 39018309.9,
      "median": 38294079.5,
      "min": 38265294.0,
      "max": 45548323.0,
      "std_dev": 2294465.892693909
    }
  },
  "seqhash": {
    "base_native": {
      "mean": 7113356656.0,
      "median": 7113356656.0,
      "min": 7113356656.0,
      "max": 7113356656.0,
      "std_dev": 0.0
    },
    "wasmtime_app": {
      "mean": 9703421696.0,
      "median": 9703421696.0,
      "min": 9703421696.0,
      "max": 9703421696.0,
      "std_dev": 0.0
    }
  },
  "sieve": {
    "base_native": {
      "mean": 569252792.5,
      "median": 569252792.5,
      "min": 569242843.0,
      "max": 569262742.0,
      "std_dev": 14070.71783883111
    },
    "wasmtime_app": {
      "mean": 767254000.0,
      "median": 767254000.0,
      "min": 767254000.0,
      "max": 767254000.0,
      "std_dev": 0.0
    }
  },
  "strcat": {
    "base_native": {
      "mean": 65863102.4,
      "median": 65856125.5,
      "min": 65825015.0,
      "max": 65962682.0,
      "std_dev": 37319.50490978024
    },
    "wasmtime_app": {
      "mean": 351208032.0,
      "median": 351208032.0,
      "min": 347216129.0,
      "max": 355199935.0,
      "std_dev": 5645403.362277845
    }
  },
  "strcat2": {
    "base_native": {
      "mean": 2595175.3636363638,
      "median": 2591650.0,
      "min": 2573627.0,
      "max": 2615949.0,
      "std_dev": 12394.443144189474
    },
    "wasmtime_app": {
      "mean": 9359627.1,
      "median": 8450186.5,
      "min": 8413652.0,
      "max": 17543880.0,
      "std_dev": 2875740.8879759605
    }
  },
  "strchr": {
    "base_native": {
      "mean": 155150673.2,
      "median": 155166427.0,
      "min": 155058884.0,
      "max": 155201800.0,
      "std_dev": 54166.87850245757
    },