{
  "ackermann": {
    "base_native": {
      "mean": 3039200.727272727,
      "median": 3029376.0,
      "min": 3014652.0,
      "max": 3179168.0,
      "std_dev": 47414.56154830689
    },
    "wasmtime_app": {
      "mean": 9121807.7,
      "median": 8830657.0,
      "min": 8069888.0,
      "max": 12823941.0,
      "std_dev": 1391077.8097273312
    }
  },
  "base64": {
    "base_native": {
      "mean": 261795513.0,
      "median": 262005276.0,
      "min": 257417438.0,
      "max": 265963825.0,
      "std_dev": 4277053.083089921
    },
    "wasmtime_app": {
      "mean": 356274933.0,
      "median": 356274933.0,
      "min": 350406431.0,
      "max": 362143435.0,
      "std_dev": 8299315.119213633
    }
  },
  "ctype": {
    "base_native": {
      "mean": 656340302.0,
      "median": 656340302.0,
      "min": 654177088.0,
      "max": 658503516.0,
      "std_dev": 3059246.5771153523
    },
    "wasmtime_app": {
      "mean": 975776110.0,
      "median": 975776110.0,
      "min": 975776110.0,
      "max": 975776110.0,
      "std_dev": 0.0
    }
  },
  "ed25519": {
    "base_native": {
      "mean": 1433088973.0,
      "median": 1433088973.0,
      "min": 1433088973.0,
      "max": 1433088973.0,
      "std_dev": 0.0
    },
    "wasmtime_app": {
      "mean": 6741337920.0,
      "median": 6741337920.0,
      "min": 6741337920.0,
      "max": 6741337920.0,
      "std_dev": 0.0
    }
  },
  "fib2": {
    "base_native": {
      "mean": 6956141231.0,
      "median": 6956141231.0,
      "min": 6956141231.0,
      "max": 6956141231.0,
      "std_dev": 0.0
    },
    "wasmtime_app": {
      "mean": 10667573314.0,
      "median": 10667573314.0,
      "min": 10667573314.0,
      "max": 10667573314.0,
      "std_dev": 0.0
    }
  },
  "gimli": {
    "base_native": {
      "mean": 4117894.1,
      "median": 4114389.0,
      "min": 4097265.0,
      "max": 4163962.0,
      "std_dev": 17910.622381704106
    },
    "wasmtime_app": {
      "mean": 9532771.7,
      "median": 9371475.5,
      "min": 9344040.0,
      "max": 11029519.0,
      "std_dev": 526177.3370756395
    }
  },
  "heapsort": {
    "base_native": {
      "mean": 1076370135.0,
      "median": 1076370135.0,
      "min": 1076370135.0,
      "max": 1076370135.0,
      "std_dev": 0.0
    },
    "wasmtime_app": {
      "mean": 1220505812.0,
      "median": 1220505812.0,
      "min": 1220505812.0,
      "max": 1220505812.0,
      "std_dev": 0.0
    }
  },
  "keccak": {
    "base_native": {
      "mean": 7482086.9,
      "median": 7485897.0,
      "min": 7464823.0,
      "max": 7493071.0,
      "std_dev": 9623.973739804387
    },
    "wasmtime_app": {
      "mean": 22933050.3,
      "median": 21408637.5,
      "min": 21079744.0,
      "max": 37174348.0,
      "std_dev": 5006392.673675463
    }
  },
  "matrix": {
    "base_native": {
      "mean": 377878366.5,
      "median": 377878366.5,
      "min": 377876454.0,
      "max": 377880279.0,
      "std_dev": 2704.6834380385444
    },
    "wasmtime_app": {
      "mean": 533981843.5,
      "median": 533981843.5,
      "min": 529435941.0,
      "max": 538527746.0,
      "std_dev": 6428876.968725759
    }
  },
  "matrix2": {
    "base_native": {
      "mean": 194257560.0,
      "median": 194251023.0,
      "min": 194231224.0,
      "max": 194296970.0,
      "std_dev": 29400.75557985996
    },
    "wasmtime_app": {
      "mean": 260239563.66666666,
      "median": 257698809.0,
      "min": 257698209.0,
      "max": 265321673.0,
      "std_dev": 4401235.797701065
    }
  },
  "memmove": {
    "base_native": {
      "mean": 47336709.2,
      "median": 47334806.5,
      "min": 47320770.0,
      "max": 47362368.0,
      "std_dev": 12474.760712913272
    },
    "wasmtime_app": {
      "mean": 520960975.5,
      "median": 520960975.5,
      "min": 516493456.0,
      "max": 525428495.0,
      "std_dev": 6318026.667066269
    }
  },
  "minicsv": {
    "base_native": {
      "mean": 735867845.0,
      "median": 735867845.0,
      "min": 735867845.0,
      "max": 735867845.0,
      "std_dev": 0.0
    },
    "wasmtime_app": {
      "mean": 1103946404.0,
      "median": 1103946404.0,
      "min": 1103946404.0,
      "max": 1103946404.0,
      "std_dev": 0.0
    }
  },
  "nestedloop": {
    "base_native": {
      "mean": 1575193.6363636365,
      "median": 1580359.0,
      "min": 1553061.0,
      "max": 1587659.0,
      "std_dev": 13722.724913607555
    },
    "wasmtime_app": {
      "mean": 6317860.6,
      "median": 6223168.5,
      "min": 6189820.0,
      "max": 7165840.0,
      "std_dev": 299246.0259192908
    }
  },
  "nestedloop2": {
    "base_native": {
      "mean": 1591594.8181818181,
      "median": 1589534.0,
      "min": 1560160.0,
      "max": 1650455.0,
      "std_dev": 28347.260925239963
    },
    "wasmtime_app": {
      "mean": 6284742.6,
      "median": 6204407.5,
      "min": 6171047.0,
      "max": 7034122.0,
      "std_dev": 263877.13019981264
    }
  },
  "nestedloop3": {
    "base_native": {
      "mean": 2092504.8181818181,
      "median": 2093805.0,
      "min": 2067306.0,
      "max": 2109379.0,
      "std_dev": 12121.762056880854
    },
    "wasmtime_app": {
      "mean": 6877873.7,
      "median": 6764025.5,
      "min": 6733689.0,
      "max": 7971869.0,
      "std_dev": 384746.80406558
    }
  },
  "random": {
    "base_native": {
      "mean": 577584703.0,
      "median": 577584703.0,
      "min": 577569816.0,
      "max": 577599590.0,
      "std_dev": 21053.397303048267
    },
    "wasmtime_app": {
      "mean": 290713104.0,
      "median": 290446311.0,
      "min": 290411238.0,
      "max": 291281763.0,
      "std_dev": 492785.27021716064
    }
  },
  "random2": {
    "base_native": {
      "mean": 577670660.5,
      "median": 577670660.5,
      "min": 577586765.0,
      "max": 577754556.0,
      "std_dev": 118646.153922072
    },
    "wasmtime_app": {
      "mean": 290717404.0,
      "median": 290412288.0,
      "min": 290400039.0,
      "max": 291339885.0,
      "std_dev": 539119.1482603822
    }
  },
  "ratelimit": {
    "base_native": {
      "mean": 25929107.6,
      "median": 25926430.5,
      "min": 25915343.0,
      "max": 25953966.0,
      "std_dev": 11644.58016227101
    },
    "wasmtime_app": {
      "mean": 39058647.8,
      "median": 38342618.5,
      "min": 38296559.0,
      "max": 45568218.0,
      "std_dev": 2287338.859787397
    }
  },
  "seqhash": {
    "base_native": {
      "mean": 7118202319.0,
      "median": 7118202319.0,
      "min": 7118202319.0,
      "max": 7118202319.0,
      "std_dev": 0.0
    },
    "wasmtime_app": {
      "mean": 9700438109.0,
      "median": 9700438109.0,
      "min": 9700438109.0,
      "max": 9700438109.0,
      "std_dev": 0.0
    }
  },
  "sieve": {
    "base_native": {
      "mean": 569236692.5,
      "median": 569236692.5,
      "min": 569232143.0,
      "max": 569241242.0,
      "std_dev": 6433.9646020163955
    },
    "wasmtime_app": {
      "mean": 767260737.0,
      "median": 767260737.0,
      "min": 767260737.0,
      "max": 767260737.0,
      "std_dev": 0.0
    }
  },
  "strcat": {
    "base_native": {
      "mean": 65859510.5,
      "median": 65849586.0,
      "min": 65838212.0,
      "max": 65936781.0,
      "std_dev": 29414.33962183902
    },
    "wasmtime_app": {
      "mean": 351247196.0,
      "median": 351247196.0,
      "min": 350170420.0,
      "max": 352323972.0,
      "std_dev": 1522791.2228378518
    }
  },
  "strcat2": {
    "base_native": {
      "mean": 2592862.6363636362,
      "median": 2589676.0,
      "min": 2582127.0,
      "max": 2609625.0,
      "std_dev": 9628.238117877301
    },
    "wasmtime_app": {
      "mean": 9580046.6,
      "median": 8492751.0,
      "min": 8438892.0,
      "max": 17672914.0,
      "std_dev": 2901286.1220279993
    }
  },
  "strchr": {
    "base_native": {
      "mean": 155136893.4,
      "median": 155153357.0,
      "min": 155091061.0,
      "max": 155167082.0,
      "std_dev": 32326.385605260606
    },