{
  "ackermann": {
    "base_native": {
      "mean": 2955501.272727273,
      "median": 2935891.0,
      "min": 2918242.0,
      "max": 3194800.0,
      "std_dev": 80184.45128338899
    },
    "wasmtime_app": {
      "mean": 9170456.7,
      "median": 8689887.5,
      "min": 7998880.0,
      "max": 13419571.0,
      "std_dev": 1568043.4240921638
    }
  },
  "base64": {
    "base_native": {
      "mean": 251647184.0,
      "median": 249523417.0,
      "min": 249513067.0,
      "max": 255905068.0,
      "std_dev": 3687439.3417000095
    },
    "wasmtime_app": {
      "mean": 355114360.0,
      "median": 355114360.0,
      "min": 350473285.0,
      "max": 359755435.0,
      "std_dev": 6563471.208990712
    }
  },
  "ctype": {
    "base_native": {
      "mean": 654314912.5,
      "median": 654314912.5,
      "min": 653954485.0,
      "max": 654675340.0,
      "std_dev": 509721.4587522287
    },
    "wasmtime_app": {
      "mean": 984420646.0,
      "median": 984420646.0,
      "min": 984420646.0,
      "max": 984420646.0,
      "std_dev": 0.0
    }
  },
  "ed25519": {
    "base_native": {
      "mean": 1433666842.0,
      "median": 1433666842.0,
      "min": 1433666842.0,
      "max": 1433666842.0,
      "std_dev": 0.0
    },
    "wasmtime_app": {
      "mean": 6760080121.0,
      "median": 6760080121.0,
      "min": 6760080121.0,
      "max": 6760080121.0,
      "std_dev": 0.0
    }
  },
  "fib2": {
    "base_native": {
      "mean": 6956590185.0,
      "median": 6956590185.0,
      "min": 6956590185.0,
      "max": 6956590185.0,
      "std_dev": 0.0
    },
    "wasmtime_app": {
      "mean": 10687518800.0,
      "median": 10687518800.0,
      "min": 10687518800.0,
      "max": 10687518800.0,
      "std_dev": 0.0
    }
  },
  "gimli": {
    "base_native": {
      "mean": 4145640.7,
      "median": 4140391.0,
      "min": 4135291.0,
      "max": 4161190.0,
      "std_dev": 10213.562617639569
    },
    "wasmtime_app": {
      "mean": 9562912.3,
      "median": 9393732.0,
      "min": 9375720.0,
      "max": 11054823.0,
      "std_dev": 524469.5562235661
    }
  },
  "heapsort": {
    "base_native": {
      "mean": 1076293060.0,
      "median": 1076293060.0,
      "min": 1076293060.0,
      "max": 1076293060.0,
      "std_dev": 0.0
    },
    "wasmtime_app": {
      "mean": 1220636210.0,
      "median": 1220636210.0,
      "min": 1220636210.0,
      "max": 1220636210.0,
      "std_dev": 0.0
    }
  },
  "keccak": {
    "base_native": {
      "mean": 7488749.3,
      "median": 7489632.0,
      "min": 7470683.0,
      "max": 7503631.0,
      "std_dev": 11087.261900737962
    },
    "wasmtime_app": {
      "mean": 22888622.3,
      "median": 21330042.0,
      "min": 21221559.0,
      "max": 37058226.0,
      "std_dev": 4979145.013254207
    }
  },
  "matrix": {
    "base_native": {
      "mean": 377882050.5,
      "median": 377882050.5,
      "min": 377873576.0,
      "max": 377890525.0,
      "std_dev": 11984.752834330793
    },
    "wasmtime_app": {
      "mean": 534088766.5,
      "median": 534088766.5,
      "min": 530435699.0,
      "max": 537741834.0,
      "std_dev": 5166217.602764376
    }
  },
  "matrix2": {
    "base_native": {
      "mean": 194272067.25,
      "median": 194275404.5,
      "min": 194251194.0,
      "max": 194286266.0,
      "std_dev": 14828.59686270642
    },
    "wasmtime_app": {
      "mean": 260253709.33333334,
      "median": 257719160.0,
      "min": 257668763.0,
      "max": 265373205.0,
      "std_dev": 4433684.909323884
    }
  },
  "memmove": {
    "base_native": {
      "mean": 47334583.5,
      "median": 47333693.5,
      "min": 47315195.0,
      "max": 47355567.0,
      "std_dev": 12271.077814202883
    },
    "wasmtime_app": {
      "mean": 521127113.5,
      "median": 521127113.5,
      "min": 516371981.0,
      "max": 525882246.0,
      "std_dev": 6724772.872381082
    }
  },
  "minicsv": {
    "base_native": {
      "mean": 726876106.0,
      "median": 726876106.0,
      "min": 726876106.0,
      "max": 726876106.0,
      "std_dev": 0.0
    },
    "wasmtime_app": {
      "mean": 1096665056.0,
      "median": 1096665056.0,
      "min": 1096665056.0,
      "max": 1096665056.0,
      "std_dev": 0.0
    }
  },
  "nestedloop": {
    "base_native": {
      "mean": 1580098.5454545454,
      "median": 1584926.0,
      "min": 1556177.0,
      "max": 1594875.0,
      "std_dev": 13445.316904882804
    },
    "wasmtime_app": {
      "mean": 6290318.0,
      "median": 6199007.0,
      "min": 6173808.0,
      "max": 7077769.0,
      "std_dev": 277697.8951914792
    }
  },
  "nestedloop2": {
    "base_native": {
      "mean": 1595586.1818181819,
      "median": 1591600.0,
      "min": 1561577.0,
      "max": 1683694.0,
      "std_dev": 34790.51113972942
    },
    "wasmtime_app": {
      "mean": 6189140.0,
      "median": 6102998.5,
      "min": 6058388.0,
      "max": 6929176.0,
      "std_dev": 263336.90283909865
    }
  },
  "nestedloop3": {
    "base_native": {
      "mean": 2092943.7272727273,
      "median": 2088894.0,
      "min": 2076070.0,
      "max": 2132941.0,
      "std_dev": 14682.953926856198
    },
    "wasmtime_app": {
      "mean": 6855473.9,
      "median": 6740434.0,
      "min": 6685511.0,
      "max": 7926808.0,
      "std_dev": 377277.30983380554
    }
  },
  "random": {
    "base_native": {
      "mean": 577588467.0,
      "median": 577588467.0,
      "min": 577581830.0,
      "max": 577595104.0,
      "std_dev": 9386.135413470232
    },
    "wasmtime_app": {
      "mean": 290730053.3333333,
      "median": 290450199.0,
      "min": 290417850.0,
      "max": 291322111.0,
      "std_dev": 512992.03204760724
    }
  },
  "random2": {
    "base_native": {
      "mean": 577660124.5,
      "median": 577660124.5,
      "min": 577599878.0,
      "max": 577720371.0,
      "std_dev": 85201.41738551066
    },
    "wasmtime_app": {
      "mean": 290713870.6666667,
      "median": 290417075.0,
      "min": 290393626.0,
      "max": 291330911.0,
      "std_dev": 534501.2101205509
    }
  },
  "ratelimit": {
    "base_native": {
      "mean": 25933292.5,
      "median": 25930655.0,
      "min": 25916156.0,
      "max": 25961353.0,
      "std_dev": 12290.948424213108
    },
    "wasmtime_app": {
      "mean": 39096141.0,
      "median": 38364020.0,
      "min": 38336096.0,
      "max": 45612007.0,
      "std_dev": 2289859.8083959445
    }
  },
  "seqhash": {
    "base_native": {
      "mean": 7117578332.0,
      "median": 7117578332.0,
      "min": 7117578332.0,
      "max": 7117578332.0,
      "std_dev": 0.0
    },
    "wasmtime_app": {
      "mean": 9718855249.0,
      "median": 9718855249.0,
      "min": 9718855249.0,
      "max": 9718855249.0,
      "std_dev": 0.0
    }
  },
  "sieve": {
    "base_native": {
      "mean": 569257237.0,
      "median": 569257237.0,
      "min": 569249575.0,
      "max": 569264899.0,
      "std_dev": 10835.704314902654
    },
    "wasmtime_app": {
      "mean": 767109793.0,
      "median": 767109793.0,
      "min": 767109793.0,
      "max": 767109793.0,
      "std_dev": 0.0
    }
  },
  "strcat": {
    "base_native": {
      "mean": 65855719.3,
      "median": 65846987.0,
      "min": 65821489.0,
      "max": 65949306.0,
      "std_dev": 35174.545619903416
    },
    "wasmtime_app": {
      "mean": 351456718.0,
      "median": 351456718.0,
      "min": 344532317.0,
      "max": 358381119.0,
      "std_dev": 9792581.805509822
    }
  },
  "strcat2": {
    "base_native": {
      "mean": 2575418.3636363638,
      "median": 2576014.0,
      "min": 2543766.0,
      "max": 2592063.0,
      "std_dev": 15404.20916680066
    },
    "wasmtime_app": {
      "mean": 9435082.5,
      "median": 8524007.0,
      "min": 8481609.0,
      "max": 17745584.0,
      "std_dev": 2920092.4556588293
    }
  },
  "strchr": {
    "base_native": {
      "mean": 155134496.6,
      "median": 155130687.0,
      "min": 155114113.0,
      "max": 155169159.0,
      "std_dev": 20625.76967775991
    },