{
  "ackermann": {
    "base_native": {
      "mean": 2886896.5454545454,
      "median": 2878586.0,
      "min": 2857062.0,
      "max": 2949981.0,
      "std_dev": 26630.023542474144
    },
    "wasmtime_app": {
      "mean": 9038012.1,
      "median": 8718686.0,
      "min": 8241343.0,
      "max": 13003222.0,
      "std_dev": 1432561.9437910258
    }
  },
  "base64": {
    "base_native": {
      "mean": 249707920.33333334,
      "median": 249510640.0,
      "min": 249501840.0,
      "max": 250111281.0,
      "std_dev": 349348.29405670974
    },
    "wasmtime_app": {
      "mean": 357317739.5,
      "median": 357317739.5,
      "min": 350433304.0,
      "max": 364202175.0,
      "std_dev": 9736062.053382799
    }
  },
  "ctype": {
    "base_native": {
      "mean": 655204898.0,
      "median": 655204898.0,
      "min": 655086092.0,
      "max": 655323704.0,
      "std_dev": 168017.05649129793
    },
    "wasmtime_app": {
      "mean": 983682001.0,
      "median": 983682001.0,
      "min": 983682001.0,
      "max": 983682001.0,
      "std_dev": 0.0
    }
  },
  "ed25519": {
    "base_native": {
      "mean": 1433146282.0,
      "median": 1433146282.0,
      "min": 1433146282.0,
      "max": 1433146282.0,
      "std_dev": 0.0
    },
    "wasmtime_app": {
      "mean": 6747592731.0,
      "median": 6747592731.0,
      "min": 6747592731.0,
      "max": 6747592731.0,
      "std_dev": 0.0
    }
  },
  "fib2": {
    "base_native": {
      "mean": 6956023879.0,
      "median": 6956023879.0,
      "min": 6956023879.0,
      "max": 6956023879.0,
      "std_dev": 0.0
    },
    "wasmtime_app": {
      "mean": 10683485056.0,
      "median": 10683485056.0,
      "min": 10683485056.0,
      "max": 10683485056.0,
      "std_dev": 0.0
    }
  },
  "gimli": {
    "base_native": {
      "mean": 4150605.7,
      "median": 4147176.0,
      "min": 4133914.0,
      "max": 4183111.0,
      "std_dev": 14306.464941494884
    },
    "wasmtime_app": {
      "mean": 9538410.8,
      "median": 9390140.5,
      "min": 9339219.0,
      "max": 10863991.0,
      "std_dev": 466701.39783468016
    }
  },
  "heapsort": {
    "base_native": {
      "mean": 1076518642.0,
      "median": 1076518642.0,
      "min": 1076518642.0,
      "max": 1076518642.0,
      "std_dev": 0.0
    },
    "wasmtime_app": {
      "mean": 1220533969.0,
      "median": 1220533969.0,
      "min": 1220533969.0,
      "max": 1220533969.0,
      "std_dev": 0.0
    }
  },
  "keccak": {
    "base_native": {
      "mean": 7487233.1,
      "median": 7487273.0,
      "min": 7470274.0,
      "max": 7505072.0,
      "std_dev": 10836.656335994256
    },
    "wasmtime_app": {
      "mean": 22912861.0,
      "median": 21337835.0,
      "min": 21053979.0,
      "max": 37079448.0,
      "std_dev": 4980703.421926465
    }
  },
  "matrix": {
    "base_native": {
      "mean": 377885954.0,
      "median": 377885954.0,
      "min": 377869780.0,
      "max": 377902128.0,
      "std_dev": 22873.490157822438
    },
    "wasmtime_app": {
      "mean": 533639329.5,
      "median": 533639329.5,
      "min": 529433601.0,
      "max": 537845058.0,
      "std_dev": 5947798.284359054
    }
  },
  "matrix2": {
    "base_native": {
      "mean": 194277904.0,
      "median": 194275298.0,
      "min": 194261211.0,
      "max": 194299809.0,
      "std_dev": 16782.51554445876
    },
    "wasmtime_app": {
      "mean": 260282320.33333334,
      "median": 257733259.0,
      "min": 257732909.0,
      "max": 265380793.0,
      "std_dev": 4415406.853301894
    }
  },
  "memmove": {
    "base_native": {
      "mean": 47348667.8,
      "median": 47345265.5,
      "min": 47323029.0,
      "max": 47375776.0,
      "std_dev": 17858.982867640214
    },
    "wasmtime_app": {
      "mean": 521086189.5,
      "median": 521086189.5,
      "min": 515819020.0,
      "max": 526353359.0,
      "std_dev": 7448902.542217914
    }
  },
  "minicsv": {
    "base_native": {
      "mean": 723638363.0,
      "median": 723638363.0,
      "min": 723638363.0,
      "max": 723638363.0,
      "std_dev": 0.0
    },
    "wasmtime_app": {
      "mean": 1105367915.0,
      "median": 1105367915.0,
      "min": 1105367915.0,
      "max": 1105367915.0,
      "std_dev": 0.0
    }
  },
  "nestedloop": {
    "base_native": {
      "mean": 1586234.1818181819,
      "median": 1586909.0,
      "min": 1555311.0,
      "max": 1639531.0,
      "std_dev": 24910.046916126757
    },
    "wasmtime_app": {
      "mean": 6304984.1,
      "median": 6202806.0,
      "min": 6192057.0,
      "max": 7148217.0,
      "std_dev": 297260.01726451534
    }
  },
  "nestedloop2": {
    "base_native": {
      "mean": 1595036.0909090908,
      "median": 1596784.0,
      "min": 1559311.0,
      "max": 1649331.0,
      "std_dev": 30065.93189460305
    },
    "wasmtime_app": {
      "mean": 6287540.2,
      "median": 6209105.5,
      "min": 6177683.0,
      "max": 7026900.0,
      "std_dev": 260340.75823974324
    }
  },
  "nestedloop3": {
    "base_native": {
      "mean": 2092275.9090909092,
      "median": 2089156.0,
      "min": 2066132.0,
      "max": 2142203.0,
      "std_dev": 18342.435031666573
    },
    "wasmtime_app": {
      "mean": 6868763.4,
      "median": 6758868.5,
      "min": 6715821.0,
      "max": 7939914.0,
      "std_dev": 376898.5626985949
    }
  },
  "random": {
    "base_native": {
      "mean": 577587568.5,
      "median": 577587568.5,
      "min": 577584506.0,
      "max": 577590631.0,
      "std_dev": 4331.029034767604
    },
    "wasmtime_app": {
      "mean": 290738173.6666667,
      "median": 290463750.0,
      "min": 290443702.0,
      "max": 291307069.0,
      "std_dev": 492779.77413073
    }
  },
  "random2": {
    "base_native": {
      "mean": 577656427.0,
      "median": 577656427.0,
      "min": 577590131.0,
      "max": 577722723.0,
      "std_dev": 93756.70233108671
    },
    "wasmtime_app": {
      "mean": 290753089.3333333,
      "median": 290448202.0,
      "min": 290436277.0,
      "max": 291374789.0,
      "std_dev": 538440.7191663103
    }
  },
  "ratelimit": {
    "base_native": {
      "mean": 25940519.7,
      "median": 25937384.5,
      "min": 25926998.0,
      "max": 25959471.0,
      "std_dev": 9967.220587171398
    },
    "wasmtime_app": {
      "mean": 39087564.6,
      "median": 38361736.0,
      "min": 38324414.0,
      "max": 45648119.0,
      "std_dev": 2305237.316728304
    }
  },
  "seqhash": {
    "base_native": {
      "mean": 7131720748.0,
      "median": 7131720748.0,
      "min": 7131720748.0,
      "max": 7131720748.0,
      "std_dev": 0.0
    },
    "wasmtime_app": {
      "mean": 9701100393.0,
      "median": 9701100393.0,
      "min": 9701100393.0,
      "max": 9701100393.0,
      "std_dev": 0.0
    }
  },
  "sieve": {
    "base_native": {
      "mean": 569245243.5,
      "median": 569245243.5,
      "min": 569227832.0,
      "max": 569262655.0,
      "std_dev": 24623.579441259146
    },
    "wasmtime_app": {
      "mean": 767127663.0,
      "median": 767127663.0,
      "min": 767127663.0,
      "max": 767127663.0,
      "std_dev": 0.0
    }
  },
  "strcat": {
    "base_native": {
      "mean": 65866110.9,
      "median": 65858098.5,
      "min": 65830175.0,
      "max": 65921120.0,
      "std_dev": 29335.155130737665
    },
    "wasmtime_app": {
      "mean": 352766297.0,
      "median": 352766297.0,
      "min": 350231393.0,
      "max": 355301201.0,
      "std_dev": 3584895.616113808
    }
  },
  "strcat2": {
    "base_native": {
      "mean": 2594613.090909091,
      "median": 2589927.0,
      "min": 2584477.0,
      "max": 2614601.0,
      "std_dev": 9936.08914467403
    },
    "wasmtime_app": {
      "mean": 9448514.5,
      "median": 8534374.0,
      "min": 8497451.0,
      "max": 17740052.0,
      "std_dev": 2913415.5368756233
    }
  },
  "strchr": {
    "base_native": {
      "mean": 155194386.2,
      "median": 155213460.0,
      "min": 155110291.0,
      "max": 155281681.0,
      "std_dev": 66737.53837009573
    },