{
  "ackermann": {
    "base_native": {
      "mean": 3486543.9,
      "median": 2983557.5,
      "min": 2947697.0,
      "max": 8089631.0,
      "std_dev": 1617468.4527678466
    },
    "wasmtime_app": {
      "mean": 9195684.5,
      "median": 8494402.5,
      "min": 8458667.0,
      "max": 13437685.0,
      "std_dev": 1568716.8627685814
    }
  },
  "base64": {
    "base_native": {
      "mean": 252487835.33333334,
      "median": 253403655.0,
      "min": 249773867.0,
      "max": 254285984.0,
      "std_dev": 2391410.5046629556
    },
    "wasmtime_app": {
      "mean": 367385468.0,
      "median": 367385468.0,
      "min": 358849818.0,
      "max": 375921118.0,
      "std_dev": 12071231.993669908
    }
  },
  "ctype": {
    "base_native": {
      "mean": 653710328.5,
      "median": 653710328.5,
      "min": 653701754.0,
      "max": 653718903.0,
      "std_dev": 12126.174190568103
    },
    "wasmtime_app": {
      "mean": 981071733.0,
      "median": 981071733.0,
      "min": 981071733.0,
      "max": 981071733.0,
      "std_dev": 0.0
    }
  },
  "ed25519": {
    "base_native": {
      "mean": 1433169772.0,
      "median": 1433169772.0,
      "min": 1433169772.0,
      "max": 1433169772.0,
      "std_dev": 0.0
    },
    "wasmtime_app": {
      "mean": 6734417737.0,
      "median": 6734417737.0,
      "min": 6734417737.0,
      "max": 6734417737.0,
      "std_dev": 0.0
    }
  },
  "fib2": {
    "base_native": {
      "mean": 6955968554.0,
      "median": 6955968554.0,
      "min": 6955968554.0,
      "max": 6955968554.0,
      "std_dev": 0.0
    },
    "wasmtime_app": {
      "mean": 10698722774.0,
      "median": 10698722774.0,
      "min": 10698722774.0,
      "max": 10698722774.0,
      "std_dev": 0.0
    }
  },
  "gimli": {
    "base_native": {
      "mean": 4158159.3,
      "median": 4152922.0,
      "min": 4124311.0,
      "max": 4224631.0,
      "std_dev": 29286.10007817512
    },
    "wasmtime_app": {
      "mean": 9543149.5,
      "median": 9370889.5,
      "min": 9333130.0,
      "max": 11134375.0,
      "std_dev": 559411.2995554146
    }
  },
  "heapsort": {
    "base_native": {
      "mean": 1076562935.0,
      "median": 1076562935.0,
      "min": 1076562935.0,
      "max": 1076562935.0,
      "std_dev": 0.0
    },
    "wasmtime_app": {
      "mean": 1221998316.0,
      "median": 1221998316.0,
      "min": 1221998316.0,
      "max": 1221998316.0,
      "std_dev": 0.0
    }
  },
  "keccak": {
    "base_native": {
      "mean": 7483449.5,
      "median": 7482887.0,
      "min": 7463838.0,
      "max": 7502186.0,
      "std_dev": 12106.46368451351
    },
    "wasmtime_app": {
      "mean": 22953754.5,
      "median": 21374440.5,
      "min": 21194328.0,
      "max": 37565003.0,
      "std_dev": 5134768.516700507
    }
  },
  "matrix": {
    "base_native": {
      "mean": 377904283.5,
      "median": 377904283.5,
      "min": 377893959.0,
      "max": 377914608.0,
      "std_dev": 14601.04792472102
    },
    "wasmtime_app": {
      "mean": 533973411.0,
      "median": 533973411.0,
      "min": 530048155.0,
      "max": 537898667.0,
      "std_dev": 5551150.270986365
    }
  },
  "matrix2": {
    "base_native": {
      "mean": 194265797.5,
      "median": 194256154.5,
      "min": 194247017.0,
      "max": 194303864.0,
      "std_dev": 25859.835736781726
    },
    "wasmtime_app": {
      "mean": 260296791.66666666,
      "median": 257761574.0,
      "min": 257712227.0,
      "max": 265416574.0,
      "std_dev": 4433930.213381389
    }
  },
  "memmove": {
    "base_native": {
      "mean": 47407379.9,
      "median": 47399020.0,
      "min": 47390246.0,
      "max": 47447743.0,
      "std_dev": 20188.53643613953
    },
    "wasmtime_app": {
      "mean": 521166393.0,
      "median": 521166393.0,
      "min": 516385461.0,
      "max": 525947325.0,
      "std_dev": 6761258.875183526
    }
  },
  "minicsv": {
    "base_native": {
      "mean": 733542995.0,
      "median": 733542995.0,
      "min": 733542995.0,
      "max": 733542995.0,
      "std_dev": 0.0
    },
    "wasmtime_app": {
      "mean": 1105677440.0,
      "median": 1105677440.0,
      "min": 1105677440.0,
      "max": 1105677440.0,
      "std_dev": 0.0
    }
  },
  "nestedloop": {
    "base_native": {
      "mean": 1569127.4545454546,
      "median": 1578668.0,
      "min": 1540595.0,
      "max": 1593492.0,
      "std_dev": 19465.324114248066
    },
    "wasmtime_app": {
      "mean": 6298125.0,
      "median": 6195492.5,
      "min": 6181381.0,
      "max": 7158136.0,
      "std_dev": 302813.54540193354
    }
  },
  "nestedloop2": {
    "base_native": {
      "mean": 1578717.8181818181,
      "median": 1581718.0,
      "min": 1550869.0,
      "max": 1601617.0,
      "std_dev": 16931.381094394997
    },
    "wasmtime_app": {
      "mean": 6284055.9,
      "median": 6199792.0,
      "min": 6151758.0,
      "max": 7055868.0,
      "std_dev": 272867.8766881918
    }
  },
  "nestedloop3": {
    "base_native": {
      "mean": 2078369.0909090908,
      "median": 2076117.0,
      "min": 2053268.0,
      "max": 2111890.0,
      "std_dev": 15115.115060458822
    },
    "wasmtime_app": {
      "mean": 6870661.4,
      "median": 6747403.0,
      "min": 6727217.0,
      "max": 7951129.0,
      "std_dev": 380262.3658362444
    }
  },
  "random": {
    "base_native": {
      "mean": 577612968.5,
      "median": 577612968.5,
      "min": 577604444.0,
      "max": 577621493.0,
      "std_dev": 12055.463512449449
    },
    "wasmtime_app": {
      "mean": 290719349.6666667,
      "median": 290411905.0,
      "min": 290404731.0,
      "max": 291341413.0,
      "std_dev": 538734.5910347073
    }
  },
  "random2": {
    "base_native": {
      "mean": 577636392.0,
      "median": 577636392.0,
      "min": 577596594.0,
      "max": 577676190.0,
      "std_dev": 56282.87135532444
    },
    "wasmtime_app": {
      "mean": 290716391.3333333,
      "median": 290422229.0,
      "min": 290397556.0,
      "max": 291329389.0,
      "std_dev": 531014.871483213
    }
  },
  "ratelimit": {
    "base_native": {
      "mean": 25923037.2,
      "median": 25922519.5,
      "min": 25904858.0,
      "max": 25940731.0,
      "std_dev": 9878.776822618836
    },
    "wasmtime_app": {
      "mean": 39063678.1,
      "median": 38345047.0,
      "min": 38295901.0,
      "max": 45565304.0,
      "std_dev": 2284565.9895581654
    }
  },
  "seqhash": {
    "base_native": {
      "mean": 7107553606.0,
      "median": 7107553606.0,
      "min": 7107553606.0,
      "max": 7107553606.0,
      "std_dev": 0.0
    },
    "wasmtime_app": {
      "mean": 9685737431.0,
      "median": 9685737431.0,
      "min": 9685737431.0,
      "max": 9685737431.0,
      "std_dev": 0.0
    }
  },
  "sieve": {
    "base_native": {
      "mean": 569238977.0,
      "median": 569238977.0,
      "min": 569222128.0,
      "max": 569255826.0,
      "std_dev": 23828.08431242428
    },
    "wasmtime_app": {
      "mean": 766925428.0,
      "median": 766925428.0,
      "min": 766925428.0,
      "max": 766925428.0,
      "std_dev": 0.0
    }
  },
  "strcat": {
    "base_native": {
      "mean": 65840208.1,
      "median": 65834891.0,
      "min": 65814492.0,
      "max": 65895638.0,
      "std_dev": 23458.70666345914
    },
    "wasmtime_app": {
      "mean": 351269637.0,
      "median": 351269637.0,
      "min": 347243526.0,
      "max": 355295748.0,
      "std_dev": 5693780.779819504
    }
  },
  "strcat2": {
    "base_native": {
      "mean": 2587929.272727273,
      "median": 2586141.0,
      "min": 2568767.0,
      "max": 2609789.0,
      "std_dev": 13393.728831739943
    },
    "wasmtime_app": {
      "mean": 9438962.1,
      "median": 8528237.5,
      "min": 8473591.0,
      "max": 17672106.0,
      "std_dev": 2892956.658280876
    }
  },
  "strchr": {
    "base_native": {
      "mean": 155115453.2,
      "median": 155119318.0,
      "min": 155057271.0,
      "max": 155153916.0,
      "std_dev": 36424.896687567976
    },