{
  "ackermann": {
    "base_native": {
      "mean": 3237409.1,
      "median": 2935659.5,
      "min": 2898275.0,
      "max": 4889229.0,
      "std_dev": 684661.502762813
    },
    "wasmtime_app": {
      "mean": 9595082.9,
      "median": 9113943.0,
      "min": 8514025.0,
      "max": 13875517.0,
      "std_dev": 1667920.4880964435
    }
  },
  "base64": {
    "base_native": {
      "mean": 252095996.0,
      "median": 249495811.0,
      "min": 249485162.0,
      "max": 257307015.0,
      "std_dev": 4512877.974648883
    },
    "wasmtime_app": {
      "mean": 381019456.5,
      "median": 381019456.5,
      "min": 372488507.0,
      "max": 389550406.0,
      "std_dev": 12064584.482819974
    }
  },
  "ctype": {
    "base_native": {
      "mean": 654564342.5,
      "median": 654564342.5,
      "min": 653720781.0,
      "max": 655407904.0,
      "std_dev": 1192976.1139957916
    },
    "wasmtime_app": {
      "mean": 1005882414.0,
      "median": 1005882414.0,
      "min": 1005882414.0,
      "max": 1005882414.0,
      "std_dev": 0.0
    }
  },
  "ed25519": {
    "base_native": {
      "mean": 1433053604.0,
      "median": 1433053604.0,
      "min": 1433053604.0,
      "max": 1433053604.0,
      "std_dev": 0.0
    },
    "wasmtime_app": {
      "mean": 6791627452.0,
      "median": 6791627452.0,
      "min": 6791627452.0,
      "max": 6791627452.0,
      "std_dev": 0.0
    }
  },
  "fib2": {
    "base_native": {
      "mean": 6955838066.0,
      "median": 6955838066.0,
      "min": 6955838066.0,
      "max": 6955838066.0,
      "std_dev": 0.0
    },
    "wasmtime_app": {
      "mean": 10681089038.0,
      "median": 10681089038.0,
      "min": 10681089038.0,
      "max": 10681089038.0,
      "std_dev": 0.0
    }
  },
  "gimli": {
    "base_native": {
      "mean": 4154303.8,
      "median": 4154774.0,
      "min": 4139000.0,
      "max": 4166198.0,
      "std_dev": 7880.345265983662
    },
    "wasmtime_app": {
      "mean": 9500313.0,
      "median": 9352631.0,
      "min": 9323357.0,
      "max": 10844477.0,
      "std_dev": 472596.129146465
    }
  },
  "heapsort": {
    "base_native": {
      "mean": 1076336191.0,
      "median": 1076336191.0,
      "min": 1076336191.0,
      "max": 1076336191.0,
      "std_dev": 0.0
    },
    "wasmtime_app": {
      "mean": 1220433361.0,
      "median": 1220433361.0,
      "min": 1220433361.0,
      "max": 1220433361.0,
      "std_dev": 0.0
    }
  },
  "keccak": {
    "base_native": {
      "mean": 7484465.2,
      "median": 7484735.0,
      "min": 7461049.0,
      "max": 7509221.0,
      "std_dev": 15357.01243225532
    },
    "wasmtime_app": {
      "mean": 22864977.1,
      "median": 21309962.0,
      "min": 21005040.0,
      "max": 37102840.0,
      "std_dev": 5005445.802712447
    }
  },
  "matrix": {
    "base_native": {
      "mean": 377891972.0,
      "median": 377891972.0,
      "min": 377871061.0,
      "max": 377912883.0,
      "std_dev": 29572.61980278379
    },
    "wasmtime_app": {
      "mean": 533893872.5,
      "median": 533893872.5,
      "min": 529365449.0,
      "max": 538422296.0,
      "std_dev": 6404157.929869039
    }
  },
  "matrix2": {
    "base_native": {
      "mean": 194257283.75,
      "median": 194253934.0,
      "min": 194243597.0,
      "max": 194277670.0,
      "std_dev": 16601.71379456551
    },
    "wasmtime_app": {
      "mean": 260188586.66666666,
      "median": 257633846.0,
      "min": 257629772.0,
      "max": 265302142.0,
      "std_dev": 4428469.290812044
    }
  },
  "memmove": {
    "base_native": {
      "mean": 47325122.4,
      "median": 47322855.0,
      "min": 47312393.0,
      "max": 47352191.0,
      "std_dev": 10909.623246371882
    },
    "wasmtime_app": {
      "mean": 519456072.0,
      "median": 519456072.0,
      "min": 514325643.0,
      "max": 524586501.0,
      "std_dev": 7255522.272592235
    }
  },
  "minicsv": {
    "base_native": {
      "mean": 724865136.0,
      "median": 724865136.0,
      "min": 724865136.0,
      "max": 724865136.0,
      "std_dev": 0.0
    },
    "wasmtime_app": {
      "mean": 1104058380.0,
      "median": 1104058380.0,
      "min": 1104058380.0,
      "max": 1104058380.0,
      "std_dev": 0.0
    }
  },
  "nestedloop": {
    "base_native": {
      "mean": 1565920.8181818181,
      "median": 1572480.0,
      "min": 1541681.0,
      "max": 1580504.0,
      "std_dev": 15116.522356800071
    },
    "wasmtime_app": {
      "mean": 6284495.3,
      "median": 6190548.0,
      "min": 6165699.0,
      "max": 7114549.0,
      "std_dev": 292573.58733793604
    }
  },
  "nestedloop2": {
    "base_native": {
      "mean": 1575406.7272727273,
      "median": 1582854.0,
      "min": 1548506.0,
      "max": 1590703.0,
      "std_dev": 15377.613287444245
    },
    "wasmtime_app": {
      "mean": 6234770.2,
      "median": 6148687.5,
      "min": 6076154.0,
      "max": 7112549.0,
      "std_dev": 310478.9254890651
    }
  },
  "nestedloop3": {
    "base_native": {
      "mean": 2089859.8181818181,
      "median": 2086774.0,
      "min": 2062300.0,
      "max": 2135071.0,
      "std_dev": 19718.20682931479
    },
    "wasmtime_app": {
      "mean": 6843605.7,
      "median": 6724319.5,
      "min": 6678097.0,
      "max": 7938230.0,
      "std_dev": 385049.33049273054
    }
  },
  "random": {
    "base_native": {
      "mean": 577685609.0,
      "median": 577685609.0,
      "min": 577626600.0,
      "max": 577744618.0,
      "std_dev": 83451.32810207397
    },
    "wasmtime_app": {
      "mean": 290693867.3333333,
      "median": 290419965.0,
      "min": 290366568.0,
      "max": 291295069.0,
      "std_dev": 521339.997414675
    }
  },
  "random2": {
    "base_native": {
      "mean": 577663910.5,
      "median": 577663910.5,
      "min": 577582878.0,
      "max": 577744943.0,
      "std_dev": 114597.26049299783
    },
    "wasmtime_app": {
      "mean": 290696184.0,
      "median": 290406666.0,
      "min": 290380242.0,
      "max": 291301644.0,
      "std_dev": 524510.1673409201
    }
  },
  "ratelimit": {
    "base_native": {
      "mean": 25905053.0,
      "median": 25909385.0,
      "min": 25875212.0,
      "max": 25919410.0,
      "std_dev": 12638.978035338845
    },
    "wasmtime_app": {
      "mean": 38973221.8,
      "median": 38257292.0,
      "min": 38210032.0,
      "max": 45470349.0,
      "std_dev": 2282982.152158142
    }
  },
  "seqhash": {
    "base_native": {
      "mean": 7106970866.0,
      "median": 7106970866.0,
      "min": 7106970866.0,
      "max": 7106970866.0,
      "std_dev": 0.0
    },
    "wasmtime_app": {
      "mean": 9667890385.0,
      "median": 9667890385.0,
      "min": 9667890385.0,
      "max": 9667890385.0,
      "std_dev": 0.0
    }
  },
  "sieve": {
    "base_native": {
      "mean": 569237156.5,
      "median": 569237156.5,
      "min": 569230307.0,
      "max": 569244006.0,
      "std_dev": 9686.655795474515
    },
    "wasmtime_app": {
      "mean": 766438982.0,
      "median": 766438982.0,
      "min": 766438982.0,
      "max": 766438982.0,
      "std_dev": 0.0
    }
  },
  "strcat": {
    "base_native": {
      "mean": 65851693.8,
      "median": 65844761.5,
      "min": 65831625.0,
      "max": 65920595.0,
      "std_dev": 26217.134137811478
    },
    "wasmtime_app": {
      "mean": 352640180.0,
      "median": 352640180.0,
      "min": 350118288.0,
      "max": 355162072.0,
      "std_dev": 3566493.8692402095
    }
  },
  "strcat2": {
    "base_native": {
      "mean": 2590252.272727273,
      "median": 2583968.0,
      "min": 2570294.0,
      "max": 2616617.0,
      "std_dev": 15267.046741861435
    },
    "wasmtime_app": {
      "mean": 9351738.3,
      "median": 8456278.0,
      "min": 8415305.0,
      "max": 17516950.0,
      "std_dev": 2869045.801443324
    }
  },
  "strchr": {
    "base_native": {
      "mean": 154804258.0,
      "median": 154709309.0,
      "min": 154618489.0,
      "max": 155203354.0,
      "std_dev": 241034.4382510516
    },