{
  "ackermann": {
    "base_native": {
      "mean": 3511981.2,
      "median": 2884059.5,
      "min": 2854886.0,
      "max": 9214473.0,
      "std_dev": 2003715.7330703153
    },
    "wasmtime_app": {
      "mean": 8614970.6,
      "median": 8178853.5,
      "min": 8042211.0,
      "max": 9698716.0,
      "std_dev": 698080.3990528758
    }
  },
  "base64": {
    "base_native": {
      "mean": 251405967.0,
      "median": 251188788.0,
      "min": 249501834.0,
      "max": 253527279.0,
      "std_dev": 2021491.2566066172
    },
    "wasmtime_app": {
      "mean": 358961802.0,
      "median": 358961802.0,
      "min": 352567533.0,
      "max": 365356071.0,
      "std_dev": 9042861.941261848
    }
  },
  "ctype": {
    "base_native": {
      "mean": 654087327.0,
      "median": 654087327.0,
      "min": 653779195.0,
      "max": 654395459.0,
      "std_dev": 435764.4534011465
    },
    "wasmtime_app": {
      "mean": 983170069.0,
      "median": 983170069.0,
      "min": 983170069.0,
      "max": 983170069.0,
      "std_dev": 0.0
    }
  },
  "ed25519": {
    "base_native": {
      "mean": 1433541837.0,
      "median": 1433541837.0,
      "min": 1433541837.0,
      "max": 1433541837.0,
      "std_dev": 0.0
    },
    "wasmtime_app": {
      "mean": 6753691868.0,
      "median": 6753691868.0,
      "min": 6753691868.0,
      "max": 6753691868.0,
      "std_dev": 0.0
    }
  },
  "fib2": {
    "base_native": {
      "mean": 6956359320.0,
      "median": 6956359320.0,
      "min": 6956359320.0,
      "max": 6956359320.0,
      "std_dev": 0.0
    },
    "wasmtime_app": {
      "mean": 10670738948.0,
      "median": 10670738948.0,
      "min": 10670738948.0,
      "max": 10670738948.0,
      "std_dev": 0.0
    }
  },
  "gimli": {
    "base_native": {
      "mean": 4134797.9,
      "median": 4132225.5,
      "min": 4127988.0,
      "max": 4147812.0,
      "std_dev": 6567.389730918806
    },
    "wasmtime_app": {
      "mean": 9486082.8,
      "median": 9327674.5,
      "min": 9302863.0,
      "max": 10840500.0,
      "std_dev": 476512.85094150394
    }
  },
  "heapsort": {
    "base_native": {
      "mean": 1076720963.0,
      "median": 1076720963.0,
      "min": 1076720963.0,
      "max": 1076720963.0,
      "std_dev": 0.0
    },
    "wasmtime_app": {
      "mean": 1221046262.0,
      "median": 1221046262.0,
      "min": 1221046262.0,
      "max": 1221046262.0,
      "std_dev": 0.0
    }
  },
  "keccak": {
    "base_native": {
      "mean": 7481784.3,
      "median": 7482197.0,
      "min": 7467173.0,
      "max": 7503845.0,
      "std_dev": 12512.73204069448
    },
    "wasmtime_app": {
      "mean": 22867191.7,
      "median": 21289110.0,
      "min": 20995040.0,
      "max": 37017041.0,
      "std_dev": 4975264.29544935
    }
  },
  "matrix": {
    "base_native": {
      "mean": 377913855.0,
      "median": 377913855.0,
      "min": 377904668.0,
      "max": 377923042.0,
      "std_dev": 12992.379997521624
    },
    "wasmtime_app": {
      "mean": 533801364.5,
      "median": 533801364.5,
      "min": 529956511.0,
      "max": 537646218.0,
      "std_dev": 5437443.965037663
    }
  },
  "matrix2": {
    "base_native": {
      "mean": 194281054.25,
      "median": 194277404.5,
      "min": 194259543.0,
      "max": 194309865.0,
      "std_dev": 21023.834527744933
    },
    "wasmtime_app": {
      "mean": 260224029.33333334,
      "median": 257692725.0,
      "min": 257682726.0,
      "max": 265296637.0,
      "std_dev": 4393009.94762638
    }
  },
  "memmove": {
    "base_native": {
      "mean": 47346522.4,
      "median": 47338605.5,
      "min": 47312994.0,
      "max": 47437687.0,
      "std_dev": 34150.16064123597
    },
    "wasmtime_app": {
      "mean": 521158143.0,
      "median": 521158143.0,
      "min": 516441590.0,
      "max": 525874696.0,
      "std_dev": 6670213.220251509
    }
  },
  "minicsv": {
    "base_native": {
      "mean": 724976049.0,
      "median": 724976049.0,
      "min": 724976049.0,
      "max": 724976049.0,
      "std_dev": 0.0
    },
    "wasmtime_app": {
      "mean": 1111704213.0,
      "median": 1111704213.0,
      "min": 1111704213.0,
      "max": 1111704213.0,
      "std_dev": 0.0
    }
  },
  "nestedloop": {
    "base_native": {
      "mean": 1564816.7272727273,
      "median": 1568185.0,
      "min": 1542536.0,
      "max": 1577184.0,
      "std_dev": 13396.369598446507
    },
    "wasmtime_app": {
      "mean": 6316330.5,
      "median": 6213728.5,
      "min": 6177344.0,
      "max": 7153537.0,
      "std_dev": 298253.86513142346
    }
  },
  "nestedloop2": {
    "base_native": {
      "mean": 1561944.1818181819,
      "median": 1565960.0,
      "min": 1524462.0,
      "max": 1583334.0,
      "std_dev": 18985.124396843872
    },
    "wasmtime_app": {
      "mean": 6299219.1,
      "median": 6195380.0,
      "min": 6178268.0,
      "max": 7216909.0,
      "std_dev": 322693.8677930077
    }
  },
  "nestedloop3": {
    "base_native": {
      "mean": 2081555.4545454546,
      "median": 2078731.0,
      "min": 2052057.0,
      "max": 2130253.0,
      "std_dev": 21460.887476353986
    },
    "wasmtime_app": {
      "mean": 6866768.8,
      "median": 6742848.5,
      "min": 6729987.0,
      "max": 7973715.0,
      "std_dev": 389032.9015556967
    }
  },
  "random": {
    "base_native": {
      "mean": 577642135.5,
      "median": 577642135.5,
      "min": 577606000.0,
      "max": 577678271.0,
      "std_dev": 51103.31418313298
    },
    "wasmtime_app": {
      "mean": 290688448.6666667,
      "median": 290403865.0,
      "min": 290386691.0,
      "max": 291274790.0,
      "std_dev": 507859.09064457373
    }
  },
  "random2": {
    "base_native": {
      "mean": 577622249.0,
      "median": 577622249.0,
      "min": 577556403.0,
      "max": 577688095.0,
      "std_dev": 93120.30622801882
    },
    "wasmtime_app": {
      "mean": 290718180.3333333,
      "median": 290407090.0,
      "min": 290402190.0,
      "max": 291345261.0,
      "std_dev": 543073.3140012805
    }
  },
  "ratelimit": {
    "base_native": {
      "mean": 25939386.4,
      "median": 25936604.5,
      "min": 25922142.0,
      "max": 25981739.0,
      "std_dev": 17154.728367939195
    },
    "wasmtime_app": {
      "mean": 39030310.3,
      "median": 38311904.5,
      "min": 38265519.0,
      "max": 45528151.0,
      "std_dev": 2283230.9805556517
    }
  },
  "seqhash": {
    "base_native": {
      "mean": 7113769795.0,
      "median": 7113769795.0,
      "min": 7113769795.0,
      "max": 7113769795.0,
      "std_dev": 0.0
    },
    "wasmtime_app": {
      "mean": 9688917526.0,
      "median": 9688917526.0,
      "min": 9688917526.0,
      "max": 9688917526.0,
      "std_dev": 0.0
    }
  },
  "sieve": {
    "base_native": {
      "mean": 569228041.5,
      "median": 569228041.5,
      "min": 569195806.0,
      "max": 569260277.0,
      "std_dev": 45587.88128987791
    },
    "wasmtime_app": {
      "mean": 767216289.0,
      "median": 767216289.0,
      "min": 767216289.0,
      "max": 767216289.0,
      "std_dev": 0.0
    }
  },
  "strcat": {
    "base_native": {
      "mean": 65876570.5,
      "median": 65848822.5,
      "min": 65820061.0,
      "max": 65959003.0,
      "std_dev": 51711.59610818018
    },
    "wasmtime_app": {
      "mean": 352793919.5,
      "median": 352793919.5,
      "min": 350252516.0,
      "max": 355335323.0,
      "std_dev": 3594087.2971624522
    }
  },
  "strcat2": {
    "base_native": {
      "mean": 2593719.3636363638,
      "median": 2589576.0,
      "min": 2581552.0,
      "max": 2614450.0,
      "std_dev": 9876.54720307383
    },
    "wasmtime_app": {
      "mean": 9401902.8,
      "median": 8474961.0,
      "min": 8446513.0,
      "max": 17717429.0,
      "std_dev": 2921934.068256268
    }
  },
  "strchr": {
    "base_native": {
      "mean": 155085357.4,
      "median": 155088282.0,
      "min": 155069508.0,
      "max": 155100932.0,
      "std_dev": 12540.583630756584
    },