{
  "ackermann": {
    "base_native": {
      "mean": 3306144.2,
      "median": 2833998.0,
      "min": 2800124.0,
      "max": 7633808.0,
      "std_dev": 1520698.691844991
    },
    "wasmtime_app": {
      "mean": 8905881.1,
      "median": 7984254.0,
      "min": 7951243.0,
      "max": 12699421.0,
      "std_dev": 1534757.259527849
    }
  },
  "base64": {
    "base_native": {
      "mean": 249514589.66666666,
      "median": 249490466.0,
      "min": 249480516.0,
      "max": 249572787.0,
      "std_dev": 50645.314001725106
    },
    "wasmtime_app": {
      "mean": 355055524.5,
      "median": 355055524.5,
      "min": 350403029.0,
      "max": 359708020.0,
      "std_dev": 6579622.234979794
    }
  },
  "ctype": {
    "base_native": {
      "mean": 653765647.5,
      "median": 653765647.5,
      "min": 653658465.0,
      "max": 653872830.0,
      "std_dev": 151578.94514905426
    },
    "wasmtime_app": {
      "mean": 988908486.0,
      "median": 988908486.0,
      "min": 988908486.0,
      "max": 988908486.0,
      "std_dev": 0.0
    }
  },
  "ed25519": {
    "base_native": {
      "mean": 1433285046.0,
      "median": 1433285046.0,
      "min": 1433285046.0,
      "max": 1433285046.0,
      "std_dev": 0.0
    },
    "wasmtime_app": {
      "mean": 6753459239.0,
      "median": 6753459239.0,
      "min": 6753459239.0,
      "max": 6753459239.0,
      "std_dev": 0.0
    }
  },
  "fib2": {
    "base_native": {
      "mean": 6956134536.0,
      "median": 6956134536.0,
      "min": 6956134536.0,
      "max": 6956134536.0,
      "std_dev": 0.0
    },
    "wasmtime_app": {
      "mean": 10674908743.0,
      "median": 10674908743.0,
      "min": 10674908743.0,
      "max": 10674908743.0,
      "std_dev": 0.0
    }
  },
  "gimli": {
    "base_native": {
      "mean": 4140824.2,
      "median": 4139451.5,
      "min": 4132115.0,
      "max": 4162238.0,
      "std_dev": 8762.09521873748
    },
    "wasmtime_app": {
      "mean": 9493657.6,
      "median": 9350100.5,
      "min": 9322115.0,
      "max": 10791856.0,
      "std_dev": 456574.82695956377
    }
  },
  "heapsort": {
    "base_native": {
      "mean": 1076214041.0,
      "median": 1076214041.0,
      "min": 1076214041.0,
      "max": 1076214041.0,
      "std_dev": 0.0
    },
    "wasmtime_app": {
      "mean": 1220338088.0,
      "median": 1220338088.0,
      "min": 1220338088.0,
      "max": 1220338088.0,
      "std_dev": 0.0
    }
  },
  "keccak": {
    "base_native": {
      "mean": 7474287.5,
      "median": 7475077.5,
      "min": 7451091.0,
      "max": 7490414.0,
      "std_dev": 10101.041830205217
    },
    "wasmtime_app": {
      "mean": 22847944.2,
      "median": 21245368.5,
      "min": 20993421.0,
      "max": 37086623.0,
      "std_dev": 5005641.468488502
    }
  },
  "matrix": {
    "base_native": {
      "mean": 377880149.0,
      "median": 377880149.0,
      "min": 377878299.0,
      "max": 377881999.0,
      "std_dev": 2616.295090390226
    },
    "wasmtime_app": {
      "mean": 534670061.0,
      "median": 534670061.0,
      "min": 529547955.0,
      "max": 539792167.0,
      "std_dev": 7243751.773112604
    }
  },
  "matrix2": {
    "base_native": {
      "mean": 194252099.25,
      "median": 194247224.5,
      "min": 194242237.0,
      "max": 194271711.0,
      "std_dev": 13603.325582983987
    },
    "wasmtime_app": {
      "mean": 260244482.66666666,
      "median": 257721294.0,
      "min": 257685571.0,
      "max": 265326583.0,
      "std_dev": 4401264.236754291
    }
  },
  "memmove": {
    "base_native": {
      "mean": 47327770.2,
      "median": 47326083.0,
      "min": 47304184.0,
      "max": 47346732.0,
      "std_dev": 13693.231465054389
    },
    "wasmtime_app": {
      "mean": 520214865.0,
      "median": 520214865.0,
      "min": 515118632.0,
      "max": 525311098.0,
      "std_dev": 7207161.825613325
    }
  },
  "minicsv": {
    "base_native": {
      "mean": 712693324.0,
      "median": 712693324.0,
      "min": 712693324.0,
      "max": 712693324.0,
      "std_dev": 0.0
    },
    "wasmtime_app": {
      "mean": 1104826763.0,
      "median": 1104826763.0,
      "min": 1104826763.0,
      "max": 1104826763.0,
      "std_dev": 0.0
    }
  },
  "nestedloop": {
    "base_native": {
      "mean": 1578972.0,
      "median": 1578154.0,
      "min": 1547930.0,
      "max": 1618002.0,
      "std_dev": 22245.30500128061
    },
    "wasmtime_app": {
      "mean": 6277619.5,
      "median": 6190557.0,
      "min": 6138872.0,
      "max": 7111542.0,
      "std_dev": 293631.75064175954
    }
  },
  "nestedloop2": {
    "base_native": {
      "mean": 1567461.1818181819,
      "median": 1561080.0,
      "min": 1548730.0,
      "max": 1599128.0,
      "std_dev": 17761.85566216651
    },
    "wasmtime_app": {
      "mean": 6273634.8,
      "median": 6192757.0,
      "min": 6168271.0,
      "max": 7020322.0,
      "std_dev": 262829.74639733776
    }
  },
  "nestedloop3": {
    "base_native": {
      "mean": 2085849.6363636365,
      "median": 2078182.0,
      "min": 2075107.0,
      "max": 2163153.0,
      "std_dev": 25778.25138861334
    },
    "wasmtime_app": {
      "mean": 6882067.4,
      "median": 6771086.0,
      "min": 6708315.0,
      "max": 7925320.0,
      "std_dev": 369394.41807375
    }
  },
  "random": {
    "base_native": {
      "mean": 577585379.5,
      "median": 577585379.5,
      "min": 577579017.0,
      "max": 577591742.0,
      "std_dev": 8997.933790598818
    },
    "wasmtime_app": {
      "mean": 290702627.6666667,
      "median": 290427668.0,
      "min": 290391671.0,
      "max": 291288544.0,
      "std_dev": 507737.5387464801
    }
  },
  "random2": {
    "base_native": {
      "mean": 577631652.0,
      "median": 577631652.0,
      "min": 577576942.0,
      "max": 577686362.0,
      "std_dev": 77371.62399743203
    },
    "wasmtime_app": {
      "mean": 290693203.0,
      "median": 290400045.0,
      "min": 290392545.0,
      "max": 291287019.0,
      "std_dev": 514273.4135574189
    }
  },
  "ratelimit": {
    "base_native": {
      "mean": 25922437.4,
      "median": 25921877.5,
      "min": 25903341.0,
      "max": 25941039.0,
      "std_dev": 10858.17439331104
    },
    "wasmtime_app": {
      "mean": 39051297.4,
      "median": 38336676.0,
      "min": 38283229.0,
      "max": 45533463.0,
      "std_dev": 2277834.4299866734
    }
  },
  "seqhash": {
    "base_native": {
      "mean": 7113265684.0,
      "median": 7113265684.0,
      "min": 7113265684.0,
      "max": 7113265684.0,
      "std_dev": 0.0
    },
    "wasmtime_app": {
      "mean": 9693269815.0,
      "median": 9693269815.0,
      "min": 9693269815.0,
      "max": 9693269815.0,
      "std_dev": 0.0
    }
  },
  "sieve": {
    "base_native": {
      "mean": 569209466.5,
      "median": 569209466.5,
      "min": 569203242.0,
      "max": 569215691.0,
      "std_dev": 8802.77231899133
    },
    "wasmtime_app": {
      "mean": 766856595.0,
      "median": 766856595.0,
      "min": 766856595.0,
      "max": 766856595.0,
      "std_dev": 0.0
    }
  },
  "strcat": {
    "base_native": {
      "mean": 65855464.1,
      "median": 65839492.5,
      "min": 65824830.0,
      "max": 65971599.0,
      "std_dev": 43397.64306567299
    },
    "wasmtime_app": {
      "mean": 351233544.0,
      "median": 351233544.0,
      "min": 350214915.0,
      "max": 352252173.0,
      "std_dev": 1440558.9468265434
    }
  },
  "strcat2": {
    "base_native": {
      "mean": 2579599.909090909,
      "median": 2577159.0,
      "min": 2554835.0,
      "max": 2612108.0,
      "std_dev": 18449.09861459115
    },
    "wasmtime_app": {
      "mean": 9386333.6,
      "median": 8481425.5,
      "min": 8428241.0,
      "max": 17581366.0,
      "std_dev": 2879595.80961936
    }
  },
  "strchr": {
    "base_native": {
      "mean": 155080548.4,
      "median": 155095613.0,
      "min": 155044165.0,
      "max": 155103662.0,
      "std_dev": 26637.636274639688
    },