{
  "ackermann": {
    "base_native": {
      "mean": 3273816.6,
      "median": 2940928.0,
      "min": 2901805.0,
      "max": 6361333.0,
      "std_dev": 1085025.1150940857
    },
    "wasmtime_app": {
      "mean": 9414260.9,
      "median": 9113271.0,
      "min": 8340928.0,
      "max": 12459532.0,
      "std_dev": 1308480.99217676
    }
  },
  "base64": {
    "base_native": {
      "mean": 256522531.0,
      "median": 257457785.0,
      "min": 254586802.0,
      "max": 257523006.0,
      "std_dev": 1676707.641716647
    },
    "wasmtime_app": {
      "mean": 361254452.0,
      "median": 361254452.0,
      "min": 354061963.0,
      "max": 368446941.0,
      "std_dev": 10171715.4910193
    }
  },
  "ctype": {
    "base_native": {
      "mean": 654801557.0,
      "median": 654801557.0,
      "min": 654181663.0,
      "max": 655421451.0,
      "std_dev": 876662.5020337073
    },
    "wasmtime_app": {
      "mean": 893795462.0,
      "median": 893795462.0,
      "min": 893795462.0,
      "max": 893795462.0,
      "std_dev": 0.0
    }
  },
  "ed25519": {
    "base_native": {
      "mean": 1433287658.0,
      "median": 1433287658.0,
      "min": 1433287658.0,
      "max": 1433287658.0,
      "std_dev": 0.0
    },
    "wasmtime_app": {
      "mean": 6732561012.0,
      "median": 6732561012.0,
      "min": 6732561012.0,
      "max": 6732561012.0,
      "std_dev": 0.0
    }
  },
  "fib2": {
    "base_native": {
      "mean": 6956243677.0,
      "median": 6956243677.0,
      "min": 6956243677.0,
      "max": 6956243677.0,
      "std_dev": 0.0
    },
    "wasmtime_app": {
      "mean": 10688399621.0,
      "median": 10688399621.0,
      "min": 10688399621.0,
      "max": 10688399621.0,
      "std_dev": 0.0
    }
  },
  "gimli": {
    "base_native": {
      "mean": 4148233.0,
      "median": 4148105.5,
      "min": 4137644.0,
      "max": 4166167.0,
      "std_dev": 8131.997513253158
    },
    "wasmtime_app": {
      "mean": 9512721.8,
      "median": 9360273.5,
      "min": 9340611.0,
      "max": 10849524.0,
      "std_dev": 470026.2852710827
    }
  },
  "heapsort": {
    "base_native": {
      "mean": 1076369498.0,
      "median": 1076369498.0,
      "min": 1076369498.0,
      "max": 1076369498.0,
      "std_dev": 0.0
    },
    "wasmtime_app": {
      "mean": 1220871372.0,
      "median": 1220871372.0,
      "min": 1220871372.0,
      "max": 1220871372.0,
      "std_dev": 0.0
    }
  },
  "keccak": {
    "base_native": {
      "mean": 7486934.2,
      "median": 7486827.0,
      "min": 7474727.0,
      "max": 7501051.0,
      "std_dev": 9680.563055249764
    },
    "wasmtime_app": {
      "mean": 22852512.4,
      "median": 21270841.0,
      "min": 20997277.0,
      "max": 37136081.0,
      "std_dev": 5023222.099769146
    }
  },
  "matrix": {
    "base_native": {
      "mean": 377934100.0,
      "median": 377934100.0,
      "min": 377927188.0,
      "max": 377941012.0,
      "std_dev": 9775.044143122834
    },
    "wasmtime_app": {
      "mean": 533950276.0,
      "median": 533950276.0,
      "min": 529583170.0,
      "max": 538317382.0,
      "std_dev": 6176020.533520917
    }
  },
  "matrix2": {
    "base_native": {
      "mean": 194292459.75,
      "median": 194283341.5,
      "min": 194277054.0,
      "max": 194326102.0,
      "std_dev": 22638.266988663243
    },
    "wasmtime_app": {
      "mean": 260296592.66666666,
      "median": 257735841.0,
      "min": 257734466.0,
      "max": 265419471.0,
      "std_dev": 4436542.830432085
    }
  },
  "memmove": {
    "base_native": {
      "mean": 47368226.8,
      "median": 47368092.0,
      "min": 47332119.0,
      "max": 47414989.0,
      "std_dev": 24978.355202499268
    },
    "wasmtime_app": {
      "mean": 521125809.5,
      "median": 521125809.5,
      "min": 516676482.0,
      "max": 525575137.0,
      "std_dev": 6292299.293939577
    }
  },
  "minicsv": {
    "base_native": {
      "mean": 734458317.0,
      "median": 734458317.0,
      "min": 734458317.0,
      "max": 734458317.0,
      "std_dev": 0.0
    },
    "wasmtime_app": {
      "mean": 1113203271.0,
      "median": 1113203271.0,
      "min": 1113203271.0,
      "max": 1113203271.0,
      "std_dev": 0.0
    }
  },
  "nestedloop": {
    "base_native": {
      "mean": 1581645.7272727273,
      "median": 1585296.0,
      "min": 1556097.0,
      "max": 1618894.0,
      "std_dev": 18242.814503748643
    },
    "wasmtime_app": {
      "mean": 6297575.4,
      "median": 6199504.5,
      "min": 6175993.0,
      "max": 7166277.0,
      "std_dev": 305717.78844156256
    }
  },
  "nestedloop2": {
    "base_native": {
      "mean": 1581625.2727272727,
      "median": 1586621.0,
      "min": 1553297.0,
      "max": 1595545.0,
      "std_dev": 13744.301932734956
    },
    "wasmtime_app": {
      "mean": 6281915.9,
      "median": 6195229.5,
      "min": 6171143.0,
      "max": 7057906.0,
      "std_dev": 273045.93713286903
    }
  },
  "nestedloop3": {
    "base_native": {
      "mean": 2088766.0,
      "median": 2091120.0,
      "min": 2067247.0,
      "max": 2105995.0,
      "std_dev": 10379.708965091459
    },
    "wasmtime_app": {
      "mean": 6856189.7,
      "median": 6737457.5,
      "min": 6722920.0,
      "max": 7907671.0,
      "std_dev": 369642.00772520737
    }
  },
  "random": {
    "base_native": {
      "mean": 577716906.0,
      "median": 577716906.0,
      "min": 577684545.0,
      "max": 577749267.0,
      "std_dev": 45765.365091955726
    },
    "wasmtime_app": {
      "mean": 290745736.0,
      "median": 290458256.0,
      "min": 290443557.0,
      "max": 291335395.0,
      "std_dev": 510712.5584524038
    }
  },
  "random2": {
    "base_native": {
      "mean": 577757829.0,
      "median": 577757829.0,
      "min": 577692770.0,
      "max": 577822888.0,
      "std_dev": 92007.32015443119
    },
    "wasmtime_app": {
      "mean": 290742444.3333333,
      "median": 290444482.0,
      "min": 290423557.0,
      "max": 291359294.0,
      "std_dev": 534309.9263127472
    }
  },
  "ratelimit": {
    "base_native": {
      "mean": 25943735.5,
      "median": 25940283.0,
      "min": 25924659.0,
      "max": 25958882.0,
      "std_dev": 11419.582433015861
    },
    "wasmtime_app": {
      "mean": 39051269.6,
      "median": 38327082.0,
      "min": 38306283.0,
      "max": 45583206.0,
      "std_dev": 2295148.446582303
    }
  },
  "seqhash": {
    "base_native": {
      "mean": 7130796964.0,
      "median": 7130796964.0,
      "min": 7130796964.0,
      "max": 7130796964.0,
      "std_dev": 0.0
    },
    "wasmtime_app": {
      "mean": 9684142898.0,
      "median": 9684142898.0,
      "min": 9684142898.0,
      "max": 9684142898.0,
      "std_dev": 0.0
    }
  },
  "sieve": {
    "base_native": {
      "mean": 569351147.5,
      "median": 569351147.5,
      "min": 569343710.0,
      "max": 569358585.0,
      "std_dev": 10518.213370149895
    },
    "wasmtime_app": {
      "mean": 767092677.0,
      "median": 767092677.0,
      "min": 767092677.0,
      "max": 767092677.0,
      "std_dev": 0.0
    }
  },
  "strcat": {
    "base_native": {
      "mean": 65887650.0,
      "median": 65877595.5,
      "min": 65867121.0,
      "max": 65938217.0,
      "std_dev": 23298.84335708058
    },
    "wasmtime_app": {
      "mean": 352873937.5,
      "median": 352873937.5,
      "min": 350302119.0,
      "max": 355445756.0,
      "std_dev": 3637100.6026620297
    }
  },
  "strcat2": {
    "base_native": {
      "mean": 2599379.090909091,
      "median": 2598270.0,
      "min": 2579771.0,
      "max": 2625444.0,
      "std_dev": 13143.056132076325
    },
    "wasmtime_app": {
      "mean": 9455639.2,
      "median": 8533557.5,
      "min": 8515196.0,
      "max": 17770311.0,
      "std_dev": 2921508.555657079
    }
  },
  "strchr": {
    "base_native": {
      "mean": 155217613.6,
      "median": 155214774.0,
      "min": 155166051.0,
      "max": 155255697.0,
      "std_dev": 34633.80148496552
    },