{
  "ackermann": {
    "base_native": {
      "mean": 3429117.8,
      "median": 2978820.5,
      "min": 2942486.0,
      "max": 7535252.0,
      "std_dev": 1442980.0084611012
    },
    "wasmtime_app": {
      "mean": 9671415.8,
      "median": 9134131.0,
      "min": 8516748.0,
      "max": 15312752.0,
      "std_dev": 2037751.5345772
    }
  },
  "base64": {
    "base_native": {
      "mean": 252557253.33333334,
      "median": 253399909.0,
      "min": 249840617.0,
      "max": 254431234.0,
      "std_dev": 2408524.9717610017
    },
    "wasmtime_app": {
      "mean": 374080889.5,
      "median": 374080889.5,
      "min": 364754742.0,
      "max": 383407037.0,
      "std_dev": 13189164.279191934
    }
  },
  "ctype": {
    "base_native": {
      "mean": 654195006.0,
      "median": 654195006.0,
      "min": 653755588.0,
      "max": 654634424.0,
      "std_dev": 621430.8951508607
    },
    "wasmtime_app": {
      "mean": 990184763.0,
      "median": 990184763.0,
      "min": 990184763.0,
      "max": 990184763.0,
      "std_dev": 0.0
    }
  },
  "ed25519": {
    "base_native": {
      "mean": 1433493870.0,
      "median": 1433493870.0,
      "min": 1433493870.0,
      "max": 1433493870.0,
      "std_dev": 0.0
    },
    "wasmtime_app": {
      "mean": 6745047302.0,
      "median": 6745047302.0,
      "min": 6745047302.0,
      "max": 6745047302.0,
      "std_dev": 0.0
    }
  },
  "fib2": {
    "base_native": {
      "mean": 6956081591.0,
      "median": 6956081591.0,
      "min": 6956081591.0,
      "max": 6956081591.0,
      "std_dev": 0.0
    },
    "wasmtime_app": {
      "mean": 10696239979.0,
      "median": 10696239979.0,
      "min": 10696239979.0,
      "max": 10696239979.0,
      "std_dev": 0.0
    }
  },
  "gimli": {
    "base_native": {
      "mean": 4145268.1,
      "median": 4144160.5,
      "min": 4141624.0,
      "max": 4154848.0,
      "std_dev": 4030.594261396203
    },
    "wasmtime_app": {
      "mean": 9529969.8,
      "median": 9374619.5,
      "min": 9363358.0,
      "max": 10858912.0,
      "std_dev": 467269.5007957995
    }
  },
  "heapsort": {
    "base_native": {
      "mean": 1076407472.0,
      "median": 1076407472.0,
      "min": 1076407472.0,
      "max": 1076407472.0,
      "std_dev": 0.0
    },
    "wasmtime_app": {
      "mean": 1220585818.0,
      "median": 1220585818.0,
      "min": 1220585818.0,
      "max": 1220585818.0,
      "std_dev": 0.0
    }
  },
  "keccak": {
    "base_native": {
      "mean": 7482835.7,
      "median": 7485430.5,
      "min": 7465657.0,
      "max": 7493080.0,
      "std_dev": 9541.652757486223
    },
    "wasmtime_app": {
      "mean": 22840642.0,
      "median": 21284383.0,
      "min": 21010658.0,
      "max": 37057151.0,
      "std_dev": 4996606.836654606
    }
  },
  "matrix": {
    "base_native": {
      "mean": 377897086.0,
      "median": 377897086.0,
      "min": 377895536.0,
      "max": 377898636.0,
      "std_dev": 2192.0310216782973
    },
    "wasmtime_app": {
      "mean": 533596414.5,
      "median": 533596414.5,
      "min": 529552943.0,
      "max": 537639886.0,
      "std_dev": 5718332.234369082
    }
  },
  "matrix2": {
    "base_native": {
      "mean": 194273630.75,
      "median": 194265056.5,
      "min": 194253757.0,
      "max": 194310653.0,
      "std_dev": 26349.13825757242
    },
    "wasmtime_app": {
      "mean": 260257480.33333334,
      "median": 257732516.0,
      "min": 257689093.0,
      "max": 265350832.0,
      "std_dev": 4411025.367132265
    }
  },
  "memmove": {
    "base_native": {
      "mean": 47346716.0,
      "median": 47349233.0,
      "min": 47324660.0,
      "max": 47356708.0,
      "std_dev": 10366.733879739237
    },
    "wasmtime_app": {
      "mean": 520036929.5,
      "median": 520036929.5,
      "min": 514614598.0,
      "max": 525459261.0,
      "std_dev": 7668334.746982848
    }
  },
  "minicsv": {
    "base_native": {
      "mean": 742579483.0,
      "median": 742579483.0,
      "min": 742579483.0,
      "max": 742579483.0,
      "std_dev": 0.0
    },
    "wasmtime_app": {
      "mean": 1105629716.0,
      "median": 1105629716.0,
      "min": 1105629716.0,
      "max": 1105629716.0,
      "std_dev": 0.0
    }
  },
  "nestedloop": {
    "base_native": {
      "mean": 1581023.0909090908,
      "median": 1584759.0,
      "min": 1554362.0,
      "max": 1628556.0,
      "std_dev": 21844.77075848838
    },
    "wasmtime_app": {
      "mean": 6319336.4,
      "median": 6233430.5,
      "min": 6195632.0,
      "max": 7156412.0,
      "std_dev": 294890.2309719858
    }
  },
  "nestedloop2": {
    "base_native": {
      "mean": 1580364.2727272727,
      "median": 1587859.0,
      "min": 1560761.0,
      "max": 1609008.0,
      "std_dev": 16393.945108428958
    },
    "wasmtime_app": {
      "mean": 6308467.0,
      "median": 6209831.5,
      "min": 6189458.0,
      "max": 7095915.0,
      "std_dev": 278095.4341464655
    }
  },
  "nestedloop3": {
    "base_native": {
      "mean": 2086688.8181818181,
      "median": 2084123.0,
      "min": 2060000.0,
      "max": 2137894.0,
      "std_dev": 20933.956624671704
    },
    "wasmtime_app": {
      "mean": 6876352.6,
      "median": 6760093.5,
      "min": 6715108.0,
      "max": 7930275.0,
      "std_dev": 370998.6006500114
    }
  },
  "random": {
    "base_native": {
      "mean": 577585336.0,
      "median": 577585336.0,
      "min": 577584099.0,
      "max": 577586573.0,
      "std_dev": 1749.3821766555186
    },
    "wasmtime_app": {
      "mean": 290694552.6666667,
      "median": 290439998.0,
      "min": 290416599.0,
      "max": 291227061.0,
      "std_dev": 461314.1251927295
    }
  },
  "random2": {
    "base_native": {
      "mean": 577648169.0,
      "median": 577648169.0,
      "min": 577593323.0,
      "max": 577703015.0,
      "std_dev": 77563.95704191476
    },
    "wasmtime_app": {
      "mean": 290707327.0,
      "median": 290440248.0,
      "min": 290361652.0,
      "max": 291320081.0,
      "std_dev": 532113.6449960666
    }
  },
  "ratelimit": {
    "base_native": {
      "mean": 25919105.7,
      "median": 25916416.0,
      "min": 25902042.0,
      "max": 25941614.0,
      "std_dev": 12825.634487662244
    },
    "wasmtime_app": {
      "mean": 39027300.8,
      "median": 38299092.5,
      "min": 38261770.0,
      "max": 45580999.0,
      "std_dev": 2302922.2725407337
    }
  },
  "seqhash": {
    "base_native": {
      "mean": 7113745733.0,
      "median": 7113745733.0,
      "min": 7113745733.0,
      "max": 7113745733.0,
      "std_dev": 0.0
    },
    "wasmtime_app": {
      "mean": 9712545410.0,
      "median": 9712545410.0,
      "min": 9712545410.0,
      "max": 9712545410.0,
      "std_dev": 0.0
    }
  },
  "sieve": {
    "base_native": {
      "mean": 569210432.5,
      "median": 569210432.5,
      "min": 569202858.0,
      "max": 569218007.0,
      "std_dev": 10711.96062819501
    },
    "wasmtime_app": {
      "mean": 766992192.0,
      "median": 766992192.0,
      "min": 766992192.0,
      "max": 766992192.0,
      "std_dev": 0.0
    }
  },
  "strcat": {
    "base_native": {
      "mean": 65855261.0,
      "median": 65847751.5,
      "min": 65836740.0,
      "max": 65941557.0,
      "std_dev": 30806.9687029845
    },
    "wasmtime_app": {
      "mean": 351244917.0,
      "median": 351244917.0,
      "min": 350167380.0,
      "max": 352322454.0,
      "std_dev": 1523867.4393588176
    }
  },
  "strcat2": {
    "base_native": {
      "mean": 2595531.272727273,
      "median": 2590911.0,
      "min": 2568263.0,
      "max": 2635558.0,
      "std_dev": 17244.035409908603
    },
    "wasmtime_app": {
      "mean": 9426102.3,
      "median": 8522972.5,
      "min": 8480074.0,
      "max": 17640692.0,
      "std_dev": 2886375.2242197804
    }
  },
  "strchr": {
    "base_native": {
      "mean": 154567746.2,
      "median": 154567316.0,
      "min": 154518145.0,
      "max": 154633661.0,
      "std_dev": 42228.03818199467
    },