{
  "ackermann": {
    "base_native": {
      "mean": 3294822.6,
      "median": 2934899.0,
      "min": 2897376.0,
      "max": 6614054.0,
      "std_dev": 1166416.8118522642
    },
    "wasmtime_app": {
      "mean": 8766836.3,
      "median": 8343344.5,
      "min": 7903396.0,
      "max": 12301030.0,
      "std_dev": 1310581.35944304
    }
  },
  "base64": {
    "base_native": {
      "mean": 252209350.66666666,
      "median": 249628347.0,
      "min": 249489855.0,
      "max": 257509850.0,
      "std_dev": 4590889.336012831
    },
    "wasmtime_app": {
      "mean": 355060197.0,
      "median": 355060197.0,
      "min": 350394417.0,
      "max": 359725977.0,
      "std_dev": 6598409.35504914
    }
  },
  "ctype": {
    "base_native": {
      "mean": 653945669.0,
      "median": 653945669.0,
      "min": 653745506.0,
      "max": 654145832.0,
      "std_dev": 283073.2292852858
    },
    "wasmtime_app": {
      "mean": 996966783.0,
      "median": 996966783.0,
      "min": 996966783.0,
      "max": 996966783.0,
      "std_dev": 0.0
    }
  },
  "ed25519": {
    "base_native": {
      "mean": 1434131488.0,
      "median": 1434131488.0,
      "min": 1434131488.0,
      "max": 1434131488.0,
      "std_dev": 0.0
    },
    "wasmtime_app": {
      "mean": 6751474941.0,
      "median": 6751474941.0,
      "min": 6751474941.0,
      "max": 6751474941.0,
      "std_dev": 0.0
    }
  },
  "fib2": {
    "base_native": {
      "mean": 6956108424.0,
      "median": 6956108424.0,
      "min": 6956108424.0,
      "max": 6956108424.0,
      "std_dev": 0.0
    },
    "wasmtime_app": {
      "mean": 10695467531.0,
      "median": 10695467531.0,
      "min": 10695467531.0,
      "max": 10695467531.0,
      "std_dev": 0.0
    }
  },
  "gimli": {
    "base_native": {
      "mean": 4145876.6,
      "median": 4142564.5,
      "min": 4133827.0,
      "max": 4165725.0,
      "std_dev": 10508.955992126166
    },
    "wasmtime_app": {
      "mean": 9467796.4,
      "median": 9326585.0,
      "min": 9274488.0,
      "max": 10796996.0,
      "std_dev": 467500.0080435412
    }
  },
  "heapsort": {
    "base_native": {
      "mean": 1076330785.0,
      "median": 1076330785.0,
      "min": 1076330785.0,
      "max": 1076330785.0,
      "std_dev": 0.0
    },
    "wasmtime_app": {
      "mean": 1220499704.0,
      "median": 1220499704.0,
      "min": 1220499704.0,
      "max": 1220499704.0,
      "std_dev": 0.0
    }
  },
  "keccak": {
    "base_native": {
      "mean": 7475322.5,
      "median": 7473765.0,
      "min": 7455879.0,
      "max": 7499551.0,
      "std_dev": 15312.821100488165
    },
    "wasmtime_app": {
      "mean": 22764669.2,
      "median": 21146769.5,
      "min": 21065300.0,
      "max": 37347264.0,
      "std_dev": 5124137.114687827
    }
  },
  "matrix": {
    "base_native": {
      "mean": 377926087.0,
      "median": 377926087.0,
      "min": 377881327.0,
      "max": 377970847.0,
      "std_dev": 63300.199051819734
    },
    "wasmtime_app": {
      "mean": 533910847.0,
      "median": 533910847.0,
      "min": 530130263.0,
      "max": 537691431.0,
      "std_dev": 5346553.166490725
    }
  },
  "matrix2": {
    "base_native": {
      "mean": 194266213.5,
      "median": 194256583.0,
      "min": 194247558.0,
      "max": 194304130.0,
      "std_dev": 25686.46182330295
    },
    "wasmtime_app": {
      "mean": 260377798.66666666,
      "median": 257727576.0,
      "min": 257669654.0,
      "max": 265736166.0,
      "std_dev": 4640572.604616948
    }
  },
  "memmove": {
    "base_native": {
      "mean": 47324872.1,
      "median": 47322507.5,
      "min": 47316220.0,
      "max": 47347593.0,
      "std_dev": 8515.699468237082
    },
    "wasmtime_app": {
      "mean": 520623526.0,
      "median": 520623526.0,
      "min": 516251753.0,
      "max": 524995299.0,
      "std_dev": 6182620.668216513
    }
  },
  "minicsv": {
    "base_native": {
      "mean": 743985284.0,
      "median": 743985284.0,
      "min": 743985284.0,
      "max": 743985284.0,
      "std_dev": 0.0
    },
    "wasmtime_app": {
      "mean": 1100071043.0,
      "median": 1100071043.0,
      "min": 1100071043.0,
      "max": 1100071043.0,
      "std_dev": 0.0
    }
  },
  "nestedloop": {
    "base_native": {
      "mean": 1569105.5454545454,
      "median": 1573330.0,
      "min": 1540757.0,
      "max": 1596454.0,
      "std_dev": 20031.69467800284
    },
    "wasmtime_app": {
      "mean": 6167066.3,
      "median": 6068869.5,
      "min": 6041784.0,
      "max": 7010400.0,
      "std_dev": 297046.57863336673
    }
  },
  "nestedloop2": {
    "base_native": {
      "mean": 1572489.4545454546,
      "median": 1577080.0,
      "min": 1544457.0,
      "max": 1601679.0,
      "std_dev": 18323.00051500101
    },
    "wasmtime_app": {
      "mean": 6161724.1,
      "median": 6075194.5,
      "min": 6061333.0,
      "max": 6927030.0,
      "std_dev": 269123.5952661692
    }
  },
  "nestedloop3": {
    "base_native": {
      "mean": 2076098.0909090908,
      "median": 2080525.0,
      "min": 2051027.0,
      "max": 2100449.0,
      "std_dev": 14659.771467895025
    },
    "wasmtime_app": {
      "mean": 6738586.6,
      "median": 6616286.5,
      "min": 6582426.0,
      "max": 7844900.0,
      "std_dev": 389490.1002031588
    }
  },
  "random": {
    "base_native": {
      "mean": 577569098.5,
      "median": 577569098.5,
      "min": 577565386.0,
      "max": 577572811.0,
      "std_dev": 5250.267850310115
    },
    "wasmtime_app": {
      "mean": 290652732.6666667,
      "median": 290399898.0,
      "min": 290304654.0,
      "max": 291253646.0,
      "std_dev": 522580.59714969643
    }
  },
  "random2": {
    "base_native": {
      "mean": 577662942.5,
      "median": 577662942.5,
      "min": 577580510.0,
      "max": 577745375.0,
      "std_dev": 116577.15948032016
    },
    "wasmtime_app": {
      "mean": 290670015.0,
      "median": 290412097.0,
      "min": 290354476.0,
      "max": 291243472.0,
      "std_dev": 497463.3082419245
    }
  },
  "ratelimit": {
    "base_native": {
      "mean": 25929016.5,
      "median": 25928874.0,
      "min": 25903700.0,
      "max": 25961272.0,
      "std_dev": 17599.07690287571
    },
    "wasmtime_app": {
      "mean": 38901852.5,
      "median": 38183875.5,
      "min": 38147641.0,
      "max": 45311432.0,
      "std_dev": 2252351.3375244224
    }
  },
  "seqhash": {
    "base_native": {
      "mean": 7095577934.0,
      "median": 7095577934.0,
      "min": 7095577934.0,
      "max": 7095577934.0,
      "std_dev": 0.0
    },
    "wasmtime_app": {
      "mean": 9607252696.0,
      "median": 9607252696.0,
      "min": 9607252696.0,
      "max": 9607252696.0,
      "std_dev": 0.0
    }
  },
  "sieve": {
    "base_native": {
      "mean": 569203923.5,
      "median": 569203923.5,
      "min": 569192662.0,
      "max": 569215185.0,
      "std_dev": 15926.16603266461
    },
    "wasmtime_app": {
      "mean": 767092971.0,
      "median": 767092971.0,
      "min": 767092971.0,
      "max": 767092971.0,
      "std_dev": 0.0
    }
  },
  "strcat": {
    "base_native": {
      "mean": 65848506.9,
      "median": 65842274.5,
      "min": 65814764.0,
      "max": 65911908.0,
      "std_dev": 26246.9697994941
    },
    "wasmtime_app": {
      "mean": 354138140.0,
      "median": 354138140.0,
      "min": 350190504.0,
      "max": 358085776.0,
      "std_dev": 5582800.370512275
    }
  },
  "strcat2": {
    "base_native": {
      "mean": 2582765.5454545454,
      "median": 2582095.0,
      "min": 2551772.0,
      "max": 2616118.0,
      "std_dev": 22417.646176008922
    },
    "wasmtime_app": {
      "mean": 9243252.6,
      "median": 8335695.0,
      "min": 8305747.0,
      "max": 17457668.0,
      "std_dev": 2886284.911100358
    }
  },
  "strchr": {
    "base_native": {
      "mean": 154554747.2,
      "median": 154325646.0,
      "min": 154261850.0,
      "max": 155181745.0,
      "std_dev": 388294.7074126816
    },