{
  "ackermann": {
    "base_native": {
      "mean": 3170231.9,
      "median": 2851303.5,
      "min": 2821330.0,
      "max": 6095434.0,
      "std_dev": 1027977.7173156202
    },
    "wasmtime_app": {
      "mean": 9367495.4,
      "median": 8922644.0,
      "min": 8161984.0,
      "max": 12652698.0,
      "std_dev": 1260533.1031321806
    }
  },
  "base64": {
    "base_native": {
      "mean": 249549128.66666666,
      "median": 249528197.0,
      "min": 249514747.0,
      "max": 249604442.0,
      "std_dev": 48372.505189759744
    },
    "wasmtime_app": {
      "mean": 364358124.5,
      "median": 364358124.5,
      "min": 357675288.0,
      "max": 371040961.0,
      "std_dev": 9450958.013421947
    }
  },
  "ctype": {
    "base_native": {
      "mean": 654189659.5,
      "median": 654189659.5,
      "min": 653653354.0,
      "max": 654725965.0,
      "std_dev": 758450.5116752839
    },
    "wasmtime_app": {
      "mean": 953769078.0,
      "median": 953769078.0,
      "min": 953769078.0,
      "max": 953769078.0,
      "std_dev": 0.0
    }
  },
  "ed25519": {
    "base_native": {
      "mean": 1433162017.0,
      "median": 1433162017.0,
      "min": 1433162017.0,
      "max": 1433162017.0,
      "std_dev": 0.0
    },
    "wasmtime_app": {
      "mean": 6821263736.0,
      "median": 6821263736.0,
      "min": 6821263736.0,
      "max": 6821263736.0,
      "std_dev": 0.0
    }
  },
  "fib2": {
    "base_native": {
      "mean": 6955992037.0,
      "median": 6955992037.0,
      "min": 6955992037.0,
      "max": 6955992037.0,
      "std_dev": 0.0
    },
    "wasmtime_app": {
      "mean": 10695557872.0,
      "median": 10695557872.0,
      "min": 10695557872.0,
      "max": 10695557872.0,
      "std_dev": 0.0
    }
  },
  "gimli": {
    "base_native": {
      "mean": 4151743.2,
      "median": 4152101.0,
      "min": 4129102.0,
      "max": 4166275.0,
      "std_dev": 11218.497728701865
    },
    "wasmtime_app": {
      "mean": 9455856.7,
      "median": 9322016.0,
      "min": 9232110.0,
      "max": 10765553.0,
      "std_dev": 462880.2695283931
    }
  },
  "heapsort": {
    "base_native": {
      "mean": 1076253930.0,
      "median": 1076253930.0,
      "min": 1076253930.0,
      "max": 1076253930.0,
      "std_dev": 0.0
    },
    "wasmtime_app": {
      "mean": 1220349129.0,
      "median": 1220349129.0,
      "min": 1220349129.0,
      "max": 1220349129.0,
      "std_dev": 0.0
    }
  },
  "keccak": {
    "base_native": {
      "mean": 7483138.7,
      "median": 7485663.5,
      "min": 7460277.0,
      "max": 7506200.0,
      "std_dev": 13097.926749002005
    },
    "wasmtime_app": {
      "mean": 22901447.6,
      "median": 21349632.5,
      "min": 21235828.0,
      "max": 37106203.0,
      "std_dev": 4991387.414898146
    }
  },
  "matrix": {
    "base_native": {
      "mean": 377870718.0,
      "median": 377870718.0,
      "min": 377861706.0,
      "max": 377879730.0,
      "std_dev": 12744.892624106333
    },
    "wasmtime_app": {
      "mean": 533596396.0,
      "median": 533596396.0,
      "min": 529423135.0,
      "max": 537769657.0,
      "std_dev": 5901882.305522705
    }
  },
  "matrix2": {
    "base_native": {
      "mean": 194257377.25,
      "median": 194255346.0,
      "min": 194243459.0,
      "max": 194275358.0,
      "std_dev": 15240.803727166098
    },
    "wasmtime_app": {
      "mean": 260158204.0,
      "median": 257629471.0,
      "min": 257597848.0,
      "max": 265247293.0,
      "std_dev": 4407308.71859154
    }
  },
  "memmove": {
    "base_native": {
      "mean": 47332378.1,
      "median": 47330850.5,
      "min": 47311239.0,
      "max": 47358137.0,
      "std_dev": 13317.852366487457
    },
    "wasmtime_app": {
      "mean": 520819731.5,
      "median": 520819731.5,
      "min": 515910672.0,
      "max": 525728791.0,
      "std_dev": 6942458.523396485
    }
  },
  "minicsv": {
    "base_native": {
      "mean": 728740105.0,
      "median": 728740105.0,
      "min": 728740105.0,
      "max": 728740105.0,
      "std_dev": 0.0
    },
    "wasmtime_app": {
      "mean": 1107006359.0,
      "median": 1107006359.0,
      "min": 1107006359.0,
      "max": 1107006359.0,
      "std_dev": 0.0
    }
  },
  "nestedloop": {
    "base_native": {
      "mean": 1578161.6363636365,
      "median": 1584330.0,
      "min": 1554931.0,
      "max": 1593829.0,
      "std_dev": 15254.315122434879
    },
    "wasmtime_app": {
      "mean": 6295833.3,
      "median": 6202507.5,
      "min": 6172972.0,
      "max": 7164678.0,
      "std_dev": 305691.86229820456
    }
  },
  "nestedloop2": {
    "base_native": {
      "mean": 1580725.0909090908,
      "median": 1585429.0,
      "min": 1557531.0,
      "max": 1611653.0,
      "std_dev": 16803.625938793957
    },
    "wasmtime_app": {
      "mean": 6312867.1,
      "median": 6213531.5,
      "min": 6171822.0,
      "max": 7194101.0,
      "std_dev": 312113.1167180151
    }
  },
  "nestedloop3": {
    "base_native": {
      "mean": 2087338.0,
      "median": 2086274.0,
      "min": 2080400.0,
      "max": 2095399.0,
      "std_dev": 4846.575058739934
    },
    "wasmtime_app": {
      "mean": 6867833.6,
      "median": 6742544.5,
      "min": 6713509.0,
      "max": 7975972.0,
      "std_dev": 389822.18236301874
    }
  },
  "random": {
    "base_native": {
      "mean": 577624148.0,
      "median": 577624148.0,
      "min": 577588563.0,
      "max": 577659733.0,
      "std_dev": 50324.78961704659
    },
    "wasmtime_app": {
      "mean": 290700579.0,
      "median": 290414349.0,
      "min": 290401825.0,
      "max": 291285563.0,
      "std_dev": 506649.7042691331
    }
  },
  "random2": {
    "base_native": {
      "mean": 577667720.5,
      "median": 577667720.5,
      "min": 577584963.0,
      "max": 577750478.0,
      "std_dev": 117036.77888809142
    },
    "wasmtime_app": {
      "mean": 290749175.6666667,
      "median": 290400475.0,
      "min": 290400075.0,
      "max": 291446977.0,
      "std_dev": 604313.7145567137
    }
  },
  "ratelimit": {
    "base_native": {
      "mean": 25923898.5,
      "median": 25920596.0,
      "min": 25905522.0,
      "max": 25947695.0,
      "std_dev": 13107.270740996304
    },
    "wasmtime_app": {
      "mean": 39045573.6,
      "median": 38330493.0,
      "min": 38275572.0,
      "max": 45612514.0,
      "std_dev": 2307477.659303971
    }
  },
  "seqhash": {
    "base_native": {
      "mean": 7124172283.0,
      "median": 7124172283.0,
      "min": 7124172283.0,
      "max": 7124172283.0,
      "std_dev": 0.0
    },
    "wasmtime_app": {
      "mean": 9683380891.0,
      "median": 9683380891.0,
      "min": 9683380891.0,
      "max": 9683380891.0,
      "std_dev": 0.0
    }
  },
  "sieve": {
    "base_native": {
      "mean": 569226926.5,
      "median": 569226926.5,
      "min": 569209490.0,
      "max": 569244363.0,
      "std_dev": 24658.934780318472
    },
    "wasmtime_app": {
      "mean": 767246779.0,
      "median": 767246779.0,
      "min": 767246779.0,
      "max": 767246779.0,
      "std_dev": 0.0
    }
  },
  "strcat": {
    "base_native": {
      "mean": 65844188.9,
      "median": 65837791.5,
      "min": 65822880.0,
      "max": 65897826.0,
      "std_dev": 23099.851699620158
    },
    "wasmtime_app": {
      "mean": 354157219.0,
      "median": 354157219.0,
      "min": 350133660.0,
      "max": 358180778.0,
      "std_dev": 5690171.706808328
    }
  },
  "strcat2": {
    "base_native": {
      "mean": 2587824.090909091,
      "median": 2581995.0,
      "min": 2565646.0,
      "max": 2619818.0,
      "std_dev": 16586.590146588573
    },
    "wasmtime_app": {
      "mean": 9400718.0,
      "median": 8489186.0,
      "min": 8415116.0,
      "max": 17662625.0,
      "std_dev": 2903144.834775596
    }
  },
  "strchr": {
    "base_native": {
      "mean": 154574546.8,
      "median": 154573387.0,
      "min": 154547563.0,
      "max": 154605835.0,
      "std_dev": 24564.23608012266
    },