{
  "ackermann": {
    "base_native": {
      "mean": 3248868.9,
      "median": 2932150.0,
      "min": 2912926.0,
      "max": 6102287.0,
      "std_dev": 1002709.8524832539
    },
    "wasmtime_app": {
      "mean": 8871892.1,
      "median": 8491679.0,
      "min": 7933368.0,
      "max": 13320465.0,
      "std_dev": 1605541.0956032826
    }
  },
  "base64": {
    "base_native": {
      "mean": 256418293.33333334,
      "median": 257437508.0,
      "min": 254280420.0,
      "max": 257536952.0,
      "std_dev": 1852120.1552051997
    },
    "wasmtime_app": {
      "mean": 355078803.5,
      "median": 355078803.5,
      "min": 350429742.0,
      "max": 359727865.0,
      "std_dev": 6574765.825606605
    }
  },
  "ctype": {
    "base_native": {
      "mean": 654222588.5,
      "median": 654222588.5,
      "min": 653822862.0,
      "max": 654622315.0,
      "std_dev": 565298.637539929
    },
    "wasmtime_app": {
      "mean": 909886071.0,
      "median": 909886071.0,
      "min": 909886071.0,
      "max": 909886071.0,
      "std_dev": 0.0
    }
  },
  "ed25519": {
    "base_native": {
      "mean": 1433037852.0,
      "median": 1433037852.0,
      "min": 1433037852.0,
      "max": 1433037852.0,
      "std_dev": 0.0
    },
    "wasmtime_app": {
      "mean": 6774725103.0,
      "median": 6774725103.0,
      "min": 6774725103.0,
      "max": 6774725103.0,
      "std_dev": 0.0
    }
  },
  "fib2": {
    "base_native": {
      "mean": 6955935417.0,
      "median": 6955935417.0,
      "min": 6955935417.0,
      "max": 6955935417.0,
      "std_dev": 0.0
    },
    "wasmtime_app": {
      "mean": 10719438831.0,
      "median": 10719438831.0,
      "min": 10719438831.0,
      "max": 10719438831.0,
      "std_dev": 0.0
    }
  },
  "gimli": {
    "base_native": {
      "mean": 4146295.7,
      "median": 4145553.0,
      "min": 4135404.0,
      "max": 4162327.0,
      "std_dev": 8310.754385466795
    },
    "wasmtime_app": {
      "mean": 9509522.4,
      "median": 9357605.5,
      "min": 9326120.0,
      "max": 10847164.0,
      "std_dev": 470600.595409077
    }
  },
  "heapsort": {
    "base_native": {
      "mean": 1076376513.0,
      "median": 1076376513.0,
      "min": 1076376513.0,
      "max": 1076376513.0,
      "std_dev": 0.0
    },
    "wasmtime_app": {
      "mean": 1220349017.0,
      "median": 1220349017.0,
      "min": 1220349017.0,
      "max": 1220349017.0,
      "std_dev": 0.0
    }
  },
  "keccak": {
    "base_native": {
      "mean": 7492724.5,
      "median": 7491704.5,
      "min": 7471656.0,
      "max": 7521328.0,
      "std_dev": 14721.655275666373
    },
    "wasmtime_app": {
      "mean": 22808284.5,
      "median": 21256870.5,
      "min": 21025550.0,
      "max": 36943058.0,
      "std_dev": 4969071.834735163
    }
  },
  "matrix": {
    "base_native": {
      "mean": 377881866.0,
      "median": 377881866.0,
      "min": 377871929.0,
      "max": 377891803.0,
      "std_dev": 14053.040169301445
    },
    "wasmtime_app": {
      "mean": 533930194.5,
      "median": 533930194.5,
      "min": 529387938.0,
      "max": 538472451.0,
      "std_dev": 6423720.746077347
    }
  },
  "matrix2": {
    "base_native": {
      "mean": 194268841.25,
      "median": 194261035.5,
      "min": 194249236.0,
      "max": 194304058.0,
      "std_dev": 24862.790636813075
    },
    "wasmtime_app": {
      "mean": 260193422.0,
      "median": 257644851.0,
      "min": 257632152.0,
      "max": 265303263.0,
      "std_dev": 4425256.670534603
    }
  },
  "memmove": {
    "base_native": {
      "mean": 47332050.6,
      "median": 47332000.5,
      "min": 47318489.0,
      "max": 47353262.0,
      "std_dev": 9914.600571323532
    },
    "wasmtime_app": {
      "mean": 521203324.5,
      "median": 521203324.5,
      "min": 516545889.0,
      "max": 525860760.0,
      "std_dev": 6586608.449977917
    }
  },
  "minicsv": {
    "base_native": {
      "mean": 755437402.0,
      "median": 755437402.0,
      "min": 755437402.0,
      "max": 755437402.0,
      "std_dev": 0.0
    },
    "wasmtime_app": {
      "mean": 1108435493.0,
      "median": 1108435493.0,
      "min": 1108435493.0,
      "max": 1108435493.0,
      "std_dev": 0.0
    }
  },
  "nestedloop": {
    "base_native": {
      "mean": 1582616.8181818181,
      "median": 1582705.0,
      "min": 1553607.0,
      "max": 1618728.0,
      "std_dev": 19553.40841806452
    },
    "wasmtime_app": {
      "mean": 6284173.6,
      "median": 6193627.5,
      "min": 6163117.0,
      "max": 7106176.0,
      "std_dev": 289966.1581185716
    }
  },
  "nestedloop2": {
    "base_native": {
      "mean": 1586459.8181818181,
      "median": 1587080.0,
      "min": 1560207.0,
      "max": 1603579.0,
      "std_dev": 14706.67877406848
    },
    "wasmtime_app": {
      "mean": 6300949.7,
      "median": 6203901.5,
      "min": 6173516.0,
      "max": 7175346.0,
      "std_dev": 308282.77578838053
    }
  },
  "nestedloop3": {
    "base_native": {
      "mean": 2088564.0909090908,
      "median": 2088225.0,
      "min": 2063502.0,
      "max": 2103100.0,
      "std_dev": 11830.059479601492
    },
    "wasmtime_app": {
      "mean": 6860758.1,
      "median": 6738127.0,
      "min": 6728952.0,
      "max": 7934193.0,
      "std_dev": 377383.61539168603
    }
  },
  "random": {
    "base_native": {
      "mean": 577652399.5,
      "median": 577652399.5,
      "min": 577618614.0,
      "max": 577686185.0,
      "std_dev": 47779.9123115562
    },
    "wasmtime_app": {
      "mean": 290641619.3333333,
      "median": 290368305.0,
      "min": 290347682.0,
      "max": 291208871.0,
      "std_dev": 491362.56169384066
    }
  },
  "random2": {
    "base_native": {
      "mean": 577659336.5,
      "median": 577659336.5,
      "min": 577623939.0,
      "max": 577694734.0,
      "std_dev": 50059.62457410163
    },
    "wasmtime_app": {
      "mean": 290680791.6666667,
      "median": 290374055.0,
      "min": 290358581.0,
      "max": 291309739.0,
      "std_dev": 544739.3158652433
    }
  },
  "ratelimit": {
    "base_native": {
      "mean": 25931256.6,
      "median": 25928684.0,
      "min": 25915460.0,
      "max": 25961707.0,
      "std_dev": 15154.840540969812
    },
    "wasmtime_app": {
      "mean": 39008395.6,
      "median": 38292876.0,
      "min": 38212994.0,
      "max": 45541730.0,
      "std_dev": 2295758.9718413483
    }
  },
  "seqhash": {
    "base_native": {
      "mean": 7127971348.0,
      "median": 7127971348.0,
      "min": 7127971348.0,
      "max": 7127971348.0,
      "std_dev": 0.0
    },
    "wasmtime_app": {
      "mean": 9703939543.0,
      "median": 9703939543.0,
      "min": 9703939543.0,
      "max": 9703939543.0,
      "std_dev": 0.0
    }
  },
  "sieve": {
    "base_native": {
      "mean": 569240237.0,
      "median": 569240237.0,
      "min": 569223063.0,
      "max": 569257411.0,
      "std_dev": 24287.703720195535
    },
    "wasmtime_app": {
      "mean": 767328621.0,
      "median": 767328621.0,
      "min": 767328621.0,
      "max": 767328621.0,
      "std_dev": 0.0
    }
  },
  "strcat": {
    "base_native": {
      "mean": 65871391.9,
      "median": 65860525.0,
      "min": 65830789.0,
      "max": 65991605.0,
      "std_dev": 43645.77994987985
    },
    "wasmtime_app": {
      "mean": 352662135.5,
      "median": 352662135.5,
      "min": 350173285.0,
      "max": 355150986.0,
      "std_dev": 3519766.1318190587
    }
  },
  "strcat2": {
    "base_native": {
      "mean": 2593809.1818181816,
      "median": 2593895.0,
      "min": 2574547.0,
      "max": 2618044.0,
      "std_dev": 12364.161514782809
    },
    "wasmtime_app": {
      "mean": 9377611.5,
      "median": 8452519.0,
      "min": 8414159.0,
      "max": 17707932.0,
      "std_dev": 2927096.0803912524
    }
  },
  "strchr": {
    "base_native": {
      "mean": 154985363.4,
      "median": 154988643.0,
      "min": 154854101.0,
      "max": 155190406.0,
      "std_dev": 129797.90513833419
    },