{
  "ackermann": {
    "base_native": {
      "mean": 3422070.8,
      "median": 2993155.0,
      "min": 2959407.0,
      "max": 7340261.0,
      "std_dev": 1376798.8640281807
    },
    "wasmtime_app": {
      "mean": 9008049.1,
      "median": 8139155.0,
      "min": 8094820.0,
      "max": 14305991.0,
      "std_dev": 1915273.7506500764
    }
  },
  "base64": {
    "base_native": {
      "mean": 252503342.66666666,
      "median": 253397469.0,
      "min": 249795858.0,
      "max": 254316701.0,
      "std_dev": 2389372.6755431714
    },
    "wasmtime_app": {
      "mean": 360272687.0,
      "median": 360272687.0,
      "min": 355187732.0,
      "max": 365357642.0,
      "std_dev": 7191212.325056882
    }
  },
  "ctype": {
    "base_native": {
      "mean": 654556139.0,
      "median": 654556139.0,
      "min": 654258061.0,
      "max": 654854217.0,
      "std_dev": 421545.95024504745
    },
    "wasmtime_app": {
      "mean": 945285927.0,
      "median": 945285927.0,
      "min": 945285927.0,
      "max": 945285927.0,
      "std_dev": 0.0
    }
  },
  "ed25519": {
    "base_native": {
      "mean": 1433433450.0,
      "median": 1433433450.0,
      "min": 1433433450.0,
      "max": 1433433450.0,
      "std_dev": 0.0
    },
    "wasmtime_app": {
      "mean": 6735829014.0,
      "median": 6735829014.0,
      "min": 6735829014.0,
      "max": 6735829014.0,
      "std_dev": 0.0
    }
  },
  "fib2": {
    "base_native": {
      "mean": 6956046877.0,
      "median": 6956046877.0,
      "min": 6956046877.0,
      "max": 6956046877.0,
      "std_dev": 0.0
    },
    "wasmtime_app": {
      "mean": 10685461536.0,
      "median": 10685461536.0,
      "min": 10685461536.0,
      "max": 10685461536.0,
      "std_dev": 0.0
    }
  },
  "gimli": {
    "base_native": {
      "mean": 4148834.9,
      "median": 4145132.5,
      "min": 4131196.0,
      "max": 4176743.0,
      "std_dev": 12310.111863829672
    },
    "wasmtime_app": {
      "mean": 9567179.4,
      "median": 9397538.5,
      "min": 9353353.0,
      "max": 11052838.0,
      "std_dev": 523062.05440616695
    }
  },
  "heapsort": {
    "base_native": {
      "mean": 1076339269.0,
      "median": 1076339269.0,
      "min": 1076339269.0,
      "max": 1076339269.0,
      "std_dev": 0.0
    },
    "wasmtime_app": {
      "mean": 1220592722.0,
      "median": 1220592722.0,
      "min": 1220592722.0,
      "max": 1220592722.0,
      "std_dev": 0.0
    }
  },
  "keccak": {
    "base_native": {
      "mean": 7476575.6,
      "median": 7478850.0,
      "min": 7447203.0,
      "max": 7487225.0,
      "std_dev": 11397.395942348703
    },
    "wasmtime_app": {
      "mean": 22972768.3,
      "median": 21379778.0,
      "min": 21213574.0,
      "max": 37522984.0,
      "std_dev": 5112950.196731043
    }
  },
  "matrix": {
    "base_native": {
      "mean": 377888203.0,
      "median": 377888203.0,
      "min": 377878429.0,
      "max": 377897977.0,
      "std_dev": 13822.523358634631
    },
    "wasmtime_app": {
      "mean": 533746171.5,
      "median": 533746171.5,
      "min": 529561781.0,
      "max": 537930562.0,
      "std_dev": 5917621.795365136
    }
  },
  "matrix2": {
    "base_native": {
      "mean": 194269229.0,
      "median": 194273160.0,
      "min": 194244012.0,
      "max": 194286584.0,
      "std_dev": 17969.04640393214
    },
    "wasmtime_app": {
      "mean": 260272075.33333334,
      "median": 257711753.0,
      "min": 257707928.0,
      "max": 265396545.0,
      "std_dev": 4437921.324347282
    }
  },
  "memmove": {
    "base_native": {
      "mean": 47376663.3,
      "median": 47382870.5,
      "min": 47316200.0,
      "max": 47414093.0,
      "std_dev": 31368.46563757232
    },
    "wasmtime_app": {
      "mean": 520189178.5,
      "median": 520189178.5,
      "min": 515177794.0,
      "max": 525200563.0,
      "std_dev": 7087167.926166312
    }
  },
  "minicsv": {
    "base_native": {
      "mean": 715818766.0,
      "median": 715818766.0,
      "min": 715818766.0,
      "max": 715818766.0,
      "std_dev": 0.0
    },
    "wasmtime_app": {
      "mean": 1108895998.0,
      "median": 1108895998.0,
      "min": 1108895998.0,
      "max": 1108895998.0,
      "std_dev": 0.0
    }
  },
  "nestedloop": {
    "base_native": {
      "mean": 1576367.8181818181,
      "median": 1585133.0,
      "min": 1550336.0,
      "max": 1595707.0,
      "std_dev": 16518.132193551315
    },
    "wasmtime_app": {
      "mean": 6278668.9,
      "median": 6193396.0,
      "min": 6169872.0,
      "max": 7075199.0,
      "std_dev": 280122.7598934478
    }
  },
  "nestedloop2": {
    "base_native": {
      "mean": 1586528.5454545454,
      "median": 1578509.0,
      "min": 1552436.0,
      "max": 1625505.0,
      "std_dev": 24761.664965682885
    },
    "wasmtime_app": {
      "mean": 6286116.0,
      "median": 6206195.5,
      "min": 6167022.0,
      "max": 7048876.0,
      "std_dev": 268933.2906317104
    }
  },
  "nestedloop3": {
    "base_native": {
      "mean": 2097672.6363636362,
      "median": 2089746.0,
      "min": 2085021.0,
      "max": 2156291.0,
      "std_dev": 20471.665229153816
    },
    "wasmtime_app": {
      "mean": 6851263.6,
      "median": 6727243.0,
      "min": 6719118.0,
      "max": 7912405.0,
      "std_dev": 373183.3046036938
    }
  },
  "random": {
    "base_native": {
      "mean": 577598064.5,
      "median": 577598064.5,
      "min": 577589790.0,
      "max": 577606339.0,
      "std_dev": 11701.910121856175
    },
    "wasmtime_app": {
      "mean": 290743200.3333333,
      "median": 290540511.0,
      "min": 290395744.0,
      "max": 291293346.0,
      "std_dev": 481907.2130465919
    }
  },
  "random2": {
    "base_native": {
      "mean": 577665709.5,
      "median": 577665709.5,
      "min": 577578191.0,
      "max": 577753228.0,
      "std_dev": 123769.84965854972
    },
    "wasmtime_app": {
      "mean": 290917091.6666667,
      "median": 290550286.0,
      "min": 290421668.0,
      "max": 291779321.0,
      "std_dev": 749476.6273382602
    }
  },
  "ratelimit": {
    "base_native": {
      "mean": 25939624.7,
      "median": 25942569.5,
      "min": 25918171.0,
      "max": 25964993.0,
      "std_dev": 15567.486916647786
    },
    "wasmtime_app": {
      "mean": 39076974.0,
      "median": 38349290.5,
      "min": 38316717.0,
      "max": 45624479.0,
      "std_dev": 2300697.3702983577
    }
  },
  "seqhash": {
    "base_native": {
      "mean": 7103224470.0,
      "median": 7103224470.0,
      "min": 7103224470.0,
      "max": 7103224470.0,
      "std_dev": 0.0
    },
    "wasmtime_app": {
      "mean": 9698350577.0,
      "median": 9698350577.0,
      "min": 9698350577.0,
      "max": 9698350577.0,
      "std_dev": 0.0
    }
  },
  "sieve": {
    "base_native": {
      "mean": 569234566.0,
      "median": 569234566.0,
      "min": 569211405.0,
      "max": 569257727.0,
      "std_dev": 32754.600318123255
    },
    "wasmtime_app": {
      "mean": 767331768.0,
      "median": 767331768.0,
      "min": 767331768.0,
      "max": 767331768.0,
      "std_dev": 0.0
    }
  },
  "strcat": {
    "base_native": {
      "mean": 65856071.6,
      "median": 65851464.0,
      "min": 65818867.0,
      "max": 65956682.0,
      "std_dev": 39267.13521282425
    },
    "wasmtime_app": {
      "mean": 352811733.0,
      "median": 352811733.0,
      "min": 350245144.0,
      "max": 355378322.0,
      "std_dev": 3629704.9728375995
    }
  },
  "strcat2": {
    "base_native": {
      "mean": 2583678.090909091,
      "median": 2586260.0,
      "min": 2552387.0,
      "max": 2615307.0,
      "std_dev": 19171.714250189238
    },
    "wasmtime_app": {
      "mean": 9415440.0,
      "median": 8509198.0,
      "min": 8469775.0,
      "max": 17631114.0,
      "std_dev": 2886722.4196410016
    }
  },
  "strchr": {
    "base_native": {
      "mean": 154677042.2,
      "median": 154675442.0,
      "min": 154628096.0,
      "max": 154728764.0,
      "std_dev": 40676.143293090114
    },