{
  "ackermann": {
    "base_native": {
      "mean": 3306585.0,
      "median": 2989225.5,
      "min": 2950191.0,
      "max": 6221581.0,
      "std_dev": 1024399.735555413
    },
    "wasmtime_app": {
      "mean": 8980981.7,
      "median": 8367354.0,
      "min": 8323181.0,
      "max": 13552787.0,
      "std_dev": 1633337.9217894769
    }
  },
  "base64": {
    "base_native": {
      "mean": 252978317.66666666,
      "median": 253425591.0,
      "min": 250264891.0,
      "max": 255244471.0,
      "std_dev": 2519740.9232167765
    },
    "wasmtime_app": {
      "mean": 362198592.0,
      "median": 362198592.0,
      "min": 354609544.0,
      "max": 369787640.0,
      "std_dev": 10732534.607100412
    }
  },
  "ctype": {
    "base_native": {
      "mean": 654352304.5,
      "median": 654352304.5,
      "min": 654051241.0,
      "max": 654653368.0,
      "std_dev": 425768.0848355123
    },
    "wasmtime_app": {
      "mean": 984531920.0,
      "median": 984531920.0,
      "min": 984531920.0,
      "max": 984531920.0,
      "std_dev": 0.0
    }
  },
  "ed25519": {
    "base_native": {
      "mean": 1433482721.0,
      "median": 1433482721.0,
      "min": 1433482721.0,
      "max": 1433482721.0,
      "std_dev": 0.0
    },
    "wasmtime_app": {
      "mean": 6726948690.0,
      "median": 6726948690.0,
      "min": 6726948690.0,
      "max": 6726948690.0,
      "std_dev": 0.0
    }
  },
  "fib2": {
    "base_native": {
      "mean": 6956143775.0,
      "median": 6956143775.0,
      "min": 6956143775.0,
      "max": 6956143775.0,
      "std_dev": 0.0
    },
    "wasmtime_app": {
      "mean": 10685013250.0,
      "median": 10685013250.0,
      "min": 10685013250.0,
      "max": 10685013250.0,
      "std_dev": 0.0
    }
  },
  "gimli": {
    "base_native": {
      "mean": 4142063.7,
      "median": 4143346.0,
      "min": 4102174.0,
      "max": 4166869.0,
      "std_dev": 18355.459860155446
    },
    "wasmtime_app": {
      "mean": 9525910.9,
      "median": 9385546.0,
      "min": 9350073.0,
      "max": 10829215.0,
      "std_dev": 458161.5242857892
    }
  },
  "heapsort": {
    "base_native": {
      "mean": 1076655250.0,
      "median": 1076655250.0,
      "min": 1076655250.0,
      "max": 1076655250.0,
      "std_dev": 0.0
    },
    "wasmtime_app": {
      "mean": 1220780925.0,
      "median": 1220780925.0,
      "min": 1220780925.0,
      "max": 1220780925.0,
      "std_dev": 0.0
    }
  },
  "keccak": {
    "base_native": {
      "mean": 7486683.6,
      "median": 7489093.5,
      "min": 7472957.0,
      "max": 7497880.0,
      "std_dev": 7311.419229913954
    },
    "wasmtime_app": {
      "mean": 22947345.7,
      "median": 21351960.5,
      "min": 21253028.0,
      "max": 37356647.0,
      "std_dev": 5063384.363904641
    }
  },
  "matrix": {
    "base_native": {
      "mean": 377971607.5,
      "median": 377971607.5,
      "min": 377897751.0,
      "max": 378045464.0,
      "std_dev": 104448.8639694085
    },
    "wasmtime_app": {
      "mean": 533612458.0,
      "median": 533612458.0,
      "min": 529503477.0,
      "max": 537721439.0,
      "std_dev": 5810976.657733362
    }
  },
  "matrix2": {
    "base_native": {
      "mean": 194271172.0,
      "median": 194267791.0,
      "min": 194258704.0,
      "max": 194290402.0,
      "std_dev": 14860.169738824206
    },
    "wasmtime_app": {
      "mean": 260261445.0,
      "median": 257687573.0,
      "min": 257677249.0,
      "max": 265419513.0,
      "std_dev": 4467020.905000557
    }
  },
  "memmove": {
    "base_native": {
      "mean": 47392443.6,
      "median": 47389769.0,
      "min": 47329574.0,
      "max": 47488161.0,
      "std_dev": 41501.55378403186
    },
    "wasmtime_app": {
      "mean": 521297876.0,
      "median": 521297876.0,
      "min": 516194001.0,
      "max": 526401751.0,
      "std_dev": 7217969.24565698
    }
  },
  "minicsv": {
    "base_native": {
      "mean": 747025323.0,
      "median": 747025323.0,
      "min": 747025323.0,
      "max": 747025323.0,
      "std_dev": 0.0
    },
    "wasmtime_app": {
      "mean": 1113837918.0,
      "median": 1113837918.0,
      "min": 1113837918.0,
      "max": 1113837918.0,
      "std_dev": 0.0
    }
  },
  "nestedloop": {
    "base_native": {
      "mean": 1581160.6363636365,
      "median": 1584249.0,
      "min": 1555176.0,
      "max": 1598573.0,
      "std_dev": 13137.135907592088
    },
    "wasmtime_app": {
      "mean": 6279576.2,
      "median": 6185826.5,
      "min": 6141654.0,
      "max": 7136473.0,
      "std_dev": 302375.0025278765
    }
  },
  "nestedloop2": {
    "base_native": {
      "mean": 1598061.4545454546,
      "median": 1594973.0,
      "min": 1553876.0,
      "max": 1700565.0,
      "std_dev": 41049.23245899645
    },
    "wasmtime_app": {
      "mean": 6288823.2,
      "median": 6198588.5,
      "min": 6183352.0,
      "max": 7063302.0,
      "std_dev": 272686.1323344316
    }
  },
  "nestedloop3": {
    "base_native": {
      "mean": 2090233.8181818181,
      "median": 2088209.0,
      "min": 2075235.0,
      "max": 2114782.0,
      "std_dev": 10980.360001549874
    },
    "wasmtime_app": {
      "mean": 6867440.5,
      "median": 6744970.0,
      "min": 6667849.0,
      "max": 7968301.0,
      "std_dev": 389530.23747821344
    }
  },
  "random": {
    "base_native": {
      "mean": 577584226.0,
      "median": 577584226.0,
      "min": 577580551.0,
      "max": 577587901.0,
      "std_dev": 5197.234841721124
    },
    "wasmtime_app": {
      "mean": 290706781.6666667,
      "median": 290422406.0,
      "min": 290394458.0,
      "max": 291303481.0,
      "std_dev": 516945.6871629101
    }
  },
  "random2": {
    "base_native": {
      "mean": 577642896.5,
      "median": 577642896.5,
      "min": 577602275.0,
      "max": 577683518.0,
      "std_dev": 57447.476223938684
    },
    "wasmtime_app": {
      "mean": 290728022.0,
      "median": 290398682.0,
      "min": 290382483.0,
      "max": 291402901.0,
      "std_dev": 584518.4773649161
    }
  },
  "ratelimit": {
    "base_native": {
      "mean": 25935926.5,
      "median": 25936181.5,
      "min": 25909046.0,
      "max": 25963617.0,
      "std_dev": 20171.816379680724
    },
    "wasmtime_app": {
      "mean": 39070598.4,
      "median": 38337305.0,
      "min": 38304494.0,
      "max": 45583934.0,
      "std_dev": 2288917.479177982
    }
  },
  "seqhash": {
    "base_native": {
      "mean": 7131942543.0,
      "median": 7131942543.0,
      "min": 7131942543.0,
      "max": 7131942543.0,
      "std_dev": 0.0
    },
    "wasmtime_app": {
      "mean": 9694401297.0,
      "median": 9694401297.0,
      "min": 9694401297.0,
      "max": 9694401297.0,
      "std_dev": 0.0
    }
  },
  "sieve": {
    "base_native": {
      "mean": 569316781.5,
      "median": 569316781.5,
      "min": 569296083.0,
      "max": 569337480.0,
      "std_dev": 29272.09942077951
    },
    "wasmtime_app": {
      "mean": 767094506.0,
      "median": 767094506.0,
      "min": 767094506.0,
      "max": 767094506.0,
      "std_dev": 0.0
    }
  },
  "strcat": {
    "base_native": {
      "mean": 65879328.5,
      "median": 65843768.5,
      "min": 65826133.0,
      "max": 66023567.0,
      "std_dev": 68284.74326955392
    },
    "wasmtime_app": {
      "mean": 352742649.0,
      "median": 352742649.0,
      "min": 350218566.0,
      "max": 355266732.0,
      "std_dev": 3569592.4111553687
    }
  },
  "strcat2": {
    "base_native": {
      "mean": 2595080.3636363638,
      "median": 2593544.0,
      "min": 2583370.0,
      "max": 2611218.0,
      "std_dev": 8951.917719379768
    },
    "wasmtime_app": {
      "mean": 9454262.5,
      "median": 8527107.5,
      "min": 8506396.0,
      "max": 17824696.0,
      "std_dev": 2941083.705615188
    }
  },
  "strchr": {
    "base_native": {
      "mean": 155204464.6,
      "median": 155227198.0,
      "min": 155137855.0,
      "max": 155245371.0,
      "std_dev": 47167.42577563461
    },