{
  "ackermann": {
    "base_native": {
      "mean": 3384846.9,
      "median": 2974577.5,
      "min": 2942292.0,
      "max": 7095659.0,
      "std_dev": 1303972.1121292305
    },
    "wasmtime_app": {
      "mean": 9258566.0,
      "median": 8947769.0,
      "min": 8202725.0,
      "max": 12740787.0,
      "std_dev": 1288916.4852278056
    }
  },
  "base64": {
    "base_native": {
      "mean": 260858280.0,
      "median": 261583068.0,
      "min": 259335008.0,
      "max": 261656764.0,
      "std_dev": 1319706.772200552
    },
    "wasmtime_app": {
      "mean": 361953242.5,
      "median": 361953242.5,
      "min": 352738501.0,
      "max": 371167984.0,
      "std_dev": 13031612.403062198
    }
  },
  "ctype": {
    "base_native": {
      "mean": 657496839.0,
      "median": 657496839.0,
      "min": 654247178.0,
      "max": 660746500.0,
      "std_dev": 4595714.659314915
    },
    "wasmtime_app": {
      "mean": 993660942.0,
      "median": 993660942.0,
      "min": 993660942.0,
      "max": 993660942.0,
      "std_dev": 0.0
    }
  },
  "ed25519": {
    "base_native": {
      "mean": 1433015381.0,
      "median": 1433015381.0,
      "min": 1433015381.0,
      "max": 1433015381.0,
      "std_dev": 0.0
    },
    "wasmtime_app": {
      "mean": 6754871092.0,
      "median": 6754871092.0,
      "min": 6754871092.0,
      "max": 6754871092.0,
      "std_dev": 0.0
    }
  },
  "fib2": {
    "base_native": {
      "mean": 6955822116.0,
      "median": 6955822116.0,
      "min": 6955822116.0,
      "max": 6955822116.0,
      "std_dev": 0.0
    },
    "wasmtime_app": {
      "mean": 10704925609.0,
      "median": 10704925609.0,
      "min": 10704925609.0,
      "max": 10704925609.0,
      "std_dev": 0.0
    }
  },
  "gimli": {
    "base_native": {
      "mean": 4140250.2,
      "median": 4138868.0,
      "min": 4109869.0,
      "max": 4167916.0,
      "std_dev": 21155.221639638337
    },
    "wasmtime_app": {
      "mean": 9472343.7,
      "median": 9329309.0,
      "min": 9290612.0,
      "max": 10818523.0,
      "std_dev": 473347.2126486363
    }
  },
  "heapsort": {
    "base_native": {
      "mean": 1076337813.0,
      "median": 1076337813.0,
      "min": 1076337813.0,
      "max": 1076337813.0,
      "std_dev": 0.0
    },
    "wasmtime_app": {
      "mean": 1220278445.0,
      "median": 1220278445.0,
      "min": 1220278445.0,
      "max": 1220278445.0,
      "std_dev": 0.0
    }
  },
  "keccak": {
    "base_native": {
      "mean": 7475735.5,
      "median": 7476223.0,
      "min": 7462386.0,
      "max": 7491210.0,
      "std_dev": 8818.176635034404
    },
    "wasmtime_app": {
      "mean": 22875595.0,
      "median": 21299503.5,
      "min": 21061480.0,
      "max": 37285541.0,
      "std_dev": 5063944.691660225
    }
  },
  "matrix": {
    "base_native": {
      "mean": 377924586.5,
      "median": 377924586.5,
      "min": 377875852.0,
      "max": 377973321.0,
      "std_dev": 68920.9908554716
    },
    "wasmtime_app": {
      "mean": 534318262.5,
      "median": 534318262.5,
      "min": 529452069.0,
      "max": 539184456.0,
      "std_dev": 6881836.8448318
    }
  },
  "matrix2": {
    "base_native": {
      "mean": 194258477.0,
      "median": 194255308.5,
      "min": 194247096.0,
      "max": 194276195.0,
      "std_dev": 13807.561720545256
    },
    "wasmtime_app": {
      "mean": 260115863.66666666,
      "median": 257621208.0,
      "min": 257611359.0,
      "max": 265115024.0,
      "std_dev": 4329402.646957237
    }
  },
  "memmove": {
    "base_native": {
      "mean": 47308943.8,
      "median": 47303514.0,
      "min": 47285315.0,
      "max": 47351561.0,
      "std_dev": 24076.21172120823
    },
    "wasmtime_app": {
      "mean": 519939745.0,
      "median": 519939745.0,
      "min": 514831866.0,
      "max": 525047624.0,
      "std_dev": 7223631.756760722
    }
  },
  "minicsv": {
    "base_native": {
      "mean": 759433502.0,
      "median": 759433502.0,
      "min": 759433502.0,
      "max": 759433502.0,
      "std_dev": 0.0
    },
    "wasmtime_app": {
      "mean": 1115398818.0,
      "median": 1115398818.0,
      "min": 1115398818.0,
      "max": 1115398818.0,
      "std_dev": 0.0
    }
  },
  "nestedloop": {
    "base_native": {
      "mean": 1566045.4545454546,
      "median": 1570077.0,
      "min": 1538154.0,
      "max": 1590326.0,
      "std_dev": 17978.76794646194
    },
    "wasmtime_app": {
      "mean": 6258822.2,
      "median": 6170479.5,
      "min": 6110796.0,
      "max": 7038642.0,
      "std_dev": 275952.41818505194
    }
  },
  "nestedloop2": {
    "base_native": {
      "mean": 1591014.4545454546,
      "median": 1586051.0,
      "min": 1553878.0,
      "max": 1721418.0,
      "std_dev": 45330.122197857876
    },
    "wasmtime_app": {
      "mean": 6218464.5,
      "median": 6159205.5,
      "min": 5781290.0,
      "max": 7094064.0,
      "std_dev": 331839.1326060298
    }
  },
  "nestedloop3": {
    "base_native": {
      "mean": 2085774.6363636365,
      "median": 2082920.0,
      "min": 2069796.0,
      "max": 2107344.0,
      "std_dev": 11734.12446050175
    },
    "wasmtime_app": {
      "mean": 6816569.8,
      "median": 6705061.0,
      "min": 6652164.0,
      "max": 7907517.0,
      "std_dev": 384212.0602554445
    }
  },
  "random": {
    "base_native": {
      "mean": 578255006.5,
      "median": 578255006.5,
      "min": 577610384.0,
      "max": 578899629.0,
      "std_dev": 911633.8821108504
    },
    "wasmtime_app": {
      "mean": 290616506.0,
      "median": 290364237.0,
      "min": 290268043.0,
      "max": 291217238.0,
      "std_dev": 522467.72462708165
    }
  },
  "random2": {
    "base_native": {
      "mean": 577618583.5,
      "median": 577618583.5,
      "min": 577561137.0,
      "max": 577676030.0,
      "std_dev": 81241.619410866
    },
    "wasmtime_app": {
      "mean": 290649187.6666667,
      "median": 290332914.0,
      "min": 290323640.0,
      "max": 291291009.0,
      "std_dev": 555852.9209335266
    }
  },
  "ratelimit": {
    "base_native": {
      "mean": 25936815.1,
      "median": 25933877.5,
      "min": 25916891.0,
      "max": 25978888.0,
      "std_dev": 18468.268609518687
    },
    "wasmtime_app": {
      "mean": 39043071.4,
      "median": 38318918.5,
      "min": 38290957.0,
      "max": 45560887.0,
      "std_dev": 2290211.3265489135
    }
  },
  "seqhash": {
    "base_native": {
      "mean": 7112206712.0,
      "median": 7112206712.0,
      "min": 7112206712.0,
      "max": 7112206712.0,
      "std_dev": 0.0
    },
    "wasmtime_app": {
      "mean": 9694081912.0,
      "median": 9694081912.0,
      "min": 9694081912.0,
      "max": 9694081912.0,
      "std_dev": 0.0
    }
  },
  "sieve": {
    "base_native": {
      "mean": 569237503.5,
      "median": 569237503.5,
      "min": 569230254.0,
      "max": 569244753.0,
      "std_dev": 10252.341220423752
    },
    "wasmtime_app": {
      "mean": 766827425.0,
      "median": 766827425.0,
      "min": 766827425.0,
      "max": 766827425.0,
      "std_dev": 0.0
    }
  },
  "strcat": {
    "base_native": {
      "mean": 65844056.3,
      "median": 65838089.5,
      "min": 65822890.0,
      "max": 65901610.0,
      "std_dev": 24401.690187589695
    },
    "wasmtime_app": {
      "mean": 352680267.0,
      "median": 352680267.0,
      "min": 350170200.0,
      "max": 355190334.0,
      "std_dev": 3549770.7938651475
    }
  },
  "strcat2": {
    "base_native": {
      "mean": 2590322.909090909,
      "median": 2589364.0,
      "min": 2566465.0,
      "max": 2606488.0,
      "std_dev": 13169.094247172397
    },
    "wasmtime_app": {
      "mean": 9413659.6,
      "median": 8501807.0,
      "min": 8460085.0,
      "max": 17714924.0,
      "std_dev": 2916831.655321964
    }
  },
  "strchr": {
    "base_native": {
      "mean": 155077882.0,
      "median": 155064753.0,
      "min": 155028130.0,
      "max": 155142523.0,
      "std_dev": 43427.74279766334
    },