{
  "ackermann": {
    "base_native": {
      "mean": 3196678.6,
      "median": 2889556.5,
      "min": 2861158.0,
      "max": 6023624.0,
      "std_dev": 993408.4554524834
    },
    "wasmtime_app": {
      "mean": 9301627.7,
      "median": 8863330.0,
      "min": 8192285.0,
      "max": 14211307.0,
      "std_dev": 1770256.4974468811
    }
  },
  "base64": {
    "base_native": {
      "mean": 251780650.33333334,
      "median": 252330027.0,
      "min": 249517215.0,
      "max": 253494709.0,
      "std_dev": 2044865.6854222317
    },
    "wasmtime_app": {
      "mean": 363646503.5,
      "median": 363646503.5,
      "min": 356208346.0,
      "max": 371084661.0,
      "std_dev": 10519143.215567155
    }
  },
  "ctype": {
    "base_native": {
      "mean": 654852682.5,
      "median": 654852682.5,
      "min": 654702104.0,
      "max": 655003261.0,
      "std_dev": 212950.1569017971
    },
    "wasmtime_app": {
      "mean": 983199505.0,
      "median": 983199505.0,
      "min": 983199505.0,
      "max": 983199505.0,
      "std_dev": 0.0
    }
  },
  "ed25519": {
    "base_native": {
      "mean": 1433071016.0,
      "median": 1433071016.0,
      "min": 1433071016.0,
      "max": 1433071016.0,
      "std_dev": 0.0
    },
    "wasmtime_app": {
      "mean": 6758070799.0,
      "median": 6758070799.0,
      "min": 6758070799.0,
      "max": 6758070799.0,
      "std_dev": 0.0
    }
  },
  "fib2": {
    "base_native": {
      "mean": 6955930337.0,
      "median": 6955930337.0,
      "min": 6955930337.0,
      "max": 6955930337.0,
      "std_dev": 0.0
    },
    "wasmtime_app": {
      "mean": 10699556425.0,
      "median": 10699556425.0,
      "min": 10699556425.0,
      "max": 10699556425.0,
      "std_dev": 0.0
    }
  },
  "gimli": {
    "base_native": {
      "mean": 4149990.6,
      "median": 4149170.5,
      "min": 4138534.0,
      "max": 4171207.0,
      "std_dev": 10107.991076371209
    },
    "wasmtime_app": {
      "mean": 9519396.5,
      "median": 9373061.0,
      "min": 9358387.0,
      "max": 10860492.0,
      "std_dev": 471293.5066491062
    }
  },
  "heapsort": {
    "base_native": {
      "mean": 1076426380.0,
      "median": 1076426380.0,
      "min": 1076426380.0,
      "max": 1076426380.0,
      "std_dev": 0.0
    },
    "wasmtime_app": {
      "mean": 1220406602.0,
      "median": 1220406602.0,
      "min": 1220406602.0,
      "max": 1220406602.0,
      "std_dev": 0.0
    }
  },
  "keccak": {
    "base_native": {
      "mean": 7479979.5,
      "median": 7482239.0,
      "min": 7462316.0,
      "max": 7495389.0,
      "std_dev": 11461.321935099808
    },
    "wasmtime_app": {
      "mean": 22909030.4,
      "median": 21484350.0,
      "min": 21067126.0,
      "max": 37005450.0,
      "std_dev": 4956549.934569793
    }
  },
  "matrix": {
    "base_native": {
      "mean": 377885425.5,
      "median": 377885425.5,
      "min": 377858777.0,
      "max": 377912074.0,
      "std_dev": 37686.670116899426
    },
    "wasmtime_app": {
      "mean": 533886595.5,
      "median": 533886595.5,
      "min": 530038225.0,
      "max": 537734966.0,
      "std_dev": 5442417.754136529
    }
  },
  "matrix2": {
    "base_native": {
      "mean": 194274152.5,
      "median": 194274202.5,
      "min": 194251254.0,
      "max": 194296951.0,
      "std_dev": 21034.21106198186
    },
    "wasmtime_app": {
      "mean": 260253291.0,
      "median": 257747207.0,
      "min": 257667487.0,
      "max": 265345179.0,
      "std_dev": 4409884.507899045
    }
  },
  "memmove": {
    "base_native": {
      "mean": 47326625.1,
      "median": 47328460.0,
      "min": 47306424.0,
      "max": 47338972.0,
      "std_dev": 10429.941604715616
    },
    "wasmtime_app": {
      "mean": 520871163.5,
      "median": 520871163.5,
      "min": 516654866.0,
      "max": 525087461.0,
      "std_dev": 5962745.107499775
    }
  },
  "minicsv": {
    "base_native": {
      "mean": 742734834.0,
      "median": 742734834.0,
      "min": 742734834.0,
      "max": 742734834.0,
      "std_dev": 0.0
    },
    "wasmtime_app": {
      "mean": 1096459864.0,
      "median": 1096459864.0,
      "min": 1096459864.0,
      "max": 1096459864.0,
      "std_dev": 0.0
    }
  },
  "nestedloop": {
    "base_native": {
      "mean": 1584352.7272727273,
      "median": 1585207.0,
      "min": 1554859.0,
      "max": 1608856.0,
      "std_dev": 16367.449740817347
    },
    "wasmtime_app": {
      "mean": 6307863.1,
      "median": 6215934.0,
      "min": 6188386.0,
      "max": 7146900.0,
      "std_dev": 296045.7130311128
    }
  },
  "nestedloop2": {
    "base_native": {
      "mean": 1573742.0909090908,
      "median": 1580008.0,
      "min": 1549434.0,
      "max": 1587157.0,
      "std_dev": 13158.498762811398
    },
    "wasmtime_app": {
      "mean": 6279055.1,
      "median": 6189623.5,
      "min": 6172487.0,
      "max": 7061306.0,
      "std_dev": 275524.3624833886
    }
  },
  "nestedloop3": {
    "base_native": {
      "mean": 2106363.5454545454,
      "median": 2095878.0,
      "min": 2086703.0,
      "max": 2203321.0,
      "std_dev": 33774.13915220826
    },
    "wasmtime_app": {
      "mean": 6869475.5,
      "median": 6739576.0,
      "min": 6724327.0,
      "max": 7984098.0,
      "std_dev": 392280.0531896823
    }
  },
  "random": {
    "base_native": {
      "mean": 577590812.5,
      "median": 577590812.5,
      "min": 577585113.0,
      "max": 577596512.0,
      "std_dev": 8060.310198745456
    },
    "wasmtime_app": {
      "mean": 290724384.6666667,
      "median": 290447977.0,
      "min": 290438778.0,
      "max": 291286399.0,
      "std_dev": 486740.4221495615
    }
  },
  "random2": {
    "base_native": {
      "mean": 577656158.5,
      "median": 577656158.5,
      "min": 577580638.0,
      "max": 577731679.0,
      "std_dev": 106802.11533719732
    },
    "wasmtime_app": {
      "mean": 290703011.0,
      "median": 290430353.0,
      "min": 290392931.0,
      "max": 291285749.0,
      "std_dev": 505012.6572710827
    }
  },
  "ratelimit": {
    "base_native": {
      "mean": 25937608.7,
      "median": 25935391.0,
      "min": 25922417.0,
      "max": 25972414.0,
      "std_dev": 14140.11099319945
    },
    "wasmtime_app": {
      "mean": 39070272.5,
      "median": 38345640.5,
      "min": 38311618.0,
      "max": 45627633.0,
      "std_dev": 2304094.2532341206
    }
  },
  "seqhash": {
    "base_native": {
      "mean": 7108582085.0,
      "median": 7108582085.0,
      "min": 7108582085.0,
      "max": 7108582085.0,
      "std_dev": 0.0
    },
    "wasmtime_app": {
      "mean": 9687923581.0,
      "median": 9687923581.0,
      "min": 9687923581.0,
      "max": 9687923581.0,
      "std_dev": 0.0
    }
  },
  "sieve": {
    "base_native": {
      "mean": 569259759.5,
      "median": 569259759.5,
      "min": 569248073.0,
      "max": 569271446.0,
      "std_dev": 16527.206796673174
    },
    "wasmtime_app": {
      "mean": 766911018.0,
      "median": 766911018.0,
      "min": 766911018.0,
      "max": 766911018.0,
      "std_dev": 0.0
    }
  },
  "strcat": {
    "base_native": {
      "mean": 65853537.7,
      "median": 65839633.5,
      "min": 65817297.0,
      "max": 65982888.0,
      "std_dev": 46895.16192067863
    },
    "wasmtime_app": {
      "mean": 352758187.5,
      "median": 352758187.5,
      "min": 350214847.0,
      "max": 355301528.0,
      "std_dev": 3596826.6288327686
    }
  },
  "strcat2": {
    "base_native": {
      "mean": 2583471.8181818184,
      "median": 2585199.0,
      "min": 2552226.0,
      "max": 2617722.0,
      "std_dev": 18052.7741182245
    },
    "wasmtime_app": {
      "mean": 9420347.7,
      "median": 8514289.5,
      "min": 8476642.0,
      "max": 17650791.0,
      "std_dev": 2891931.7050064974
    }
  },
  "strchr": {
    "base_native": {
      "mean": 154537983.0,
      "median": 154589235.0,
      "min": 154395696.0,
      "max": 154629433.0,
      "std_dev": 96894.99763403682
    },