{
  "ackermann": {
    "base_native": {
      "mean": 3676022.8,
      "median": 3027429.5,
      "min": 2995393.0,
      "max": 9517478.0,
      "std_dev": 2052547.5260674804
    },
    "wasmtime_app": {
      "mean": 9391008.3,
      "median": 9189767.0,
      "min": 8165323.0,
      "max": 12920561.0,
      "std_dev": 1365495.8078204945
    }
  },
  "base64": {
    "base_native": {
      "mean": 264301201.33333334,
      "median": 265911926.0,
      "min": 260992207.0,
      "max": 265999471.0,
      "std_dev": 2866007.4415954216
    },
    "wasmtime_app": {
      "mean": 379241671.5,
      "median": 379241671.5,
      "min": 369023586.0,
      "max": 389459757.0,
      "std_dev": 14450555.095587868
    }
  },
  "ctype": {
    "base_native": {
      "mean": 659264602.5,
      "median": 659264602.5,
      "min": 653928406.0,
      "max": 664600799.0,
      "std_dev": 7546521.461787841
    },
    "wasmtime_app": {
      "mean": 999858682.0,
      "median": 999858682.0,
      "min": 999858682.0,
      "max": 999858682.0,
      "std_dev": 0.0
    }
  },
  "ed25519": {
    "base_native": {
      "mean": 1434050628.0,
      "median": 1434050628.0,
      "min": 1434050628.0,
      "max": 1434050628.0,
      "std_dev": 0.0
    },
    "wasmtime_app": {
      "mean": 6781302608.0,
      "median": 6781302608.0,
      "min": 6781302608.0,
      "max": 6781302608.0,
      "std_dev": 0.0
    }
  },
  "fib2": {
    "base_native": {
      "mean": 6956909473.0,
      "median": 6956909473.0,
      "min": 6956909473.0,
      "max": 6956909473.0,
      "std_dev": 0.0
    },
    "wasmtime_app": {
      "mean": 10668161359.0,
      "median": 10668161359.0,
      "min": 10668161359.0,
      "max": 10668161359.0,
      "std_dev": 0.0
    }
  },
  "gimli": {
    "base_native": {
      "mean": 4144583.2,
      "median": 4141820.5,
      "min": 4120959.0,
      "max": 4187456.0,
      "std_dev": 17954.782580446667
    },
    "wasmtime_app": {
      "mean": 9507149.3,
      "median": 9351783.0,
      "min": 9316985.0,
      "max": 10822677.0,
      "std_dev": 463779.46556311776
    }
  },
  "heapsort": {
    "base_native": {
      "mean": 1076731121.0,
      "median": 1076731121.0,
      "min": 1076731121.0,
      "max": 1076731121.0,
      "std_dev": 0.0
    },
    "wasmtime_app": {
      "mean": 1220343801.0,
      "median": 1220343801.0,
      "min": 1220343801.0,
      "max": 1220343801.0,
      "std_dev": 0.0
    }
  },
  "keccak": {
    "base_native": {
      "mean": 7476252.1,
      "median": 7474847.0,
      "min": 7454711.0,
      "max": 7488684.0,
      "std_dev": 9826.405508175974
    },
    "wasmtime_app": {
      "mean": 22848687.0,
      "median": 21311109.5,
      "min": 21000014.0,
      "max": 36917785.0,
      "std_dev": 4946727.539354657
    }
  },
  "matrix": {
    "base_native": {
      "mean": 377919031.5,
      "median": 377919031.5,
      "min": 377874359.0,
      "max": 377963704.0,
      "std_dev": 63176.45536511209
    },
    "wasmtime_app": {
      "mean": 533604405.5,
      "median": 533604405.5,
      "min": 529349603.0,
      "max": 537859208.0,
      "std_dev": 6017199.400718951
    }
  },
  "matrix2": {
    "base_native": {
      "mean": 194286656.5,
      "median": 194272851.0,
      "min": 194268639.0,
      "max": 194332285.0,
      "std_dev": 30665.839392827103
    },
    "wasmtime_app": {
      "mean": 260129510.33333334,
      "median": 257600817.0,
      "min": 257538595.0,
      "max": 265249119.0,
      "std_dev": 4433820.313135991
    }
  },
  "memmove": {
    "base_native": {
      "mean": 47341162.0,
      "median": 47349229.0,
      "min": 47314531.0,
      "max": 47357304.0,
      "std_dev": 16746.845122456813
    },
    "wasmtime_app": {
      "mean": 520702855.5,
      "median": 520702855.5,
      "min": 516403918.0,
      "max": 525001793.0,
      "std_dev": 6079615.716294288
    }
  },
  "minicsv": {
    "base_native": {
      "mean": 752330572.0,
      "median": 752330572.0,
      "min": 752330572.0,
      "max": 752330572.0,
      "std_dev": 0.0
    },
    "wasmtime_app": {
      "mean": 1111103086.0,
      "median": 1111103086.0,
      "min": 1111103086.0,
      "max": 1111103086.0,
      "std_dev": 0.0
    }
  },
  "nestedloop": {
    "base_native": {
      "mean": 1568306.3636363635,
      "median": 1570918.0,
      "min": 1544944.0,
      "max": 1579617.0,
      "std_dev": 11900.7795649926
    },
    "wasmtime_app": {
      "mean": 6225773.1,
      "median": 6147472.5,
      "min": 6061365.0,
      "max": 7100957.0,
      "std_dev": 310613.5939968751
    }
  },
  "nestedloop2": {
    "base_native": {
      "mean": 1574133.2727272727,
      "median": 1577692.0,
      "min": 1554418.0,
      "max": 1588642.0,
      "std_dev": 13766.292587991213
    },
    "wasmtime_app": {
      "mean": 6262463.4,
      "median": 6161134.0,
      "min": 6151760.0,
      "max": 7119531.0,
      "std_dev": 301735.6569325026
    }
  },
  "nestedloop3": {
    "base_native": {
      "mean": 2087554.3636363635,
      "median": 2085016.0,
      "min": 2069142.0,
      "max": 2136463.0,
      "std_dev": 17393.86916860494
    },
    "wasmtime_app": {
      "mean": 6843141.5,
      "median": 6719840.5,
      "min": 6684230.0,
      "max": 7945436.0,
      "std_dev": 388071.3615759206
    }
  },
  "random": {
    "base_native": {
      "mean": 577745980.5,
      "median": 577745980.5,
      "min": 577685284.0,
      "max": 577806677.0,
      "std_dev": 85837.81348857857
    },
    "wasmtime_app": {
      "mean": 290624526.0,
      "median": 290325184.0,
      "min": 290315610.0,
      "max": 291232784.0,
      "std_dev": 526788.6305644799
    }
  },
  "random2": {
    "base_native": {
      "mean": 577739593.5,
      "median": 577739593.5,
      "min": 577685309.0,
      "max": 577793878.0,
      "std_dev": 76769.87612664228
    },
    "wasmtime_app": {
      "mean": 290660265.3333333,
      "median": 290355157.0,
      "min": 290326384.0,
      "max": 291299255.0,
      "std_dev": 553568.2586297136
    }
  },
  "ratelimit": {
    "base_native": {
      "mean": 25933763.9,
      "median": 25924559.5,
      "min": 25913547.0,
      "max": 26006343.0,
      "std_dev": 27353.295631016343
    },
    "wasmtime_app": {
      "mean": 38996147.4,
      "median": 38289996.5,
      "min": 38235237.0,
      "max": 45476137.0,
      "std_dev": 2276968.609805551
    }
  },
  "seqhash": {
    "base_native": {
      "mean": 7109001137.0,
      "median": 7109001137.0,
      "min": 7109001137.0,
      "max": 7109001137.0,
      "std_dev": 0.0
    },
    "wasmtime_app": {
      "mean": 9678777147.0,
      "median": 9678777147.0,
      "min": 9678777147.0,
      "max": 9678777147.0,
      "std_dev": 0.0
    }
  },
  "sieve": {
    "base_native": {
      "mean": 569310046.0,
      "median": 569310046.0,
      "min": 569289197.0,
      "max": 569330895.0,
      "std_dev": 29484.938561916657
    },
    "wasmtime_app": {
      "mean": 766999573.0,
      "median": 766999573.0,
      "min": 766999573.0,
      "max": 766999573.0,
      "std_dev": 0.0
    }
  },
  "strcat": {
    "base_native": {
      "mean": 65881669.6,
      "median": 65876187.5,
      "min": 65845139.0,
      "max": 65974482.0,
      "std_dev": 34343.21351430132
    },
    "wasmtime_app": {
      "mean": 352742998.0,
      "median": 352742998.0,
      "min": 350212350.0,
      "max": 355273646.0,
      "std_dev": 3578876.723192348
    }
  },
  "strcat2": {
    "base_native": {
      "mean": 2595527.8181818184,
      "median": 2593439.0,
      "min": 2581190.0,
      "max": 2614613.0,
      "std_dev": 10205.722677186382
    },
    "wasmtime_app": {
      "mean": 9438785.4,
      "median": 8500942.0,
      "min": 8469007.0,
      "max": 17870412.0,
      "std_dev": 2962724.7486090004
    }
  },
  "strchr": {
    "base_native": {
      "mean": 155261878.8,
      "median": 155258324.0,
      "min": 155211726.0,
      "max": 155327520.0,
      "std_dev": 42097.71009449326
    },