{
  "ackermann": {
    "base_native": {
      "mean": 3250233.2,
      "median": 2934158.5,
      "min": 2904010.0,
      "max": 6130753.0,
      "std_dev": 1012388.8424961143
    },
    "wasmtime_app": {
      "mean": 9408919.9,
      "median": 9197798.5,
      "min": 8078497.0,
      "max": 13596586.0,
      "std_dev": 1561521.6996572036
    }
  },
  "base64": {
    "base_native": {
      "mean": 256335870.0,
      "median": 257418642.0,
      "min": 254058357.0,
      "max": 257530611.0,
      "std_dev": 1973178.4924626055
    },
    "wasmtime_app": {
      "mean": 358424723.0,
      "median": 358424723.0,
      "min": 351546285.0,
      "max": 365303161.0,
      "std_dev": 9727580.307542467
    }
  },
  "ctype": {
    "base_native": {
      "mean": 654212603.5,
      "median": 654212603.5,
      "min": 653637636.0,
      "max": 654787571.0,
      "std_dev": 813126.8364237525
    },
    "wasmtime_app": {
      "mean": 982358427.0,
      "median": 982358427.0,
      "min": 982358427.0,
      "max": 982358427.0,
      "std_dev": 0.0
    }
  },
  "ed25519": {
    "base_native": {
      "mean": 1433472787.0,
      "median": 1433472787.0,
      "min": 1433472787.0,
      "max": 1433472787.0,
      "std_dev": 0.0
    },
    "wasmtime_app": {
      "mean": 6765135167.0,
      "median": 6765135167.0,
      "min": 6765135167.0,
      "max": 6765135167.0,
      "std_dev": 0.0
    }
  },
  "fib2": {
    "base_native": {
      "mean": 6956046335.0,
      "median": 6956046335.0,
      "min": 6956046335.0,
      "max": 6956046335.0,
      "std_dev": 0.0
    },
    "wasmtime_app": {
      "mean": 10688601842.0,
      "median": 10688601842.0,
      "min": 10688601842.0,
      "max": 10688601842.0,
      "std_dev": 0.0
    }
  },
  "gimli": {
    "base_native": {
      "mean": 4139777.8,
      "median": 4138990.0,
      "min": 4121066.0,
      "max": 4157939.0,
      "std_dev": 10223.442242654326
    },
    "wasmtime_app": {
      "mean": 9488699.6,
      "median": 9349176.5,
      "min": 9311116.0,
      "max": 10809968.0,
      "std_dev": 464525.690840118
    }
  },
  "heapsort": {
    "base_native": {
      "mean": 1076251437.0,
      "median": 1076251437.0,
      "min": 1076251437.0,
      "max": 1076251437.0,
      "std_dev": 0.0
    },
    "wasmtime_app": {
      "mean": 1220415376.0,
      "median": 1220415376.0,
      "min": 1220415376.0,
      "max": 1220415376.0,
      "std_dev": 0.0
    }
  },
  "keccak": {
    "base_native": {
      "mean": 7485268.7,
      "median": 7487763.5,
      "min": 7464177.0,
      "max": 7494101.0,
      "std_dev": 9120.559157444484
    },
    "wasmtime_app": {
      "mean": 22865768.1,
      "median": 21340130.0,
      "min": 21175041.0,
      "max": 36923262.0,
      "std_dev": 4939895.76170756
    }
  },
  "matrix": {
    "base_native": {
      "mean": 377931365.0,
      "median": 377931365.0,
      "min": 377887680.0,
      "max": 377975050.0,
      "std_dev": 61779.91947226866
    },
    "wasmtime_app": {
      "mean": 533805529.0,
      "median": 533805529.0,
      "min": 529348820.0,
      "max": 538262238.0,
      "std_dev": 6302738.311350234
    }
  },
  "matrix2": {
    "base_native": {
      "mean": 194261795.5,
      "median": 194256527.0,
      "min": 194249440.0,
      "max": 194284688.0,
      "std_dev": 16065.701136271644
    },
    "wasmtime_app": {
      "mean": 260172262.33333334,
      "median": 257645444.0,
      "min": 257601497.0,
      "max": 265269846.0,
      "std_dev": 4414691.638574809
    }
  },
  "memmove": {
    "base_native": {
      "mean": 47330138.1,
      "median": 47329785.5,
      "min": 47317649.0,
      "max": 47348722.0,
      "std_dev": 9096.667722608952
    },
    "wasmtime_app": {
      "mean": 520777280.0,
      "median": 520777280.0,
      "min": 516476011.0,
      "max": 525078549.0,
      "std_dev": 6082912.9552149605
    }
  },
  "minicsv": {
    "base_native": {
      "mean": 721955748.0,
      "median": 721955748.0,
      "min": 721955748.0,
      "max": 721955748.0,
      "std_dev": 0.0
    },
    "wasmtime_app": {
      "mean": 1104838051.0,
      "median": 1104838051.0,
      "min": 1104838051.0,
      "max": 1104838051.0,
      "std_dev": 0.0
    }
  },
  "nestedloop": {
    "base_native": {
      "mean": 1579046.8181818181,
      "median": 1587360.0,
      "min": 1554112.0,
      "max": 1607234.0,
      "std_dev": 16797.802980260134
    },
    "wasmtime_app": {
      "mean": 6242239.2,
      "median": 6145985.5,
      "min": 6120600.0,
      "max": 7106010.0,
      "std_dev": 304510.8451999699
    }
  },
  "nestedloop2": {
    "base_native": {
      "mean": 1595359.1818181819,
      "median": 1591385.0,
      "min": 1559586.0,
      "max": 1685079.0,
      "std_dev": 35222.29321273157
    },
    "wasmtime_app": {
      "mean": 6239419.4,
      "median": 6159247.0,
      "min": 6131449.0,
      "max": 6994318.0,
      "std_dev": 265844.0862896061
    }
  },
  "nestedloop3": {
    "base_native": {
      "mean": 2097419.4545454546,
      "median": 2095181.0,
      "min": 2071782.0,
      "max": 2113805.0,
      "std_dev": 13485.09274987485
    },
    "wasmtime_app": {
      "mean": 6817389.2,
      "median": 6694324.5,
      "min": 6675188.0,
      "max": 7897059.0,
      "std_dev": 379739.6096662963
    }
  },
  "random": {
    "base_native": {
      "mean": 577609198.0,
      "median": 577609198.0,
      "min": 577560488.0,
      "max": 577657908.0,
      "std_dev": 68886.34262319346
    },
    "wasmtime_app": {
      "mean": 290639397.0,
      "median": 290371731.0,
      "min": 290345633.0,
      "max": 291200827.0,
      "std_dev": 486387.7157947145
    }
  },
  "random2": {
    "base_native": {
      "mean": 577680431.5,
      "median": 577680431.5,
      "min": 577564188.0,
      "max": 577796675.0,
      "std_dev": 164393.13423771688
    },
    "wasmtime_app": {
      "mean": 290643980.0,
      "median": 290345383.0,
      "min": 290345058.0,
      "max": 291241499.0,
      "std_dev": 517466.6587588035
    }
  },
  "ratelimit": {
    "base_native": {
      "mean": 25918298.8,
      "median": 25917859.0,
      "min": 25906709.0,
      "max": 25942407.0,
      "std_dev": 9980.314310347812
    },
    "wasmtime_app": {
      "mean": 39046286.4,
      "median": 38327546.0,
      "min": 38298648.0,
      "max": 45528425.0,
      "std_dev": 2277641.360335643
    }
  },
  "seqhash": {
    "base_native": {
      "mean": 7121215345.0,
      "median": 7121215345.0,
      "min": 7121215345.0,
      "max": 7121215345.0,
      "std_dev": 0.0
    },
    "wasmtime_app": {
      "mean": 9672391476.0,
      "median": 9672391476.0,
      "min": 9672391476.0,
      "max": 9672391476.0,
      "std_dev": 0.0
    }
  },
  "sieve": {
    "base_native": {
      "mean": 569234621.5,
      "median": 569234621.5,
      "min": 569216735.0,
      "max": 569252508.0,
      "std_dev": 25295.330883386363
    },
    "wasmtime_app": {
      "mean": 767248279.0,
      "median": 767248279.0,
      "min": 767248279.0,
      "max": 767248279.0,
      "std_dev": 0.0
    }
  },
  "strcat": {
    "base_native": {
      "mean": 65852430.5,
      "median": 65841813.5,
      "min": 65828202.0,
      "max": 65923322.0,
      "std_dev": 28643.307770848598
    },
    "wasmtime_app": {
      "mean": 352707334.0,
      "median": 352707334.0,
      "min": 347274439.0,
      "max": 358140229.0,
      "std_dev": 7683273.791948976
    }
  },
  "strcat2": {
    "base_native": {
      "mean": 2589189.4545454546,
      "median": 2586553.0,
      "min": 2560605.0,
      "max": 2620226.0,
      "std_dev": 17709.288931877738
    },
    "wasmtime_app": {
      "mean": 9387026.4,
      "median": 8464471.5,
      "min": 8425849.0,
      "max": 17720417.0,
      "std_dev": 2928123.9620854016
    }
  },
  "strchr": {
    "base_native": {
      "mean": 155105308.4,
      "median": 155101454.0,
      "min": 155062231.0,
      "max": 155157700.0,
      "std_dev": 40733.046943483125
    },