{
  "ackermann": {
    "base_native": {
      "mean": 3329304.5,
      "median": 3026668.0,
      "min": 2992070.0,
      "max": 6126531.0,
      "std_dev": 982981.8031326081
    },
    "wasmtime_app": {
      "mean": 9394103.7,
      "median": 8815550.5,
      "min": 8114142.0,
      "max": 12551254.0,
      "std_dev": 1256776.7511384077
    }
  },
  "base64": {
    "base_native": {
      "mean": 264993663.66666666,
      "median": 265861753.0,
      "min": 263137492.0,
      "max": 265981746.0,
      "std_dev": 1608611.0537088613
    },
    "wasmtime_app": {
      "mean": 360464116.0,
      "median": 360464116.0,
      "min": 355626691.0,
      "max": 365301541.0,
      "std_dev": 6841152.041962669
    }
  },
  "ctype": {
    "base_native": {
      "mean": 660545229.5,
      "median": 660545229.5,
      "min": 654190274.0,
      "max": 666900185.0,
      "std_dev": 8987264.256377494
    },
    "wasmtime_app": {
      "mean": 984029224.0,
      "median": 984029224.0,
      "min": 984029224.0,
      "max": 984029224.0,
      "std_dev": 0.0
    }
  },
  "ed25519": {
    "base_native": {
      "mean": 1433173127.0,
      "median": 1433173127.0,
      "min": 1433173127.0,
      "max": 1433173127.0,
      "std_dev": 0.0
    },
    "wasmtime_app": {
      "mean": 6750914576.0,
      "median": 6750914576.0,
      "min": 6750914576.0,
      "max": 6750914576.0,
      "std_dev": 0.0
    }
  },
  "fib2": {
    "base_native": {
      "mean": 6955994793.0,
      "median": 6955994793.0,
      "min": 6955994793.0,
      "max": 6955994793.0,
      "std_dev": 0.0
    },
    "wasmtime_app": {
      "mean": 10680468288.0,
      "median": 10680468288.0,
      "min": 10680468288.0,
      "max": 10680468288.0,
      "std_dev": 0.0
    }
  },
  "gimli": {
    "base_native": {
      "mean": 4154137.4,
      "median": 4150387.5,
      "min": 4129751.0,
      "max": 4186723.0,
      "std_dev": 16474.84140675648
    },
    "wasmtime_app": {
      "mean": 9534015.6,
      "median": 9392041.5,
      "min": 9364293.0,
      "max": 10843980.0,
      "std_dev": 460576.8643155137
    }
  },
  "heapsort": {
    "base_native": {
      "mean": 1076305740.0,
      "median": 1076305740.0,
      "min": 1076305740.0,
      "max": 1076305740.0,
      "std_dev": 0.0
    },
    "wasmtime_app": {
      "mean": 1220455924.0,
      "median": 1220455924.0,
      "min": 1220455924.0,
      "max": 1220455924.0,
      "std_dev": 0.0
    }
  },
  "keccak": {
    "base_native": {
      "mean": 7486169.8,
      "median": 7485612.5,
      "min": 7469626.0,
      "max": 7501424.0,
      "std_dev": 8382.321235128662
    },
    "wasmtime_app": {
      "mean": 22917687.5,
      "median": 21290984.0,
      "min": 21116745.0,
      "max": 37399777.0,
      "std_dev": 5089932.007409927
    }
  },
  "matrix": {
    "base_native": {
      "mean": 377897597.5,
      "median": 377897597.5,
      "min": 377873374.0,
      "max": 377921821.0,
      "std_dev": 34257.20222814467
    },
    "wasmtime_app": {
      "mean": 533583891.0,
      "median": 533583891.0,
      "min": 529395190.0,
      "max": 537772592.0,
      "std_dev": 5923717.762925746
    }
  },
  "matrix2": {
    "base_native": {
      "mean": 194265485.25,
      "median": 194262679.0,
      "min": 194247380.0,
      "max": 194289203.0,
      "std_dev": 17553.566311436545
    },
    "wasmtime_app": {
      "mean": 260226718.66666666,
      "median": 257669812.0,
      "min": 257630740.0,
      "max": 265379604.0,
      "std_dev": 4462572.363464522
    }
  },
  "memmove": {
    "base_native": {
      "mean": 47332763.3,
      "median": 47330156.0,
      "min": 47308257.0,
      "max": 47363754.0,
      "std_dev": 14077.252723217458
    },
    "wasmtime_app": {
      "mean": 521014325.5,
      "median": 521014325.5,
      "min": 516673496.0,
      "max": 525355155.0,
      "std_dev": 6138859.950849221
    }
  },
  "minicsv": {
    "base_native": {
      "mean": 754720285.0,
      "median": 754720285.0,
      "min": 754720285.0,
      "max": 754720285.0,
      "std_dev": 0.0
    },
    "wasmtime_app": {
      "mean": 1105741441.0,
      "median": 1105741441.0,
      "min": 1105741441.0,
      "max": 1105741441.0,
      "std_dev": 0.0
    }
  },
  "nestedloop": {
    "base_native": {
      "mean": 1585590.6363636365,
      "median": 1588354.0,
      "min": 1557381.0,
      "max": 1602028.0,
      "std_dev": 14991.769397057356
    },
    "wasmtime_app": {
      "mean": 6281211.3,
      "median": 6190719.5,
      "min": 6164933.0,
      "max": 7116752.0,
      "std_dev": 293895.3265285865
    }
  },
  "nestedloop2": {
    "base_native": {
      "mean": 1598458.0,
      "median": 1589704.0,
      "min": 1562456.0,
      "max": 1636951.0,
      "std_dev": 26204.41280013731
    },
    "wasmtime_app": {
      "mean": 6289828.2,
      "median": 6203630.5,
      "min": 6160058.0,
      "max": 7046506.0,
      "std_dev": 267270.0831501099
    }
  },
  "nestedloop3": {
    "base_native": {
      "mean": 2097425.8181818184,
      "median": 2092949.0,
      "min": 2068125.0,
      "max": 2140921.0,
      "std_dev": 18520.046575633558
    },
    "wasmtime_app": {
      "mean": 6832978.5,
      "median": 6715213.0,
      "min": 6656504.0,
      "max": 7961926.0,
      "std_dev": 397200.9748822237
    }
  },
  "random": {
    "base_native": {
      "mean": 577576451.5,
      "median": 577576451.5,
      "min": 577554878.0,
      "max": 577598025.0,
      "std_dev": 30509.536287855964
    },
    "wasmtime_app": {
      "mean": 290710949.0,
      "median": 290447990.0,
      "min": 290388018.0,
      "max": 291296839.0,
      "std_dev": 508280.90586898895
    }
  },
  "random2": {
    "base_native": {
      "mean": 577852047.5,
      "median": 577852047.5,
      "min": 577654297.0,
      "max": 578049798.0,
      "std_dev": 279661.43906606076
    },
    "wasmtime_app": {
      "mean": 290697074.6666667,
      "median": 290417691.0,
      "min": 290391243.0,
      "max": 291282290.0,
      "std_dev": 506983.8399321356
    }
  },
  "ratelimit": {
    "base_native": {
      "mean": 25914890.1,
      "median": 25915067.5,
      "min": 25896369.0,
      "max": 25949391.0,
      "std_dev": 15127.242536783318
    },
    "wasmtime_app": {
      "mean": 39054421.1,
      "median": 38328872.0,
      "min": 38286074.0,
      "max": 45562817.0,
      "std_dev": 2287016.3346231724
    }
  },
  "seqhash": {
    "base_native": {
      "mean": 7120274024.0,
      "median": 7120274024.0,
      "min": 7120274024.0,
      "max": 7120274024.0,
      "std_dev": 0.0
    },
    "wasmtime_app": {
      "mean": 9700000677.0,
      "median": 9700000677.0,
      "min": 9700000677.0,
      "max": 9700000677.0,
      "std_dev": 0.0
    }
  },
  "sieve": {
    "base_native": {
      "mean": 569234240.0,
      "median": 569234240.0,
      "min": 569210429.0,
      "max": 569258051.0,
      "std_dev": 33673.839133665766
    },
    "wasmtime_app": {
      "mean": 767127038.0,
      "median": 767127038.0,
      "min": 767127038.0,
      "max": 767127038.0,
      "std_dev": 0.0
    }
  },
  "strcat": {
    "base_native": {
      "mean": 65856068.1,
      "median": 65846931.5,
      "min": 65829395.0,
      "max": 65964112.0,
      "std_dev": 38875.63560737982
    },
    "wasmtime_app": {
      "mean": 352707315.0,
      "median": 352707315.0,
      "min": 350166416.0,
      "max": 355248214.0,
      "std_dev": 3593373.826420235
    }
  },
  "strcat2": {
    "base_native": {
      "mean": 2589109.909090909,
      "median": 2588744.0,
      "min": 2566195.0,
      "max": 2607843.0,
      "std_dev": 11488.393033445063
    },
    "wasmtime_app": {
      "mean": 9414087.6,
      "median": 8497057.0,
      "min": 8458397.0,
      "max": 17702898.0,
      "std_dev": 2912492.7950212914
    }
  },
  "strchr": {
    "base_native": {
      "mean": 154842372.4,
      "median": 154854422.0,
      "min": 154644959.0,
      "max": 154983664.0,
      "std_dev": 126122.65545610749
    },