{
  "ackermann": {
    "base_native": {
      "mean": 3183953.9,
      "median": 2891134.5,
      "min": 2847650.0,
      "max": 5391268.0,
      "std_dev": 792747.4991104532
    },
    "wasmtime_app": {
      "mean": 9304135.0,
      "median": 8901740.5,
      "min": 8176532.0,
      "max": 13383559.0,
      "std_dev": 1496648.1098819901
    }
  },
  "base64": {
    "base_native": {
      "mean": 250827011.33333334,
      "median": 249498918.0,
      "min": 249493443.0,
      "max": 253488673.0,
      "std_dev": 2305068.2451412003
    },
    "wasmtime_app": {
      "mean": 364457924.0,
      "median": 364457924.0,
      "min": 357779793.0,
      "max": 371136055.0,
      "std_dev": 9444303.4315042
    }
  },
  "ctype": {
    "base_native": {
      "mean": 654662833.0,
      "median": 654662833.0,
      "min": 653934365.0,
      "max": 655391301.0,
      "std_dev": 1030209.3253548038
    },
    "wasmtime_app": {
      "mean": 979365279.0,
      "median": 979365279.0,
      "min": 979365279.0,
      "max": 979365279.0,
      "std_dev": 0.0
    }
  },
  "ed25519": {
    "base_native": {
      "mean": 1433066188.0,
      "median": 1433066188.0,
      "min": 1433066188.0,
      "max": 1433066188.0,
      "std_dev": 0.0
    },
    "wasmtime_app": {
      "mean": 6733995533.0,
      "median": 6733995533.0,
      "min": 6733995533.0,
      "max": 6733995533.0,
      "std_dev": 0.0
    }
  },
  "fib2": {
    "base_native": {
      "mean": 6956282886.0,
      "median": 6956282886.0,
      "min": 6956282886.0,
      "max": 6956282886.0,
      "std_dev": 0.0
    },
    "wasmtime_app": {
      "mean": 10683937795.0,
      "median": 10683937795.0,
      "min": 10683937795.0,
      "max": 10683937795.0,
      "std_dev": 0.0
    }
  },
  "gimli": {
    "base_native": {
      "mean": 4149284.6,
      "median": 4146545.0,
      "min": 4124721.0,
      "max": 4180793.0,
      "std_dev": 16070.984123914475
    },
    "wasmtime_app": {
      "mean": 9474887.8,
      "median": 9333716.0,
      "min": 9300443.0,
      "max": 10789683.0,
      "std_dev": 462328.03886629624
    }
  },
  "heapsort": {
    "base_native": {
      "mean": 1076311860.0,
      "median": 1076311860.0,
      "min": 1076311860.0,
      "max": 1076311860.0,
      "std_dev": 0.0
    },
    "wasmtime_app": {
      "mean": 1220402798.0,
      "median": 1220402798.0,
      "min": 1220402798.0,
      "max": 1220402798.0,
      "std_dev": 0.0
    }
  },
  "keccak": {
    "base_native": {
      "mean": 7484667.2,
      "median": 7486064.5,
      "min": 7465316.0,
      "max": 7499964.0,
      "std_dev": 11837.042768830022
    },
    "wasmtime_app": {
      "mean": 22851302.9,
      "median": 21287632.0,
      "min": 21128042.0,
      "max": 37028482.0,
      "std_dev": 4982708.235724903
    }
  },
  "matrix": {
    "base_native": {
      "mean": 377901565.0,
      "median": 377901565.0,
      "min": 377896528.0,
      "max": 377906602.0,
      "std_dev": 7123.393713673279
    },
    "wasmtime_app": {
      "mean": 533575080.0,
      "median": 533575080.0,
      "min": 529530574.0,
      "max": 537619586.0,
      "std_dev": 5719795.238299357
    }
  },
  "matrix2": {
    "base_native": {
      "mean": 194275336.25,
      "median": 194274286.0,
      "min": 194254763.0,
      "max": 194298010.0,
      "std_dev": 21638.142301269763
    },
    "wasmtime_app": {
      "mean": 260206989.0,
      "median": 257707965.0,
      "min": 257663218.0,
      "max": 265249784.0,
      "std_dev": 4367245.886427852
    }
  },
  "memmove": {
    "base_native": {
      "mean": 47329933.5,
      "median": 47327891.0,
      "min": 47314267.0,
      "max": 47348890.0,
      "std_dev": 9939.53451011554
    },
    "wasmtime_app": {
      "mean": 520322737.5,
      "median": 520322737.5,
      "min": 515784884.0,
      "max": 524860591.0,
      "std_dev": 6417493.963762218
    }
  },
  "minicsv": {
    "base_native": {
      "mean": 741865462.0,
      "median": 741865462.0,
      "min": 741865462.0,
      "max": 741865462.0,
      "std_dev": 0.0
    },
    "wasmtime_app": {
      "mean": 1110634099.0,
      "median": 1110634099.0,
      "min": 1110634099.0,
      "max": 1110634099.0,
      "std_dev": 0.0
    }
  },
  "nestedloop": {
    "base_native": {
      "mean": 1573655.0,
      "median": 1577653.0,
      "min": 1550379.0,
      "max": 1588502.0,
      "std_dev": 12562.869250294696
    },
    "wasmtime_app": {
      "mean": 6280515.3,
      "median": 6195232.5,
      "min": 6150198.0,
      "max": 7133092.0,
      "std_dev": 300320.73501288216
    }
  },
  "nestedloop2": {
    "base_native": {
      "mean": 1575034.5454545454,
      "median": 1580977.0,
      "min": 1555229.0,
      "max": 1590227.0,
      "std_dev": 12975.954734536002
    },
    "wasmtime_app": {
      "mean": 6288155.0,
      "median": 6180071.0,
      "min": 6146298.0,
      "max": 7326806.0,
      "std_dev": 365379.6957695743
    }
  },
  "nestedloop3": {
    "base_native": {
      "mean": 2080187.5454545454,
      "median": 2079922.0,
      "min": 2060923.0,
      "max": 2102720.0,
      "std_dev": 10476.340127770158
    },
    "wasmtime_app": {
      "mean": 6828543.9,
      "median": 6706191.0,
      "min": 6695217.0,
      "max": 7889873.0,
      "std_dev": 373126.53188174654
    }
  },
  "random": {
    "base_native": {
      "mean": 577627004.5,
      "median": 577627004.5,
      "min": 577572608.0,
      "max": 577681401.0,
      "std_dev": 76928.26804562807
    },
    "wasmtime_app": {
      "mean": 290671380.3333333,
      "median": 290393721.0,
      "min": 290374822.0,
      "max": 291245598.0,
      "std_dev": 497376.8587141277
    }
  },
  "random2": {
    "base_native": {
      "mean": 577646228.0,
      "median": 577646228.0,
      "min": 577602031.0,
      "max": 577690425.0,
      "std_dev": 62503.99681620368
    },
    "wasmtime_app": {
      "mean": 290688346.0,
      "median": 290375647.0,
      "min": 290362623.0,
      "max": 291326768.0,
      "std_dev": 552928.0185584738
    }
  },
  "ratelimit": {
    "base_native": {
      "mean": 25923974.1,
      "median": 25926231.5,
      "min": 25881159.0,
      "max": 25967429.0,
      "std_dev": 27148.039370377293
    },
    "wasmtime_app": {
      "mean": 39028078.0,
      "median": 38304172.0,
      "min": 38290935.0,
      "max": 45547270.0,
      "std_dev": 2290636.5089701354
    }
  },
  "seqhash": {
    "base_native": {
      "mean": 7120279983.0,
      "median": 7120279983.0,
      "min": 7120279983.0,
      "max": 7120279983.0,
      "std_dev": 0.0
    },
    "wasmtime_app": {
      "mean": 9711876073.0,
      "median": 9711876073.0,
      "min": 9711876073.0,
      "max": 9711876073.0,
      "std_dev": 0.0
    }
  },
  "sieve": {
    "base_native": {
      "mean": 569211259.0,
      "median": 569211259.0,
      "min": 569207622.0,
      "max": 569214896.0,
      "std_dev": 5143.494726350947
    },
    "wasmtime_app": {
      "mean": 767098516.0,
      "median": 767098516.0,
      "min": 767098516.0,
      "max": 767098516.0,
      "std_dev": 0.0
    }
  },
  "strcat": {
    "base_native": {
      "mean": 65872459.1,
      "median": 65862677.0,
      "min": 65836504.0,
      "max": 66008518.0,
      "std_dev": 49590.93982316169
    },
    "wasmtime_app": {
      "mean": 352669273.0,
      "median": 352669273.0,
      "min": 350156629.0,
      "max": 355181917.0,
      "std_dev": 3553415.222215383
    }
  },
  "strcat2": {
    "base_native": {
      "mean": 2594103.6363636362,
      "median": 2593240.0,
      "min": 2569567.0,
      "max": 2611964.0,
      "std_dev": 12646.120996358743
    },
    "wasmtime_app": {
      "mean": 9356077.1,
      "median": 8439554.5,
      "min": 8407594.0,
      "max": 17623617.0,
      "std_dev": 2905009.925344469
    }
  },
  "strchr": {
    "base_native": {
      "mean": 155189568.2,
      "median": 155180789.0,
      "min": 155138191.0,
      "max": 155241060.0,
      "std_dev": 39448.27629567609
    },