{
  "ackermann": {
    "base_native": {
      "mean": 3180635.6,
      "median": 2883897.5,
      "min": 2843912.0,
      "max": 5976084.0,
      "std_dev": 982400.3107587729
    },
    "wasmtime_app": {
      "mean": 9632662.0,
      "median": 9045724.5,
      "min": 8290816.0,
      "max": 15565939.0,
      "std_dev": 2186751.2024306236
    }
  },
  "base64": {
    "base_native": {
      "mean": 249542279.66666666,
      "median": 249506415.0,
      "min": 249495091.0,
      "max": 249625333.0,
      "std_dev": 72148.80717886702
    },
    "wasmtime_app": {
      "mean": 366394209.5,
      "median": 366394209.5,
      "min": 355924351.0,
      "max": 376864068.0,
      "std_dev": 14806615.886827229
    }
  },
  "ctype": {
    "base_native": {
      "mean": 654031899.5,
      "median": 654031899.5,
      "min": 653653984.0,
      "max": 654409815.0,
      "std_dev": 534453.2255310094
    },
    "wasmtime_app": {
      "mean": 984606100.0,
      "median": 984606100.0,
      "min": 984606100.0,
      "max": 984606100.0,
      "std_dev": 0.0
    }
  },
  "ed25519": {
    "base_native": {
      "mean": 1433245108.0,
      "median": 1433245108.0,
      "min": 1433245108.0,
      "max": 1433245108.0,
      "std_dev": 0.0
    },
    "wasmtime_app": {
      "mean": 6774793248.0,
      "median": 6774793248.0,
      "min": 6774793248.0,
      "max": 6774793248.0,
      "std_dev": 0.0
    }
  },
  "fib2": {
    "base_native": {
      "mean": 6956193599.0,
      "median": 6956193599.0,
      "min": 6956193599.0,
      "max": 6956193599.0,
      "std_dev": 0.0
    },
    "wasmtime_app": {
      "mean": 10669279680.0,
      "median": 10669279680.0,
      "min": 10669279680.0,
      "max": 10669279680.0,
      "std_dev": 0.0
    }
  },
  "gimli": {
    "base_native": {
      "mean": 4175998.7,
      "median": 4176436.0,
      "min": 4148913.0,
      "max": 4216884.0,
      "std_dev": 19657.800758929716
    },
    "wasmtime_app": {
      "mean": 9471753.4,
      "median": 9320846.5,
      "min": 9311260.0,
      "max": 10797228.0,
      "std_dev": 466105.75896158535
    }
  },
  "heapsort": {
    "base_native": {
      "mean": 1076446538.0,
      "median": 1076446538.0,
      "min": 1076446538.0,
      "max": 1076446538.0,
      "std_dev": 0.0
    },
    "wasmtime_app": {
      "mean": 1220350170.0,
      "median": 1220350170.0,
      "min": 1220350170.0,
      "max": 1220350170.0,
      "std_dev": 0.0
    }
  },
  "keccak": {
    "base_native": {
      "mean": 7491629.6,
      "median": 7491959.5,
      "min": 7464249.0,
      "max": 7504296.0,
      "std_dev": 10822.681698893097
    },
    "wasmtime_app": {
      "mean": 22815088.3,
      "median": 21253299.5,
      "min": 20976590.0,
      "max": 37108698.0,
      "std_dev": 5026074.891586941
    }
  },
  "matrix": {
    "base_native": {
      "mean": 377877616.5,
      "median": 377877616.5,
      "min": 377871717.0,
      "max": 377883516.0,
      "std_dev": 8343.152911220075
    },
    "wasmtime_app": {
      "mean": 533735497.5,
      "median": 533735497.5,
      "min": 529515881.0,
      "max": 537955114.0,
      "std_dev": 5967438.882313291
    }
  },
  "matrix2": {
    "base_native": {
      "mean": 194271647.5,
      "median": 194268604.0,
      "min": 194255617.0,
      "max": 194293765.0,
      "std_dev": 15983.767380272608
    },
    "wasmtime_app": {
      "mean": 260174776.66666666,
      "median": 257645283.0,
      "min": 257610135.0,
      "max": 265268912.0,
      "std_dev": 4411685.612236249
    }
  },
  "memmove": {
    "base_native": {
      "mean": 47340558.8,
      "median": 47340986.5,
      "min": 47318275.0,
      "max": 47359473.0,
      "std_dev": 13052.35587760139
    },
    "wasmtime_app": {
      "mean": 522650547.5,
      "median": 522650547.5,
      "min": 516456102.0,
      "max": 528844993.0,
      "std_dev": 8760268.837480988
    }
  },
  "minicsv": {
    "base_native": {
      "mean": 759279033.0,
      "median": 759279033.0,
      "min": 759279033.0,
      "max": 759279033.0,
      "std_dev": 0.0
    },
    "wasmtime_app": {
      "mean": 1106834544.0,
      "median": 1106834544.0,
      "min": 1106834544.0,
      "max": 1106834544.0,
      "std_dev": 0.0
    }
  },
  "nestedloop": {
    "base_native": {
      "mean": 1610371.2727272727,
      "median": 1607333.0,
      "min": 1579484.0,
      "max": 1654205.0,
      "std_dev": 21968.392017127284
    },
    "wasmtime_app": {
      "mean": 6273822.9,
      "median": 6184795.5,
      "min": 6142435.0,
      "max": 7136330.0,
      "std_dev": 304106.5046446904
    }
  },
  "nestedloop2": {
    "base_native": {
      "mean": 1607796.5454545454,
      "median": 1611758.0,
      "min": 1579634.0,
      "max": 1628457.0,
      "std_dev": 15743.817480926513
    },
    "wasmtime_app": {
      "mean": 6295156.5,
      "median": 6208443.5,
      "min": 6177308.0,
      "max": 7108057.0,
      "std_dev": 286152.82663299964
    }
  },
  "nestedloop3": {
    "base_native": {
      "mean": 2114090.272727273,
      "median": 2116954.0,
      "min": 2095130.0,
      "max": 2128428.0,
      "std_dev": 10599.4182962171
    },
    "wasmtime_app": {
      "mean": 6854723.0,
      "median": 6734339.5,
      "min": 6725178.0,
      "max": 7924061.0,
      "std_dev": 375847.4557917229
    }
  },
  "random": {
    "base_native": {
      "mean": 577614409.0,
      "median": 577614409.0,
      "min": 577570924.0,
      "max": 577657894.0,
      "std_dev": 61497.076759794036
    },
    "wasmtime_app": {
      "mean": 290670549.3333333,
      "median": 290395398.0,
      "min": 290391948.0,
      "max": 291224302.0,
      "std_dev": 479566.97916488507
    }
  },
  "random2": {
    "base_native": {
      "mean": 577717740.5,
      "median": 577717740.5,
      "min": 577600422.0,
      "max": 577835059.0,
      "std_dev": 165913.41381726795
    },
    "wasmtime_app": {
      "mean": 290684723.3333333,
      "median": 290388323.0,
      "min": 290355475.0,
      "max": 291310372.0,
      "std_dev": 542076.5059955405
    }
  },
  "ratelimit": {
    "base_native": {
      "mean": 25911808.6,
      "median": 25911458.5,
      "min": 25894347.0,
      "max": 25933245.0,
      "std_dev": 12021.588184964952
    },
    "wasmtime_app": {
      "mean": 39013710.6,
      "median": 38293920.5,
      "min": 38253235.0,
      "max": 45519433.0,
      "std_dev": 2286047.0416524294
    }
  },
  "seqhash": {
    "base_native": {
      "mean": 7133480834.0,
      "median": 7133480834.0,
      "min": 7133480834.0,
      "max": 7133480834.0,
      "std_dev": 0.0
    },
    "wasmtime_app": {
      "mean": 9690268245.0,
      "median": 9690268245.0,
      "min": 9690268245.0,
      "max": 9690268245.0,
      "std_dev": 0.0
    }
  },
  "sieve": {
    "base_native": {
      "mean": 569306420.5,
      "median": 569306420.5,
      "min": 569296696.0,
      "max": 569316145.0,
      "std_dev": 13752.519787297162
    },
    "wasmtime_app": {
      "mean": 767003153.0,
      "median": 767003153.0,
      "min": 767003153.0,
      "max": 767003153.0,
      "std_dev": 0.0
    }
  },
  "strcat": {
    "base_native": {
      "mean": 65852385.1,
      "median": 65840968.0,
      "min": 65836919.0,
      "max": 65933363.0,
      "std_dev": 29106.591611027063
    },
    "wasmtime_app": {
      "mean": 352746301.5,
      "median": 352746301.5,
      "min": 347277529.0,
      "max": 358215074.0,
      "std_dev": 7734012.239033017
    }
  },
  "strcat2": {
    "base_native": {
      "mean": 2602187.4545454546,
      "median": 2601726.0,
      "min": 2588627.0,
      "max": 2618775.0,
      "std_dev": 10108.890575761876
    },
    "wasmtime_app": {
      "mean": 9393005.3,
      "median": 8490280.0,
      "min": 8451407.0,
      "max": 17591052.0,
      "std_dev": 2880581.3727145833
    }
  },
  "strchr": {
    "base_native": {
      "mean": 155368335.8,
      "median": 155443856.0,
      "min": 155140699.0,
      "max": 155577049.0,
      "std_dev": 183713.3081426057
    },