{
  "ackermann": {
    "base_native": {
      "mean": 3420943.9,
      "median": 2891420.0,
      "min": 2856859.0,
      "max": 8226570.0,
      "std_dev": 1688697.1799213507
    },
    "wasmtime_app": {
      "mean": 8313354.6,
      "median": 7977863.5,
      "min": 7910680.0,
      "max": 9469392.0,
      "std_dev": 525358.2754612322
    }
  },
  "base64": {
    "base_native": {
      "mean": 252912594.0,
      "median": 253400570.0,
      "min": 251872295.0,
      "max": 253464917.0,
      "std_dev": 901499.6623144126
    },
    "wasmtime_app": {
      "mean": 355093663.0,
      "median": 355093663.0,
      "min": 350446937.0,
      "max": 359740389.0,
      "std_dev": 6571462.929831683
    }
  },
  "ctype": {
    "base_native": {
      "mean": 654017817.0,
      "median": 654017817.0,
      "min": 653747543.0,
      "max": 654288091.0,
      "std_dev": 382225.1563568259
    },
    "wasmtime_app": {
      "mean": 982359192.0,
      "median": 982359192.0,
      "min": 982359192.0,
      "max": 982359192.0,
      "std_dev": 0.0
    }
  },
  "ed25519": {
    "base_native": {
      "mean": 1433394548.0,
      "median": 1433394548.0,
      "min": 1433394548.0,
      "max": 1433394548.0,
      "std_dev": 0.0
    },
    "wasmtime_app": {
      "mean": 6767098475.0,
      "median": 6767098475.0,
      "min": 6767098475.0,
      "max": 6767098475.0,
      "std_dev": 0.0
    }
  },
  "fib2": {
    "base_native": {
      "mean": 6956003112.0,
      "median": 6956003112.0,
      "min": 6956003112.0,
      "max": 6956003112.0,
      "std_dev": 0.0
    },
    "wasmtime_app": {
      "mean": 10688388078.0,
      "median": 10688388078.0,
      "min": 10688388078.0,
      "max": 10688388078.0,
      "std_dev": 0.0
    }
  },
  "gimli": {
    "base_native": {
      "mean": 4140160.9,
      "median": 4138608.5,
      "min": 4112972.0,
      "max": 4173144.0,
      "std_dev": 17601.70000280907
    },
    "wasmtime_app": {
      "mean": 9510874.7,
      "median": 9354361.0,
      "min": 9336299.0,
      "max": 10878013.0,
      "std_dev": 480652.8975725623
    }
  },
  "heapsort": {
    "base_native": {
      "mean": 1076398570.0,
      "median": 1076398570.0,
      "min": 1076398570.0,
      "max": 1076398570.0,
      "std_dev": 0.0
    },
    "wasmtime_app": {
      "mean": 1220418076.0,
      "median": 1220418076.0,
      "min": 1220418076.0,
      "max": 1220418076.0,
      "std_dev": 0.0
    }
  },
  "keccak": {
    "base_native": {
      "mean": 7491913.8,
      "median": 7491143.5,
      "min": 7481757.0,
      "max": 7504031.0,
      "std_dev": 7329.740935243058
    },
    "wasmtime_app": {
      "mean": 22942571.4,
      "median": 21377622.0,
      "min": 21199907.0,
      "max": 37320125.0,
      "std_dev": 5052216.65284154
    }
  },
  "matrix": {
    "base_native": {
      "mean": 377882901.5,
      "median": 377882901.5,
      "min": 377871352.0,
      "max": 377894451.0,
      "std_dev": 16333.459538628062
    },
    "wasmtime_app": {
      "mean": 533626270.5,
      "median": 533626270.5,
      "min": 529399746.0,
      "max": 537852795.0,
      "std_dev": 5977208.269602165
    }
  },
  "matrix2": {
    "base_native": {
      "mean": 194272501.0,
      "median": 194264164.0,
      "min": 194257427.0,
      "max": 194304249.0,
      "std_dev": 21805.48253689119
    },
    "wasmtime_app": {
      "mean": 260238877.66666666,
      "median": 257679780.0,
      "min": 257673455.0,
      "max": 265363398.0,
      "std_dev": 4437965.917677414
    }
  },
  "memmove": {
    "base_native": {
      "mean": 47335180.5,
      "median": 47333923.0,
      "min": 47315024.0,
      "max": 47352872.0,
      "std_dev": 9976.788976307847
    },
    "wasmtime_app": {
      "mean": 520409964.0,
      "median": 520409964.0,
      "min": 515665993.0,
      "max": 525153935.0,
      "std_dev": 6708988.127704654
    }
  },
  "minicsv": {
    "base_native": {
      "mean": 740483305.0,
      "median": 740483305.0,
      "min": 740483305.0,
      "max": 740483305.0,
      "std_dev": 0.0
    },
    "wasmtime_app": {
      "mean": 1111085526.0,
      "median": 1111085526.0,
      "min": 1111085526.0,
      "max": 1111085526.0,
      "std_dev": 0.0
    }
  },
  "nestedloop": {
    "base_native": {
      "mean": 1578603.7272727273,
      "median": 1583472.0,
      "min": 1549798.0,
      "max": 1589896.0,
      "std_dev": 13685.906554488154
    },
    "wasmtime_app": {
      "mean": 6303559.9,
      "median": 6216362.5,
      "min": 6182902.0,
      "max": 7134648.0,
      "std_dev": 292668.01726850466
    }
  },
  "nestedloop2": {
    "base_native": {
      "mean": 1578878.8181818181,
      "median": 1581847.0,
      "min": 1546124.0,
      "max": 1603096.0,
      "std_dev": 19859.054165887064
    },
    "wasmtime_app": {
      "mean": 6352917.0,
      "median": 6265909.5,
      "min": 6207725.0,
      "max": 7175721.0,
      "std_dev": 290443.7667455326
    }
  },
  "nestedloop3": {
    "base_native": {
      "mean": 2078790.4545454546,
      "median": 2078547.0,
      "min": 2048274.0,
      "max": 2139919.0,
      "std_dev": 25163.88200323486
    },
    "wasmtime_app": {
      "mean": 6879932.5,
      "median": 6757194.5,
      "min": 6731396.0,
      "max": 7947227.0,
      "std_dev": 376238.2145506724
    }
  },
  "random": {
    "base_native": {
      "mean": 578376247.0,
      "median": 578376247.0,
      "min": 577583986.0,
      "max": 579168508.0,
      "std_dev": 1120426.2511392706
    },
    "wasmtime_app": {
      "mean": 290700322.6666667,
      "median": 290439987.0,
      "min": 290398940.0,
      "max": 291262041.0,
      "std_dev": 486895.0898852168
    }
  },
  "random2": {
    "base_native": {
      "mean": 577639608.5,
      "median": 577639608.5,
      "min": 577587411.0,
      "max": 577691806.0,
      "std_dev": 73818.41242196962
    },
    "wasmtime_app": {
      "mean": 290713297.0,
      "median": 290406989.0,
      "min": 290391765.0,
      "max": 291341137.0,
      "std_dev": 543778.6698133717
    }
  },
  "ratelimit": {
    "base_native": {
      "mean": 25933367.5,
      "median": 25933687.5,
      "min": 25910001.0,
      "max": 25955549.0,
      "std_dev": 14248.78149371221
    },
    "wasmtime_app": {
      "mean": 39009110.1,
      "median": 38296895.0,
      "min": 38236074.0,
      "max": 45516689.0,
      "std_dev": 2286732.7021257235
    }
  },
  "seqhash": {
    "base_native": {
      "mean": 7123876461.0,
      "median": 7123876461.0,
      "min": 7123876461.0,
      "max": 7123876461.0,
      "std_dev": 0.0
    },
    "wasmtime_app": {
      "mean": 9676065821.0,
      "median": 9676065821.0,
      "min": 9676065821.0,
      "max": 9676065821.0,
      "std_dev": 0.0
    }
  },
  "sieve": {
    "base_native": {
      "mean": 569264645.0,
      "median": 569264645.0,
      "min": 569247121.0,
      "max": 569282169.0,
      "std_dev": 24782.67846702612
    },
    "wasmtime_app": {
      "mean": 766658025.0,
      "median": 766658025.0,
      "min": 766658025.0,
      "max": 766658025.0,
      "std_dev": 0.0
    }
  },
  "strcat": {
    "base_native": {
      "mean": 65862387.2,
      "median": 65851988.0,
      "min": 65840413.0,
      "max": 65968557.0,
      "std_dev": 38099.29516933352
    },
    "wasmtime_app": {
      "mean": 351252217.0,
      "median": 351252217.0,
      "min": 350185527.0,
      "max": 352318907.0,
      "std_dev": 1508527.4648477568
    }
  },
  "strcat2": {
    "base_native": {
      "mean": 2601926.3636363638,
      "median": 2599622.0,
      "min": 2581048.0,
      "max": 2619496.0,
      "std_dev": 11303.264548551693
    },
    "wasmtime_app": {
      "mean": 9437741.1,
      "median": 8526495.0,
      "min": 8456924.0,
      "max": 17702254.0,
      "std_dev": 2904053.1921564173
    }
  },
  "strchr": {
    "base_native": {
      "mean": 155195426.6,
      "median": 155192722.0,
      "min": 155120475.0,
      "max": 155273168.0,
      "std_dev": 54142.758622922054
    },