{
  "ackermann": {
    "base_native": {
      "mean": 3324580.9,
      "median": 2850983.0,
      "min": 2815510.0,
      "max": 7658659.0,
      "std_dev": 1522918.8594673823
    },
    "wasmtime_app": {
      "mean": 9418590.6,
      "median": 8821005.0,
      "min": 8330946.0,
      "max": 13112021.0,
      "std_dev": 1456401.157521451
    }
  },
  "base64": {
    "base_native": {
      "mean": 249530760.33333334,
      "median": 249515295.0,
      "min": 249514570.0,
      "max": 249562416.0,
      "std_dev": 27417.008048533182
    },
    "wasmtime_app": {
      "mean": 370675532.5,
      "median": 370675532.5,
      "min": 364121247.0,
      "max": 377229818.0,
      "std_dev": 9269159.445765322
    }
  },
  "ctype": {
    "base_native": {
      "mean": 653746547.5,
      "median": 653746547.5,
      "min": 653729636.0,
      "max": 653763459.0,
      "std_dev": 23916.472660072595
    },
    "wasmtime_app": {
      "mean": 990122417.0,
      "median": 990122417.0,
      "min": 990122417.0,
      "max": 990122417.0,
      "std_dev": 0.0
    }
  },
  "ed25519": {
    "base_native": {
      "mean": 1433153245.0,
      "median": 1433153245.0,
      "min": 1433153245.0,
      "max": 1433153245.0,
      "std_dev": 0.0
    },
    "wasmtime_app": {
      "mean": 6778653196.0,
      "median": 6778653196.0,
      "min": 6778653196.0,
      "max": 6778653196.0,
      "std_dev": 0.0
    }
  },
  "fib2": {
    "base_native": {
      "mean": 6956036981.0,
      "median": 6956036981.0,
      "min": 6956036981.0,
      "max": 6956036981.0,
      "std_dev": 0.0
    },
    "wasmtime_app": {
      "mean": 10666808300.0,
      "median": 10666808300.0,
      "min": 10666808300.0,
      "max": 10666808300.0,
      "std_dev": 0.0
    }
  },
  "gimli": {
    "base_native": {
      "mean": 4147538.1,
      "median": 4149933.0,
      "min": 4124197.0,
      "max": 4165244.0,
      "std_dev": 12994.899259581302
    },
    "wasmtime_app": {
      "mean": 9538816.2,
      "median": 9401621.5,
      "min": 9345012.0,
      "max": 10862100.0,
      "std_dev": 465827.289467483
    }
  },
  "heapsort": {
    "base_native": {
      "mean": 1076460008.0,
      "median": 1076460008.0,
      "min": 1076460008.0,
      "max": 1076460008.0,
      "std_dev": 0.0
    },
    "wasmtime_app": {
      "mean": 1220496301.0,
      "median": 1220496301.0,
      "min": 1220496301.0,
      "max": 1220496301.0,
      "std_dev": 0.0
    }
  },
  "keccak": {
    "base_native": {
      "mean": 7479544.0,
      "median": 7480833.5,
      "min": 7458098.0,
      "max": 7500395.0,
      "std_dev": 12417.36976085426
    },
    "wasmtime_app": {
      "mean": 22887928.9,
      "median": 21380958.0,
      "min": 21014942.0,
      "max": 37183187.0,
      "std_dev": 5025304.558995304
    }
  },
  "matrix": {
    "base_native": {
      "mean": 377916109.5,
      "median": 377916109.5,
      "min": 377913010.0,
      "max": 377919209.0,
      "std_dev": 4383.354936575408
    },
    "wasmtime_app": {
      "mean": 534092327.5,
      "median": 534092327.5,
      "min": 530069334.0,
      "max": 538115321.0,
      "std_dev": 5689371.969038806
    }
  },
  "matrix2": {
    "base_native": {
      "mean": 194263797.75,
      "median": 194263473.0,
      "min": 194249236.0,
      "max": 194279009.0,
      "std_dev": 13152.479522254856
    },
    "wasmtime_app": {
      "mean": 260269915.33333334,
      "median": 257726562.0,
      "min": 257714312.0,
      "max": 265368872.0,
      "std_dev": 4415830.25398773
    }
  },
  "memmove": {
    "base_native": {
      "mean": 47356364.7,
      "median": 47338803.5,
      "min": 47313818.0,
      "max": 47480156.0,
      "std_dev": 46941.79907324956
    },
    "wasmtime_app": {
      "mean": 520502021.0,
      "median": 520502021.0,
      "min": 515966919.0,
      "max": 525037123.0,
      "std_dev": 6413602.755145348
    }
  },
  "minicsv": {
    "base_native": {
      "mean": 757259924.0,
      "median": 757259924.0,
      "min": 757259924.0,
      "max": 757259924.0,
      "std_dev": 0.0
    },
    "wasmtime_app": {
      "mean": 1095371643.0,
      "median": 1095371643.0,
      "min": 1095371643.0,
      "max": 1095371643.0,
      "std_dev": 0.0
    }
  },
  "nestedloop": {
    "base_native": {
      "mean": 1574807.1818181819,
      "median": 1577018.0,
      "min": 1550095.0,
      "max": 1597842.0,
      "std_dev": 13593.8975265976
    },
    "wasmtime_app": {
      "mean": 6319908.9,
      "median": 6233741.0,
      "min": 6205418.0,
      "max": 7128965.0,
      "std_dev": 284901.7769994307
    }
  },
  "nestedloop2": {
    "base_native": {
      "mean": 1574414.0909090908,
      "median": 1579443.0,
      "min": 1551020.0,
      "max": 1603042.0,
      "std_dev": 16870.477310701943
    },
    "wasmtime_app": {
      "mean": 6309869.3,
      "median": 6217604.5,
      "min": 6198993.0,
      "max": 7068043.0,
      "std_dev": 267707.0748440666
    }
  },
  "nestedloop3": {
    "base_native": {
      "mean": 2094165.5454545454,
      "median": 2085659.0,
      "min": 2062011.0,
      "max": 2138056.0,
      "std_dev": 20790.191131221647
    },
    "wasmtime_app": {
      "mean": 6887231.1,
      "median": 6762636.0,
      "min": 6744312.0,
      "max": 8006064.0,
      "std_dev": 393303.83590310946
    }
  },
  "random": {
    "base_native": {
      "mean": 577601318.5,
      "median": 577601318.5,
      "min": 577583182.0,
      "max": 577619455.0,
      "std_dev": 25648.88427397964
    },
    "wasmtime_app": {
      "mean": 290768995.6666667,
      "median": 290479329.0,
      "min": 290457630.0,
      "max": 291370028.0,
      "std_dev": 520622.33042228734
    }
  },
  "random2": {
    "base_native": {
      "mean": 577639728.5,
      "median": 577639728.5,
      "min": 577589357.0,
      "max": 577690100.0,
      "std_dev": 71236.05845707636
    },
    "wasmtime_app": {
      "mean": 290785170.0,
      "median": 290481279.0,
      "min": 290480604.0,
      "max": 291393627.0,
      "std_dev": 526939.3271933686
    }
  },
  "ratelimit": {
    "base_native": {
      "mean": 25929193.3,
      "median": 25930180.5,
      "min": 25901908.0,
      "max": 25943680.0,
      "std_dev": 13706.795038714678
    },
    "wasmtime_app": {
      "mean": 39099814.8,
      "median": 38382181.0,
      "min": 38352945.0,
      "max": 45590629.0,
      "std_dev": 2280681.5119627826
    }
  },
  "seqhash": {
    "base_native": {
      "mean": 7119924910.0,
      "median": 7119924910.0,
      "min": 7119924910.0,
      "max": 7119924910.0,
      "std_dev": 0.0
    },
    "wasmtime_app": {
      "mean": 9692616716.0,
      "median": 9692616716.0,
      "min": 9692616716.0,
      "max": 9692616716.0,
      "std_dev": 0.0
    }
  },
  "sieve": {
    "base_native": {
      "mean": 569267178.5,
      "median": 569267178.5,
      "min": 569238593.0,
      "max": 569295764.0,
      "std_dev": 40426.00178721611
    },
    "wasmtime_app": {
      "mean": 767269176.0,
      "median": 767269176.0,
      "min": 767269176.0,
      "max": 767269176.0,
      "std_dev": 0.0
    }
  },
  "strcat": {
    "base_native": {
      "mean": 65875159.4,
      "median": 65862195.5,
      "min": 65844896.0,
      "max": 66003286.0,
      "std_dev": 46255.60688464337
    },
    "wasmtime_app": {
      "mean": 351274172.5,
      "median": 351274172.5,
      "min": 347269965.0,
      "max": 355278380.0,
      "std_dev": 5662804.553056065
    }
  },
  "strcat2": {
    "base_native": {
      "mean": 2591927.5454545454,
      "median": 2588800.0,
      "min": 2565502.0,
      "max": 2613249.0,
      "std_dev": 14113.690037432707
    },
    "wasmtime_app": {
      "mean": 9417775.6,
      "median": 8508572.5,
      "min": 8474237.0,
      "max": 17611437.0,
      "std_dev": 2879013.78955407
    }
  },
  "strchr": {
    "base_native": {
      "mean": 155142316.2,
      "median": 155145716.0,
      "min": 155104694.0,
      "max": 155183688.0,
      "std_dev": 28992.05265585726
    },