{
  "ackermann": {
    "base_native": {
      "mean": 3286256.4,
      "median": 2979389.0,
      "min": 2952628.0,
      "max": 6070047.0,
      "std_dev": 978313.9328821693
    },
    "wasmtime_app": {
      "mean": 9262874.4,
      "median": 8727692.0,
      "min": 8008551.0,
      "max": 14919525.0,
      "std_dev": 2052558.852884164
    }
  },
  "base64": {
    "base_native": {
      "mean": 261027145.0,
      "median": 261582546.0,
      "min": 259802274.0,
      "max": 261696615.0,
      "std_dev": 1062301.5857895534
    },
    "wasmtime_app": {
      "mean": 355014133.0,
      "median": 355014133.0,
      "min": 350312940.0,
      "max": 359715326.0,
      "std_dev": 6648490.899933457
    }
  },
  "ctype": {
    "base_native": {
      "mean": 657139519.0,
      "median": 657139519.0,
      "min": 653677395.0,
      "max": 660601643.0,
      "std_dev": 4896182.71541739
    },
    "wasmtime_app": {
      "mean": 984297050.0,
      "median": 984297050.0,
      "min": 984297050.0,
      "max": 984297050.0,
      "std_dev": 0.0
    }
  },
  "ed25519": {
    "base_native": {
      "mean": 1433015399.0,
      "median": 1433015399.0,
      "min": 1433015399.0,
      "max": 1433015399.0,
      "std_dev": 0.0
    },
    "wasmtime_app": {
      "mean": 6726260932.0,
      "median": 6726260932.0,
      "min": 6726260932.0,
      "max": 6726260932.0,
      "std_dev": 0.0
    }
  },
  "fib2": {
    "base_native": {
      "mean": 6955865185.0,
      "median": 6955865185.0,
      "min": 6955865185.0,
      "max": 6955865185.0,
      "std_dev": 0.0
    },
    "wasmtime_app": {
      "mean": 10670600793.0,
      "median": 10670600793.0,
      "min": 10670600793.0,
      "max": 10670600793.0,
      "std_dev": 0.0
    }
  },
  "gimli": {
    "base_native": {
      "mean": 4149048.9,
      "median": 4149946.5,
      "min": 4134685.0,
      "max": 4164183.0,
      "std_dev": 9295.646130790958
    },
    "wasmtime_app": {
      "mean": 9482025.1,
      "median": 9338189.5,
      "min": 9260470.0,
      "max": 10796069.0,
      "std_dev": 462862.39553347696
    }
  },
  "heapsort": {
    "base_native": {
      "mean": 1076266099.0,
      "median": 1076266099.0,
      "min": 1076266099.0,
      "max": 1076266099.0,
      "std_dev": 0.0
    },
    "wasmtime_app": {
      "mean": 1220353180.0,
      "median": 1220353180.0,
      "min": 1220353180.0,
      "max": 1220353180.0,
      "std_dev": 0.0
    }
  },
  "keccak": {
    "base_native": {
      "mean": 7481942.9,
      "median": 7480465.5,
      "min": 7464741.0,
      "max": 7503814.0,
      "std_dev": 10500.24072157925
    },
    "wasmtime_app": {
      "mean": 22882467.2,
      "median": 21339368.0,
      "min": 21166542.0,
      "max": 36975384.0,
      "std_dev": 4952345.49008514
    }
  },
  "matrix": {
    "base_native": {
      "mean": 377902959.0,
      "median": 377902959.0,
      "min": 377879173.0,
      "max": 377926745.0,
      "std_dev": 33638.483794606436
    },
    "wasmtime_app": {
      "mean": 533887398.5,
      "median": 533887398.5,
      "min": 529620952.0,
      "max": 538153845.0,
      "std_dev": 6033666.503439223
    }
  },
  "matrix2": {
    "base_native": {
      "mean": 194260927.5,
      "median": 194259452.5,
      "min": 194241479.0,
      "max": 194283326.0,
      "std_dev": 17507.710729847007
    },
    "wasmtime_app": {
      "mean": 260219775.66666666,
      "median": 257712239.0,
      "min": 257634095.0,
      "max": 265312993.0,
      "std_dev": 4411028.646994863
    }
  },
  "memmove": {
    "base_native": {
      "mean": 47335527.8,
      "median": 47331390.5,
      "min": 47321379.0,
      "max": 47365201.0,
      "std_dev": 12895.361377901228
    },
    "wasmtime_app": {
      "mean": 520519321.5,
      "median": 520519321.5,
      "min": 515381182.0,
      "max": 525657461.0,
      "std_dev": 7266426.566264913
    }
  },
  "minicsv": {
    "base_native": {
      "mean": 735570093.0,
      "median": 735570093.0,
      "min": 735570093.0,
      "max": 735570093.0,
      "std_dev": 0.0
    },
    "wasmtime_app": {
      "mean": 1093133291.0,
      "median": 1093133291.0,
      "min": 1093133291.0,
      "max": 1093133291.0,
      "std_dev": 0.0
    }
  },
  "nestedloop": {
    "base_native": {
      "mean": 1583014.2727272727,
      "median": 1586382.0,
      "min": 1555159.0,
      "max": 1624005.0,
      "std_dev": 20440.337111167755
    },
    "wasmtime_app": {
      "mean": 6315829.4,
      "median": 6226692.5,
      "min": 6200594.0,
      "max": 7120034.0,
      "std_dev": 283298.9112659787
    }
  },
  "nestedloop2": {
    "base_native": {
      "mean": 1585016.5454545454,
      "median": 1587532.0,
      "min": 1559459.0,
      "max": 1639504.0,
      "std_dev": 22861.151809843865
    },
    "wasmtime_app": {
      "mean": 6312744.7,
      "median": 6227893.0,
      "min": 6182471.0,
      "max": 7076262.0,
      "std_dev": 269304.43467201036
    }
  },
  "nestedloop3": {
    "base_native": {
      "mean": 2089855.5454545454,
      "median": 2090078.0,
      "min": 2064055.0,
      "max": 2102328.0,
      "std_dev": 10992.876141971548
    },
    "wasmtime_app": {
      "mean": 6888061.9,
      "median": 6769882.0,
      "min": 6742409.0,
      "max": 7985928.0,
      "std_dev": 386173.8456304219
    }
  },
  "random": {
    "base_native": {
      "mean": 577597722.0,
      "median": 577597722.0,
      "min": 577593860.0,
      "max": 577601584.0,
      "std_dev": 5461.692777884893
    },
    "wasmtime_app": {
      "mean": 290706117.3333333,
      "median": 290415528.0,
      "min": 290400879.0,
      "max": 291301945.0,
      "std_dev": 516053.8775887004
    }
  },
  "random2": {
    "base_native": {
      "mean": 577670680.0,
      "median": 577670680.0,
      "min": 577603634.0,
      "max": 577737726.0,
      "std_dev": 94817.36250286653
    },
    "wasmtime_app": {
      "mean": 290723416.6666667,
      "median": 290437977.0,
      "min": 290424253.0,
      "max": 291308020.0,
      "std_dev": 506327.8385120981
    }
  },
  "ratelimit": {
    "base_native": {
      "mean": 25923337.9,
      "median": 25920495.5,
      "min": 25902047.0,
      "max": 25965843.0,
      "std_dev": 17214.474635866434
    },
    "wasmtime_app": {
      "mean": 39060257.9,
      "median": 38342507.5,
      "min": 38306072.0,
      "max": 45560348.0,
      "std_dev": 2283966.5983956484
    }
  },
  "seqhash": {
    "base_native": {
      "mean": 7121521073.0,
      "median": 7121521073.0,
      "min": 7121521073.0,
      "max": 7121521073.0,
      "std_dev": 0.0
    },
    "wasmtime_app": {
      "mean": 9715308147.0,
      "median": 9715308147.0,
      "min": 9715308147.0,
      "max": 9715308147.0,
      "std_dev": 0.0
    }
  },
  "sieve": {
    "base_native": {
      "mean": 569145862.0,
      "median": 569145862.0,
      "min": 569122626.0,
      "max": 569169098.0,
      "std_dev": 32860.66633530123
    },
    "wasmtime_app": {
      "mean": 766587522.0,
      "median": 766587522.0,
      "min": 766587522.0,
      "max": 766587522.0,
      "std_dev": 0.0
    }
  },
  "strcat": {
    "base_native": {
      "mean": 65849046.0,
      "median": 65839466.5,
      "min": 65819005.0,
      "max": 65930924.0,
      "std_dev": 33056.944753628464
    },
    "wasmtime_app": {
      "mean": 351427717.5,
      "median": 351427717.5,
      "min": 347236616.0,
      "max": 355618819.0,
      "std_dev": 5927112.582582222
    }
  },
  "strcat2": {
    "base_native": {
      "mean": 2575588.6363636362,
      "median": 2573350.0,
      "min": 2548477.0,
      "max": 2610048.0,
      "std_dev": 16124.021100660513
    },
    "wasmtime_app": {
      "mean": 9441627.8,
      "median": 8535679.5,
      "min": 8478446.0,
      "max": 17684719.0,
      "std_dev": 2896457.3741003675
    }
  },
  "strchr": {
    "base_native": {
      "mean": 154596329.2,
      "median": 154583680.0,
      "min": 154518334.0,
      "max": 154665950.0,
      "std_dev": 62900.12987824429
    },