{
  "ackermann": {
    "base_native": {
      "mean": 2847276.1818181816,
      "median": 2843161.0,
      "min": 2830086.0,
      "max": 2893833.0,
      "std_dev": 18425.95155110412
    },
    "wasmtime_app": {
      "mean": 8990250.0,
      "median": 8611156.5,
      "min": 7956423.0,
      "max": 13963844.0,
      "std_dev": 1800068.6921631012
    }
  },
  "base64": {
    "base_native": {
      "mean": 249521341.66666666,
      "median": 249500510.0,
      "min": 249488335.0,
      "max": 249575180.0,
      "std_dev": 47021.083125905694
    },
    "wasmtime_app": {
      "mean": 355097664.5,
      "median": 355097664.5,
      "min": 350420422.0,
      "max": 359774907.0,
      "std_dev": 6614619.778007841
    }
  },
  "ctype": {
    "base_native": {
      "mean": 653787729.5,
      "median": 653787729.5,
      "min": 653754869.0,
      "max": 653820590.0,
      "std_dev": 46471.76476636109
    },
    "wasmtime_app": {
      "mean": 991869012.0,
      "median": 991869012.0,
      "min": 991869012.0,
      "max": 991869012.0,
      "std_dev": 0.0
    }
  },
  "ed25519": {
    "base_native": {
      "mean": 1433006076.0,
      "median": 1433006076.0,
      "min": 1433006076.0,
      "max": 1433006076.0,
      "std_dev": 0.0
    },
    "wasmtime_app": {
      "mean": 6753008129.0,
      "median": 6753008129.0,
      "min": 6753008129.0,
      "max": 6753008129.0,
      "std_dev": 0.0
    }
  },
  "fib2": {
    "base_native": {
      "mean": 6955965914.0,
      "median": 6955965914.0,
      "min": 6955965914.0,
      "max": 6955965914.0,
      "std_dev": 0.0
    },
    "wasmtime_app": {
      "mean": 10679406146.0,
      "median": 10679406146.0,
      "min": 10679406146.0,
      "max": 10679406146.0,
      "std_dev": 0.0
    }
  },
  "gimli": {
    "base_native": {
      "mean": 4144990.4,
      "median": 4143435.5,
      "min": 4126986.0,
      "max": 4163709.0,
      "std_dev": 10591.24619884008
    },
    "wasmtime_app": {
      "mean": 9481158.8,
      "median": 9328511.0,
      "min": 9306562.0,
      "max": 10812867.0,
      "std_dev": 468714.71823814826
    }
  },
  "heapsort": {
    "base_native": {
      "mean": 1076364745.0,
      "median": 1076364745.0,
      "min": 1076364745.0,
      "max": 1076364745.0,
      "std_dev": 0.0
    },
    "wasmtime_app": {
      "mean": 1220603710.0,
      "median": 1220603710.0,
      "min": 1220603710.0,
      "max": 1220603710.0,
      "std_dev": 0.0
    }
  },
  "keccak": {
    "base_native": {
      "mean": 7478435.7,
      "median": 7480555.5,
      "min": 7464894.0,
      "max": 7489893.0,
      "std_dev": 8051.119619172368
    },
    "wasmtime_app": {
      "mean": 22794614.3,
      "median": 21174326.5,
      "min": 20986726.0,
      "max": 37366793.0,
      "std_dev": 5123226.5294879265
    }
  },
  "matrix": {
    "base_native": {
      "mean": 377876318.0,
      "median": 377876318.0,
      "min": 377870281.0,
      "max": 377882355.0,
      "std_dev": 8537.607276046374
    },
    "wasmtime_app": {
      "mean": 533544934.0,
      "median": 533544934.0,
      "min": 529349261.0,
      "max": 537740607.0,
      "std_dev": 5933577.659882611
    }
  },
  "matrix2": {
    "base_native": {
      "mean": 194261876.75,
      "median": 194251758.5,
      "min": 194242172.0,
      "max": 194301818.0,
      "std_dev": 27027.92631551053
    },
    "wasmtime_app": {
      "mean": 260210603.33333334,
      "median": 257714494.0,
      "min": 257618475.0,
      "max": 265298841.0,
      "std_dev": 4406804.60497789
    }
  },
  "memmove": {
    "base_native": {
      "mean": 47323625.1,
      "median": 47325657.5,
      "min": 47305896.0,
      "max": 47334594.0,
      "std_dev": 8801.090796663282
    },
    "wasmtime_app": {
      "mean": 520975676.5,
      "median": 520975676.5,
      "min": 515876811.0,
      "max": 526074542.0,
      "std_dev": 7210884.742816272
    }
  },
  "minicsv": {
    "base_native": {
      "mean": 716452678.0,
      "median": 716452678.0,
      "min": 716452678.0,
      "max": 716452678.0,
      "std_dev": 0.0
    },
    "wasmtime_app": {
      "mean": 1109943540.0,
      "median": 1109943540.0,
      "min": 1109943540.0,
      "max": 1109943540.0,
      "std_dev": 0.0
    }
  },
  "nestedloop": {
    "base_native": {
      "mean": 1571826.9090909092,
      "median": 1582633.0,
      "min": 1549310.0,
      "max": 1588408.0,
      "std_dev": 16710.819946696487
    },
    "wasmtime_app": {
      "mean": 6286085.3,
      "median": 6195396.0,
      "min": 6160486.0,
      "max": 7120900.0,
      "std_dev": 293916.91304291727
    }
  },
  "nestedloop2": {
    "base_native": {
      "mean": 1576876.7272727273,
      "median": 1584058.0,
      "min": 1556385.0,
      "max": 1600932.0,
      "std_dev": 15012.88597899091
    },
    "wasmtime_app": {
      "mean": 6299864.7,
      "median": 6195559.0,
      "min": 6155211.0,
      "max": 7250817.0,
      "std_dev": 334506.7215893509
    }
  },
  "nestedloop3": {
    "base_native": {
      "mean": 2093778.7272727273,
      "median": 2086429.0,
      "min": 2062406.0,
      "max": 2137676.0,
      "std_dev": 23702.846179692893
    },
    "wasmtime_app": {
      "mean": 6868791.4,
      "median": 6740611.5,
      "min": 6705077.0,
      "max": 8021569.0,
      "std_dev": 405495.2947717697
    }
  },
  "random": {
    "base_native": {
      "mean": 578040936.0,
      "median": 578040936.0,
      "min": 577644009.0,
      "max": 578437863.0,
      "std_dev": 561339.5466720655
    },
    "wasmtime_app": {
      "mean": 290666207.3333333,
      "median": 290401557.0,
      "min": 290375859.0,
      "max": 291221206.0,
      "std_dev": 480814.6595127205
    }
  },
  "random2": {
    "base_native": {
      "mean": 577657770.5,
      "median": 577657770.5,
      "min": 577606711.0,
      "max": 577708830.0,
      "std_dev": 72209.03738798904
    },
    "wasmtime_app": {
      "mean": 290793332.6666667,
      "median": 290504901.0,
      "min": 290370184.0,
      "max": 291504913.0,
      "std_dev": 619917.007035888
    }
  },
  "ratelimit": {
    "base_native": {
      "mean": 25920769.5,
      "median": 25921804.5,
      "min": 25906930.0,
      "max": 25932354.0,
      "std_dev": 7183.582381606919
    },
    "wasmtime_app": {
      "mean": 39022655.8,
      "median": 38300059.0,
      "min": 38263336.0,
      "max": 45561476.0,
      "std_dev": 2297591.505075347
    }
  },
  "seqhash": {
    "base_native": {
      "mean": 7126330488.0,
      "median": 7126330488.0,
      "min": 7126330488.0,
      "max": 7126330488.0,
      "std_dev": 0.0
    },
    "wasmtime_app": {
      "mean": 9702919788.0,
      "median": 9702919788.0,
      "min": 9702919788.0,
      "max": 9702919788.0,
      "std_dev": 0.0
    }
  },
  "sieve": {
    "base_native": {
      "mean": 569229631.5,
      "median": 569229631.5,
      "min": 569227594.0,
      "max": 569231669.0,
      "std_dev": 2881.460133335181
    },
    "wasmtime_app": {
      "mean": 767318176.0,
      "median": 767318176.0,
      "min": 767318176.0,
      "max": 767318176.0,
      "std_dev": 0.0
    }
  },
  "strcat": {
    "base_native": {
      "mean": 65847759.4,
      "median": 65834877.5,
      "min": 65826128.0,
      "max": 65946996.0,
      "std_dev": 35632.68797108134
    },
    "wasmtime_app": {
      "mean": 351234783.0,
      "median": 351234783.0,
      "min": 347242597.0,
      "max": 355226969.0,
      "std_dev": 5645803.584715997
    }
  },
  "strcat2": {
    "base_native": {
      "mean": 2591540.8181818184,
      "median": 2586900.0,
      "min": 2567426.0,
      "max": 2621073.0,
      "std_dev": 16502.96422960543
    },
    "wasmtime_app": {
      "mean": 9409323.4,
      "median": 8496151.0,
      "min": 8456866.0,
      "max": 17639612.0,
      "std_dev": 2891979.658473267
    }
  },
  "strchr": {
    "base_native": {
      "mean": 155063641.2,
      "median": 155121203.0,
      "min": 154853968.0,
      "max": 155178400.0,
      "std_dev": 130346.55906352113
    },