{
  "ackermann": {
    "base_native": {
      "mean": 3580758.9,
      "median": 2980703.5,
      "min": 2944792.0,
      "max": 9033269.0,
      "std_dev": 1915891.3857301485
    },
    "wasmtime_app": {
      "mean": 9101633.7,
      "median": 8762335.5,
      "min": 8073905.0,
      "max": 12657310.0,
      "std_dev": 1427276.0552015817
    }
  },
  "base64": {
    "base_native": {
      "mean": 259936958.0,
      "median": 261596342.0,
      "min": 256557993.0,
      "max": 261656539.0,
      "std_dev": 2926424.3152900776
    },
    "wasmtime_app": {
      "mean": 359219750.0,
      "median": 359219750.0,
      "min": 353066646.0,
      "max": 365372854.0,
      "std_dev": 8701803.127492141
    }
  },
  "ctype": {
    "base_native": {
      "mean": 657232135.0,
      "median": 657232135.0,
      "min": 654193559.0,
      "max": 660270711.0,
      "std_dev": 4297195.38950139
    },
    "wasmtime_app": {
      "mean": 954709665.0,
      "median": 954709665.0,
      "min": 954709665.0,
      "max": 954709665.0,
      "std_dev": 0.0
    }
  },
  "ed25519": {
    "base_native": {
      "mean": 1433469058.0,
      "median": 1433469058.0,
      "min": 1433469058.0,
      "max": 1433469058.0,
      "std_dev": 0.0
    },
    "wasmtime_app": {
      "mean": 6747339939.0,
      "median": 6747339939.0,
      "min": 6747339939.0,
      "max": 6747339939.0,
      "std_dev": 0.0
    }
  },
  "fib2": {
    "base_native": {
      "mean": 6956219188.0,
      "median": 6956219188.0,
      "min": 6956219188.0,
      "max": 6956219188.0,
      "std_dev": 0.0
    },
    "wasmtime_app": {
      "mean": 10707934051.0,
      "median": 10707934051.0,
      "min": 10707934051.0,
      "max": 10707934051.0,
      "std_dev": 0.0
    }
  },
  "gimli": {
    "base_native": {
      "mean": 4144471.3,
      "median": 4144526.5,
      "min": 4137189.0,
      "max": 4151463.0,
      "std_dev": 4110.1377930402505
    },
    "wasmtime_app": {
      "mean": 9459903.0,
      "median": 9315975.0,
      "min": 9294876.0,
      "max": 10736358.0,
      "std_dev": 448773.1800953449
    }
  },
  "heapsort": {
    "base_native": {
      "mean": 1076557241.0,
      "median": 1076557241.0,
      "min": 1076557241.0,
      "max": 1076557241.0,
      "std_dev": 0.0
    },
    "wasmtime_app": {
      "mean": 1220735790.0,
      "median": 1220735790.0,
      "min": 1220735790.0,
      "max": 1220735790.0,
      "std_dev": 0.0
    }
  },
  "keccak": {
    "base_native": {
      "mean": 7491523.6,
      "median": 7489414.0,
      "min": 7463940.0,
      "max": 7535812.0,
      "std_dev": 19718.83331685163
    },
    "wasmtime_app": {
      "mean": 22909839.7,
      "median": 21297416.0,
      "min": 21094117.0,
      "max": 37341921.0,
      "std_dev": 5072915.921465332
    }
  },
  "matrix": {
    "base_native": {
      "mean": 377911600.0,
      "median": 377911600.0,
      "min": 377893226.0,
      "max": 377929974.0,
      "std_dev": 25984.75999504325
    },
    "wasmtime_app": {
      "mean": 533588699.5,
      "median": 533588699.5,
      "min": 529493938.0,
      "max": 537683461.0,
      "std_dev": 5790867.247983199
    }
  },
  "matrix2": {
    "base_native": {
      "mean": 194276399.0,
      "median": 194277636.5,
      "min": 194259212.0,
      "max": 194291111.0,
      "std_dev": 15121.785895411516
    },
    "wasmtime_app": {
      "mean": 260218323.0,
      "median": 257657513.0,
      "min": 257637489.0,
      "max": 265359967.0,
      "std_dev": 4452805.577071157
    }
  },
  "memmove": {
    "base_native": {
      "mean": 47333364.0,
      "median": 47335664.0,
      "min": 47318827.0,
      "max": 47351426.0,
      "std_dev": 9272.79617423401
    },
    "wasmtime_app": {
      "mean": 520004074.0,
      "median": 520004074.0,
      "min": 514984097.0,
      "max": 525024051.0,
      "std_dev": 7099319.556201003
    }
  },
  "minicsv": {
    "base_native": {
      "mean": 715456461.0,
      "median": 715456461.0,
      "min": 715456461.0,
      "max": 715456461.0,
      "std_dev": 0.0
    },
    "wasmtime_app": {
      "mean": 1101467418.0,
      "median": 1101467418.0,
      "min": 1101467418.0,
      "max": 1101467418.0,
      "std_dev": 0.0
    }
  },
  "nestedloop": {
    "base_native": {
      "mean": 1580855.8181818181,
      "median": 1583403.0,
      "min": 1556830.0,
      "max": 1600903.0,
      "std_dev": 13826.233744720084
    },
    "wasmtime_app": {
      "mean": 6290702.1,
      "median": 6202613.0,
      "min": 6168577.0,
      "max": 7117691.0,
      "std_dev": 291157.5020261371
    }
  },
  "nestedloop2": {
    "base_native": {
      "mean": 1578262.8181818181,
      "median": 1584353.0,
      "min": 1550055.0,
      "max": 1600003.0,
      "std_dev": 17808.99380548032
    },
    "wasmtime_app": {
      "mean": 6279012.9,
      "median": 6192388.5,
      "min": 6140779.0,
      "max": 7034897.0,
      "std_dev": 266834.65199484705
    }
  },
  "nestedloop3": {
    "base_native": {
      "mean": 2095023.7272727273,
      "median": 2091756.0,
      "min": 2062957.0,
      "max": 2140753.0,
      "std_dev": 18531.54771243303
    },
    "wasmtime_app": {
      "mean": 6852233.3,
      "median": 6731003.5,
      "min": 6723517.0,
      "max": 7913565.0,
      "std_dev": 373098.66640967486
    }
  },
  "random": {
    "base_native": {
      "mean": 577601731.5,
      "median": 577601731.5,
      "min": 577581695.0,
      "max": 577621768.0,
      "std_dev": 28335.890042488518
    },
    "wasmtime_app": {
      "mean": 290704093.6666667,
      "median": 290407305.0,
      "min": 290395455.0,
      "max": 291309521.0,
      "std_dev": 524348.9273235269
    }
  },
  "random2": {
    "base_native": {
      "mean": 577645879.5,
      "median": 577645879.5,
      "min": 577593019.0,
      "max": 577698740.0,
      "std_dev": 74756.03601382299
    },
    "wasmtime_app": {
      "mean": 290728150.6666667,
      "median": 290419179.0,
      "min": 290419129.0,
      "max": 291346144.0,
      "std_dev": 535197.9266199874
    }
  },
  "ratelimit": {
    "base_native": {
      "mean": 25926736.5,
      "median": 25920249.5,
      "min": 25908987.0,
      "max": 25967860.0,
      "std_dev": 17973.732699878085
    },
    "wasmtime_app": {
      "mean": 39027322.1,
      "median": 38303946.5,
      "min": 38285485.0,
      "max": 45543243.0,
      "std_dev": 2289498.0144854872
    }
  },
  "seqhash": {
    "base_native": {
      "mean": 7128242448.0,
      "median": 7128242448.0,
      "min": 7128242448.0,
      "max": 7128242448.0,
      "std_dev": 0.0
    },
    "wasmtime_app": {
      "mean": 9694379899.0,
      "median": 9694379899.0,
      "min": 9694379899.0,
      "max": 9694379899.0,
      "std_dev": 0.0
    }
  },
  "sieve": {
    "base_native": {
      "mean": 569262243.0,
      "median": 569262243.0,
      "min": 569253868.0,
      "max": 569270618.0,
      "std_dev": 11844.038584874672
    },
    "wasmtime_app": {
      "mean": 767068619.0,
      "median": 767068619.0,
      "min": 767068619.0,
      "max": 767068619.0,
      "std_dev": 0.0
    }
  },
  "strcat": {
    "base_native": {
      "mean": 65859110.7,
      "median": 65844471.0,
      "min": 65832747.0,
      "max": 65961541.0,
      "std_dev": 38798.53192826874
    },
    "wasmtime_app": {
      "mean": 346804686.5,
      "median": 346804686.5,
      "min": 344257263.0,
      "max": 349352110.0,
      "std_dev": 3602600.862807938
    }
  },
  "strcat2": {
    "base_native": {
      "mean": 2588724.1818181816,
      "median": 2587633.0,
      "min": 2567884.0,
      "max": 2610707.0,
      "std_dev": 14049.860318296278
    },
    "wasmtime_app": {
      "mean": 9379003.4,
      "median": 8471042.0,
      "min": 8418458.0,
      "max": 17610616.0,
      "std_dev": 2892393.3070699307
    }
  },
  "strchr": {
    "base_native": {
      "mean": 155239912.0,
      "median": 155235587.0,
      "min": 155204939.0,
      "max": 155278660.0,
      "std_dev": 27049.659692868598
    },