{
  "ackermann": {
    "base_native": {
      "mean": 3166979.0,
      "median": 2851497.5,
      "min": 2818112.0,
      "max": 6079573.0,
      "std_dev": 1023488.7813201579
    },
    "wasmtime_app": {
      "mean": 10974368.4,
      "median": 9283820.0,
      "min": 8490113.0,
      "max": 25743045.0,
      "std_dev": 5225084.363652136
    }
  },
  "base64": {
    "base_native": {
      "mean": 249545717.33333334,
      "median": 249546376.0,
      "min": 249503753.0,
      "max": 249587023.0,
      "std_dev": 41638.907362385646
    },
    "wasmtime_app": {
      "mean": 377871116.5,
      "median": 377871116.5,
      "min": 372406882.0,
      "max": 383335351.0,
      "std_dev": 7727594.537886968
    }
  },
  "ctype": {
    "base_native": {
      "mean": 653843507.5,
      "median": 653843507.5,
      "min": 653681592.0,
      "max": 654005423.0,
      "std_dev": 228983.09605842087
    },
    "wasmtime_app": {
      "mean": 998793383.0,
      "median": 998793383.0,
      "min": 998793383.0,
      "max": 998793383.0,
      "std_dev": 0.0
    }
  },
  "ed25519": {
    "base_native": {
      "mean": 1433195711.0,
      "median": 1433195711.0,
      "min": 1433195711.0,
      "max": 1433195711.0,
      "std_dev": 0.0
    },
    "wasmtime_app": {
      "mean": 6739982273.0,
      "median": 6739982273.0,
      "min": 6739982273.0,
      "max": 6739982273.0,
      "std_dev": 0.0
    }
  },
  "fib2": {
    "base_native": {
      "mean": 6956007992.0,
      "median": 6956007992.0,
      "min": 6956007992.0,
      "max": 6956007992.0,
      "std_dev": 0.0
    },
    "wasmtime_app": {
      "mean": 10686058726.0,
      "median": 10686058726.0,
      "min": 10686058726.0,
      "max": 10686058726.0,
      "std_dev": 0.0
    }
  },
  "gimli": {
    "base_native": {
      "mean": 4142840.0,
      "median": 4140785.0,
      "min": 4134386.0,
      "max": 4167934.0,
      "std_dev": 9587.695540523686
    },
    "wasmtime_app": {
      "mean": 9513714.5,
      "median": 9363764.5,
      "min": 9338304.0,
      "max": 10863099.0,
      "std_dev": 474778.3574528341
    }
  },
  "heapsort": {
    "base_native": {
      "mean": 1076403858.0,
      "median": 1076403858.0,
      "min": 1076403858.0,
      "max": 1076403858.0,
      "std_dev": 0.0
    },
    "wasmtime_app": {
      "mean": 1220451336.0,
      "median": 1220451336.0,
      "min": 1220451336.0,
      "max": 1220451336.0,
      "std_dev": 0.0
    }
  },
  "keccak": {
    "base_native": {
      "mean": 7490981.5,
      "median": 7491304.0,
      "min": 7478867.0,
      "max": 7499741.0,
      "std_dev": 7482.447627614911
    },
    "wasmtime_app": {
      "mean": 22931034.3,
      "median": 21401170.0,
      "min": 21197259.0,
      "max": 37159081.0,
      "std_dev": 5000821.820133857
    }
  },
  "matrix": {
    "base_native": {
      "mean": 377888645.0,
      "median": 377888645.0,
      "min": 377879758.0,
      "max": 377897532.0,
      "std_dev": 12568.115928809695
    },
    "wasmtime_app": {
      "mean": 533935491.5,
      "median": 533935491.5,
      "min": 529370507.0,
      "max": 538500476.0,
      "std_dev": 6455862.9919229625
    }
  },
  "matrix2": {
    "base_native": {
      "mean": 194284226.0,
      "median": 194280445.0,
      "min": 194262921.0,
      "max": 194313093.0,
      "std_dev": 24250.360739584885
    },
    "wasmtime_app": {
      "mean": 260227694.66666666,
      "median": 257690562.0,
      "min": 257675113.0,
      "max": 265317409.0,
      "std_dev": 4407828.679078207
    }
  },
  "memmove": {
    "base_native": {
      "mean": 47347990.1,
      "median": 47343238.0,
      "min": 47324589.0,
      "max": 47410559.0,
      "std_dev": 23347.330441972736
    },
    "wasmtime_app": {
      "mean": 520899342.5,
      "median": 520899342.5,
      "min": 516505521.0,
      "max": 525293164.0,
      "std_dev": 6213801.955946496
    }
  },
  "minicsv": {
    "base_native": {
      "mean": 755478658.0,
      "median": 755478658.0,
      "min": 755478658.0,
      "max": 755478658.0,
      "std_dev": 0.0
    },
    "wasmtime_app": {
      "mean": 1097250602.0,
      "median": 1097250602.0,
      "min": 1097250602.0,
      "max": 1097250602.0,
      "std_dev": 0.0
    }
  },
  "nestedloop": {
    "base_native": {
      "mean": 1583255.5454545454,
      "median": 1590433.0,
      "min": 1558984.0,
      "max": 1610006.0,
      "std_dev": 17341.21685674703
    },
    "wasmtime_app": {
      "mean": 6296626.7,
      "median": 6207182.5,
      "min": 6185947.0,
      "max": 7124882.0,
      "std_dev": 291651.2904263317
    }
  },
  "nestedloop2": {
    "base_native": {
      "mean": 1583985.0909090908,
      "median": 1585608.0,
      "min": 1564709.0,
      "max": 1602057.0,
      "std_dev": 15033.121881063464
    },
    "wasmtime_app": {
      "mean": 6276095.6,
      "median": 6191534.0,
      "min": 6172498.0,
      "max": 7021039.0,
      "std_dev": 262514.2958999037
    }
  },
  "nestedloop3": {
    "base_native": {
      "mean": 2101810.0,
      "median": 2091479.0,
      "min": 2087154.0,
      "max": 2174999.0,
      "std_dev": 25576.747662672045
    },
    "wasmtime_app": {
      "mean": 6863260.1,
      "median": 6747945.5,
      "min": 6710836.0,
      "max": 7908403.0,
      "std_dev": 367845.05878168327
    }
  },
  "random": {
    "base_native": {
      "mean": 577601914.0,
      "median": 577601914.0,
      "min": 577586440.0,
      "max": 577617388.0,
      "std_dev": 21883.54066416127
    },
    "wasmtime_app": {
      "mean": 290687580.6666667,
      "median": 290394326.0,
      "min": 290376402.0,
      "max": 291292014.0,
      "std_dev": 523531.3345706571
    }
  },
  "random2": {
    "base_native": {
      "mean": 577663198.0,
      "median": 577663198.0,
      "min": 577588640.0,
      "max": 577737756.0,
      "std_dev": 105440.93478341322
    },
    "wasmtime_app": {
      "mean": 290717061.6666667,
      "median": 290430873.0,
      "min": 290392251.0,
      "max": 291328061.0,
      "std_dev": 529493.2046035466
    }
  },
  "ratelimit": {
    "base_native": {
      "mean": 25942832.4,
      "median": 25939475.0,
      "min": 25930451.0,
      "max": 25970623.0,
      "std_dev": 11922.43023511193
    },
    "wasmtime_app": {
      "mean": 39068898.9,
      "median": 38342774.0,
      "min": 38319326.0,
      "max": 45593398.0,
      "std_dev": 2292541.116041443
    }
  },
  "seqhash": {
    "base_native": {
      "mean": 7126742799.0,
      "median": 7126742799.0,
      "min": 7126742799.0,
      "max": 7126742799.0,
      "std_dev": 0.0
    },
    "wasmtime_app": {
      "mean": 9711281007.0,
      "median": 9711281007.0,
      "min": 9711281007.0,
      "max": 9711281007.0,
      "std_dev": 0.0
    }
  },
  "sieve": {
    "base_native": {
      "mean": 569234635.0,
      "median": 569234635.0,
      "min": 569229723.0,
      "max": 569239547.0,
      "std_dev": 6946.617018376643
    },
    "wasmtime_app": {
      "mean": 767185693.0,
      "median": 767185693.0,
      "min": 767185693.0,
      "max": 767185693.0,
      "std_dev": 0.0
    }
  },
  "strcat": {
    "base_native": {
      "mean": 65861697.8,
      "median": 65853268.0,
      "min": 65838869.0,
      "max": 65936963.0,
      "std_dev": 28674.996754044183
    },
    "wasmtime_app": {
      "mean": 352746140.5,
      "median": 352746140.5,
      "min": 350178218.0,
      "max": 355314063.0,
      "std_dev": 3631590.826623024
    }
  },
  "strcat2": {
    "base_native": {
      "mean": 2604003.3636363638,
      "median": 2599424.0,
      "min": 2577126.0,
      "max": 2639222.0,
      "std_dev": 18464.18466259871
    },
    "wasmtime_app": {
      "mean": 9389465.5,
      "median": 8476651.5,
      "min": 8445516.0,
      "max": 17655179.0,
      "std_dev": 2904326.085260371
    }
  },
  "strchr": {
    "base_native": {
      "mean": 155076756.2,
      "median": 155163681.0,
      "min": 154820701.0,
      "max": 155190180.0,
      "std_dev": 156702.47412756443
    },