{
  "ackermann": {
    "base_native": {
      "mean": 3188204.1,
      "median": 2887941.5,
      "min": 2854481.0,
      "max": 5935250.0,
      "std_dev": 965447.2345833015
    },
    "wasmtime_app": {
      "mean": 9344787.9,
      "median": 9017477.0,
      "min": 8292314.0,
      "max": 14332606.0,
      "std_dev": 1786337.626366705
    }
  },
  "base64": {
    "base_native": {
      "mean": 251212940.33333334,
      "median": 250655323.0,
      "min": 249511741.0,
      "max": 253471757.0,
      "std_dev": 2038046.7359433477
    },
    "wasmtime_app": {
      "mean": 361795666.5,
      "median": 361795666.5,
      "min": 354350535.0,
      "max": 369240798.0,
      "std_dev": 10529005.940951144
    }
  },
  "ctype": {
    "base_native": {
      "mean": 654656782.5,
      "median": 654656782.5,
      "min": 654291129.0,
      "max": 655022436.0,
      "std_dev": 517112.1388291905
    },
    "wasmtime_app": {
      "mean": 986812378.0,
      "median": 986812378.0,
      "min": 986812378.0,
      "max": 986812378.0,
      "std_dev": 0.0
    }
  },
  "ed25519": {
    "base_native": {
      "mean": 1433175064.0,
      "median": 1433175064.0,
      "min": 1433175064.0,
      "max": 1433175064.0,
      "std_dev": 0.0
    },
    "wasmtime_app": {
      "mean": 6767716240.0,
      "median": 6767716240.0,
      "min": 6767716240.0,
      "max": 6767716240.0,
      "std_dev": 0.0
    }
  },
  "fib2": {
    "base_native": {
      "mean": 6956040441.0,
      "median": 6956040441.0,
      "min": 6956040441.0,
      "max": 6956040441.0,
      "std_dev": 0.0
    },
    "wasmtime_app": {
      "mean": 10709618664.0,
      "median": 10709618664.0,
      "min": 10709618664.0,
      "max": 10709618664.0,
      "std_dev": 0.0
    }
  },
  "gimli": {
    "base_native": {
      "mean": 4148579.9,
      "median": 4145180.0,
      "min": 4138806.0,
      "max": 4184803.0,
      "std_dev": 13443.211028867569
    },
    "wasmtime_app": {
      "mean": 9472746.1,
      "median": 9327691.5,
      "min": 9294605.0,
      "max": 10772629.0,
      "std_dev": 457567.88228765695
    }
  },
  "heapsort": {
    "base_native": {
      "mean": 1076382372.0,
      "median": 1076382372.0,
      "min": 1076382372.0,
      "max": 1076382372.0,
      "std_dev": 0.0
    },
    "wasmtime_app": {
      "mean": 1220435467.0,
      "median": 1220435467.0,
      "min": 1220435467.0,
      "max": 1220435467.0,
      "std_dev": 0.0
    }
  },
  "keccak": {
    "base_native": {
      "mean": 7494027.8,
      "median": 7491658.0,
      "min": 7472484.0,
      "max": 7542580.0,
      "std_dev": 19168.317730625768
    },
    "wasmtime_app": {
      "mean": 22852100.7,
      "median": 21282854.5,
      "min": 20984628.0,
      "max": 37271442.0,
      "std_dev": 5070512.090303044
    }
  },
  "matrix": {
    "base_native": {
      "mean": 377905159.5,
      "median": 377905159.5,
      "min": 377891373.0,
      "max": 377918946.0,
      "std_dev": 19497.055277656676
    },
    "wasmtime_app": {
      "mean": 533682566.0,
      "median": 533682566.0,
      "min": 529640230.0,
      "max": 537724902.0,
      "std_dev": 5716726.394869007
    }
  },
  "matrix2": {
    "base_native": {
      "mean": 194302939.25,
      "median": 194292971.0,
      "min": 194281797.0,
      "max": 194344018.0,
      "std_dev": 28243.8294308096
    },
    "wasmtime_app": {
      "mean": 260254704.66666666,
      "median": 257705184.0,
      "min": 257650136.0,
      "max": 265408794.0,
      "std_dev": 4463657.156700247
    }
  },
  "memmove": {
    "base_native": {
      "mean": 47338746.3,
      "median": 47334146.5,
      "min": 47326460.0,
      "max": 47363057.0,
      "std_dev": 12822.716474635508
    },
    "wasmtime_app": {
      "mean": 521564408.0,
      "median": 521564408.0,
      "min": 517119011.0,
      "max": 526009805.0,
      "std_dev": 6286740.72753267
    }
  },
  "minicsv": {
    "base_native": {
      "mean": 732438822.0,
      "median": 732438822.0,
      "min": 732438822.0,
      "max": 732438822.0,
      "std_dev": 0.0
    },
    "wasmtime_app": {
      "mean": 1107899288.0,
      "median": 1107899288.0,
      "min": 1107899288.0,
      "max": 1107899288.0,
      "std_dev": 0.0
    }
  },
  "nestedloop": {
    "base_native": {
      "mean": 1578186.0,
      "median": 1578731.0,
      "min": 1550408.0,
      "max": 1596705.0,
      "std_dev": 14921.394499174667
    },
    "wasmtime_app": {
      "mean": 6312787.3,
      "median": 6223560.0,
      "min": 6205711.0,
      "max": 7115030.0,
      "std_dev": 282365.065897186
    }
  },
  "nestedloop2": {
    "base_native": {
      "mean": 1580785.7272727273,
      "median": 1585181.0,
      "min": 1559908.0,
      "max": 1608405.0,
      "std_dev": 16515.85893673659
    },
    "wasmtime_app": {
      "mean": 6327659.3,
      "median": 6232035.0,
      "min": 6199561.0,
      "max": 7213776.0,
      "std_dev": 312282.4066421824
    }
  },
  "nestedloop3": {
    "base_native": {
      "mean": 2086201.6363636365,
      "median": 2084402.0,
      "min": 2077227.0,
      "max": 2102001.0,
      "std_dev": 7529.951543970615
    },
    "wasmtime_app": {
      "mean": 6881910.2,
      "median": 6752567.0,
      "min": 6739143.0,
      "max": 7977450.0,
      "std_dev": 385572.67532040353
    }
  },
  "random": {
    "base_native": {
      "mean": 577598450.0,
      "median": 577598450.0,
      "min": 577591350.0,
      "max": 577605550.0,
      "std_dev": 10040.916292848975
    },
    "wasmtime_app": {
      "mean": 291540229.0,
      "median": 291345177.0,
      "min": 291098086.0,
      "max": 292177424.0,
      "std_dev": 565487.923468751
    }
  },
  "random2": {
    "base_native": {
      "mean": 577652759.5,
      "median": 577652759.5,
      "min": 577590651.0,
      "max": 577714868.0,
      "std_dev": 87834.68303864937
    },
    "wasmtime_app": {
      "mean": 291220448.3333333,
      "median": 291247281.0,
      "min": 290923817.0,
      "max": 291490247.0,
      "std_dev": 284166.7296242354
    }
  },
  "ratelimit": {
    "base_native": {
      "mean": 25942847.6,
      "median": 25939620.0,
      "min": 25925496.0,
      "max": 25960719.0,
      "std_dev": 13068.286312885693
    },
    "wasmtime_app": {
      "mean": 39406708.9,
      "median": 38587835.0,
      "min": 38364030.0,
      "max": 46118038.0,
      "std_dev": 2383216.7239985843
    }
  },
  "seqhash": {
    "base_native": {
      "mean": 7112460120.0,
      "median": 7112460120.0,
      "min": 7112460120.0,
      "max": 7112460120.0,
      "std_dev": 0.0
    },
    "wasmtime_app": {
      "mean": 9704154952.0,
      "median": 9704154952.0,
      "min": 9704154952.0,
      "max": 9704154952.0,
      "std_dev": 0.0
    }
  },
  "sieve": {
    "base_native": {
      "mean": 569181883.5,
      "median": 569181883.5,
      "min": 569145523.0,
      "max": 569218244.0,
      "std_dev": 51421.51223466692
    },
    "wasmtime_app": {
      "mean": 766887069.0,
      "median": 766887069.0,
      "min": 766887069.0,
      "max": 766887069.0,
      "std_dev": 0.0
    }
  },
  "strcat": {
    "base_native": {
      "mean": 65862909.4,
      "median": 65858042.0,
      "min": 65833644.0,
      "max": 65927563.0,
      "std_dev": 28011.317201762897
    },
    "wasmtime_app": {
      "mean": 352714703.5,
      "median": 352714703.5,
      "min": 350159554.0,
      "max": 355269853.0,
      "std_dev": 3613527.0767908324
    }
  },
  "strcat2": {
    "base_native": {
      "mean": 2591442.1818181816,
      "median": 2588422.0,
      "min": 2570823.0,
      "max": 2613495.0,
      "std_dev": 13452.209490029376
    },
    "wasmtime_app": {
      "mean": 9364437.4,
      "median": 8462346.0,
      "min": 8376836.0,
      "max": 17612919.0,
      "std_dev": 2898415.573031399
    }
  },
  "strchr": {
    "base_native": {
      "mean": 154632509.2,
      "median": 154621685.0,
      "min": 154588387.0,
      "max": 154672132.0,
      "std_dev": 33831.97551429712
    },