{
  "ackermann": {
    "base_native": {
      "mean": 3249623.4,
      "median": 2933498.5,
      "min": 2901463.0,
      "max": 6147057.0,
      "std_dev": 1018221.7721606842
    },
    "wasmtime_app": {
      "mean": 9366921.6,
      "median": 8894835.0,
      "min": 8152276.0,
      "max": 13523005.0,
      "std_dev": 1585291.6972263216
    }
  },
  "base64": {
    "base_native": {
      "mean": 255012447.33333334,
      "median": 257448628.0,
      "min": 250078489.0,
      "max": 257510225.0,
      "std_dev": 4273044.251339358
    },
    "wasmtime_app": {
      "mean": 361940333.5,
      "median": 361940333.5,
      "min": 352753939.0,
      "max": 371126728.0,
      "std_dev": 12991523.691209607
    }
  },
  "ctype": {
    "base_native": {
      "mean": 654038403.0,
      "median": 654038403.0,
      "min": 653860388.0,
      "max": 654216418.0,
      "std_dev": 251751.22730584652
    },
    "wasmtime_app": {
      "mean": 981781352.0,
      "median": 981781352.0,
      "min": 981781352.0,
      "max": 981781352.0,
      "std_dev": 0.0
    }
  },
  "ed25519": {
    "base_native": {
      "mean": 1433538266.0,
      "median": 1433538266.0,
      "min": 1433538266.0,
      "max": 1433538266.0,
      "std_dev": 0.0
    },
    "wasmtime_app": {
      "mean": 6742812401.0,
      "median": 6742812401.0,
      "min": 6742812401.0,
      "max": 6742812401.0,
      "std_dev": 0.0
    }
  },
  "fib2": {
    "base_native": {
      "mean": 6956277211.0,
      "median": 6956277211.0,
      "min": 6956277211.0,
      "max": 6956277211.0,
      "std_dev": 0.0
    },
    "wasmtime_app": {
      "mean": 10681698864.0,
      "median": 10681698864.0,
      "min": 10681698864.0,
      "max": 10681698864.0,
      "std_dev": 0.0
    }
  },
  "gimli": {
    "base_native": {
      "mean": 4141283.7,
      "median": 4143406.5,
      "min": 4115020.0,
      "max": 4165992.0,
      "std_dev": 16916.501148943957
    },
    "wasmtime_app": {
      "mean": 9499236.8,
      "median": 9351235.0,
      "min": 9330961.0,
      "max": 10836153.0,
      "std_dev": 469928.01639608113
    }
  },
  "heapsort": {
    "base_native": {
      "mean": 1076386993.0,
      "median": 1076386993.0,
      "min": 1076386993.0,
      "max": 1076386993.0,
      "std_dev": 0.0
    },
    "wasmtime_app": {
      "mean": 1220473293.0,
      "median": 1220473293.0,
      "min": 1220473293.0,
      "max": 1220473293.0,
      "std_dev": 0.0
    }
  },
  "keccak": {
    "base_native": {
      "mean": 7484517.5,
      "median": 7486507.0,
      "min": 7464059.0,
      "max": 7499232.0,
      "std_dev": 9347.80933635731
    },
    "wasmtime_app": {
      "mean": 22860109.1,
      "median": 21337775.5,
      "min": 20972645.0,
      "max": 36973190.0,
      "std_dev": 4960588.282172286
    }
  },
  "matrix": {
    "base_native": {
      "mean": 377900041.0,
      "median": 377900041.0,
      "min": 377891966.0,
      "max": 377908116.0,
      "std_dev": 11419.774516162743
    },
    "wasmtime_app": {
      "mean": 533659372.5,
      "median": 533659372.5,
      "min": 529697378.0,
      "max": 537621367.0,
      "std_dev": 5603106.35594761
    }
  },
  "matrix2": {
    "base_native": {
      "mean": 194275967.25,
      "median": 194269748.5,
      "min": 194255050.0,
      "max": 194309322.0,
      "std_dev": 24613.830114727505
    },
    "wasmtime_app": {
      "mean": 260200032.0,
      "median": 257676796.0,
      "min": 257623499.0,
      "max": 265299801.0,
      "std_dev": 4416609.902693807
    }
  },
  "memmove": {
    "base_native": {
      "mean": 47353055.8,
      "median": 47341323.5,
      "min": 47327937.0,
      "max": 47423182.0,
      "std_dev": 30564.25863579151
    },
    "wasmtime_app": {
      "mean": 520297570.5,
      "median": 520297570.5,
      "min": 515910462.0,
      "max": 524684679.0,
      "std_dev": 6204308.340302286
    }
  },
  "minicsv": {
    "base_native": {
      "mean": 753521834.0,
      "median": 753521834.0,
      "min": 753521834.0,
      "max": 753521834.0,
      "std_dev": 0.0
    },
    "wasmtime_app": {
      "mean": 1112394540.0,
      "median": 1112394540.0,
      "min": 1112394540.0,
      "max": 1112394540.0,
      "std_dev": 0.0
    }
  },
  "nestedloop": {
    "base_native": {
      "mean": 1560083.0909090908,
      "median": 1572587.0,
      "min": 1515890.0,
      "max": 1579186.0,
      "std_dev": 21890.55047939428
    },
    "wasmtime_app": {
      "mean": 6278036.6,
      "median": 6184397.0,
      "min": 6152761.0,
      "max": 7086035.0,
      "std_dev": 285575.5429417738
    }
  },
  "nestedloop2": {
    "base_native": {
      "mean": 1566189.3636363635,
      "median": 1563012.0,
      "min": 1544963.0,
      "max": 1591436.0,
      "std_dev": 17029.574635161778
    },
    "wasmtime_app": {
      "mean": 6259500.3,
      "median": 6169110.0,
      "min": 6155686.0,
      "max": 7014489.0,
      "std_dev": 265937.2940467358
    }
  },
  "nestedloop3": {
    "base_native": {
      "mean": 2076722.4545454546,
      "median": 2076034.0,
      "min": 2039486.0,
      "max": 2122281.0,
      "std_dev": 20120.135249861698
    },
    "wasmtime_app": {
      "mean": 6847710.2,
      "median": 6733791.5,
      "min": 6699356.0,
      "max": 7907139.0,
      "std_dev": 372537.4621465903
    }
  },
  "random": {
    "base_native": {
      "mean": 577625124.0,
      "median": 577625124.0,
      "min": 577601613.0,
      "max": 577648635.0,
      "std_dev": 33249.57506495384
    },
    "wasmtime_app": {
      "mean": 290662564.0,
      "median": 290384046.0,
      "min": 290361047.0,
      "max": 291242599.0,
      "std_dev": 502456.65426880354
    }
  },
  "random2": {
    "base_native": {
      "mean": 577683270.5,
      "median": 577683270.5,
      "min": 577610187.0,
      "max": 577756354.0,
      "std_dev": 103355.67688569409
    },
    "wasmtime_app": {
      "mean": 290699712.3333333,
      "median": 290411620.0,
      "min": 290406570.0,
      "max": 291280947.0,
      "std_dev": 503370.31987030513
    }
  },
  "ratelimit": {
    "base_native": {
      "mean": 25929919.6,
      "median": 25927630.0,
      "min": 25915055.0,
      "max": 25969627.0,
      "std_dev": 15350.953565748865
    },
    "wasmtime_app": {
      "mean": 39039686.3,
      "median": 38322178.5,
      "min": 38285293.0,
      "max": 45533919.0,
      "std_dev": 2281878.814298382
    }
  },
  "seqhash": {
    "base_native": {
      "mean": 7118110193.0,
      "median": 7118110193.0,
      "min": 7118110193.0,
      "max": 7118110193.0,
      "std_dev": 0.0
    },
    "wasmtime_app": {
      "mean": 9689593130.0,
      "median": 9689593130.0,
      "min": 9689593130.0,
      "max": 9689593130.0,
      "std_dev": 0.0
    }
  },
  "sieve": {
    "base_native": {
      "mean": 569269714.5,
      "median": 569269714.5,
      "min": 569267777.0,
      "max": 569271652.0,
      "std_dev": 2740.038777097872
    },
    "wasmtime_app": {
      "mean": 767062692.0,
      "median": 767062692.0,
      "min": 767062692.0,
      "max": 767062692.0,
      "std_dev": 0.0
    }
  },
  "strcat": {
    "base_native": {
      "mean": 65869093.7,
      "median": 65853954.5,
      "min": 65838256.0,
      "max": 65990297.0,
      "std_dev": 46032.17172092193
    },
    "wasmtime_app": {
      "mean": 352722978.5,
      "median": 352722978.5,
      "min": 350174081.0,
      "max": 355271876.0,
      "std_dev": 3604685.413598876
    }
  },
  "strcat2": {
    "base_native": {
      "mean": 2591423.1818181816,
      "median": 2589555.0,
      "min": 2565232.0,
      "max": 2619179.0,
      "std_dev": 14656.062812489456
    },
    "wasmtime_app": {
      "mean": 9379223.3,
      "median": 8471283.0,
      "min": 8426286.0,
      "max": 17584482.0,
      "std_dev": 2883144.2659847774
    }
  },
  "strchr": {
    "base_native": {
      "mean": 155198051.0,
      "median": 155194901.0,
      "min": 155123205.0,
      "max": 155255973.0,
      "std_dev": 54443.085506793235
    },