{
  "ackermann": {
    "base_native": {
      "mean": 3666380.0,
      "median": 2897861.0,
      "min": 2863277.0,
      "max": 10617285.0,
      "std_dev": 2442476.587900895
    },
    "wasmtime_app": {
      "mean": 8832302.0,
      "median": 8284957.0,
      "min": 7893934.0,
      "max": 12124244.0,
      "std_dev": 1364607.0147699423
    }
  },
  "base64": {
    "base_native": {
      "mean": 253158743.66666666,
      "median": 253132674.0,
      "min": 253120638.0,
      "max": 253222919.0,
      "std_dev": 55902.33787895935
    },
    "wasmtime_app": {
      "mean": 355017518.0,
      "median": 355017518.0,
      "min": 350411896.0,
      "max": 359623140.0,
      "std_dev": 6513333.095563899
    }
  },
  "ctype": {
    "base_native": {
      "mean": 653370034.0,
      "median": 653370034.0,
      "min": 652946766.0,
      "max": 653793302.0,
      "std_dev": 598591.3461185351
    },
    "wasmtime_app": {
      "mean": 985072022.0,
      "median": 985072022.0,
      "min": 985072022.0,
      "max": 985072022.0,
      "std_dev": 0.0
    }
  },
  "ed25519": {
    "base_native": {
      "mean": 1431557126.0,
      "median": 1431557126.0,
      "min": 1431557126.0,
      "max": 1431557126.0,
      "std_dev": 0.0
    },
    "wasmtime_app": {
      "mean": 6755742606.0,
      "median": 6755742606.0,
      "min": 6755742606.0,
      "max": 6755742606.0,
      "std_dev": 0.0
    }
  },
  "fib2": {
    "base_native": {
      "mean": 6948495496.0,
      "median": 6948495496.0,
      "min": 6948495496.0,
      "max": 6948495496.0,
      "std_dev": 0.0
    },
    "wasmtime_app": {
      "mean": 10687821359.0,
      "median": 10687821359.0,
      "min": 10687821359.0,
      "max": 10687821359.0,
      "std_dev": 0.0
    }
  },
  "gimli": {
    "base_native": {
      "mean": 4153430.6,
      "median": 4146089.5,
      "min": 4127024.0,
      "max": 4195169.0,
      "std_dev": 20709.432715016068
    },
    "wasmtime_app": {
      "mean": 9507643.3,
      "median": 9362895.5,
      "min": 9341010.0,
      "max": 10810309.0,
      "std_dev": 458067.74351691455
    }
  },
  "heapsort": {
    "base_native": {
      "mean": 1075197050.0,
      "median": 1075197050.0,
      "min": 1075197050.0,
      "max": 1075197050.0,
      "std_dev": 0.0
    },
    "wasmtime_app": {
      "mean": 1220541017.0,
      "median": 1220541017.0,
      "min": 1220541017.0,
      "max": 1220541017.0,
      "std_dev": 0.0
    }
  },
  "keccak": {
    "base_native": {
      "mean": 7473988.0,
      "median": 7475334.0,
      "min": 7459253.0,
      "max": 7488918.0,
      "std_dev": 8428.567111648073
    },
    "wasmtime_app": {
      "mean": 22820093.8,
      "median": 21230657.5,
      "min": 21010010.0,
      "max": 37303444.0,
      "std_dev": 5091167.156229869
    }
  },
  "matrix": {
    "base_native": {
      "mean": 377471254.0,
      "median": 377471254.0,
      "min": 377448568.0,
      "max": 377493940.0,
      "std_dev": 32082.848875996035
    },
    "wasmtime_app": {
      "mean": 533629771.0,
      "median": 533629771.0,
      "min": 529604647.0,
      "max": 537654895.0,
      "std_dev": 5692384.951033442
    }
  },
  "matrix2": {
    "base_native": {
      "mean": 194069808.25,
      "median": 194070782.0,
      "min": 194036397.0,
      "max": 194101272.0,
      "std_dev": 27426.337820605942
    },
    "wasmtime_app": {
      "mean": 260209925.0,
      "median": 257650325.0,
      "min": 257629977.0,
      "max": 265349473.0,
      "std_dev": 4450990.759763943
    }
  },
  "memmove": {
    "base_native": {
      "mean": 47276706.2,
      "median": 47275210.5,
      "min": 47256620.0,
      "max": 47297996.0,
      "std_dev": 14448.669072117182
    },
    "wasmtime_app": {
      "mean": 521020160.0,
      "median": 521020160.0,
      "min": 516510894.0,
      "max": 525529426.0,
      "std_dev": 6377065.133547877
    }
  },
  "minicsv": {
    "base_native": {
      "mean": 730630460.0,
      "median": 730630460.0,
      "min": 730630460.0,
      "max": 730630460.0,
      "std_dev": 0.0
    },
    "wasmtime_app": {
      "mean": 1116411300.0,
      "median": 1116411300.0,
      "min": 1116411300.0,
      "max": 1116411300.0,
      "std_dev": 0.0
    }
  },
  "nestedloop": {
    "base_native": {
      "mean": 1573221.2727272727,
      "median": 1576681.0,
      "min": 1547540.0,
      "max": 1600004.0,
      "std_dev": 15248.083821194772
    },
    "wasmtime_app": {
      "mean": 6254733.6,
      "median": 6167527.0,
      "min": 6142179.0,
      "max": 7049817.0,
      "std_dev": 280217.20316774904
    }
  },
  "nestedloop2": {
    "base_native": {
      "mean": 1573017.1818181819,
      "median": 1573535.0,
      "min": 1550012.0,
      "max": 1610916.0,
      "std_dev": 17725.454667331847
    },
    "wasmtime_app": {
      "mean": 6258700.9,
      "median": 6183351.0,
      "min": 6145729.0,
      "max": 6994220.0,
      "std_dev": 259352.9684316765
    }
  },
  "nestedloop3": {
    "base_native": {
      "mean": 2092371.1818181819,
      "median": 2084213.0,
      "min": 2072676.0,
      "max": 2138374.0,
      "std_dev": 20449.82469762605
    },
    "wasmtime_app": {
      "mean": 6824167.1,
      "median": 6705765.0,
      "min": 6676742.0,
      "max": 7882135.0,
      "std_dev": 372256.221419677
    }
  },
  "random": {
    "base_native": {
      "mean": 577025949.5,
      "median": 577025949.5,
      "min": 577000267.0,
      "max": 577051632.0,
      "std_dev": 36320.53981564701
    },
    "wasmtime_app": {
      "mean": 290664689.0,
      "median": 290386758.0,
      "min": 290369484.0,
      "max": 291237825.0,
      "std_dev": 496425.4764221917
    }
  },
  "random2": {
    "base_native": {
      "mean": 577013813.5,
      "median": 577013813.5,
      "min": 576934319.0,
      "max": 577093308.0,
      "std_dev": 112422.20003406801
    },
    "wasmtime_app": {
      "mean": 290669880.3333333,
      "median": 290414431.0,
      "min": 290356360.0,
      "max": 291238850.0,
      "std_dev": 493596.92204301007
    }
  },
  "ratelimit": {
    "base_native": {
      "mean": 25896812.1,
      "median": 25886494.0,
      "min": 25878816.0,
      "max": 25942991.0,
      "std_dev": 22232.656538674517
    },
    "wasmtime_app": {
      "mean": 38950008.9,
      "median": 38233318.0,
      "min": 38136637.0,
      "max": 45508607.0,
      "std_dev": 2304820.550707314
    }
  },
  "seqhash": {
    "base_native": {
      "mean": 7107683166.0,
      "median": 7107683166.0,
      "min": 7107683166.0,
      "max": 7107683166.0,
      "std_dev": 0.0
    },
    "wasmtime_app": {
      "mean": 9673623031.0,
      "median": 9673623031.0,
      "min": 9673623031.0,
      "max": 9673623031.0,
      "std_dev": 0.0
    }
  },
  "sieve": {
    "base_native": {
      "mean": 568583134.0,
      "median": 568583134.0,
      "min": 568532568.0,
      "max": 568633700.0,
      "std_dev": 71511.12299495793
    },
    "wasmtime_app": {
      "mean": 767088954.0,
      "median": 767088954.0,
      "min": 767088954.0,
      "max": 767088954.0,
      "std_dev": 0.0
    }
  },
  "strcat": {
    "base_native": {
      "mean": 65778310.6,
      "median": 65758773.5,
      "min": 65751644.0,
      "max": 65932758.0,
      "std_dev": 54885.70167822501
    },
    "wasmtime_app": {
      "mean": 349667972.5,
      "median": 349667972.5,
      "min": 344183798.0,
      "max": 355152147.0,
      "std_dev": 7755793.956320687
    }
  },
  "strcat2": {
    "base_native": {
      "mean": 2563506.727272727,
      "median": 2564151.0,
      "min": 2534911.0,
      "max": 2595490.0,
      "std_dev": 16070.635632052075
    },
    "wasmtime_app": {
      "mean": 9333230.2,
      "median": 8421210.5,
      "min": 8371551.0,
      "max": 17616068.0,
      "std_dev": 2910373.883744752
    }
  },
  "strchr": {
    "base_native": {
      "mean": 154446512.8,
      "median": 154423040.0,
      "min": 154370377.0,
      "max": 154572116.0,
      "std_dev": 82934.43852043613
    },