{
  "ackermann": {
    "base_native": {
      "mean": 3256788.0,
      "median": 2933619.0,
      "min": 2903008.0,
      "max": 6170246.0,
      "std_dev": 1023957.9075199657
    },
    "wasmtime_app": {
      "mean": 8849252.9,
      "median": 8419171.5,
      "min": 8044071.0,
      "max": 12617145.0,
      "std_dev": 1383591.852860875
    }
  },
  "base64": {
    "base_native": {
      "mean": 255799036.66666666,
      "median": 257474641.0,
      "min": 252366333.0,
      "max": 257556136.0,
      "std_dev": 2973087.823478535
    },
    "wasmtime_app": {
      "mean": 359555680.5,
      "median": 359555680.5,
      "min": 353468918.0,
      "max": 365642443.0,
      "std_dev": 8607982.078443967
    }
  },
  "ctype": {
    "base_native": {
      "mean": 653920429.0,
      "median": 653920429.0,
      "min": 653759063.0,
      "max": 654081795.0,
      "std_dev": 228205.98570589686
    },
    "wasmtime_app": {
      "mean": 981422695.0,
      "median": 981422695.0,
      "min": 981422695.0,
      "max": 981422695.0,
      "std_dev": 0.0
    }
  },
  "ed25519": {
    "base_native": {
      "mean": 1433213684.0,
      "median": 1433213684.0,
      "min": 1433213684.0,
      "max": 1433213684.0,
      "std_dev": 0.0
    },
    "wasmtime_app": {
      "mean": 6708899907.0,
      "median": 6708899907.0,
      "min": 6708899907.0,
      "max": 6708899907.0,
      "std_dev": 0.0
    }
  },
  "fib2": {
    "base_native": {
      "mean": 6956354897.0,
      "median": 6956354897.0,
      "min": 6956354897.0,
      "max": 6956354897.0,
      "std_dev": 0.0
    },
    "wasmtime_app": {
      "mean": 10688236640.0,
      "median": 10688236640.0,
      "min": 10688236640.0,
      "max": 10688236640.0,
      "std_dev": 0.0
    }
  },
  "gimli": {
    "base_native": {
      "mean": 4172178.3,
      "median": 4166611.0,
      "min": 4134588.0,
      "max": 4276455.0,
      "std_dev": 40009.87625310642
    },
    "wasmtime_app": {
      "mean": 9548382.1,
      "median": 9378320.5,
      "min": 9322912.0,
      "max": 11178190.0,
      "std_dev": 572998.3832477579
    }
  },
  "heapsort": {
    "base_native": {
      "mean": 1077064989.0,
      "median": 1077064989.0,
      "min": 1077064989.0,
      "max": 1077064989.0,
      "std_dev": 0.0
    },
    "wasmtime_app": {
      "mean": 1220641623.0,
      "median": 1220641623.0,
      "min": 1220641623.0,
      "max": 1220641623.0,
      "std_dev": 0.0
    }
  },
  "keccak": {
    "base_native": {
      "mean": 7484873.7,
      "median": 7485496.0,
      "min": 7460348.0,
      "max": 7496745.0,
      "std_dev": 11500.417905933293
    },
    "wasmtime_app": {
      "mean": 22797603.7,
      "median": 21220680.0,
      "min": 21031667.0,
      "max": 37135109.0,
      "std_dev": 5038681.397775106
    }
  },
  "matrix": {
    "base_native": {
      "mean": 377944096.5,
      "median": 377944096.5,
      "min": 377929847.0,
      "max": 377958346.0,
      "std_dev": 20151.836157035417
    },
    "wasmtime_app": {
      "mean": 533749431.0,
      "median": 533749431.0,
      "min": 529813802.0,
      "max": 537685060.0,
      "std_dev": 5565819.9082688615
    }
  },
  "matrix2": {
    "base_native": {
      "mean": 194301774.25,
      "median": 194307780.0,
      "min": 194279557.0,
      "max": 194311980.0,
      "std_dev": 15013.35901511273
    },
    "wasmtime_app": {
      "mean": 260240720.0,
      "median": 257690313.0,
      "min": 257668389.0,
      "max": 265363458.0,
      "std_dev": 4436434.787971869
    }
  },
  "memmove": {
    "base_native": {
      "mean": 47344240.2,
      "median": 47345315.0,
      "min": 47315142.0,
      "max": 47369039.0,
      "std_dev": 13350.160446809452
    },
    "wasmtime_app": {
      "mean": 521107887.0,
      "median": 521107887.0,
      "min": 516637643.0,
      "max": 525578131.0,
      "std_dev": 6321879.691916954
    }
  },
  "minicsv": {
    "base_native": {
      "mean": 748006070.0,
      "median": 748006070.0,
      "min": 748006070.0,
      "max": 748006070.0,
      "std_dev": 0.0
    },
    "wasmtime_app": {
      "mean": 1102050192.0,
      "median": 1102050192.0,
      "min": 1102050192.0,
      "max": 1102050192.0,
      "std_dev": 0.0
    }
  },
  "nestedloop": {
    "base_native": {
      "mean": 1574961.7272727273,
      "median": 1582159.0,
      "min": 1552161.0,
      "max": 1586559.0,
      "std_dev": 13854.275701680757
    },
    "wasmtime_app": {
      "mean": 6272334.7,
      "median": 6180406.0,
      "min": 6118747.0,
      "max": 7151154.0,
      "std_dev": 309758.6008326304
    }
  },
  "nestedloop2": {
    "base_native": {
      "mean": 1571766.3636363635,
      "median": 1576484.0,
      "min": 1550961.0,
      "max": 1591158.0,
      "std_dev": 12649.82051471662
    },
    "wasmtime_app": {
      "mean": 6247488.9,
      "median": 6176781.5,
      "min": 6107198.0,
      "max": 7002689.0,
      "std_dev": 268490.67236661643
    }
  },
  "nestedloop3": {
    "base_native": {
      "mean": 2079691.9090909092,
      "median": 2079381.0,
      "min": 2056107.0,
      "max": 2105054.0,
      "std_dev": 12256.46655814428
    },
    "wasmtime_app": {
      "mean": 6842212.3,
      "median": 6739981.5,
      "min": 6648263.0,
      "max": 7870907.0,
      "std_dev": 363041.1794934716
    }
  },
  "random": {
    "base_native": {
      "mean": 577661668.0,
      "median": 577661668.0,
      "min": 577657718.0,
      "max": 577665618.0,
      "std_dev": 5586.1435713737255
    },
    "wasmtime_app": {
      "mean": 290676761.6666667,
      "median": 290413737.0,
      "min": 290389414.0,
      "max": 291227134.0,
      "std_dev": 476791.5488516269
    }
  },
  "random2": {
    "base_native": {
      "mean": 577728314.0,
      "median": 577728314.0,
      "min": 577657868.0,
      "max": 577798760.0,
      "std_dev": 99625.68861493505
    },
    "wasmtime_app": {
      "mean": 290687693.6666667,
      "median": 290395413.0,
      "min": 290393313.0,
      "max": 291274355.0,
      "std_dev": 508064.7030854765
    }
  },
  "ratelimit": {
    "base_native": {
      "mean": 25917141.4,
      "median": 25918966.0,
      "min": 25888493.0,
      "max": 25937265.0,
      "std_dev": 14152.272516376222
    },
    "wasmtime_app": {
      "mean": 39070544.1,
      "median": 38352804.0,
      "min": 38300607.0,
      "max": 45564130.0,
      "std_dev": 2281784.24898998
    }
  },
  "seqhash": {
    "base_native": {
      "mean": 7094445345.0,
      "median": 7094445345.0,
      "min": 7094445345.0,
      "max": 7094445345.0,
      "std_dev": 0.0
    },
    "wasmtime_app": {
      "mean": 9688855749.0,
      "median": 9688855749.0,
      "min": 9688855749.0,
      "max": 9688855749.0,
      "std_dev": 0.0
    }
  },
  "sieve": {
    "base_native": {
      "mean": 569368667.5,
      "median": 569368667.5,
      "min": 569347919.0,
      "max": 569389416.0,
      "std_dev": 29342.810098898164
    },
    "wasmtime_app": {
      "mean": 767387713.0,
      "median": 767387713.0,
      "min": 767387713.0,
      "max": 767387713.0,
      "std_dev": 0.0
    }
  },
  "strcat": {
    "base_native": {
      "mean": 65878502.1,
      "median": 65880717.0,
      "min": 65839907.0,
      "max": 65941351.0,
      "std_dev": 27826.268498389152
    },
    "wasmtime_app": {
      "mean": 351362769.0,
      "median": 351362769.0,
      "min": 347336121.0,
      "max": 355389417.0,
      "std_dev": 5694540.212502498
    }
  },
  "strcat2": {
    "base_native": {
      "mean": 2588758.1818181816,
      "median": 2587901.0,
      "min": 2567228.0,
      "max": 2606375.0,
      "std_dev": 11781.616474984932
    },
    "wasmtime_app": {
      "mean": 9430097.3,
      "median": 8509890.0,
      "min": 8478042.0,
      "max": 17709686.0,
      "std_dev": 2909248.6137876473
    }
  },
  "strchr": {
    "base_native": {
      "mean": 154976166.2,
      "median": 155003279.0,
      "min": 154790117.0,
      "max": 155072001.0,
      "std_dev": 116953.54644986188
    },