{
  "ackermann": {
    "base_native": {
      "mean": 3236604.1,
      "median": 2924904.5,
      "min": 2900456.0,
      "max": 6082921.0,
      "std_dev": 1000233.4907122048
    },
    "wasmtime_app": {
      "mean": 9443912.1,
      "median": 8963097.0,
      "min": 8579982.0,
      "max": 13889927.0,
      "std_dev": 1611883.5178266484
    }
  },
  "base64": {
    "base_native": {
      "mean": 255936194.33333334,
      "median": 257452348.0,
      "min": 252758196.0,
      "max": 257598039.0,
      "std_dev": 2753191.1524397163
    },
    "wasmtime_app": {
      "mean": 380281799.5,
      "median": 380281799.5,
      "min": 371138037.0,
      "max": 389425562.0,
      "std_dev": 12931232.938618518
    }
  },
  "ctype": {
    "base_native": {
      "mean": 653986094.5,
      "median": 653986094.5,
      "min": 653666263.0,
      "max": 654305926.0,
      "std_dev": 452310.0449741305
    },
    "wasmtime_app": {
      "mean": 962287390.0,
      "median": 962287390.0,
      "min": 962287390.0,
      "max": 962287390.0,
      "std_dev": 0.0
    }
  },
  "ed25519": {
    "base_native": {
      "mean": 1433496849.0,
      "median": 1433496849.0,
      "min": 1433496849.0,
      "max": 1433496849.0,
      "std_dev": 0.0
    },
    "wasmtime_app": {
      "mean": 6731994215.0,
      "median": 6731994215.0,
      "min": 6731994215.0,
      "max": 6731994215.0,
      "std_dev": 0.0
    }
  },
  "fib2": {
    "base_native": {
      "mean": 6956102449.0,
      "median": 6956102449.0,
      "min": 6956102449.0,
      "max": 6956102449.0,
      "std_dev": 0.0
    },
    "wasmtime_app": {
      "mean": 10686163622.0,
      "median": 10686163622.0,
      "min": 10686163622.0,
      "max": 10686163622.0,
      "std_dev": 0.0
    }
  },
  "gimli": {
    "base_native": {
      "mean": 4133872.1,
      "median": 4133409.5,
      "min": 4110211.0,
      "max": 4147934.0,
      "std_dev": 10933.400492171784
    },
    "wasmtime_app": {
      "mean": 9526437.4,
      "median": 9358937.0,
      "min": 9314790.0,
      "max": 11068089.0,
      "std_dev": 542300.3459572728
    }
  },
  "heapsort": {
    "base_native": {
      "mean": 1076373814.0,
      "median": 1076373814.0,
      "min": 1076373814.0,
      "max": 1076373814.0,
      "std_dev": 0.0
    },
    "wasmtime_app": {
      "mean": 1221044656.0,
      "median": 1221044656.0,
      "min": 1221044656.0,
      "max": 1221044656.0,
      "std_dev": 0.0
    }
  },
  "keccak": {
    "base_native": {
      "mean": 7487952.2,
      "median": 7485577.5,
      "min": 7478915.0,
      "max": 7512563.0,
      "std_dev": 10204.421109390663
    },
    "wasmtime_app": {
      "mean": 22913803.8,
      "median": 21338037.0,
      "min": 21084339.0,
      "max": 37242686.0,
      "std_dev": 5037477.260858363
    }
  },
  "matrix": {
    "base_native": {
      "mean": 377904778.0,
      "median": 377904778.0,
      "min": 377885254.0,
      "max": 377924302.0,
      "std_dev": 27611.105591772306
    },
    "wasmtime_app": {
      "mean": 533671353.5,
      "median": 533671353.5,
      "min": 529378450.0,
      "max": 537964257.0,
      "std_dev": 6071082.351658928
    }
  },
  "matrix2": {
    "base_native": {
      "mean": 194269935.75,
      "median": 194261967.5,
      "min": 194248993.0,
      "max": 194306815.0,
      "std_dev": 25618.350029812616
    },
    "wasmtime_app": {
      "mean": 260212898.33333334,
      "median": 257665953.0,
      "min": 257648779.0,
      "max": 265323963.0,
      "std_dev": 4426320.171056917
    }
  },
  "memmove": {
    "base_native": {
      "mean": 47330368.4,
      "median": 47327301.0,
      "min": 47310927.0,
      "max": 47368999.0,
      "std_dev": 17581.692992681023
    },
    "wasmtime_app": {
      "mean": 520010488.0,
      "median": 520010488.0,
      "min": 515041098.0,
      "max": 524979878.0,
      "std_dev": 7027778.734721235
    }
  },
  "minicsv": {
    "base_native": {
      "mean": 738073111.0,
      "median": 738073111.0,
      "min": 738073111.0,
      "max": 738073111.0,
      "std_dev": 0.0
    },
    "wasmtime_app": {
      "mean": 1118547142.0,
      "median": 1118547142.0,
      "min": 1118547142.0,
      "max": 1118547142.0,
      "std_dev": 0.0
    }
  },
  "nestedloop": {
    "base_native": {
      "mean": 1562420.1818181819,
      "median": 1565434.0,
      "min": 1541285.0,
      "max": 1583983.0,
      "std_dev": 15868.980300058234
    },
    "wasmtime_app": {
      "mean": 6273436.8,
      "median": 6182544.5,
      "min": 6164745.0,
      "max": 7082743.0,
      "std_dev": 284729.75536532886
    }
  },
  "nestedloop2": {
    "base_native": {
      "mean": 1569767.4545454546,
      "median": 1571458.0,
      "min": 1549435.0,
      "max": 1586532.0,
      "std_dev": 12772.145178971592
    },
    "wasmtime_app": {
      "mean": 6302092.7,
      "median": 6208180.5,
      "min": 6143822.0,
      "max": 7119641.0,
      "std_dev": 289378.8865618722
    }
  },
  "nestedloop3": {
    "base_native": {
      "mean": 2064752.3636363635,
      "median": 2066180.0,
      "min": 2033856.0,
      "max": 2091728.0,
      "std_dev": 17394.779569012808
    },
    "wasmtime_app": {
      "mean": 6862408.0,
      "median": 6745774.5,
      "min": 6664392.0,
      "max": 7990991.0,
      "std_dev": 398550.2202238063
    }
  },
  "random": {
    "base_native": {
      "mean": 577702037.0,
      "median": 577702037.0,
      "min": 577583631.0,
      "max": 577820443.0,
      "std_dev": 167451.37106634869
    },
    "wasmtime_app": {
      "mean": 290677357.3333333,
      "median": 290389099.0,
      "min": 290381674.0,
      "max": 291261299.0,
      "std_dev": 505721.9445587994
    }
  },
  "random2": {
    "base_native": {
      "mean": 577632353.5,
      "median": 577632353.5,
      "min": 577586156.0,
      "max": 577678551.0,
      "std_dev": 65333.13104773106
    },
    "wasmtime_app": {
      "mean": 290721630.0,
      "median": 290445446.0,
      "min": 290352701.0,
      "max": 291366743.0,
      "std_dev": 560605.4725321543
    }
  },
  "ratelimit": {
    "base_native": {
      "mean": 25929361.1,
      "median": 25925106.0,
      "min": 25907620.0,
      "max": 25986190.0,
      "std_dev": 23709.01240948963
    },
    "wasmtime_app": {
      "mean": 38996097.8,
      "median": 38286001.0,
      "min": 38238129.0,
      "max": 45450340.0,
      "std_dev": 2267902.76654964
    }
  },
  "seqhash": {
    "base_native": {
      "mean": 7116153929.0,
      "median": 7116153929.0,
      "min": 7116153929.0,
      "max": 7116153929.0,
      "std_dev": 0.0
    },
    "wasmtime_app": {
      "mean": 9687512219.0,
      "median": 9687512219.0,
      "min": 9687512219.0,
      "max": 9687512219.0,
      "std_dev": 0.0
    }
  },
  "sieve": {
    "base_native": {
      "mean": 569235178.5,
      "median": 569235178.5,
      "min": 569222817.0,
      "max": 569247540.0,
      "std_dev": 17481.800951275014
    },
    "wasmtime_app": {
      "mean": 766975306.0,
      "median": 766975306.0,
      "min": 766975306.0,
      "max": 766975306.0,
      "std_dev": 0.0
    }
  },
  "strcat": {
    "base_native": {
      "mean": 65857204.9,
      "median": 65846288.0,
      "min": 65837926.0,
      "max": 65943945.0,
      "std_dev": 32104.15643028173
    },
    "wasmtime_app": {
      "mean": 351975387.5,
      "median": 351975387.5,
      "min": 348678027.0,
      "max": 355272748.0,
      "std_dev": 4663171.93913333
    }
  },
  "strcat2": {
    "base_native": {
      "mean": 2592799.0,
      "median": 2592224.0,
      "min": 2574475.0,
      "max": 2616248.0,
      "std_dev": 13203.756685125638
    },
    "wasmtime_app": {
      "mean": 9400179.7,
      "median": 8488337.0,
      "min": 8441140.0,
      "max": 17702508.0,
      "std_dev": 2917234.1541315024
    }
  },
  "strchr": {
    "base_native": {
      "mean": 155093437.4,
      "median": 155094392.0,
      "min": 155062069.0,
      "max": 155124666.0,
      "std_dev": 23801.69781339138
    },