{
  "ackermann": {
    "base_native": {
      "mean": 3208001.8,
      "median": 2893072.5,
      "min": 2856637.0,
      "max": 6103327.0,
      "std_dev": 1017449.5394572319
    },
    "wasmtime_app": {
      "mean": 9629955.3,
      "median": 9316969.5,
      "min": 8797319.0,
      "max": 13014299.0,
      "std_dev": 1275408.9889735198
    }
  },
  "base64": {
    "base_native": {
      "mean": 249541482.0,
      "median": 249510109.0,
      "min": 249499084.0,
      "max": 249615253.0,
      "std_dev": 64124.94044441679
    },
    "wasmtime_app": {
      "mean": 356852127.5,
      "median": 356852127.5,
      "min": 350454385.0,
      "max": 363249870.0,
      "std_dev": 9047774.212070752
    }
  },
  "ctype": {
    "base_native": {
      "mean": 654845277.0,
      "median": 654845277.0,
      "min": 654608703.0,
      "max": 655081851.0,
      "std_dev": 334566.1593048526
    },
    "wasmtime_app": {
      "mean": 972654161.0,
      "median": 972654161.0,
      "min": 972654161.0,
      "max": 972654161.0,
      "std_dev": 0.0
    }
  },
  "ed25519": {
    "base_native": {
      "mean": 1433382908.0,
      "median": 1433382908.0,
      "min": 1433382908.0,
      "max": 1433382908.0,
      "std_dev": 0.0
    },
    "wasmtime_app": {
      "mean": 6762972607.0,
      "median": 6762972607.0,
      "min": 6762972607.0,
      "max": 6762972607.0,
      "std_dev": 0.0
    }
  },
  "fib2": {
    "base_native": {
      "mean": 6956354186.0,
      "median": 6956354186.0,
      "min": 6956354186.0,
      "max": 6956354186.0,
      "std_dev": 0.0
    },
    "wasmtime_app": {
      "mean": 10679238670.0,
      "median": 10679238670.0,
      "min": 10679238670.0,
      "max": 10679238670.0,
      "std_dev": 0.0
    }
  },
  "gimli": {
    "base_native": {
      "mean": 4162347.4,
      "median": 4149775.5,
      "min": 4129664.0,
      "max": 4276456.0,
      "std_dev": 42363.79025168651
    },
    "wasmtime_app": {
      "mean": 9452783.4,
      "median": 9339218.5,
      "min": 8941887.0,
      "max": 11146385.0,
      "std_dev": 620588.9183189357
    }
  },
  "heapsort": {
    "base_native": {
      "mean": 1076596510.0,
      "median": 1076596510.0,
      "min": 1076596510.0,
      "max": 1076596510.0,
      "std_dev": 0.0
    },
    "wasmtime_app": {
      "mean": 1220675896.0,
      "median": 1220675896.0,
      "min": 1220675896.0,
      "max": 1220675896.0,
      "std_dev": 0.0
    }
  },
  "keccak": {
    "base_native": {
      "mean": 7483543.1,
      "median": 7483160.5,
      "min": 7470674.0,
      "max": 7497272.0,
      "std_dev": 7456.084859585044
    },
    "wasmtime_app": {
      "mean": 22848570.7,
      "median": 21285793.0,
      "min": 20978432.0,
      "max": 37290179.0,
      "std_dev": 5076248.364364356
    }
  },
  "matrix": {
    "base_native": {
      "mean": 377901743.5,
      "median": 377901743.5,
      "min": 377895394.0,
      "max": 377908093.0,
      "std_dev": 8979.549014287966
    },
    "wasmtime_app": {
      "mean": 533884924.0,
      "median": 533884924.0,
      "min": 529437529.0,
      "max": 538332319.0,
      "std_dev": 6289566.326230291
    }
  },
  "matrix2": {
    "base_native": {
      "mean": 194270880.75,
      "median": 194264643.5,
      "min": 194250807.0,
      "max": 194303429.0,
      "std_dev": 22725.084559798674
    },
    "wasmtime_app": {
      "mean": 260299368.0,
      "median": 257886754.0,
      "min": 257701388.0,
      "max": 265309962.0,
      "std_dev": 4340291.38573852
    }
  },
  "memmove": {
    "base_native": {
      "mean": 47343172.0,
      "median": 47337939.5,
      "min": 47320303.0,
      "max": 47372650.0,
      "std_dev": 20064.282831827197
    },
    "wasmtime_app": {
      "mean": 520609974.0,
      "median": 520609974.0,
      "min": 515889979.0,
      "max": 525329969.0,
      "std_dev": 6675080.943333196
    }
  },
  "minicsv": {
    "base_native": {
      "mean": 739241456.0,
      "median": 739241456.0,
      "min": 739241456.0,
      "max": 739241456.0,
      "std_dev": 0.0
    },
    "wasmtime_app": {
      "mean": 1103867384.0,
      "median": 1103867384.0,
      "min": 1103867384.0,
      "max": 1103867384.0,
      "std_dev": 0.0
    }
  },
  "nestedloop": {
    "base_native": {
      "mean": 1579064.0,
      "median": 1583409.0,
      "min": 1546036.0,
      "max": 1600133.0,
      "std_dev": 16403.403415145287
    },
    "wasmtime_app": {
      "mean": 6270697.8,
      "median": 6175377.5,
      "min": 6154841.0,
      "max": 7124546.0,
      "std_dev": 300440.6657375869
    }
  },
  "nestedloop2": {
    "base_native": {
      "mean": 1579561.7272727273,
      "median": 1583434.0,
      "min": 1554161.0,
      "max": 1594834.0,
      "std_dev": 12843.36209947309
    },
    "wasmtime_app": {
      "mean": 6283699.6,
      "median": 6200713.5,
      "min": 6179314.0,
      "max": 7039625.0,
      "std_dev": 266192.72518116975
    }
  },
  "nestedloop3": {
    "base_native": {
      "mean": 2087632.9090909092,
      "median": 2086331.0,
      "min": 2069557.0,
      "max": 2112404.0,
      "std_dev": 10133.905431318623
    },
    "wasmtime_app": {
      "mean": 6846496.0,
      "median": 6728676.5,
      "min": 6701065.0,
      "max": 7936933.0,
      "std_dev": 383662.39439845487
    }
  },
  "random": {
    "base_native": {
      "mean": 577625489.5,
      "median": 577625489.5,
      "min": 577585817.0,
      "max": 577665162.0,
      "std_dev": 56105.38755324661
    },
    "wasmtime_app": {
      "mean": 290780362.3333333,
      "median": 290443728.0,
      "min": 290409304.0,
      "max": 291488055.0,
      "std_dev": 613121.4690290444
    }
  },
  "random2": {
    "base_native": {
      "mean": 577667199.5,
      "median": 577667199.5,
      "min": 577637214.0,
      "max": 577697185.0,
      "std_dev": 42405.900774538444
    },
    "wasmtime_app": {
      "mean": 290742130.6666667,
      "median": 290435503.0,
      "min": 290430853.0,
      "max": 291360036.0,
      "std_dev": 535126.7666136066
    }
  },
  "ratelimit": {
    "base_native": {
      "mean": 25925727.3,
      "median": 25926197.0,
      "min": 25901574.0,
      "max": 25961945.0,
      "std_dev": 17069.98968332696
    },
    "wasmtime_app": {
      "mean": 39015812.4,
      "median": 38300795.5,
      "min": 38276109.0,
      "max": 45472427.0,
      "std_dev": 2268704.4738340667
    }
  },
  "seqhash": {
    "base_native": {
      "mean": 7121647719.0,
      "median": 7121647719.0,
      "min": 7121647719.0,
      "max": 7121647719.0,
      "std_dev": 0.0
    },
    "wasmtime_app": {
      "mean": 9705383289.0,
      "median": 9705383289.0,
      "min": 9705383289.0,
      "max": 9705383289.0,
      "std_dev": 0.0
    }
  },
  "sieve": {
    "base_native": {
      "mean": 569238017.0,
      "median": 569238017.0,
      "min": 569225018.0,
      "max": 569251016.0,
      "std_dev": 18383.362097287863
    },
    "wasmtime_app": {
      "mean": 767057094.0,
      "median": 767057094.0,
      "min": 767057094.0,
      "max": 767057094.0,
      "std_dev": 0.0
    }
  },
  "strcat": {
    "base_native": {
      "mean": 65863649.2,
      "median": 65858547.0,
      "min": 65837473.0,
      "max": 65942242.0,
      "std_dev": 29995.271119146615
    },
    "wasmtime_app": {
      "mean": 352878410.5,
      "median": 352878410.5,
      "min": 350220546.0,
      "max": 355536275.0,
      "std_dev": 3758788.022849985
    }
  },
  "strcat2": {
    "base_native": {
      "mean": 2601771.909090909,
      "median": 2601451.0,
      "min": 2573303.0,
      "max": 2619925.0,
      "std_dev": 13001.357332636815
    },
    "wasmtime_app": {
      "mean": 9447026.4,
      "median": 8535018.5,
      "min": 8491733.0,
      "max": 17765055.0,
      "std_dev": 2922713.8496362586
    }
  },
  "strchr": {
    "base_native": {
      "mean": 155165998.8,
      "median": 155166409.0,
      "min": 155122486.0,
      "max": 155193732.0,
      "std_dev": 28587.67933393685
    },