{
  "ackermann": {
    "base_native": {
      "mean": 3300158.2,
      "median": 2881152.5,
      "min": 2853442.0,
      "max": 7086169.0,
      "std_dev": 1330429.649421469
    },
    "wasmtime_app": {
      "mean": 9160560.9,
      "median": 8907177.5,
      "min": 8189743.0,
      "max": 13362204.0,
      "std_dev": 1510298.5834920525
    }
  },
  "base64": {
    "base_native": {
      "mean": 252877280.33333334,
      "median": 253408747.0,
      "min": 251721226.0,
      "max": 253501868.0,
      "std_dev": 1002254.506786741
    },
    "wasmtime_app": {
      "mean": 363082786.0,
      "median": 363082786.0,
      "min": 355259360.0,
      "max": 370906212.0,
      "std_dev": 11063995.153422294
    }
  },
  "ctype": {
    "base_native": {
      "mean": 653739489.0,
      "median": 653739489.0,
      "min": 653705153.0,
      "max": 653773825.0,
      "std_dev": 48558.43687764259
    },
    "wasmtime_app": {
      "mean": 884773976.0,
      "median": 884773976.0,
      "min": 884773976.0,
      "max": 884773976.0,
      "std_dev": 0.0
    }
  },
  "ed25519": {
    "base_native": {
      "mean": 1433208123.0,
      "median": 1433208123.0,
      "min": 1433208123.0,
      "max": 1433208123.0,
      "std_dev": 0.0
    },
    "wasmtime_app": {
      "mean": 6743446009.0,
      "median": 6743446009.0,
      "min": 6743446009.0,
      "max": 6743446009.0,
      "std_dev": 0.0
    }
  },
  "fib2": {
    "base_native": {
      "mean": 6956160691.0,
      "median": 6956160691.0,
      "min": 6956160691.0,
      "max": 6956160691.0,
      "std_dev": 0.0
    },
    "wasmtime_app": {
      "mean": 10692176968.0,
      "median": 10692176968.0,
      "min": 10692176968.0,
      "max": 10692176968.0,
      "std_dev": 0.0
    }
  },
  "gimli": {
    "base_native": {
      "mean": 4141754.2,
      "median": 4139294.5,
      "min": 4131332.0,
      "max": 4163306.0,
      "std_dev": 9507.41523233313
    },
    "wasmtime_app": {
      "mean": 9504884.5,
      "median": 9361002.5,
      "min": 9328454.0,
      "max": 10844920.0,
      "std_dev": 471061.6274700395
    }
  },
  "heapsort": {
    "base_native": {
      "mean": 1076372217.0,
      "median": 1076372217.0,
      "min": 1076372217.0,
      "max": 1076372217.0,
      "std_dev": 0.0
    },
    "wasmtime_app": {
      "mean": 1220551898.0,
      "median": 1220551898.0,
      "min": 1220551898.0,
      "max": 1220551898.0,
      "std_dev": 0.0
    }
  },
  "keccak": {
    "base_native": {
      "mean": 7478273.6,
      "median": 7479538.5,
      "min": 7462427.0,
      "max": 7488926.0,
      "std_dev": 7460.908258680336
    },
    "wasmtime_app": {
      "mean": 22900537.2,
      "median": 21336796.5,
      "min": 21172844.0,
      "max": 37168426.0,
      "std_dev": 5013703.99962498
    }
  },
  "matrix": {
    "base_native": {
      "mean": 377871963.0,
      "median": 377871963.0,
      "min": 377860351.0,
      "max": 377883575.0,
      "std_dev": 16421.84788627638
    },
    "wasmtime_app": {
      "mean": 533611725.0,
      "median": 533611725.0,
      "min": 529402597.0,
      "max": 537820853.0,
      "std_dev": 5952605.903364341
    }
  },
  "matrix2": {
    "base_native": {
      "mean": 194267988.75,
      "median": 194267026.5,
      "min": 194246952.0,
      "max": 194290950.0,
      "std_dev": 18167.870933326227
    },
    "wasmtime_app": {
      "mean": 260233760.0,
      "median": 257682902.0,
      "min": 257672528.0,
      "max": 265345850.0,
      "std_dev": 4427202.845030257
    }
  },
  "memmove": {
    "base_native": {
      "mean": 47324990.2,
      "median": 47325370.0,
      "min": 47300696.0,
      "max": 47347919.0,
      "std_dev": 14200.944309759438
    },
    "wasmtime_app": {
      "mean": 521118021.5,
      "median": 521118021.5,
      "min": 516116863.0,
      "max": 526119180.0,
      "std_dev": 7072706.178277484
    }
  },
  "minicsv": {
    "base_native": {
      "mean": 727139558.0,
      "median": 727139558.0,
      "min": 727139558.0,
      "max": 727139558.0,
      "std_dev": 0.0
    },
    "wasmtime_app": {
      "mean": 1105778725.0,
      "median": 1105778725.0,
      "min": 1105778725.0,
      "max": 1105778725.0,
      "std_dev": 0.0
    }
  },
  "nestedloop": {
    "base_native": {
      "mean": 1566806.0,
      "median": 1569651.0,
      "min": 1540778.0,
      "max": 1595700.0,
      "std_dev": 16419.339316793474
    },
    "wasmtime_app": {
      "mean": 6267087.5,
      "median": 6177042.5,
      "min": 6149057.0,
      "max": 7088354.0,
      "std_dev": 288964.04513412697
    }
  },
  "nestedloop2": {
    "base_native": {
      "mean": 1566883.2727272727,
      "median": 1569126.0,
      "min": 1543153.0,
      "max": 1604125.0,
      "std_dev": 19733.229847599247
    },
    "wasmtime_app": {
      "mean": 6277531.9,
      "median": 6173792.5,
      "min": 6108384.0,
      "max": 7202023.0,
      "std_dev": 327796.11878098524
    }
  },
  "nestedloop3": {
    "base_native": {
      "mean": 2076741.3636363635,
      "median": 2075028.0,
      "min": 2053729.0,
      "max": 2096727.0,
      "std_dev": 12459.482495454837
    },
    "wasmtime_app": {
      "mean": 6840587.9,
      "median": 6731199.0,
      "min": 6681827.0,
      "max": 7925807.0,
      "std_dev": 382214.06432127644
    }
  },
  "random": {
    "base_native": {
      "mean": 577596285.5,
      "median": 577596285.5,
      "min": 577571049.0,
      "max": 577621522.0,
      "std_dev": 35689.80056682861
    },
    "wasmtime_app": {
      "mean": 290720418.0,
      "median": 290449025.0,
      "min": 290427951.0,
      "max": 291284278.0,
      "std_dev": 488430.7556542688
    }
  },
  "random2": {
    "base_native": {
      "mean": 577610859.5,
      "median": 577610859.5,
      "min": 577563224.0,
      "max": 577658495.0,
      "std_dev": 67366.77015042357
    },
    "wasmtime_app": {
      "mean": 290725867.6666667,
      "median": 290423176.0,
      "min": 290409727.0,
      "max": 291344700.0,
      "std_dev": 535966.7074402414
    }
  },
  "ratelimit": {
    "base_native": {
      "mean": 25928014.2,
      "median": 25920204.5,
      "min": 25905893.0,
      "max": 25986739.0,
      "std_dev": 23318.13864688937
    },
    "wasmtime_app": {
      "mean": 39047496.7,
      "median": 38323137.0,
      "min": 38308288.0,
      "max": 45581182.0,
      "std_dev": 2295723.69433398
    }
  },
  "seqhash": {
    "base_native": {
      "mean": 7113419217.0,
      "median": 7113419217.0,
      "min": 7113419217.0,
      "max": 7113419217.0,
      "std_dev": 0.0
    },
    "wasmtime_app": {
      "mean": 9681999311.0,
      "median": 9681999311.0,
      "min": 9681999311.0,
      "max": 9681999311.0,
      "std_dev": 0.0
    }
  },
  "sieve": {
    "base_native": {
      "mean": 569281698.0,
      "median": 569281698.0,
      "min": 569269461.0,
      "max": 569293935.0,
      "std_dev": 17305.731362759565
    },
    "wasmtime_app": {
      "mean": 767244606.0,
      "median": 767244606.0,
      "min": 767244606.0,
      "max": 767244606.0,
      "std_dev": 0.0
    }
  },
  "strcat": {
    "base_native": {
      "mean": 65856244.7,
      "median": 65845170.5,
      "min": 65836833.0,
      "max": 65964452.0,
      "std_dev": 38574.11962572834
    },
    "wasmtime_app": {
      "mean": 349706157.0,
      "median": 349706157.0,
      "min": 347156162.0,
      "max": 352256152.0,
      "std_dev": 3606237.5129835806
    }
  },
  "strcat2": {
    "base_native": {
      "mean": 2594178.8181818184,
      "median": 2588904.0,
      "min": 2584029.0,
      "max": 2614903.0,
      "std_dev": 10880.059290446738
    },
    "wasmtime_app": {
      "mean": 9353097.9,
      "median": 8458215.5,
      "min": 8410480.0,
      "max": 17494049.0,
      "std_dev": 2860497.5890571303
    }
  },
  "strchr": {
    "base_native": {
      "mean": 155175222.0,
      "median": 155173822.0,
      "min": 155139924.0,
      "max": 155200971.0,
      "std_dev": 23627.537990658275
    },