{
  "ackermann": {
    "base_native": {
      "mean": 3176660.7,
      "median": 2872421.0,
      "min": 2819361.0,
      "max": 6030651.0,
      "std_dev": 1003067.1324921434
    },
    "wasmtime_app": {
      "mean": 9656523.4,
      "median": 9189218.0,
      "min": 8441194.0,
      "max": 13537169.0,
      "std_dev": 1475570.8355170514
    }
  },
  "base64": {
    "base_native": {
      "mean": 249514348.33333334,
      "median": 249492366.0,
      "min": 249483492.0,
      "max": 249567187.0,
      "std_dev": 45974.23724580249
    },
    "wasmtime_app": {
      "mean": 370998728.0,
      "median": 370998728.0,
      "min": 361584725.0,
      "max": 380412731.0,
      "std_dev": 13313410.718821004
    }
  },
  "ctype": {
    "base_native": {
      "mean": 653688471.0,
      "median": 653688471.0,
      "min": 653676484.0,
      "max": 653700458.0,
      "std_dev": 16952.17797216629
    },
    "wasmtime_app": {
      "mean": 987125784.0,
      "median": 987125784.0,
      "min": 987125784.0,
      "max": 987125784.0,
      "std_dev": 0.0
    }
  },
  "ed25519": {
    "base_native": {
      "mean": 1433595216.0,
      "median": 1433595216.0,
      "min": 1433595216.0,
      "max": 1433595216.0,
      "std_dev": 0.0
    },
    "wasmtime_app": {
      "mean": 6743172275.0,
      "median": 6743172275.0,
      "min": 6743172275.0,
      "max": 6743172275.0,
      "std_dev": 0.0
    }
  },
  "fib2": {
    "base_native": {
      "mean": 6955981971.0,
      "median": 6955981971.0,
      "min": 6955981971.0,
      "max": 6955981971.0,
      "std_dev": 0.0
    },
    "wasmtime_app": {
      "mean": 10688298096.0,
      "median": 10688298096.0,
      "min": 10688298096.0,
      "max": 10688298096.0,
      "std_dev": 0.0
    }
  },
  "gimli": {
    "base_native": {
      "mean": 4165363.7,
      "median": 4162934.0,
      "min": 4140285.0,
      "max": 4199507.0,
      "std_dev": 15401.756162853637
    },
    "wasmtime_app": {
      "mean": 9494542.1,
      "median": 9346157.0,
      "min": 9311935.0,
      "max": 10856353.0,
      "std_dev": 478767.0560597293
    }
  },
  "heapsort": {
    "base_native": {
      "mean": 1076365557.0,
      "median": 1076365557.0,
      "min": 1076365557.0,
      "max": 1076365557.0,
      "std_dev": 0.0
    },
    "wasmtime_app": {
      "mean": 1220328357.0,
      "median": 1220328357.0,
      "min": 1220328357.0,
      "max": 1220328357.0,
      "std_dev": 0.0
    }
  },
  "keccak": {
    "base_native": {
      "mean": 7499960.9,
      "median": 7499566.0,
      "min": 7476492.0,
      "max": 7517515.0,
      "std_dev": 10961.235194488296
    },
    "wasmtime_app": {
      "mean": 22885551.7,
      "median": 21332533.5,
      "min": 20984782.0,
      "max": 37320385.0,
      "std_dev": 5073374.090088941
    }
  },
  "matrix": {
    "base_native": {
      "mean": 377890801.0,
      "median": 377890801.0,
      "min": 377887214.0,
      "max": 377894388.0,
      "std_dev": 5072.784048232292
    },
    "wasmtime_app": {
      "mean": 533518770.5,
      "median": 533518770.5,
      "min": 529401741.0,
      "max": 537635800.0,
      "std_dev": 5822358.955590122
    }
  },
  "matrix2": {
    "base_native": {
      "mean": 194261992.5,
      "median": 194251774.5,
      "min": 194247187.0,
      "max": 194297234.0,
      "std_dev": 23605.412606716567
    },
    "wasmtime_app": {
      "mean": 260204708.33333334,
      "median": 257667641.0,
      "min": 257664991.0,
      "max": 265281493.0,
      "std_dev": 4396624.690532652
    }
  },
  "memmove": {
    "base_native": {
      "mean": 47329991.6,
      "median": 47328474.5,
      "min": 47319462.0,
      "max": 47346336.0,
      "std_dev": 9591.15618334585
    },
    "wasmtime_app": {
      "mean": 520976458.0,
      "median": 520976458.0,
      "min": 516155527.0,
      "max": 525797389.0,
      "std_dev": 6817826.003464888
    }
  },
  "minicsv": {
    "base_native": {
      "mean": 720143889.0,
      "median": 720143889.0,
      "min": 720143889.0,
      "max": 720143889.0,
      "std_dev": 0.0
    },
    "wasmtime_app": {
      "mean": 1108816046.0,
      "median": 1108816046.0,
      "min": 1108816046.0,
      "max": 1108816046.0,
      "std_dev": 0.0
    }
  },
  "nestedloop": {
    "base_native": {
      "mean": 1594452.6363636365,
      "median": 1592957.0,
      "min": 1567209.0,
      "max": 1659129.0,
      "std_dev": 25610.878182025415
    },
    "wasmtime_app": {
      "mean": 6277275.6,
      "median": 6184074.5,
      "min": 6134678.0,
      "max": 7195955.0,
      "std_dev": 323357.4678512243
    }
  },
  "nestedloop2": {
    "base_native": {
      "mean": 1581410.2727272727,
      "median": 1574333.0,
      "min": 1565259.0,
      "max": 1613406.0,
      "std_dev": 15966.290521538867
    },
    "wasmtime_app": {
      "mean": 6269611.3,
      "median": 6190336.5,
      "min": 6139578.0,
      "max": 7069739.0,
      "std_dev": 282226.27396511706
    }
  },
  "nestedloop3": {
    "base_native": {
      "mean": 2106288.909090909,
      "median": 2099303.0,
      "min": 2069830.0,
      "max": 2169249.0,
      "std_dev": 29171.96307571551
    },
    "wasmtime_app": {
      "mean": 6849251.3,
      "median": 6724700.0,
      "min": 6696739.0,
      "max": 7931654.0,
      "std_dev": 380889.6072699192
    }
  },
  "random": {
    "base_native": {
      "mean": 577592123.0,
      "median": 577592123.0,
      "min": 577585936.0,
      "max": 577598310.0,
      "std_dev": 8749.73931040234
    },
    "wasmtime_app": {
      "mean": 290684139.0,
      "median": 290414991.0,
      "min": 290381743.0,
      "max": 291255683.0,
      "std_dev": 495250.70956839627
    }
  },
  "random2": {
    "base_native": {
      "mean": 577632020.5,
      "median": 577632020.5,
      "min": 577580061.0,
      "max": 577683980.0,
      "std_dev": 73481.82959412484
    },
    "wasmtime_app": {
      "mean": 290720720.0,
      "median": 290399992.0,
      "min": 290398042.0,
      "max": 291364126.0,
      "std_dev": 557206.7939750914
    }
  },
  "ratelimit": {
    "base_native": {
      "mean": 25918132.7,
      "median": 25911463.0,
      "min": 25884077.0,
      "max": 25957373.0,
      "std_dev": 20115.42000031043
    },
    "wasmtime_app": {
      "mean": 39054415.4,
      "median": 38330540.0,
      "min": 38307767.0,
      "max": 45574767.0,
      "std_dev": 2291094.8346167603
    }
  },
  "seqhash": {
    "base_native": {
      "mean": 7131381124.0,
      "median": 7131381124.0,
      "min": 7131381124.0,
      "max": 7131381124.0,
      "std_dev": 0.0
    },
    "wasmtime_app": {
      "mean": 9683882100.0,
      "median": 9683882100.0,
      "min": 9683882100.0,
      "max": 9683882100.0,
      "std_dev": 0.0
    }
  },
  "sieve": {
    "base_native": {
      "mean": 569250518.0,
      "median": 569250518.0,
      "min": 569233269.0,
      "max": 569267767.0,
      "std_dev": 24393.769737373517
    },
    "wasmtime_app": {
      "mean": 767261969.0,
      "median": 767261969.0,
      "min": 767261969.0,
      "max": 767261969.0,
      "std_dev": 0.0
    }
  },
  "strcat": {
    "base_native": {
      "mean": 65852255.0,
      "median": 65836041.0,
      "min": 65830216.0,
      "max": 65956059.0,
      "std_dev": 38860.883786484665
    },
    "wasmtime_app": {
      "mean": 352660588.0,
      "median": 352660588.0,
      "min": 350169284.0,
      "max": 355151892.0,
      "std_dev": 3523235.9047943414
    }
  },
  "strcat2": {
    "base_native": {
      "mean": 2580407.090909091,
      "median": 2576300.0,
      "min": 2564351.0,
      "max": 2608574.0,
      "std_dev": 12774.58053678903
    },
    "wasmtime_app": {
      "mean": 9378217.5,
      "median": 8464767.5,
      "min": 8431120.0,
      "max": 17628313.0,
      "std_dev": 2898858.673438805
    }
  },
  "strchr": {
    "base_native": {
      "mean": 155321584.2,
      "median": 155369311.0,
      "min": 155037456.0,
      "max": 155478780.0,
      "std_dev": 177914.43894945682
    },