{
  "ackermann": {
    "base_native": {
      "mean": 3091086.0,
      "median": 2842951.5,
      "min": 2819428.0,
      "max": 5323144.0,
      "std_dev": 784581.1931402214
    },
    "wasmtime_app": {
      "mean": 9025970.6,
      "median": 8730092.5,
      "min": 8036671.0,
      "max": 12004184.0,
      "std_dev": 1224143.5501073303
    }
  },
  "base64": {
    "base_native": {
      "mean": 249568553.66666666,
      "median": 249541963.0,
      "min": 249524089.0,
      "max": 249639609.0,
      "std_dev": 62181.30961417051
    },
    "wasmtime_app": {
      "mean": 360704665.0,
      "median": 360704665.0,
      "min": 355886437.0,
      "max": 365522893.0,
      "std_dev": 6814003.384205793
    }
  },
  "ctype": {
    "base_native": {
      "mean": 653901972.5,
      "median": 653901972.5,
      "min": 653809439.0,
      "max": 653994506.0,
      "std_dev": 130862.13067385078
    },
    "wasmtime_app": {
      "mean": 981931238.0,
      "median": 981931238.0,
      "min": 981931238.0,
      "max": 981931238.0,
      "std_dev": 0.0
    }
  },
  "ed25519": {
    "base_native": {
      "mean": 1434311776.0,
      "median": 1434311776.0,
      "min": 1434311776.0,
      "max": 1434311776.0,
      "std_dev": 0.0
    },
    "wasmtime_app": {
      "mean": 6716705497.0,
      "median": 6716705497.0,
      "min": 6716705497.0,
      "max": 6716705497.0,
      "std_dev": 0.0
    }
  },
  "fib2": {
    "base_native": {
      "mean": 6956642524.0,
      "median": 6956642524.0,
      "min": 6956642524.0,
      "max": 6956642524.0,
      "std_dev": 0.0
    },
    "wasmtime_app": {
      "mean": 10694135844.0,
      "median": 10694135844.0,
      "min": 10694135844.0,
      "max": 10694135844.0,
      "std_dev": 0.0
    }
  },
  "gimli": {
    "base_native": {
      "mean": 4152119.9,
      "median": 4151207.5,
      "min": 4126771.0,
      "max": 4174019.0,
      "std_dev": 13551.343323736499
    },
    "wasmtime_app": {
      "mean": 9497414.0,
      "median": 9336868.0,
      "min": 9317219.0,
      "max": 10900654.0,
      "std_dev": 493743.91535198805
    }
  },
  "heapsort": {
    "base_native": {
      "mean": 1077645168.0,
      "median": 1077645168.0,
      "min": 1077645168.0,
      "max": 1077645168.0,
      "std_dev": 0.0
    },
    "wasmtime_app": {
      "mean": 1221720742.0,
      "median": 1221720742.0,
      "min": 1221720742.0,
      "max": 1221720742.0,
      "std_dev": 0.0
    }
  },
  "keccak": {
    "base_native": {
      "mean": 7498827.7,
      "median": 7493525.5,
      "min": 7472901.0,
      "max": 7588022.0,
      "std_dev": 32944.06002115977
    },
    "wasmtime_app": {
      "mean": 23002877.4,
      "median": 21495796.5,
      "min": 21014866.0,
      "max": 37559540.0,
      "std_dev": 5118992.483295977
    }
  },
  "matrix": {
    "base_native": {
      "mean": 377885653.0,
      "median": 377885653.0,
      "min": 377878966.0,
      "max": 377892340.0,
      "std_dev": 9456.846091588886
    },
    "wasmtime_app": {
      "mean": 533612288.5,
      "median": 533612288.5,
      "min": 529523843.0,
      "max": 537700734.0,
      "std_dev": 5781935.07512325
    }
  },
  "matrix2": {
    "base_native": {
      "mean": 194348173.75,
      "median": 194353961.0,
      "min": 194273627.0,
      "max": 194411146.0,
      "std_dev": 57403.64453804305
    },
    "wasmtime_app": {
      "mean": 260245077.0,
      "median": 257722322.0,
      "min": 257660224.0,
      "max": 265352685.0,
      "std_dev": 4423427.2517640665
    }
  },
  "memmove": {
    "base_native": {
      "mean": 47333678.5,
      "median": 47330079.0,
      "min": 47317804.0,
      "max": 47359002.0,
      "std_dev": 12879.343946801017
    },
    "wasmtime_app": {
      "mean": 521026415.5,
      "median": 521026415.5,
      "min": 516164789.0,
      "max": 525888042.0,
      "std_dev": 6875378.1314924415
    }
  },
  "minicsv": {
    "base_native": {
      "mean": 742578202.0,
      "median": 742578202.0,
      "min": 742578202.0,
      "max": 742578202.0,
      "std_dev": 0.0
    },
    "wasmtime_app": {
      "mean": 1100705261.0,
      "median": 1100705261.0,
      "min": 1100705261.0,
      "max": 1100705261.0,
      "std_dev": 0.0
    }
  },
  "nestedloop": {
    "base_native": {
      "mean": 1573397.3636363635,
      "median": 1581831.0,
      "min": 1545733.0,
      "max": 1585056.0,
      "std_dev": 14632.184684952053
    },
    "wasmtime_app": {
      "mean": 6281840.4,
      "median": 6190946.5,
      "min": 6162473.0,
      "max": 7110484.0,
      "std_dev": 291807.5178078104
    }
  },
  "nestedloop2": {
    "base_native": {
      "mean": 1575388.2727272727,
      "median": 1577156.0,
      "min": 1549333.0,
      "max": 1595556.0,
      "std_dev": 16086.054053688302
    },
    "wasmtime_app": {
      "mean": 6265656.2,
      "median": 6180697.0,
      "min": 6148973.0,
      "max": 7040187.0,
      "std_dev": 272873.6471559278
    }
  },
  "nestedloop3": {
    "base_native": {
      "mean": 2083166.4545454546,
      "median": 2081035.0,
      "min": 2055986.0,
      "max": 2112683.0,
      "std_dev": 17678.688375349775
    },
    "wasmtime_app": {
      "mean": 6847582.2,
      "median": 6727849.5,
      "min": 6707201.0,
      "max": 7938700.0,
      "std_dev": 383719.1117878922
    }
  },
  "random": {
    "base_native": {
      "mean": 577677079.5,
      "median": 577677079.5,
      "min": 577664430.0,
      "max": 577689729.0,
      "std_dev": 17889.094457238465
    },
    "wasmtime_app": {
      "mean": 290728964.6666667,
      "median": 290445360.0,
      "min": 290430110.0,
      "max": 291311424.0,
      "std_dev": 504482.2066885346
    }
  },
  "random2": {
    "base_native": {
      "mean": 577690279.0,
      "median": 577690279.0,
      "min": 577643881.0,
      "max": 577736677.0,
      "std_dev": 65616.68086698686
    },
    "wasmtime_app": {
      "mean": 290731706.3333333,
      "median": 290434160.0,
      "min": 290416611.0,
      "max": 291344348.0,
      "std_dev": 530635.7985024506
    }
  },
  "ratelimit": {
    "base_native": {
      "mean": 25926056.3,
      "median": 25922866.5,
      "min": 25896355.0,
      "max": 25971877.0,
      "std_dev": 19765.6322891247
    },
    "wasmtime_app": {
      "mean": 39049154.3,
      "median": 38329471.5,
      "min": 38294310.0,
      "max": 45590412.0,
      "std_dev": 2298413.135168651
    }
  },
  "seqhash": {
    "base_native": {
      "mean": 7126859616.0,
      "median": 7126859616.0,
      "min": 7126859616.0,
      "max": 7126859616.0,
      "std_dev": 0.0
    },
    "wasmtime_app": {
      "mean": 9700965640.0,
      "median": 9700965640.0,
      "min": 9700965640.0,
      "max": 9700965640.0,
      "std_dev": 0.0
    }
  },
  "sieve": {
    "base_native": {
      "mean": 569321816.0,
      "median": 569321816.0,
      "min": 569321341.0,
      "max": 569322291.0,
      "std_dev": 671.7514421272201
    },
    "wasmtime_app": {
      "mean": 767313380.0,
      "median": 767313380.0,
      "min": 767313380.0,
      "max": 767313380.0,
      "std_dev": 0.0
    }
  },
  "strcat": {
    "base_native": {
      "mean": 65882759.2,
      "median": 65871602.0,
      "min": 65859453.0,
      "max": 65992997.0,
      "std_dev": 39197.48898363544
    },
    "wasmtime_app": {
      "mean": 352771376.0,
      "median": 352771376.0,
      "min": 350238217.0,
      "max": 355304535.0,
      "std_dev": 3582427.813447467
    }
  },
  "strcat2": {
    "base_native": {
      "mean": 2597801.0,
      "median": 2596762.0,
      "min": 2582713.0,
      "max": 2611287.0,
      "std_dev": 11160.612877436435
    },
    "wasmtime_app": {
      "mean": 9391865.9,
      "median": 8469116.0,
      "min": 8445579.0,
      "max": 17677777.0,
      "std_dev": 2911410.673641004
    }
  },
  "strchr": {
    "base_native": {
      "mean": 155137043.4,
      "median": 155191541.0,
      "min": 154983975.0,
      "max": 155211640.0,
      "std_dev": 94890.1477620306
    },