{
  "ackermann": {
    "base_native": {
      "mean": 3418104.9,
      "median": 2930780.5,
      "min": 2890119.0,
      "max": 7866788.0,
      "std_dev": 1563187.2468716276
    },
    "wasmtime_app": {
      "mean": 9291001.8,
      "median": 9077683.0,
      "min": 8360952.0,
      "max": 13572902.0,
      "std_dev": 1540797.266818621
    }
  },
  "base64": {
    "base_native": {
      "mean": 257338479.66666666,
      "median": 257434360.0,
      "min": 257085447.0,
      "max": 257495632.0,
      "std_dev": 221263.89740835113
    },
    "wasmtime_app": {
      "mean": 371919985.5,
      "median": 371919985.5,
      "min": 366636653.0,
      "max": 377203318.0,
      "std_dev": 7471760.47602655
    }
  },
  "ctype": {
    "base_native": {
      "mean": 654013431.5,
      "median": 654013431.5,
      "min": 653683806.0,
      "max": 654343057.0,
      "std_dev": 466160.85260401265
    },
    "wasmtime_app": {
      "mean": 990977263.0,
      "median": 990977263.0,
      "min": 990977263.0,
      "max": 990977263.0,
      "std_dev": 0.0
    }
  },
  "ed25519": {
    "base_native": {
      "mean": 1433120326.0,
      "median": 1433120326.0,
      "min": 1433120326.0,
      "max": 1433120326.0,
      "std_dev": 0.0
    },
    "wasmtime_app": {
      "mean": 6732696693.0,
      "median": 6732696693.0,
      "min": 6732696693.0,
      "max": 6732696693.0,
      "std_dev": 0.0
    }
  },
  "fib2": {
    "base_native": {
      "mean": 6956032353.0,
      "median": 6956032353.0,
      "min": 6956032353.0,
      "max": 6956032353.0,
      "std_dev": 0.0
    },
    "wasmtime_app": {
      "mean": 10683340175.0,
      "median": 10683340175.0,
      "min": 10683340175.0,
      "max": 10683340175.0,
      "std_dev": 0.0
    }
  },
  "gimli": {
    "base_native": {
      "mean": 4142400.9,
      "median": 4142648.0,
      "min": 4129824.0,
      "max": 4160773.0,
      "std_dev": 8552.584046811688
    },
    "wasmtime_app": {
      "mean": 9507378.4,
      "median": 9359577.5,
      "min": 9333992.0,
      "max": 10821974.0,
      "std_dev": 462870.5078267811
    }
  },
  "heapsort": {
    "base_native": {
      "mean": 1076308291.0,
      "median": 1076308291.0,
      "min": 1076308291.0,
      "max": 1076308291.0,
      "std_dev": 0.0
    },
    "wasmtime_app": {
      "mean": 1220402360.0,
      "median": 1220402360.0,
      "min": 1220402360.0,
      "max": 1220402360.0,
      "std_dev": 0.0
    }
  },
  "keccak": {
    "base_native": {
      "mean": 7476302.0,
      "median": 7475989.5,
      "min": 7451853.0,
      "max": 7501001.0,
      "std_dev": 12210.977310964463
    },
    "wasmtime_app": {
      "mean": 22869911.3,
      "median": 21356453.0,
      "min": 21179002.0,
      "max": 36738055.0,
      "std_dev": 4874914.963036793
    }
  },
  "matrix": {
    "base_native": {
      "mean": 377872804.5,
      "median": 377872804.5,
      "min": 377872292.0,
      "max": 377873317.0,
      "std_dev": 724.7844507162113
    },
    "wasmtime_app": {
      "mean": 533596639.0,
      "median": 533596639.0,
      "min": 529451735.0,
      "max": 537741543.0,
      "std_dev": 5861779.451534491
    }
  },
  "matrix2": {
    "base_native": {
      "mean": 194258551.5,
      "median": 194255364.0,
      "min": 194231865.0,
      "max": 194291613.0,
      "std_dev": 24830.78483791172
    },
    "wasmtime_app": {
      "mean": 260229323.0,
      "median": 257681207.0,
      "min": 257638010.0,
      "max": 265368752.0,
      "std_dev": 4450928.479512224
    }
  },
  "memmove": {
    "base_native": {
      "mean": 47328968.1,
      "median": 47331498.0,
      "min": 47310899.0,
      "max": 47340298.0,
      "std_dev": 8639.282769227239
    },
    "wasmtime_app": {
      "mean": 521035698.0,
      "median": 521035698.0,
      "min": 516509968.0,
      "max": 525561428.0,
      "std_dev": 6400348.745638788
    }
  },
  "minicsv": {
    "base_native": {
      "mean": 726498975.0,
      "median": 726498975.0,
      "min": 726498975.0,
      "max": 726498975.0,
      "std_dev": 0.0
    },
    "wasmtime_app": {
      "mean": 1102554945.0,
      "median": 1102554945.0,
      "min": 1102554945.0,
      "max": 1102554945.0,
      "std_dev": 0.0
    }
  },
  "nestedloop": {
    "base_native": {
      "mean": 1579098.7272727273,
      "median": 1580917.0,
      "min": 1549243.0,
      "max": 1628940.0,
      "std_dev": 24327.61432237411
    },
    "wasmtime_app": {
      "mean": 6307443.0,
      "median": 6209937.0,
      "min": 6191438.0,
      "max": 7128404.0,
      "std_dev": 289270.0044752499
    }
  },
  "nestedloop2": {
    "base_native": {
      "mean": 1576708.1818181819,
      "median": 1583067.0,
      "min": 1552168.0,
      "max": 1589892.0,
      "std_dev": 13005.93978779067
    },
    "wasmtime_app": {
      "mean": 6304823.2,
      "median": 6216211.5,
      "min": 6197362.0,
      "max": 7082807.0,
      "std_dev": 273869.41816688236
    }
  },
  "nestedloop3": {
    "base_native": {
      "mean": 2083816.6363636365,
      "median": 2083099.0,
      "min": 2061899.0,
      "max": 2123197.0,
      "std_dev": 17256.083381073047
    },
    "wasmtime_app": {
      "mean": 6884397.0,
      "median": 6764677.0,
      "min": 6727329.0,
      "max": 7976001.0,
      "std_dev": 383937.030921015
    }
  },
  "random": {
    "base_native": {
      "mean": 577587632.0,
      "median": 577587632.0,
      "min": 577564383.0,
      "max": 577610881.0,
      "std_dev": 32879.05111161208
    },
    "wasmtime_app": {
      "mean": 290739076.0,
      "median": 290448861.0,
      "min": 290446661.0,
      "max": 291321706.0,
      "std_dev": 504573.58004061214
    }
  },
  "random2": {
    "base_native": {
      "mean": 577710427.5,
      "median": 577710427.5,
      "min": 577617756.0,
      "max": 577803099.0,
      "std_dev": 131057.29214545828
    },
    "wasmtime_app": {
      "mean": 290731860.0,
      "median": 290439162.0,
      "min": 290430437.0,
      "max": 291325981.0,
      "std_dev": 514542.3727809013
    }
  },
  "ratelimit": {
    "base_native": {
      "mean": 25945332.9,
      "median": 25940903.0,
      "min": 25936753.0,
      "max": 25965227.0,
      "std_dev": 9666.235397850947
    },
    "wasmtime_app": {
      "mean": 39054535.6,
      "median": 38334568.0,
      "min": 38304732.0,
      "max": 45570554.0,
      "std_dev": 2289571.209927318
    }
  },
  "seqhash": {
    "base_native": {
      "mean": 7113496260.0,
      "median": 7113496260.0,
      "min": 7113496260.0,
      "max": 7113496260.0,
      "std_dev": 0.0
    },
    "wasmtime_app": {
      "mean": 9706993798.0,
      "median": 9706993798.0,
      "min": 9706993798.0,
      "max": 9706993798.0,
      "std_dev": 0.0
    }
  },
  "sieve": {
    "base_native": {
      "mean": 569261823.0,
      "median": 569261823.0,
      "min": 569246136.0,
      "max": 569277510.0,
      "std_dev": 22184.76815294674
    },
    "wasmtime_app": {
      "mean": 766862234.0,
      "median": 766862234.0,
      "min": 766862234.0,
      "max": 766862234.0,
      "std_dev": 0.0
    }
  },
  "strcat": {
    "base_native": {
      "mean": 65854040.0,
      "median": 65843935.5,
      "min": 65833273.0,
      "max": 65935794.0,
      "std_dev": 30223.857853615504
    },
    "wasmtime_app": {
      "mean": 349761019.5,
      "median": 349761019.5,
      "min": 344305198.0,
      "max": 355216841.0,
      "std_dev": 7715696.759186723
    }
  },
  "strcat2": {
    "base_native": {
      "mean": 2588684.6363636362,
      "median": 2588280.0,
      "min": 2567681.0,
      "max": 2618054.0,
      "std_dev": 16442.744352891506
    },
    "wasmtime_app": {
      "mean": 9429845.7,
      "median": 8519117.5,
      "min": 8477070.0,
      "max": 17697869.0,
      "std_dev": 2905167.1825668765
    }
  },
  "strchr": {
    "base_native": {
      "mean": 154621044.8,
      "median": 154598386.0,
      "min": 154566037.0,
      "max": 154748030.0,
      "std_dev": 73873.10090756987
    },