{
  "ackermann": {
    "base_native": {
      "mean": 3211454.7,
      "median": 2876140.5,
      "min": 2847342.0,
      "max": 6249305.0,
      "std_dev": 1067629.566350307
    },
    "wasmtime_app": {
      "mean": 9134033.6,
      "median": 8791049.5,
      "min": 8179858.0,
      "max": 13553643.0,
      "std_dev": 1619841.2962761505
    }
  },
  "base64": {
    "base_native": {
      "mean": 252442454.33333334,
      "median": 253404918.0,
      "min": 250415258.0,
      "max": 253507187.0,
      "std_dev": 1756348.048508704
    },
    "wasmtime_app": {
      "mean": 365000239.5,
      "median": 365000239.5,
      "min": 358877070.0,
      "max": 371123409.0,
      "std_dev": 8659469.351609284
    }
  },
  "ctype": {
    "base_native": {
      "mean": 655040482.5,
      "median": 655040482.5,
      "min": 655001110.0,
      "max": 655079855.0,
      "std_dev": 55681.123484534684
    },
    "wasmtime_app": {
      "mean": 933785950.0,
      "median": 933785950.0,
      "min": 933785950.0,
      "max": 933785950.0,
      "std_dev": 0.0
    }
  },
  "ed25519": {
    "base_native": {
      "mean": 1433156275.0,
      "median": 1433156275.0,
      "min": 1433156275.0,
      "max": 1433156275.0,
      "std_dev": 0.0
    },
    "wasmtime_app": {
      "mean": 6751859224.0,
      "median": 6751859224.0,
      "min": 6751859224.0,
      "max": 6751859224.0,
      "std_dev": 0.0
    }
  },
  "fib2": {
    "base_native": {
      "mean": 6956054349.0,
      "median": 6956054349.0,
      "min": 6956054349.0,
      "max": 6956054349.0,
      "std_dev": 0.0
    },
    "wasmtime_app": {
      "mean": 10680893831.0,
      "median": 10680893831.0,
      "min": 10680893831.0,
      "max": 10680893831.0,
      "std_dev": 0.0
    }
  },
  "gimli": {
    "base_native": {
      "mean": 4148045.6,
      "median": 4145983.5,
      "min": 4119622.0,
      "max": 4188418.0,
      "std_dev": 20144.33587995505
    },
    "wasmtime_app": {
      "mean": 9479850.1,
      "median": 9330471.0,
      "min": 9311222.0,
      "max": 10831440.0,
      "std_dev": 475022.4750676891
    }
  },
  "heapsort": {
    "base_native": {
      "mean": 1076442732.0,
      "median": 1076442732.0,
      "min": 1076442732.0,
      "max": 1076442732.0,
      "std_dev": 0.0
    },
    "wasmtime_app": {
      "mean": 1220430071.0,
      "median": 1220430071.0,
      "min": 1220430071.0,
      "max": 1220430071.0,
      "std_dev": 0.0
    }
  },
  "keccak": {
    "base_native": {
      "mean": 7480534.2,
      "median": 7479387.0,
      "min": 7467662.0,
      "max": 7493236.0,
      "std_dev": 8630.832003153964
    },
    "wasmtime_app": {
      "mean": 22831324.0,
      "median": 21297936.5,
      "min": 21015665.0,
      "max": 36946379.0,
      "std_dev": 4962492.1930563385
    }
  },
  "matrix": {
    "base_native": {
      "mean": 377915110.5,
      "median": 377915110.5,
      "min": 377908923.0,
      "max": 377921298.0,
      "std_dev": 8750.446417183526
    },
    "wasmtime_app": {
      "mean": 533855646.5,
      "median": 533855646.5,
      "min": 529711395.0,
      "max": 537999898.0,
      "std_dev": 5860856.677185043
    }
  },
  "matrix2": {
    "base_native": {
      "mean": 194266849.5,
      "median": 194262343.5,
      "min": 194256456.0,
      "max": 194286255.0,
      "std_dev": 13542.945974442438
    },
    "wasmtime_app": {
      "mean": 260219214.33333334,
      "median": 257685609.0,
      "min": 257660561.0,
      "max": 265311473.0,
      "std_dev": 4410043.151348673
    }
  },
  "memmove": {
    "base_native": {
      "mean": 47349506.9,
      "median": 47335325.5,
      "min": 47305564.0,
      "max": 47472655.0,
      "std_dev": 46250.83981087383
    },
    "wasmtime_app": {
      "mean": 520372186.5,
      "median": 520372186.5,
      "min": 516242097.0,
      "max": 524502276.0,
      "std_dev": 5840828.584714715
    }
  },
  "minicsv": {
    "base_native": {
      "mean": 716310027.0,
      "median": 716310027.0,
      "min": 716310027.0,
      "max": 716310027.0,
      "std_dev": 0.0
    },
    "wasmtime_app": {
      "mean": 1105798861.0,
      "median": 1105798861.0,
      "min": 1105798861.0,
      "max": 1105798861.0,
      "std_dev": 0.0
    }
  },
  "nestedloop": {
    "base_native": {
      "mean": 1576998.9090909092,
      "median": 1578912.0,
      "min": 1556339.0,
      "max": 1590362.0,
      "std_dev": 11359.062782241725
    },
    "wasmtime_app": {
      "mean": 6276265.5,
      "median": 6195302.5,
      "min": 6140518.0,
      "max": 7086692.0,
      "std_dev": 285593.6722121327
    }
  },
  "nestedloop2": {
    "base_native": {
      "mean": 1582380.5454545454,
      "median": 1588437.0,
      "min": 1557514.0,
      "max": 1612211.0,
      "std_dev": 17253.29426146576
    },
    "wasmtime_app": {
      "mean": 6261611.2,
      "median": 6174266.0,
      "min": 6134793.0,
      "max": 7008296.0,
      "std_dev": 264114.1359378134
    }
  },
  "nestedloop3": {
    "base_native": {
      "mean": 2090450.0,
      "median": 2085534.0,
      "min": 2078810.0,
      "max": 2147706.0,
      "std_dev": 19267.510145319764
    },
    "wasmtime_app": {
      "mean": 6841042.7,
      "median": 6717749.5,
      "min": 6698688.0,
      "max": 7941121.0,
      "std_dev": 386897.9586781823
    }
  },
  "random": {
    "base_native": {
      "mean": 577596168.0,
      "median": 577596168.0,
      "min": 577580681.0,
      "max": 577611655.0,
      "std_dev": 21901.92544047212
    },
    "wasmtime_app": {
      "mean": 290703118.3333333,
      "median": 290428166.0,
      "min": 290386619.0,
      "max": 291294570.0,
      "std_dev": 512633.24492694903
    }
  },
  "random2": {
    "base_native": {
      "mean": 577651465.5,
      "median": 577651465.5,
      "min": 577597056.0,
      "max": 577705875.0,
      "std_dev": 76946.65282193891
    },
    "wasmtime_app": {
      "mean": 290699010.0,
      "median": 290397118.0,
      "min": 290391843.0,
      "max": 291308069.0,
      "std_dev": 527467.1606052836
    }
  },
  "ratelimit": {
    "base_native": {
      "mean": 25924486.5,
      "median": 25921431.5,
      "min": 25903970.0,
      "max": 25944118.0,
      "std_dev": 13413.961708690771
    },
    "wasmtime_app": {
      "mean": 39047516.0,
      "median": 38329980.0,
      "min": 38296431.0,
      "max": 45553340.0,
      "std_dev": 2285964.9582845997
    }
  },
  "seqhash": {
    "base_native": {
      "mean": 7093610435.0,
      "median": 7093610435.0,
      "min": 7093610435.0,
      "max": 7093610435.0,
      "std_dev": 0.0
    },
    "wasmtime_app": {
      "mean": 9673063304.0,
      "median": 9673063304.0,
      "min": 9673063304.0,
      "max": 9673063304.0,
      "std_dev": 0.0
    }
  },
  "sieve": {
    "base_native": {
      "mean": 569300526.0,
      "median": 569300526.0,
      "min": 569267240.0,
      "max": 569333812.0,
      "std_dev": 47073.512637150845
    },
    "wasmtime_app": {
      "mean": 766781843.0,
      "median": 766781843.0,
      "min": 766781843.0,
      "max": 766781843.0,
      "std_dev": 0.0
    }
  },
  "strcat": {
    "base_native": {
      "mean": 65850426.2,
      "median": 65834342.0,
      "min": 65821693.0,
      "max": 65952136.0,
      "std_dev": 39275.44616848208
    },
    "wasmtime_app": {
      "mean": 352722777.5,
      "median": 352722777.5,
      "min": 350173465.0,
      "max": 355272090.0,
      "std_dev": 3605272.312227261
    }
  },
  "strcat2": {
    "base_native": {
      "mean": 2575486.8181818184,
      "median": 2577557.0,
      "min": 2557483.0,
      "max": 2600781.0,
      "std_dev": 12733.341861570996
    },
    "wasmtime_app": {
      "mean": 9410373.9,
      "median": 8499728.0,
      "min": 8472317.0,
      "max": 17646372.0,
      "std_dev": 2893883.861394327
    }
  },
  "strchr": {
    "base_native": {
      "mean": 154792068.8,
      "median": 154803758.0,
      "min": 154747411.0,
      "max": 154806958.0,
      "std_dev": 25338.147755903545
    },