{
  "ackermann": {
    "base_native": {
      "mean": 3222147.1,
      "median": 2940379.5,
      "min": 2909769.0,
      "max": 5827113.0,
      "std_dev": 915425.3715635821
    },
    "wasmtime_app": {
      "mean": 9030178.3,
      "median": 8384484.0,
      "min": 8339186.0,
      "max": 12688382.0,
      "std_dev": 1364107.0447951613
    }
  },
  "base64": {
    "base_native": {
      "mean": 256941943.0,
      "median": 257429950.0,
      "min": 255877785.0,
      "max": 257518094.0,
      "std_dev": 922641.0612513406
    },
    "wasmtime_app": {
      "mean": 361015049.5,
      "median": 361015049.5,
      "min": 353821983.0,
      "max": 368208116.0,
      "std_dev": 10172532.19935157
    }
  },
  "ctype": {
    "base_native": {
      "mean": 653702060.5,
      "median": 653702060.5,
      "min": 653649427.0,
      "max": 653754694.0,
      "std_dev": 74435.0095351643
    },
    "wasmtime_app": {
      "mean": 960070112.0,
      "median": 960070112.0,
      "min": 960070112.0,
      "max": 960070112.0,
      "std_dev": 0.0
    }
  },
  "ed25519": {
    "base_native": {
      "mean": 1433092723.0,
      "median": 1433092723.0,
      "min": 1433092723.0,
      "max": 1433092723.0,
      "std_dev": 0.0
    },
    "wasmtime_app": {
      "mean": 6732147982.0,
      "median": 6732147982.0,
      "min": 6732147982.0,
      "max": 6732147982.0,
      "std_dev": 0.0
    }
  },
  "fib2": {
    "base_native": {
      "mean": 6955987957.0,
      "median": 6955987957.0,
      "min": 6955987957.0,
      "max": 6955987957.0,
      "std_dev": 0.0
    },
    "wasmtime_app": {
      "mean": 10679122912.0,
      "median": 10679122912.0,
      "min": 10679122912.0,
      "max": 10679122912.0,
      "std_dev": 0.0
    }
  },
  "gimli": {
    "base_native": {
      "mean": 4147936.6,
      "median": 4149544.0,
      "min": 4131883.0,
      "max": 4157306.0,
      "std_dev": 7211.391408351404
    },
    "wasmtime_app": {
      "mean": 9468025.0,
      "median": 9322903.5,
      "min": 9300755.0,
      "max": 10763669.0,
      "std_dev": 455461.38585882826
    }
  },
  "heapsort": {
    "base_native": {
      "mean": 1076407805.0,
      "median": 1076407805.0,
      "min": 1076407805.0,
      "max": 1076407805.0,
      "std_dev": 0.0
    },
    "wasmtime_app": {
      "mean": 1220408420.0,
      "median": 1220408420.0,
      "min": 1220408420.0,
      "max": 1220408420.0,
      "std_dev": 0.0
    }
  },
  "keccak": {
    "base_native": {
      "mean": 7491130.6,
      "median": 7490296.0,
      "min": 7473197.0,
      "max": 7522193.0,
      "std_dev": 14659.862786988604
    },
    "wasmtime_app": {
      "mean": 22878157.4,
      "median": 21346099.5,
      "min": 21016894.0,
      "max": 37089828.0,
      "std_dev": 4996432.129238761
    }
  },
  "matrix": {
    "base_native": {
      "mean": 377885870.5,
      "median": 377885870.5,
      "min": 377879371.0,
      "max": 377892370.0,
      "std_dev": 9191.681048643932
    },
    "wasmtime_app": {
      "mean": 533596007.5,
      "median": 533596007.5,
      "min": 529487948.0,
      "max": 537704067.0,
      "std_dev": 5809673.459935635
    }
  },
  "matrix2": {
    "base_native": {
      "mean": 194281139.75,
      "median": 194275871.5,
      "min": 194261085.0,
      "max": 194311731.0,
      "std_dev": 23868.45236394685
    },
    "wasmtime_app": {
      "mean": 260210980.66666666,
      "median": 257696761.0,
      "min": 257655389.0,
      "max": 265280792.0,
      "std_dev": 4390634.137262217
    }
  },
  "memmove": {
    "base_native": {
      "mean": 47336872.4,
      "median": 47340807.0,
      "min": 47309009.0,
      "max": 47360656.0,
      "std_dev": 18528.19111636223
    },
    "wasmtime_app": {
      "mean": 520893276.0,
      "median": 520893276.0,
      "min": 516179877.0,
      "max": 525606675.0,
      "std_dev": 6665752.7906757835
    }
  },
  "minicsv": {
    "base_native": {
      "mean": 754249849.0,
      "median": 754249849.0,
      "min": 754249849.0,
      "max": 754249849.0,
      "std_dev": 0.0
    },
    "wasmtime_app": {
      "mean": 1099651340.0,
      "median": 1099651340.0,
      "min": 1099651340.0,
      "max": 1099651340.0,
      "std_dev": 0.0
    }
  },
  "nestedloop": {
    "base_native": {
      "mean": 1573372.5454545454,
      "median": 1573463.0,
      "min": 1546490.0,
      "max": 1588562.0,
      "std_dev": 12439.301052419596
    },
    "wasmtime_app": {
      "mean": 6253975.8,
      "median": 6162951.0,
      "min": 6118966.0,
      "max": 7083835.0,
      "std_dev": 293581.0148614291
    }
  },
  "nestedloop2": {
    "base_native": {
      "mean": 1574770.2727272727,
      "median": 1578513.0,
      "min": 1555715.0,
      "max": 1595162.0,
      "std_dev": 14021.297572556607
    },
    "wasmtime_app": {
      "mean": 6231832.1,
      "median": 6148914.5,
      "min": 6101317.0,
      "max": 7003164.0,
      "std_dev": 272373.1874189651
    }
  },
  "nestedloop3": {
    "base_native": {
      "mean": 2085970.4545454546,
      "median": 2083177.0,
      "min": 2078578.0,
      "max": 2112750.0,
      "std_dev": 9561.707288592726
    },
    "wasmtime_app": {
      "mean": 6817170.4,
      "median": 6703619.5,
      "min": 6665859.0,
      "max": 7885588.0,
      "std_dev": 376138.5480526498
    }
  },
  "random": {
    "base_native": {
      "mean": 577614695.0,
      "median": 577614695.0,
      "min": 577596671.0,
      "max": 577632719.0,
      "std_dev": 25489.785248212665
    },
    "wasmtime_app": {
      "mean": 290677755.3333333,
      "median": 290377373.0,
      "min": 290356049.0,
      "max": 291299844.0,
      "std_dev": 538850.0813216356
    }
  },
  "random2": {
    "base_native": {
      "mean": 577674140.5,
      "median": 577674140.5,
      "min": 577594846.0,
      "max": 577753435.0,
      "std_dev": 112139.35732159339
    },
    "wasmtime_app": {
      "mean": 290710245.0,
      "median": 290499541.0,
      "min": 290385647.0,
      "max": 291245547.0,
      "std_dev": 467069.7316375789
    }
  },
  "ratelimit": {
    "base_native": {
      "mean": 25962091.6,
      "median": 25957967.0,
      "min": 25928719.0,
      "max": 26027837.0,
      "std_dev": 27366.478043198927
    },
    "wasmtime_app": {
      "mean": 39005018.3,
      "median": 38297095.0,
      "min": 38158015.0,
      "max": 45549858.0,
      "std_dev": 2300306.4427360324
    }
  },
  "seqhash": {
    "base_native": {
      "mean": 7133352160.0,
      "median": 7133352160.0,
      "min": 7133352160.0,
      "max": 7133352160.0,
      "std_dev": 0.0
    },
    "wasmtime_app": {
      "mean": 9686211597.0,
      "median": 9686211597.0,
      "min": 9686211597.0,
      "max": 9686211597.0,
      "std_dev": 0.0
    }
  },
  "sieve": {
    "base_native": {
      "mean": 569243348.5,
      "median": 569243348.5,
      "min": 569231187.0,
      "max": 569255510.0,
      "std_dev": 17198.958238800395
    },
    "wasmtime_app": {
      "mean": 766884448.0,
      "median": 766884448.0,
      "min": 766884448.0,
      "max": 766884448.0,
      "std_dev": 0.0
    }
  },
  "strcat": {
    "base_native": {
      "mean": 65868474.2,
      "median": 65857887.5,
      "min": 65845401.0,
      "max": 65971367.0,
      "std_dev": 36801.76944960965
    },
    "wasmtime_app": {
      "mean": 349760958.5,
      "median": 349760958.5,
      "min": 347247243.0,
      "max": 352274674.0,
      "std_dev": 3554930.552047466
    }
  },
  "strcat2": {
    "base_native": {
      "mean": 2598754.727272727,
      "median": 2599316.0,
      "min": 2583342.0,
      "max": 2620015.0,
      "std_dev": 11201.650245306797
    },
    "wasmtime_app": {
      "mean": 9388269.9,
      "median": 8465428.5,
      "min": 8418932.0,
      "max": 17723362.0,
      "std_dev": 2928807.729398563
    }
  },
  "strchr": {
    "base_native": {
      "mean": 155152210.6,
      "median": 155156870.0,
      "min": 155093775.0,
      "max": 155199242.0,
      "std_dev": 40452.651171462174
    },