{
  "ackermann": {
    "base_native": {
      "mean": 3559663.3,
      "median": 2988092.5,
      "min": 2958632.0,
      "max": 8730484.0,
      "std_dev": 1816938.9483694243
    },
    "wasmtime_app": {
      "mean": 9498464.4,
      "median": 9415867.5,
      "min": 8478880.0,
      "max": 10692557.0,
      "std_dev": 713042.6901885873
    }
  },
  "base64": {
    "base_native": {
      "mean": 260812239.33333334,
      "median": 261564751.0,
      "min": 259217348.0,
      "max": 261654619.0,
      "std_dev": 1381947.1184572633
    },
    "wasmtime_app": {
      "mean": 371029331.5,
      "median": 371029331.5,
      "min": 361569679.0,
      "max": 380488984.0,
      "std_dev": 13377968.860836554
    }
  },
  "ctype": {
    "base_native": {
      "mean": 657310740.0,
      "median": 657310740.0,
      "min": 654047092.0,
      "max": 660574388.0,
      "std_dev": 4615495.264411827
    },
    "wasmtime_app": {
      "mean": 989008462.0,
      "median": 989008462.0,
      "min": 989008462.0,
      "max": 989008462.0,
      "std_dev": 0.0
    }
  },
  "ed25519": {
    "base_native": {
      "mean": 1433277047.0,
      "median": 1433277047.0,
      "min": 1433277047.0,
      "max": 1433277047.0,
      "std_dev": 0.0
    },
    "wasmtime_app": {
      "mean": 6778988760.0,
      "median": 6778988760.0,
      "min": 6778988760.0,
      "max": 6778988760.0,
      "std_dev": 0.0
    }
  },
  "fib2": {
    "base_native": {
      "mean": 6955978906.0,
      "median": 6955978906.0,
      "min": 6955978906.0,
      "max": 6955978906.0,
      "std_dev": 0.0
    },
    "wasmtime_app": {
      "mean": 10668738010.0,
      "median": 10668738010.0,
      "min": 10668738010.0,
      "max": 10668738010.0,
      "std_dev": 0.0
    }
  },
  "gimli": {
    "base_native": {
      "mean": 4147017.6,
      "median": 4146182.5,
      "min": 4130446.0,
      "max": 4175118.0,
      "std_dev": 11895.557874919343
    },
    "wasmtime_app": {
      "mean": 9476315.8,
      "median": 9333160.5,
      "min": 9267777.0,
      "max": 10824698.0,
      "std_dev": 474341.8093852201
    }
  },
  "heapsort": {
    "base_native": {
      "mean": 1076326672.0,
      "median": 1076326672.0,
      "min": 1076326672.0,
      "max": 1076326672.0,
      "std_dev": 0.0
    },
    "wasmtime_app": {
      "mean": 1220422229.0,
      "median": 1220422229.0,
      "min": 1220422229.0,
      "max": 1220422229.0,
      "std_dev": 0.0
    }
  },
  "keccak": {
    "base_native": {
      "mean": 7481917.8,
      "median": 7482050.0,
      "min": 7460277.0,
      "max": 7506349.0,
      "std_dev": 14161.136825049667
    },
    "wasmtime_app": {
      "mean": 22863949.8,
      "median": 21345704.5,
      "min": 21002540.0,
      "max": 37083510.0,
      "std_dev": 5000837.373795552
    }
  },
  "matrix": {
    "base_native": {
      "mean": 377886325.0,
      "median": 377886325.0,
      "min": 377875738.0,
      "max": 377896912.0,
      "std_dev": 14972.278984843957
    },
    "wasmtime_app": {
      "mean": 533481352.0,
      "median": 533481352.0,
      "min": 529396014.0,
      "max": 537566690.0,
      "std_dev": 5777540.406478175
    }
  },
  "matrix2": {
    "base_native": {
      "mean": 194268171.5,
      "median": 194262016.0,
      "min": 194255891.0,
      "max": 194292763.0,
      "std_dev": 16647.10097884914
    },
    "wasmtime_app": {
      "mean": 260202766.66666666,
      "median": 257634331.0,
      "min": 257625656.0,
      "max": 265348313.0,
      "std_dev": 4456175.952009339
    }
  },
  "memmove": {
    "base_native": {
      "mean": 47340942.2,
      "median": 47337575.0,
      "min": 47299478.0,
      "max": 47372672.0,
      "std_dev": 22874.512977450595
    },
    "wasmtime_app": {
      "mean": 520809990.5,
      "median": 520809990.5,
      "min": 516081683.0,
      "max": 525538298.0,
      "std_dev": 6686836.593570423
    }
  },
  "minicsv": {
    "base_native": {
      "mean": 727031235.0,
      "median": 727031235.0,
      "min": 727031235.0,
      "max": 727031235.0,
      "std_dev": 0.0
    },
    "wasmtime_app": {
      "mean": 1109686837.0,
      "median": 1109686837.0,
      "min": 1109686837.0,
      "max": 1109686837.0,
      "std_dev": 0.0
    }
  },
  "nestedloop": {
    "base_native": {
      "mean": 1576436.0,
      "median": 1583408.0,
      "min": 1548386.0,
      "max": 1588458.0,
      "std_dev": 14731.911607120102
    },
    "wasmtime_app": {
      "mean": 6281315.4,
      "median": 6186184.0,
      "min": 6141512.0,
      "max": 7121446.0,
      "std_dev": 296098.02160816046
    }
  },
  "nestedloop2": {
    "base_native": {
      "mean": 1575356.5454545454,
      "median": 1583508.0,
      "min": 1550111.0,
      "max": 1591708.0,
      "std_dev": 15712.299394828475
    },
    "wasmtime_app": {
      "mean": 6259069.3,
      "median": 6179109.5,
      "min": 6100890.0,
      "max": 7020803.0,
      "std_dev": 269565.3241230531
    }
  },
  "nestedloop3": {
    "base_native": {
      "mean": 2084980.6363636365,
      "median": 2083997.0,
      "min": 2069523.0,
      "max": 2101745.0,
      "std_dev": 8282.965281500668
    },
    "wasmtime_app": {
      "mean": 6839817.8,
      "median": 6721923.5,
      "min": 6702600.0,
      "max": 7882820.0,
      "std_dev": 367001.25857422705
    }
  },
  "random": {
    "base_native": {
      "mean": 577590042.0,
      "median": 577590042.0,
      "min": 577560957.0,
      "max": 577619127.0,
      "std_dev": 41132.40146162147
    },
    "wasmtime_app": {
      "mean": 290659164.0,
      "median": 290420580.0,
      "min": 290327361.0,
      "max": 291229551.0,
      "std_dev": 496163.7258173959
    }
  },
  "random2": {
    "base_native": {
      "mean": 577615327.5,
      "median": 577615327.5,
      "min": 577553507.0,
      "max": 577677148.0,
      "std_dev": 87427.38953268592
    },
    "wasmtime_app": {
      "mean": 290653572.6666667,
      "median": 290346860.0,
      "min": 290328086.0,
      "max": 291285772.0,
      "std_dev": 547581.1479309101
    }
  },
  "ratelimit": {
    "base_native": {
      "mean": 25935970.9,
      "median": 25938146.0,
      "min": 25921022.0,
      "max": 25956994.0,
      "std_dev": 13063.142649369553
    },
    "wasmtime_app": {
      "mean": 39015058.2,
      "median": 38296916.5,
      "min": 38268306.0,
      "max": 45530418.0,
      "std_dev": 2289307.776836473
    }
  },
  "seqhash": {
    "base_native": {
      "mean": 7133293166.0,
      "median": 7133293166.0,
      "min": 7133293166.0,
      "max": 7133293166.0,
      "std_dev": 0.0
    },
    "wasmtime_app": {
      "mean": 9671020607.0,
      "median": 9671020607.0,
      "min": 9671020607.0,
      "max": 9671020607.0,
      "std_dev": 0.0
    }
  },
  "sieve": {
    "base_native": {
      "mean": 569267665.5,
      "median": 569267665.5,
      "min": 569245367.0,
      "max": 569289964.0,
      "std_dev": 31534.84112057646
    },
    "wasmtime_app": {
      "mean": 767181502.0,
      "median": 767181502.0,
      "min": 767181502.0,
      "max": 767181502.0,
      "std_dev": 0.0
    }
  },
  "strcat": {
    "base_native": {
      "mean": 65854413.4,
      "median": 65842604.5,
      "min": 65827118.0,
      "max": 65969207.0,
      "std_dev": 41486.54956113956
    },
    "wasmtime_app": {
      "mean": 352668927.0,
      "median": 352668927.0,
      "min": 347187220.0,
      "max": 358150634.0,
      "std_dev": 7752304.384355532
    }
  },
  "strcat2": {
    "base_native": {
      "mean": 2602956.090909091,
      "median": 2603308.0,
      "min": 2586160.0,
      "max": 2616807.0,
      "std_dev": 10475.942654048325
    },
    "wasmtime_app": {
      "mean": 9295443.1,
      "median": 8369325.0,
      "min": 8323866.0,
      "max": 17586769.0,
      "std_dev": 2913542.231445406
    }
  },
  "strchr": {
    "base_native": {
      "mean": 154593397.4,
      "median": 154588478.0,
      "min": 154582078.0,
      "max": 154611376.0,
      "std_dev": 12187.10920604226
    },