{
  "ackermann": {
    "base_native": {
      "mean": 3143924.2,
      "median": 2839309.0,
      "min": 2812711.0,
      "max": 5924205.0,
      "std_dev": 977035.041829764
    },
    "wasmtime_app": {
      "mean": 8699869.1,
      "median": 7967840.0,
      "min": 7928030.0,
      "max": 12630091.0,
      "std_dev": 1462521.422989721
    }
  },
  "base64": {
    "base_native": {
      "mean": 249507640.66666666,
      "median": 249489742.0,
      "min": 249486542.0,
      "max": 249546638.0,
      "std_dev": 33810.56055928877
    },
    "wasmtime_app": {
      "mean": 355039332.0,
      "median": 355039332.0,
      "min": 350389593.0,
      "max": 359689071.0,
      "std_dev": 6575723.955295113
    }
  },
  "ctype": {
    "base_native": {
      "mean": 653694874.5,
      "median": 653694874.5,
      "min": 653694262.0,
      "max": 653695487.0,
      "std_dev": 866.2058069535207
    },
    "wasmtime_app": {
      "mean": 984788203.0,
      "median": 984788203.0,
      "min": 984788203.0,
      "max": 984788203.0,
      "std_dev": 0.0
    }
  },
  "ed25519": {
    "base_native": {
      "mean": 1433041818.0,
      "median": 1433041818.0,
      "min": 1433041818.0,
      "max": 1433041818.0,
      "std_dev": 0.0
    },
    "wasmtime_app": {
      "mean": 6785451636.0,
      "median": 6785451636.0,
      "min": 6785451636.0,
      "max": 6785451636.0,
      "std_dev": 0.0
    }
  },
  "fib2": {
    "base_native": {
      "mean": 6955948786.0,
      "median": 6955948786.0,
      "min": 6955948786.0,
      "max": 6955948786.0,
      "std_dev": 0.0
    },
    "wasmtime_app": {
      "mean": 10701890873.0,
      "median": 10701890873.0,
      "min": 10701890873.0,
      "max": 10701890873.0,
      "std_dev": 0.0
    }
  },
  "gimli": {
    "base_native": {
      "mean": 4135659.1,
      "median": 4135421.5,
      "min": 4122660.0,
      "max": 4152133.0,
      "std_dev": 8588.375236976497
    },
    "wasmtime_app": {
      "mean": 9558955.7,
      "median": 9348487.5,
      "min": 9317152.0,
      "max": 11349963.0,
      "std_dev": 630374.2840292143
    }
  },
  "heapsort": {
    "base_native": {
      "mean": 1076327936.0,
      "median": 1076327936.0,
      "min": 1076327936.0,
      "max": 1076327936.0,
      "std_dev": 0.0
    },
    "wasmtime_app": {
      "mean": 1223280573.0,
      "median": 1223280573.0,
      "min": 1223280573.0,
      "max": 1223280573.0,
      "std_dev": 0.0
    }
  },
  "keccak": {
    "base_native": {
      "mean": 7472407.5,
      "median": 7471465.0,
      "min": 7460466.0,
      "max": 7486364.0,
      "std_dev": 7758.074750434758
    },
    "wasmtime_app": {
      "mean": 22813924.5,
      "median": 21247095.0,
      "min": 21007596.0,
      "max": 36827158.0,
      "std_dev": 4925733.346995512
    }
  },
  "matrix": {
    "base_native": {
      "mean": 377880788.0,
      "median": 377880788.0,
      "min": 377870601.0,
      "max": 377890975.0,
      "std_dev": 14406.59355989472
    },
    "wasmtime_app": {
      "mean": 534057751.5,
      "median": 534057751.5,
      "min": 529543217.0,
      "max": 538572286.0,
      "std_dev": 6384515.91770124
    }
  },
  "matrix2": {
    "base_native": {
      "mean": 194253416.5,
      "median": 194253791.5,
      "min": 194237055.0,
      "max": 194269028.0,
      "std_dev": 13124.267306533091
    },
    "wasmtime_app": {
      "mean": 260239933.33333334,
      "median": 257714667.0,
      "min": 257703367.0,
      "max": 265301766.0,
      "std_dev": 4383679.320103186
    }
  },
  "memmove": {
    "base_native": {
      "mean": 47316630.6,
      "median": 47320048.0,
      "min": 47273151.0,
      "max": 47347021.0,
      "std_dev": 23400.00835327486
    },
    "wasmtime_app": {
      "mean": 521095641.0,
      "median": 521095641.0,
      "min": 516109196.0,
      "max": 526082086.0,
      "std_dev": 7051898.147027508
    }
  },
  "minicsv": {
    "base_native": {
      "mean": 726281691.0,
      "median": 726281691.0,
      "min": 726281691.0,
      "max": 726281691.0,
      "std_dev": 0.0
    },
    "wasmtime_app": {
      "mean": 1102081698.0,
      "median": 1102081698.0,
      "min": 1102081698.0,
      "max": 1102081698.0,
      "std_dev": 0.0
    }
  },
  "nestedloop": {
    "base_native": {
      "mean": 1561374.6363636365,
      "median": 1561859.0,
      "min": 1537460.0,
      "max": 1586432.0,
      "std_dev": 16478.748425003203
    },
    "wasmtime_app": {
      "mean": 6271250.0,
      "median": 6189652.0,
      "min": 6149380.0,
      "max": 7102451.0,
      "std_dev": 292868.91585296125
    }
  },
  "nestedloop2": {
    "base_native": {
      "mean": 1543298.5454545454,
      "median": 1542485.0,
      "min": 1525461.0,
      "max": 1587607.0,
      "std_dev": 18530.866544032076
    },
    "wasmtime_app": {
      "mean": 6246124.1,
      "median": 6172290.5,
      "min": 6129756.0,
      "max": 6976083.0,
      "std_dev": 257442.7965468791
    }
  },
  "nestedloop3": {
    "base_native": {
      "mean": 2072715.2727272727,
      "median": 2071229.0,
      "min": 2049705.0,
      "max": 2127676.0,
      "std_dev": 19658.52598284474
    },
    "wasmtime_app": {
      "mean": 6829103.9,
      "median": 6711848.0,
      "min": 6685274.0,
      "max": 7896207.0,
      "std_dev": 375369.84046683874
    }
  },
  "random": {
    "base_native": {
      "mean": 577565539.0,
      "median": 577565539.0,
      "min": 577555390.0,
      "max": 577575688.0,
      "std_dev": 14352.853444524542
    },
    "wasmtime_app": {
      "mean": 290717790.0,
      "median": 290450730.0,
      "min": 290365335.0,
      "max": 291337305.0,
      "std_dev": 538212.0427164371
    }
  },
  "random2": {
    "base_native": {
      "mean": 577615898.5,
      "median": 577615898.5,
      "min": 577569114.0,
      "max": 577662683.0,
      "std_dev": 66163.27440884407
    },
    "wasmtime_app": {
      "mean": 290736464.3333333,
      "median": 290461980.0,
      "min": 290418957.0,
      "max": 291328456.0,
      "std_dev": 513130.9235315421
    }
  },
  "ratelimit": {
    "base_native": {
      "mean": 25931184.0,
      "median": 25924242.0,
      "min": 25917317.0,
      "max": 25966490.0,
      "std_dev": 15213.97892290727
    },
    "wasmtime_app": {
      "mean": 39020430.5,
      "median": 38306275.5,
      "min": 38226805.0,
      "max": 45542545.0,
      "std_dev": 2291842.1037711734
    }
  },
  "seqhash": {
    "base_native": {
      "mean": 7088520552.0,
      "median": 7088520552.0,
      "min": 7088520552.0,
      "max": 7088520552.0,
      "std_dev": 0.0
    },
    "wasmtime_app": {
      "mean": 9669745327.0,
      "median": 9669745327.0,
      "min": 9669745327.0,
      "max": 9669745327.0,
      "std_dev": 0.0
    }
  },
  "sieve": {
    "base_native": {
      "mean": 569226561.5,
      "median": 569226561.5,
      "min": 569215800.0,
      "max": 569237323.0,
      "std_dev": 15219.059251478062
    },
    "wasmtime_app": {
      "mean": 767151887.0,
      "median": 767151887.0,
      "min": 767151887.0,
      "max": 767151887.0,
      "std_dev": 0.0
    }
  },
  "strcat": {
    "base_native": {
      "mean": 65853120.1,
      "median": 65844633.5,
      "min": 65837871.0,
      "max": 65934890.0,
      "std_dev": 28932.444458120408
    },
    "wasmtime_app": {
      "mean": 348355069.0,
      "median": 348355069.0,
      "min": 344285835.0,
      "max": 352424303.0,
      "std_dev": 5754765.911269719
    }
  },
  "strcat2": {
    "base_native": {
      "mean": 2586671.6363636362,
      "median": 2584674.0,
      "min": 2567525.0,
      "max": 2604248.0,
      "std_dev": 11838.494281560701
    },
    "wasmtime_app": {
      "mean": 9386842.9,
      "median": 8474249.0,
      "min": 8403703.0,
      "max": 17664009.0,
      "std_dev": 2908451.8278904343
    }
  },
  "strchr": {
    "base_native": {
      "mean": 155061757.6,
      "median": 155101230.0,
      "min": 154914066.0,
      "max": 155161877.0,
      "std_dev": 96026.19723440056
    },