{
  "ackermann": {
    "base_native": {
      "mean": 3156415.1,
      "median": 2852931.0,
      "min": 2823932.0,
      "max": 5951447.0,
      "std_dev": 982237.436361658
    },
    "wasmtime_app": {
      "mean": 9102830.4,
      "median": 8814749.0,
      "min": 8078927.0,
      "max": 13100224.0,
      "std_dev": 1473528.5908319375
    }
  },
  "base64": {
    "base_native": {
      "mean": 249561106.66666666,
      "median": 249569581.0,
      "min": 249519734.0,
      "max": 249594005.0,
      "std_dev": 37853.74623908885
    },
    "wasmtime_app": {
      "mean": 358079521.0,
      "median": 358079521.0,
      "min": 350752402.0,
      "max": 365406640.0,
      "std_dev": 10362111.06292159
    }
  },
  "ctype": {
    "base_native": {
      "mean": 654020235.5,
      "median": 654020235.5,
      "min": 653763163.0,
      "max": 654277308.0,
      "std_dev": 363555.41601315746
    },
    "wasmtime_app": {
      "mean": 957395309.0,
      "median": 957395309.0,
      "min": 957395309.0,
      "max": 957395309.0,
      "std_dev": 0.0
    }
  },
  "ed25519": {
    "base_native": {
      "mean": 1433360655.0,
      "median": 1433360655.0,
      "min": 1433360655.0,
      "max": 1433360655.0,
      "std_dev": 0.0
    },
    "wasmtime_app": {
      "mean": 6737230800.0,
      "median": 6737230800.0,
      "min": 6737230800.0,
      "max": 6737230800.0,
      "std_dev": 0.0
    }
  },
  "fib2": {
    "base_native": {
      "mean": 6956377331.0,
      "median": 6956377331.0,
      "min": 6956377331.0,
      "max": 6956377331.0,
      "std_dev": 0.0
    },
    "wasmtime_app": {
      "mean": 10688015151.0,
      "median": 10688015151.0,
      "min": 10688015151.0,
      "max": 10688015151.0,
      "std_dev": 0.0
    }
  },
  "gimli": {
    "base_native": {
      "mean": 4152461.4,
      "median": 4153029.0,
      "min": 4132580.0,
      "max": 4172778.0,
      "std_dev": 14164.54330126225
    },
    "wasmtime_app": {
      "mean": 9503990.5,
      "median": 9356768.5,
      "min": 9337182.0,
      "max": 10856123.0,
      "std_dev": 475277.6579673659
    }
  },
  "heapsort": {
    "base_native": {
      "mean": 1076859451.0,
      "median": 1076859451.0,
      "min": 1076859451.0,
      "max": 1076859451.0,
      "std_dev": 0.0
    },
    "wasmtime_app": {
      "mean": 1220542762.0,
      "median": 1220542762.0,
      "min": 1220542762.0,
      "max": 1220542762.0,
      "std_dev": 0.0
    }
  },
  "keccak": {
    "base_native": {
      "mean": 7490816.2,
      "median": 7490556.0,
      "min": 7461733.0,
      "max": 7503980.0,
      "std_dev": 12567.51639744305
    },
    "wasmtime_app": {
      "mean": 22854108.7,
      "median": 21205387.5,
      "min": 21021660.0,
      "max": 37184165.0,
      "std_dev": 5038251.108917526
    }
  },
  "matrix": {
    "base_native": {
      "mean": 377906662.0,
      "median": 377906662.0,
      "min": 377885838.0,
      "max": 377927486.0,
      "std_dev": 29449.58322285733
    },
    "wasmtime_app": {
      "mean": 533702458.0,
      "median": 533702458.0,
      "min": 529505003.0,
      "max": 537899913.0,
      "std_dev": 5936097.78845076
    }
  },
  "matrix2": {
    "base_native": {
      "mean": 194297245.5,
      "median": 194291339.5,
      "min": 194290127.0,
      "max": 194316176.0,
      "std_dev": 12635.450882338944
    },
    "wasmtime_app": {
      "mean": 260198749.33333334,
      "median": 257651757.0,
      "min": 257632633.0,
      "max": 265311858.0,
      "std_dev": 4428092.321722791
    }
  },
  "memmove": {
    "base_native": {
      "mean": 47340460.7,
      "median": 47337648.5,
      "min": 47319949.0,
      "max": 47375021.0,
      "std_dev": 16972.566662771493
    },
    "wasmtime_app": {
      "mean": 521133742.0,
      "median": 521133742.0,
      "min": 516400754.0,
      "max": 525866730.0,
      "std_dev": 6693455.820149111
    }
  },
  "minicsv": {
    "base_native": {
      "mean": 737858112.0,
      "median": 737858112.0,
      "min": 737858112.0,
      "max": 737858112.0,
      "std_dev": 0.0
    },
    "wasmtime_app": {
      "mean": 1108981390.0,
      "median": 1108981390.0,
      "min": 1108981390.0,
      "max": 1108981390.0,
      "std_dev": 0.0
    }
  },
  "nestedloop": {
    "base_native": {
      "mean": 1580508.2727272727,
      "median": 1585331.0,
      "min": 1550583.0,
      "max": 1605829.0,
      "std_dev": 18844.541862783022
    },
    "wasmtime_app": {
      "mean": 6294448.6,
      "median": 6201281.5,
      "min": 6160233.0,
      "max": 7114931.0,
      "std_dev": 289241.3657588493
    }
  },
  "nestedloop2": {
    "base_native": {
      "mean": 1573836.0,
      "median": 1580806.0,
      "min": 1546208.0,
      "max": 1596905.0,
      "std_dev": 17630.50066787668
    },
    "wasmtime_app": {
      "mean": 6289528.6,
      "median": 6194856.5,
      "min": 6136635.0,
      "max": 7193976.0,
      "std_dev": 319276.7534382114
    }
  },
  "nestedloop3": {
    "base_native": {
      "mean": 2092732.4545454546,
      "median": 2087426.0,
      "min": 2082476.0,
      "max": 2134748.0,
      "std_dev": 14536.79392688523
    },
    "wasmtime_app": {
      "mean": 6864864.3,
      "median": 6745488.5,
      "min": 6723952.0,
      "max": 7923561.0,
      "std_dev": 372475.0569826567
    }
  },
  "random": {
    "base_native": {
      "mean": 577660991.5,
      "median": 577660991.5,
      "min": 577641368.0,
      "max": 577680615.0,
      "std_dev": 27751.81984122843
    },
    "wasmtime_app": {
      "mean": 290706801.6666667,
      "median": 290436267.0,
      "min": 290396219.0,
      "max": 291287919.0,
      "std_dev": 503660.57707679813
    }
  },
  "random2": {
    "base_native": {
      "mean": 577672191.0,
      "median": 577672191.0,
      "min": 577590946.0,
      "max": 577753436.0,
      "std_dev": 114897.7808750021
    },
    "wasmtime_app": {
      "mean": 290733825.0,
      "median": 290421167.0,
      "min": 290414068.0,
      "max": 291366240.0,
      "std_dev": 547698.9575661067
    }
  },
  "ratelimit": {
    "base_native": {
      "mean": 25939664.5,
      "median": 25936440.0,
      "min": 25928690.0,
      "max": 25966963.0,
      "std_dev": 12004.954322186228
    },
    "wasmtime_app": {
      "mean": 39036605.4,
      "median": 38306165.5,
      "min": 38281230.0,
      "max": 45580475.0,
      "std_dev": 2299349.349012513
    }
  },
  "seqhash": {
    "base_native": {
      "mean": 7120520418.0,
      "median": 7120520418.0,
      "min": 7120520418.0,
      "max": 7120520418.0,
      "std_dev": 0.0
    },
    "wasmtime_app": {
      "mean": 9721042647.0,
      "median": 9721042647.0,
      "min": 9721042647.0,
      "max": 9721042647.0,
      "std_dev": 0.0
    }
  },
  "sieve": {
    "base_native": {
      "mean": 569278287.5,
      "median": 569278287.5,
      "min": 569276863.0,
      "max": 569279712.0,
      "std_dev": 2014.547219600474
    },
    "wasmtime_app": {
      "mean": 766990102.0,
      "median": 766990102.0,
      "min": 766990102.0,
      "max": 766990102.0,
      "std_dev": 0.0
    }
  },
  "strcat": {
    "base_native": {
      "mean": 65861149.6,
      "median": 65856002.5,
      "min": 65836904.0,
      "max": 65940497.0,
      "std_dev": 29645.47567205192
    },
    "wasmtime_app": {
      "mean": 352754503.5,
      "median": 352754503.5,
      "min": 350192658.0,
      "max": 355316349.0,
      "std_dev": 3622996.650804483
    }
  },
  "strcat2": {
    "base_native": {
      "mean": 2600870.6363636362,
      "median": 2592346.0,
      "min": 2580172.0,
      "max": 2635694.0,
      "std_dev": 17757.48014371818
    },
    "wasmtime_app": {
      "mean": 9413948.3,
      "median": 8496166.5,
      "min": 8464531.0,
      "max": 17690195.0,
      "std_dev": 2908071.3087824704
    }
  },
  "strchr": {
    "base_native": {
      "mean": 155182996.4,
      "median": 155195016.0,
      "min": 155139219.0,
      "max": 155208315.0,
      "std_dev": 28394.877580296063
    },