{
  "ackermann": {
    "base_native": {
      "mean": 3396112.1,
      "median": 3081773.5,
      "min": 3045639.0,
      "max": 6285266.0,
      "std_dev": 1015287.9125662884
    },
    "wasmtime_app": {
      "mean": 9113456.6,
      "median": 8810552.0,
      "min": 8012031.0,
      "max": 12757110.0,
      "std_dev": 1393151.7844582319
    }
  },
  "base64": {
    "base_native": {
      "mean": 267827923.33333334,
      "median": 270304772.0,
      "min": 262775782.0,
      "max": 270403216.0,
      "std_dev": 4375559.603555337
    },
    "wasmtime_app": {
      "mean": 355353856.5,
      "median": 355353856.5,
      "min": 350706122.0,
      "max": 360001591.0,
      "std_dev": 6572889.164209336
    }
  },
  "ctype": {
    "base_native": {
      "mean": 672744303.0,
      "median": 672744303.0,
      "min": 672744303.0,
      "max": 672744303.0,
      "std_dev": 0.0
    },
    "wasmtime_app": {
      "mean": 981479080.0,
      "median": 981479080.0,
      "min": 981479080.0,
      "max": 981479080.0,
      "std_dev": 0.0
    }
  },
  "ed25519": {
    "base_native": {
      "mean": 1434883575.0,
      "median": 1434883575.0,
      "min": 1434883575.0,
      "max": 1434883575.0,
      "std_dev": 0.0
    },
    "wasmtime_app": {
      "mean": 6738864854.0,
      "median": 6738864854.0,
      "min": 6738864854.0,
      "max": 6738864854.0,
      "std_dev": 0.0
    }
  },
  "fib2": {
    "base_native": {
      "mean": 6956954077.0,
      "median": 6956954077.0,
      "min": 6956954077.0,
      "max": 6956954077.0,
      "std_dev": 0.0
    },
    "wasmtime_app": {
      "mean": 10690082062.0,
      "median": 10690082062.0,
      "min": 10690082062.0,
      "max": 10690082062.0,
      "std_dev": 0.0
    }
  },
  "gimli": {
    "base_native": {
      "mean": 4149608.8,
      "median": 4145771.5,
      "min": 4134872.0,
      "max": 4172420.0,
      "std_dev": 11969.282414209765
    },
    "wasmtime_app": {
      "mean": 9571483.1,
      "median": 9377814.0,
      "min": 9365115.0,
      "max": 11059800.0,
      "std_dev": 525511.4961249025
    }
  },
  "heapsort": {
    "base_native": {
      "mean": 1076651720.0,
      "median": 1076651720.0,
      "min": 1076651720.0,
      "max": 1076651720.0,
      "std_dev": 0.0
    },
    "wasmtime_app": {
      "mean": 1220849001.0,
      "median": 1220849001.0,
      "min": 1220849001.0,
      "max": 1220849001.0,
      "std_dev": 0.0
    }
  },
  "keccak": {
    "base_native": {
      "mean": 7488634.7,
      "median": 7487904.5,
      "min": 7472918.0,
      "max": 7509316.0,
      "std_dev": 11424.115555846474
    },
    "wasmtime_app": {
      "mean": 22923552.8,
      "median": 21294243.5,
      "min": 21124767.0,
      "max": 37292671.0,
      "std_dev": 5050754.730805086
    }
  },
  "matrix": {
    "base_native": {
      "mean": 378028096.0,
      "median": 378028096.0,
      "min": 377978249.0,
      "max": 378077943.0,
      "std_dev": 70494.30344361167
    },
    "wasmtime_app": {
      "mean": 534115049.0,
      "median": 534115049.0,
      "min": 530258023.0,
      "max": 537972075.0,
      "std_dev": 5454658.47962565
    }
  },
  "matrix2": {
    "base_native": {
      "mean": 194287269.5,
      "median": 194285513.5,
      "min": 194271364.0,
      "max": 194306687.0,
      "std_dev": 14734.435957986312
    },
    "wasmtime_app": {
      "mean": 260276027.66666666,
      "median": 257733775.0,
      "min": 257676204.0,
      "max": 265418104.0,
      "std_dev": 4453261.767331933
    }
  },
  "memmove": {
    "base_native": {
      "mean": 47354806.0,
      "median": 47355671.0,
      "min": 47320586.0,
      "max": 47387257.0,
      "std_dev": 22799.385113541015
    },
    "wasmtime_app": {
      "mean": 521976697.0,
      "median": 521976697.0,
      "min": 516791661.0,
      "max": 527161733.0,
      "std_dev": 7332748.232592743
    }
  },
  "minicsv": {
    "base_native": {
      "mean": 744286086.0,
      "median": 744286086.0,
      "min": 744286086.0,
      "max": 744286086.0,
      "std_dev": 0.0
    },
    "wasmtime_app": {
      "mean": 1112628188.0,
      "median": 1112628188.0,
      "min": 1112628188.0,
      "max": 1112628188.0,
      "std_dev": 0.0
    }
  },
  "nestedloop": {
    "base_native": {
      "mean": 1597247.3636363635,
      "median": 1590752.0,
      "min": 1557779.0,
      "max": 1644524.0,
      "std_dev": 29639.619920885383
    },
    "wasmtime_app": {
      "mean": 6326798.0,
      "median": 6234576.5,
      "min": 6193280.0,
      "max": 7159764.0,
      "std_dev": 294268.6547425668
    }
  },
  "nestedloop2": {
    "base_native": {
      "mean": 1576410.0909090908,
      "median": 1577278.0,
      "min": 1554680.0,
      "max": 1592127.0,
      "std_dev": 12504.31717011805
    },
    "wasmtime_app": {
      "mean": 6306981.9,
      "median": 6214541.0,
      "min": 6156807.0,
      "max": 7172663.0,
      "std_dev": 305600.03377888486
    }
  },
  "nestedloop3": {
    "base_native": {
      "mean": 2086217.4545454546,
      "median": 2084597.0,
      "min": 2078748.0,
      "max": 2097021.0,
      "std_dev": 5166.691153216658
    },
    "wasmtime_app": {
      "mean": 6895709.4,
      "median": 6772653.0,
      "min": 6735993.0,
      "max": 8082826.0,
      "std_dev": 417707.6080104625
    }
  },
  "random": {
    "base_native": {
      "mean": 577634422.5,
      "median": 577634422.5,
      "min": 577628810.0,
      "max": 577640035.0,
      "std_dev": 7937.273618818996
    },
    "wasmtime_app": {
      "mean": 290776201.6666667,
      "median": 290484355.0,
      "min": 290460831.0,
      "max": 291383419.0,
      "std_dev": 525997.1597540554
    }
  },
  "random2": {
    "base_native": {
      "mean": 577760127.0,
      "median": 577760127.0,
      "min": 577631960.0,
      "max": 577888294.0,
      "std_dev": 181255.50964867248
    },
    "wasmtime_app": {
      "mean": 290758661.0,
      "median": 290433408.0,
      "min": 290420634.0,
      "max": 291421941.0,
      "std_dev": 574452.8375497853
    }
  },
  "ratelimit": {
    "base_native": {
      "mean": 25945325.6,
      "median": 25946515.5,
      "min": 25928317.0,
      "max": 25967489.0,
      "std_dev": 12355.621250624707
    },
    "wasmtime_app": {
      "mean": 39097356.2,
      "median": 38367048.0,
      "min": 38342900.0,
      "max": 45625756.0,
      "std_dev": 2293971.0924337106
    }
  },
  "seqhash": {
    "base_native": {
      "mean": 7138931143.0,
      "median": 7138931143.0,
      "min": 7138931143.0,
      "max": 7138931143.0,
      "std_dev": 0.0
    },
    "wasmtime_app": {
      "mean": 9703783083.0,
      "median": 9703783083.0,
      "min": 9703783083.0,
      "max": 9703783083.0,
      "std_dev": 0.0
    }
  },
  "sieve": {
    "base_native": {
      "mean": 569307218.0,
      "median": 569307218.0,
      "min": 569304793.0,
      "max": 569309643.0,
      "std_dev": 3429.4678887547557
    },
    "wasmtime_app": {
      "mean": 767424468.0,
      "median": 767424468.0,
      "min": 767424468.0,
      "max": 767424468.0,
      "std_dev": 0.0
    }
  },
  "strcat": {
    "base_native": {
      "mean": 65883867.3,
      "median": 65865003.5,
      "min": 65856454.0,
      "max": 66004945.0,
      "std_dev": 45272.53445289858
    },
    "wasmtime_app": {
      "mean": 352834065.0,
      "median": 352834065.0,
      "min": 347312027.0,
      "max": 358356103.0,
      "std_dev": 7809341.031539601
    }
  },
  "strcat2": {
    "base_native": {
      "mean": 2603501.909090909,
      "median": 2598866.0,
      "min": 2577092.0,
      "max": 2628964.0,
      "std_dev": 17613.76941176729
    },
    "wasmtime_app": {
      "mean": 9453368.6,
      "median": 8530483.5,
      "min": 8500548.0,
      "max": 17726948.0,
      "std_dev": 2907181.6718211323
    }
  },
  "strchr": {
    "base_native": {
      "mean": 154733018.0,
      "median": 154725878.0,
      "min": 154709230.0,
      "max": 154760801.0,
      "std_dev": 23736.54360895874
    },