{
  "ackermann": {
    "base_native": {
      "mean": 3205465.0,
      "median": 2897772.5,
      "min": 2856762.0,
      "max": 6080629.0,
      "std_dev": 1010383.7439556209
    },
    "wasmtime_app": {
      "mean": 8860016.0,
      "median": 8310221.5,
      "min": 7898197.0,
      "max": 13101782.0,
      "std_dev": 1588755.0106272942
    }
  },
  "base64": {
    "base_native": {
      "mean": 251650799.33333334,
      "median": 251952157.0,
      "min": 249496472.0,
      "max": 253503769.0,
      "std_dev": 2020574.0877276273
    },
    "wasmtime_app": {
      "mean": 355069468.0,
      "median": 355069468.0,
      "min": 350411575.0,
      "max": 359727361.0,
      "std_dev": 6587255.452682703
    }
  },
  "ctype": {
    "base_native": {
      "mean": 653762287.0,
      "median": 653762287.0,
      "min": 653748650.0,
      "max": 653775924.0,
      "std_dev": 19285.630350081898
    },
    "wasmtime_app": {
      "mean": 986995036.0,
      "median": 986995036.0,
      "min": 986995036.0,
      "max": 986995036.0,
      "std_dev": 0.0
    }
  },
  "ed25519": {
    "base_native": {
      "mean": 1433384972.0,
      "median": 1433384972.0,
      "min": 1433384972.0,
      "max": 1433384972.0,
      "std_dev": 0.0
    },
    "wasmtime_app": {
      "mean": 6736331176.0,
      "median": 6736331176.0,
      "min": 6736331176.0,
      "max": 6736331176.0,
      "std_dev": 0.0
    }
  },
  "fib2": {
    "base_native": {
      "mean": 6956069246.0,
      "median": 6956069246.0,
      "min": 6956069246.0,
      "max": 6956069246.0,
      "std_dev": 0.0
    },
    "wasmtime_app": {
      "mean": 10691191507.0,
      "median": 10691191507.0,
      "min": 10691191507.0,
      "max": 10691191507.0,
      "std_dev": 0.0
    }
  },
  "gimli": {
    "base_native": {
      "mean": 4147466.3,
      "median": 4146414.0,
      "min": 4126540.0,
      "max": 4163188.0,
      "std_dev": 10565.672277606276
    },
    "wasmtime_app": {
      "mean": 9477611.2,
      "median": 9333360.0,
      "min": 9287388.0,
      "max": 10784347.0,
      "std_dev": 459565.775173043
    }
  },
  "heapsort": {
    "base_native": {
      "mean": 1076319263.0,
      "median": 1076319263.0,
      "min": 1076319263.0,
      "max": 1076319263.0,
      "std_dev": 0.0
    },
    "wasmtime_app": {
      "mean": 1220379692.0,
      "median": 1220379692.0,
      "min": 1220379692.0,
      "max": 1220379692.0,
      "std_dev": 0.0
    }
  },
  "keccak": {
    "base_native": {
      "mean": 7487501.5,
      "median": 7486749.0,
      "min": 7469175.0,
      "max": 7502698.0,
      "std_dev": 10732.027438673666
    },
    "wasmtime_app": {
      "mean": 22807037.1,
      "median": 21238827.0,
      "min": 20994254.0,
      "max": 36982262.0,
      "std_dev": 4983916.145387111
    }
  },
  "matrix": {
    "base_native": {
      "mean": 377900663.0,
      "median": 377900663.0,
      "min": 377893401.0,
      "max": 377907925.0,
      "std_dev": 10270.018889953417
    },
    "wasmtime_app": {
      "mean": 533665375.0,
      "median": 533665375.0,
      "min": 529653405.0,
      "max": 537677345.0,
      "std_dev": 5673782.385833986
    }
  },
  "matrix2": {
    "base_native": {
      "mean": 194268785.0,
      "median": 194259710.5,
      "min": 194247536.0,
      "max": 194308183.0,
      "std_dev": 28531.690603023624
    },
    "wasmtime_app": {
      "mean": 260192591.33333334,
      "median": 257657011.0,
      "min": 257619339.0,
      "max": 265301424.0,
      "std_dev": 4424418.968282314
    }
  },
  "memmove": {
    "base_native": {
      "mean": 47347396.4,
      "median": 47350271.5,
      "min": 47315786.0,
      "max": 47375582.0,
      "std_dev": 17271.718213439115
    },
    "wasmtime_app": {
      "mean": 521398042.5,
      "median": 521398042.5,
      "min": 516539799.0,
      "max": 526256286.0,
      "std_dev": 6870593.847010934
    }
  },
  "minicsv": {
    "base_native": {
      "mean": 752147809.0,
      "median": 752147809.0,
      "min": 752147809.0,
      "max": 752147809.0,
      "std_dev": 0.0
    },
    "wasmtime_app": {
      "mean": 1105102266.0,
      "median": 1105102266.0,
      "min": 1105102266.0,
      "max": 1105102266.0,
      "std_dev": 0.0
    }
  },
  "nestedloop": {
    "base_native": {
      "mean": 1577307.3636363635,
      "median": 1584159.0,
      "min": 1552861.0,
      "max": 1588559.0,
      "std_dev": 13362.20924303109
    },
    "wasmtime_app": {
      "mean": 6274029.9,
      "median": 6181975.5,
      "min": 6149552.0,
      "max": 7150442.0,
      "std_dev": 308391.71318288974
    }
  },
  "nestedloop2": {
    "base_native": {
      "mean": 1576778.0,
      "median": 1582035.0,
      "min": 1553036.0,
      "max": 1603658.0,
      "std_dev": 18339.826465918373
    },
    "wasmtime_app": {
      "mean": 6296598.6,
      "median": 6193462.5,
      "min": 6165801.0,
      "max": 7186740.0,
      "std_dev": 313603.9855721083
    }
  },
  "nestedloop3": {
    "base_native": {
      "mean": 2087108.0909090908,
      "median": 2084456.0,
      "min": 2062982.0,
      "max": 2114429.0,
      "std_dev": 15158.224450472724
    },
    "wasmtime_app": {
      "mean": 6846465.5,
      "median": 6727992.5,
      "min": 6689095.0,
      "max": 7932520.0,
      "std_dev": 382386.1544071356
    }
  },
  "random": {
    "base_native": {
      "mean": 577619226.0,
      "median": 577619226.0,
      "min": 577580653.0,
      "max": 577657799.0,
      "std_dev": 54550.4597414174
    },
    "wasmtime_app": {
      "mean": 290643540.6666667,
      "median": 290379207.0,
      "min": 290334909.0,
      "max": 291216506.0,
      "std_dev": 496696.62078811583
    }
  },
  "random2": {
    "base_native": {
      "mean": 577658011.5,
      "median": 577658011.5,
      "min": 577624876.0,
      "max": 577691147.0,
      "std_dev": 46860.67349601369
    },
    "wasmtime_app": {
      "mean": 290672138.6666667,
      "median": 290353083.0,
      "min": 290350908.0,
      "max": 291312425.0,
      "std_dev": 554505.2967703134
    }
  },
  "ratelimit": {
    "base_native": {
      "mean": 25925046.3,
      "median": 25922738.5,
      "min": 25901428.0,
      "max": 25963024.0,
      "std_dev": 17946.28061156096
    },
    "wasmtime_app": {
      "mean": 39039572.6,
      "median": 38313894.0,
      "min": 38279859.0,
      "max": 45543669.0,
      "std_dev": 2285464.072905797
    }
  },
  "seqhash": {
    "base_native": {
      "mean": 7120046853.0,
      "median": 7120046853.0,
      "min": 7120046853.0,
      "max": 7120046853.0,
      "std_dev": 0.0
    },
    "wasmtime_app": {
      "mean": 9687626623.0,
      "median": 9687626623.0,
      "min": 9687626623.0,
      "max": 9687626623.0,
      "std_dev": 0.0
    }
  },
  "sieve": {
    "base_native": {
      "mean": 569227440.5,
      "median": 569227440.5,
      "min": 569195530.0,
      "max": 569259351.0,
      "std_dev": 45128.26188210665
    },
    "wasmtime_app": {
      "mean": 766928600.0,
      "median": 766928600.0,
      "min": 766928600.0,
      "max": 766928600.0,
      "std_dev": 0.0
    }
  },
  "strcat": {
    "base_native": {
      "mean": 65862504.3,
      "median": 65854219.5,
      "min": 65836208.0,
      "max": 65966826.0,
      "std_dev": 38077.88158221107
    },
    "wasmtime_app": {
      "mean": 351254611.5,
      "median": 351254611.5,
      "min": 347238767.0,
      "max": 355270456.0,
      "std_dev": 5679261.756281401
    }
  },
  "strcat2": {
    "base_native": {
      "mean": 2595401.909090909,
      "median": 2595852.0,
      "min": 2577578.0,
      "max": 2606501.0,
      "std_dev": 8413.400637727238
    },
    "wasmtime_app": {
      "mean": 9403645.5,
      "median": 8478511.5,
      "min": 8450188.0,
      "max": 17725502.0,
      "std_dev": 2924073.612975541
    }
  },
  "strchr": {
    "base_native": {
      "mean": 154797223.2,
      "median": 154878099.0,
      "min": 154499645.0,
      "max": 154971743.0,
      "std_dev": 186678.46167729152
    },