{
  "ackermann": {
    "base_native": {
      "mean": 3191145.4,
      "median": 2901017.5,
      "min": 2845433.0,
      "max": 5311764.0,
      "std_dev": 767946.6793970355
    },
    "wasmtime_app": {
      "mean": 9303048.8,
      "median": 9462197.0,
      "min": 8073278.0,
      "max": 9893547.0,
      "std_dev": 547566.4292054841
    }
  },
  "base64": {
    "base_native": {
      "mean": 252295554.66666666,
      "median": 253384083.0,
      "min": 250021479.0,
      "max": 253481102.0,
      "std_dev": 1970004.6382900558
    },
    "wasmtime_app": {
      "mean": 358593616.5,
      "median": 358593616.5,
      "min": 351814712.0,
      "max": 365372521.0,
      "std_dev": 9586818.681932004
    }
  },
  "ctype": {
    "base_native": {
      "mean": 653733922.5,
      "median": 653733922.5,
      "min": 653728298.0,
      "max": 653739547.0,
      "std_dev": 7954.244181567473
    },
    "wasmtime_app": {
      "mean": 935682204.0,
      "median": 935682204.0,
      "min": 935682204.0,
      "max": 935682204.0,
      "std_dev": 0.0
    }
  },
  "ed25519": {
    "base_native": {
      "mean": 1433638143.0,
      "median": 1433638143.0,
      "min": 1433638143.0,
      "max": 1433638143.0,
      "std_dev": 0.0
    },
    "wasmtime_app": {
      "mean": 6751166925.0,
      "median": 6751166925.0,
      "min": 6751166925.0,
      "max": 6751166925.0,
      "std_dev": 0.0
    }
  },
  "fib2": {
    "base_native": {
      "mean": 6956091542.0,
      "median": 6956091542.0,
      "min": 6956091542.0,
      "max": 6956091542.0,
      "std_dev": 0.0
    },
    "wasmtime_app": {
      "mean": 10697413063.0,
      "median": 10697413063.0,
      "min": 10697413063.0,
      "max": 10697413063.0,
      "std_dev": 0.0
    }
  },
  "gimli": {
    "base_native": {
      "mean": 4152406.5,
      "median": 4143657.0,
      "min": 4129183.0,
      "max": 4202454.0,
      "std_dev": 21172.20495130349
    },
    "wasmtime_app": {
      "mean": 9450492.8,
      "median": 9310018.5,
      "min": 9266659.0,
      "max": 10763796.0,
      "std_dev": 462005.2496935505
    }
  },
  "heapsort": {
    "base_native": {
      "mean": 1076335211.0,
      "median": 1076335211.0,
      "min": 1076335211.0,
      "max": 1076335211.0,
      "std_dev": 0.0
    },
    "wasmtime_app": {
      "mean": 1220305164.0,
      "median": 1220305164.0,
      "min": 1220305164.0,
      "max": 1220305164.0,
      "std_dev": 0.0
    }
  },
  "keccak": {
    "base_native": {
      "mean": 7484334.4,
      "median": 7483024.5,
      "min": 7466363.0,
      "max": 7504586.0,
      "std_dev": 11252.956216034965
    },
    "wasmtime_app": {
      "mean": 22916729.1,
      "median": 21396925.5,
      "min": 21164514.0,
      "max": 36936393.0,
      "std_dev": 4927665.34917242
    }
  },
  "matrix": {
    "base_native": {
      "mean": 377896339.5,
      "median": 377896339.5,
      "min": 377885753.0,
      "max": 377906926.0,
      "std_dev": 14971.57187806277
    },
    "wasmtime_app": {
      "mean": 533485619.5,
      "median": 533485619.5,
      "min": 529422219.0,
      "max": 537549020.0,
      "std_dev": 5746516.096453615
    }
  },
  "matrix2": {
    "base_native": {
      "mean": 194273539.25,
      "median": 194271739.5,
      "min": 194245391.0,
      "max": 194305287.0,
      "std_dev": 24603.268812294027
    },
    "wasmtime_app": {
      "mean": 260166062.33333334,
      "median": 257615736.0,
      "min": 257614961.0,
      "max": 265267490.0,
      "std_dev": 4417965.9718959285
    }
  },
  "memmove": {
    "base_native": {
      "mean": 47329104.3,
      "median": 47334156.5,
      "min": 47305558.0,
      "max": 47346056.0,
      "std_dev": 17156.082530370648
    },
    "wasmtime_app": {
      "mean": 520780898.5,
      "median": 520780898.5,
      "min": 516336183.0,
      "max": 525225614.0,
      "std_dev": 6285776.9409899125
    }
  },
  "minicsv": {
    "base_native": {
      "mean": 751768040.0,
      "median": 751768040.0,
      "min": 751768040.0,
      "max": 751768040.0,
      "std_dev": 0.0
    },
    "wasmtime_app": {
      "mean": 1104494675.0,
      "median": 1104494675.0,
      "min": 1104494675.0,
      "max": 1104494675.0,
      "std_dev": 0.0
    }
  },
  "nestedloop": {
    "base_native": {
      "mean": 1570032.6363636365,
      "median": 1565558.0,
      "min": 1543409.0,
      "max": 1606481.0,
      "std_dev": 19348.01995695026
    },
    "wasmtime_app": {
      "mean": 6273148.3,
      "median": 6186238.0,
      "min": 6125817.0,
      "max": 7128133.0,
      "std_dev": 302718.42427541286
    }
  },
  "nestedloop2": {
    "base_native": {
      "mean": 1575500.6363636365,
      "median": 1582332.0,
      "min": 1550109.0,
      "max": 1601131.0,
      "std_dev": 18530.90484176489
    },
    "wasmtime_app": {
      "mean": 6358775.7,
      "median": 6231585.5,
      "min": 6181664.0,
      "max": 7463564.0,
      "std_dev": 391169.1271940935
    }
  },
  "nestedloop3": {
    "base_native": {
      "mean": 2086318.4545454546,
      "median": 2085353.0,
      "min": 2062354.0,
      "max": 2118901.0,
      "std_dev": 13662.5940316152
    },
    "wasmtime_app": {
      "mean": 6853566.8,
      "median": 6733531.0,
      "min": 6685434.0,
      "max": 7983933.0,
      "std_dev": 397611.8831084738
    }
  },
  "random": {
    "base_native": {
      "mean": 577682882.0,
      "median": 577682882.0,
      "min": 577593850.0,
      "max": 577771914.0,
      "std_dev": 125910.2618852014
    },
    "wasmtime_app": {
      "mean": 290617543.0,
      "median": 290344026.0,
      "min": 290333126.0,
      "max": 291175477.0,
      "std_dev": 483215.7528133784
    }
  },
  "random2": {
    "base_native": {
      "mean": 577749078.0,
      "median": 577749078.0,
      "min": 577614923.0,
      "max": 577883233.0,
      "std_dev": 189723.82046016256
    },
    "wasmtime_app": {
      "mean": 290781958.3333333,
      "median": 290373924.0,
      "min": 290339676.0,
      "max": 291632275.0,
      "std_dev": 736594.9067053975
    }
  },
  "ratelimit": {
    "base_native": {
      "mean": 25923476.1,
      "median": 25919284.0,
      "min": 25909284.0,
      "max": 25945382.0,
      "std_dev": 13208.630204445039
    },
    "wasmtime_app": {
      "mean": 38972267.1,
      "median": 38250904.5,
      "min": 38200770.0,
      "max": 45536391.0,
      "std_dev": 2306496.7262705024
    }
  },
  "seqhash": {
    "base_native": {
      "mean": 7131775444.0,
      "median": 7131775444.0,
      "min": 7131775444.0,
      "max": 7131775444.0,
      "std_dev": 0.0
    },
    "wasmtime_app": {
      "mean": 9639106142.0,
      "median": 9639106142.0,
      "min": 9639106142.0,
      "max": 9639106142.0,
      "std_dev": 0.0
    }
  },
  "sieve": {
    "base_native": {
      "mean": 569141894.0,
      "median": 569141894.0,
      "min": 569127895.0,
      "max": 569155893.0,
      "std_dev": 19797.575659660957
    },
    "wasmtime_app": {
      "mean": 767260061.0,
      "median": 767260061.0,
      "min": 767260061.0,
      "max": 767260061.0,
      "std_dev": 0.0
    }
  },
  "strcat": {
    "base_native": {
      "mean": 65871982.6,
      "median": 65849974.0,
      "min": 65842524.0,
      "max": 66019339.0,
      "std_dev": 53416.02544222514
    },
    "wasmtime_app": {
      "mean": 352673149.5,
      "median": 352673149.5,
      "min": 350173608.0,
      "max": 355172691.0,
      "std_dev": 3534885.4890143895
    }
  },
  "strcat2": {
    "base_native": {
      "mean": 2601799.4545454546,
      "median": 2599472.0,
      "min": 2585523.0,
      "max": 2621746.0,
      "std_dev": 11258.784857733415
    },
    "wasmtime_app": {
      "mean": 9334389.6,
      "median": 8429345.0,
      "min": 8348062.0,
      "max": 17633170.0,
      "std_dev": 2916126.3878988205
    }
  },
  "strchr": {
    "base_native": {
      "mean": 155103969.8,
      "median": 155100455.0,
      "min": 155043408.0,
      "max": 155141628.0,
      "std_dev": 39519.33513104693
    },