{
  "ackermann": {
    "base_native": {
      "mean": 3288718.0,
      "median": 2974886.5,
      "min": 2944876.0,
      "max": 6109239.0,
      "std_dev": 991319.7099242111
    },
    "wasmtime_app": {
      "mean": 9656060.6,
      "median": 9189797.0,
      "min": 8541824.0,
      "max": 12894956.0,
      "std_dev": 1259655.0569534856
    }
  },
  "base64": {
    "base_native": {
      "mean": 253679740.66666666,
      "median": 253398574.0,
      "min": 250934844.0,
      "max": 256705804.0,
      "std_dev": 2895735.804805634
    },
    "wasmtime_app": {
      "mean": 378156230.5,
      "median": 378156230.5,
      "min": 373083605.0,
      "max": 383228856.0,
      "std_dev": 7173775.778939603
    }
  },
  "ctype": {
    "base_native": {
      "mean": 654497796.5,
      "median": 654497796.5,
      "min": 654441762.0,
      "max": 654553831.0,
      "std_dev": 79244.7498607952
    },
    "wasmtime_app": {
      "mean": 824432622.0,
      "median": 824432622.0,
      "min": 824432622.0,
      "max": 824432622.0,
      "std_dev": 0.0
    }
  },
  "ed25519": {
    "base_native": {
      "mean": 1433781681.0,
      "median": 1433781681.0,
      "min": 1433781681.0,
      "max": 1433781681.0,
      "std_dev": 0.0
    },
    "wasmtime_app": {
      "mean": 6766968006.0,
      "median": 6766968006.0,
      "min": 6766968006.0,
      "max": 6766968006.0,
      "std_dev": 0.0
    }
  },
  "fib2": {
    "base_native": {
      "mean": 6956058642.0,
      "median": 6956058642.0,
      "min": 6956058642.0,
      "max": 6956058642.0,
      "std_dev": 0.0
    },
    "wasmtime_app": {
      "mean": 10677236849.0,
      "median": 10677236849.0,
      "min": 10677236849.0,
      "max": 10677236849.0,
      "std_dev": 0.0
    }
  },
  "gimli": {
    "base_native": {
      "mean": 4149197.2,
      "median": 4147330.0,
      "min": 4141355.0,
      "max": 4163804.0,
      "std_dev": 6695.701105103848
    },
    "wasmtime_app": {
      "mean": 9539397.8,
      "median": 9376585.0,
      "min": 9329276.0,
      "max": 11135465.0,
      "std_dev": 561324.0707513302
    }
  },
  "heapsort": {
    "base_native": {
      "mean": 1076259925.0,
      "median": 1076259925.0,
      "min": 1076259925.0,
      "max": 1076259925.0,
      "std_dev": 0.0
    },
    "wasmtime_app": {
      "mean": 1220556310.0,
      "median": 1220556310.0,
      "min": 1220556310.0,
      "max": 1220556310.0,
      "std_dev": 0.0
    }
  },
  "keccak": {
    "base_native": {
      "mean": 7490860.0,
      "median": 7485733.0,
      "min": 7477508.0,
      "max": 7516806.0,
      "std_dev": 13445.909514297151
    },
    "wasmtime_app": {
      "mean": 22955607.8,
      "median": 21364560.5,
      "min": 21211895.0,
      "max": 37495769.0,
      "std_dev": 5109310.339222958
    }
  },
  "matrix": {
    "base_native": {
      "mean": 377912415.5,
      "median": 377912415.5,
      "min": 377910828.0,
      "max": 377914003.0,
      "std_dev": 2245.064030267288
    },
    "wasmtime_app": {
      "mean": 533445492.5,
      "median": 533445492.5,
      "min": 529310547.0,
      "max": 537580438.0,
      "std_dev": 5847696.005773598
    }
  },
  "matrix2": {
    "base_native": {
      "mean": 194287230.25,
      "median": 194282274.0,
      "min": 194250964.0,
      "max": 194333409.0,
      "std_dev": 38959.63321503425
    },
    "wasmtime_app": {
      "mean": 260239053.0,
      "median": 257667128.0,
      "min": 257666228.0,
      "max": 265383803.0,
      "std_dev": 4455484.218844794
    }
  },
  "memmove": {
    "base_native": {
      "mean": 47410669.8,
      "median": 47404727.5,
      "min": 47394578.0,
      "max": 47439626.0,
      "std_dev": 15435.775773615442
    },
    "wasmtime_app": {
      "mean": 520544523.5,
      "median": 520544523.5,
      "min": 516270249.0,
      "max": 524818798.0,
      "std_dev": 6044736.96720548
    }
  },
  "minicsv": {
    "base_native": {
      "mean": 717017595.0,
      "median": 717017595.0,
      "min": 717017595.0,
      "max": 717017595.0,
      "std_dev": 0.0
    },
    "wasmtime_app": {
      "mean": 1100966915.0,
      "median": 1100966915.0,
      "min": 1100966915.0,
      "max": 1100966915.0,
      "std_dev": 0.0
    }
  },
  "nestedloop": {
    "base_native": {
      "mean": 1593051.0909090908,
      "median": 1587256.0,
      "min": 1558633.0,
      "max": 1640878.0,
      "std_dev": 22815.67335168763
    },
    "wasmtime_app": {
      "mean": 6252042.5,
      "median": 6167120.0,
      "min": 6121398.0,
      "max": 7105513.0,
      "std_dev": 300483.98484417325
    }
  },
  "nestedloop2": {
    "base_native": {
      "mean": 1580733.6363636365,
      "median": 1577906.0,
      "min": 1556533.0,
      "max": 1605630.0,
      "std_dev": 16882.19863804906
    },
    "wasmtime_app": {
      "mean": 6267556.6,
      "median": 6175057.5,
      "min": 6146122.0,
      "max": 7031042.0,
      "std_dev": 270826.2328809542
    }
  },
  "nestedloop3": {
    "base_native": {
      "mean": 2092435.1818181819,
      "median": 2090476.0,
      "min": 2074552.0,
      "max": 2114350.0,
      "std_dev": 10690.498237389891
    },
    "wasmtime_app": {
      "mean": 6836941.7,
      "median": 6721736.0,
      "min": 6691713.0,
      "max": 7916313.0,
      "std_dev": 379630.3434248901
    }
  },
  "random": {
    "base_native": {
      "mean": 577586247.0,
      "median": 577586247.0,
      "min": 577567598.0,
      "max": 577604896.0,
      "std_dev": 26373.66872469585
    },
    "wasmtime_app": {
      "mean": 290655591.0,
      "median": 290361792.0,
      "min": 290354293.0,
      "max": 291250688.0,
      "std_dev": 515382.75903157645
    }
  },
  "random2": {
    "base_native": {
      "mean": 577632857.0,
      "median": 577632857.0,
      "min": 577606796.0,
      "max": 577658918.0,
      "std_dev": 36855.81964900523
    },
    "wasmtime_app": {
      "mean": 290675131.3333333,
      "median": 290377641.0,
      "min": 290373492.0,
      "max": 291274261.0,
      "std_dev": 518865.6585864335
    }
  },
  "ratelimit": {
    "base_native": {
      "mean": 25931914.6,
      "median": 25932344.5,
      "min": 25902846.0,
      "max": 25961218.0,
      "std_dev": 15743.549537650157
    },
    "wasmtime_app": {
      "mean": 39013985.1,
      "median": 38283945.0,
      "min": 38260421.0,
      "max": 45566097.0,
      "std_dev": 2302311.1047053207
    }
  },
  "seqhash": {
    "base_native": {
      "mean": 7109338674.0,
      "median": 7109338674.0,
      "min": 7109338674.0,
      "max": 7109338674.0,
      "std_dev": 0.0
    },
    "wasmtime_app": {
      "mean": 9708650742.0,
      "median": 9708650742.0,
      "min": 9708650742.0,
      "max": 9708650742.0,
      "std_dev": 0.0
    }
  },
  "sieve": {
    "base_native": {
      "mean": 569271212.5,
      "median": 569271212.5,
      "min": 569267288.0,
      "max": 569275137.0,
      "std_dev": 5550.081125533212
    },
    "wasmtime_app": {
      "mean": 767232440.0,
      "median": 767232440.0,
      "min": 767232440.0,
      "max": 767232440.0,
      "std_dev": 0.0
    }
  },
  "strcat": {
    "base_native": {
      "mean": 65848102.1,
      "median": 65842590.0,
      "min": 65821441.0,
      "max": 65942359.0,
      "std_dev": 35037.68757098879
    },
    "wasmtime_app": {
      "mean": 352721682.0,
      "median": 352721682.0,
      "min": 350190413.0,
      "max": 355252951.0,
      "std_dev": 3579754.949814582
    }
  },
  "strcat2": {
    "base_native": {
      "mean": 2588678.6363636362,
      "median": 2587872.0,
      "min": 2548874.0,
      "max": 2627269.0,
      "std_dev": 20593.292618096442
    },
    "wasmtime_app": {
      "mean": 9406998.6,
      "median": 8486065.0,
      "min": 8451180.0,
      "max": 17702811.0,
      "std_dev": 2914961.642222232
    }
  },
  "strchr": {
    "base_native": {
      "mean": 154579774.4,
      "median": 154583204.0,
      "min": 154550556.0,
      "max": 154592979.0,
      "std_dev": 17154.225960386553
    },