{
  "ackermann": {
    "base_native": {
      "mean": 3456016.0,
      "median": 2936361.0,
      "min": 2896277.0,
      "max": 8153072.0,
      "std_dev": 1650596.2937772924
    },
    "wasmtime_app": {
      "mean": 9485809.1,
      "median": 8918655.5,
      "min": 8212345.0,
      "max": 13744638.0,
      "std_dev": 1620179.9734697137
    }
  },
  "base64": {
    "base_native": {
      "mean": 257443082.66666666,
      "median": 257422234.0,
      "min": 257406811.0,
      "max": 257500203.0,
      "std_dev": 50065.12351261438
    },
    "wasmtime_app": {
      "mean": 363077472.5,
      "median": 363077472.5,
      "min": 354991908.0,
      "max": 371163037.0,
      "std_dev": 11434714.975342434
    }
  },
  "ctype": {
    "base_native": {
      "mean": 654281423.5,
      "median": 654281423.5,
      "min": 653700031.0,
      "max": 654862816.0,
      "std_dev": 822213.1585619997
    },
    "wasmtime_app": {
      "mean": 919599054.0,
      "median": 919599054.0,
      "min": 919599054.0,
      "max": 919599054.0,
      "std_dev": 0.0
    }
  },
  "ed25519": {
    "base_native": {
      "mean": 1433172181.0,
      "median": 1433172181.0,
      "min": 1433172181.0,
      "max": 1433172181.0,
      "std_dev": 0.0
    },
    "wasmtime_app": {
      "mean": 6750846828.0,
      "median": 6750846828.0,
      "min": 6750846828.0,
      "max": 6750846828.0,
      "std_dev": 0.0
    }
  },
  "fib2": {
    "base_native": {
      "mean": 6955836024.0,
      "median": 6955836024.0,
      "min": 6955836024.0,
      "max": 6955836024.0,
      "std_dev": 0.0
    },
    "wasmtime_app": {
      "mean": 10704934996.0,
      "median": 10704934996.0,
      "min": 10704934996.0,
      "max": 10704934996.0,
      "std_dev": 0.0
    }
  },
  "gimli": {
    "base_native": {
      "mean": 4149775.1,
      "median": 4149355.0,
      "min": 4128232.0,
      "max": 4166454.0,
      "std_dev": 10784.200721940922
    },
    "wasmtime_app": {
      "mean": 9510592.6,
      "median": 9358893.5,
      "min": 9347157.0,
      "max": 10862773.0,
      "std_dev": 475247.02534557984
    }
  },
  "heapsort": {
    "base_native": {
      "mean": 1076273228.0,
      "median": 1076273228.0,
      "min": 1076273228.0,
      "max": 1076273228.0,
      "std_dev": 0.0
    },
    "wasmtime_app": {
      "mean": 1220390790.0,
      "median": 1220390790.0,
      "min": 1220390790.0,
      "max": 1220390790.0,
      "std_dev": 0.0
    }
  },
  "keccak": {
    "base_native": {
      "mean": 7489433.0,
      "median": 7490310.5,
      "min": 7470424.0,
      "max": 7510871.0,
      "std_dev": 12728.926418900292
    },
    "wasmtime_app": {
      "mean": 22851628.7,
      "median": 21307681.5,
      "min": 20972063.0,
      "max": 37313107.0,
      "std_dev": 5083406.454630116
    }
  },
  "matrix": {
    "base_native": {
      "mean": 377862551.0,
      "median": 377862551.0,
      "min": 377854164.0,
      "max": 377870938.0,
      "std_dev": 11861.009147623148
    },
    "wasmtime_app": {
      "mean": 533447771.5,
      "median": 533447771.5,
      "min": 529393071.0,
      "max": 537502472.0,
      "std_dev": 5734212.438460969
    }
  },
  "matrix2": {
    "base_native": {
      "mean": 194261190.0,
      "median": 194254797.0,
      "min": 194236598.0,
      "max": 194298568.0,
      "std_dev": 26354.646940024322
    },
    "wasmtime_app": {
      "mean": 260232482.33333334,
      "median": 257680324.0,
      "min": 257671999.0,
      "max": 265345124.0,
      "std_dev": 4427679.5203817915
    }
  },
  "memmove": {
    "base_native": {
      "mean": 47329878.9,
      "median": 47333981.0,
      "min": 47311583.0,
      "max": 47348405.0,
      "std_dev": 12247.842390033893
    },
    "wasmtime_app": {
      "mean": 522271116.0,
      "median": 522271116.0,
      "min": 516638353.0,
      "max": 527903879.0,
      "std_dev": 7965929.828233362
    }
  },
  "minicsv": {
    "base_native": {
      "mean": 751626568.0,
      "median": 751626568.0,
      "min": 751626568.0,
      "max": 751626568.0,
      "std_dev": 0.0
    },
    "wasmtime_app": {
      "mean": 1097611192.0,
      "median": 1097611192.0,
      "min": 1097611192.0,
      "max": 1097611192.0,
      "std_dev": 0.0
    }
  },
  "nestedloop": {
    "base_native": {
      "mean": 1582782.1818181819,
      "median": 1580728.0,
      "min": 1551055.0,
      "max": 1620175.0,
      "std_dev": 24930.517739582472
    },
    "wasmtime_app": {
      "mean": 6299708.1,
      "median": 6204868.5,
      "min": 6162783.0,
      "max": 7145929.0,
      "std_dev": 298532.67499423097
    }
  },
  "nestedloop2": {
    "base_native": {
      "mean": 1576494.0909090908,
      "median": 1583153.0,
      "min": 1548855.0,
      "max": 1589202.0,
      "std_dev": 14596.329822626958
    },
    "wasmtime_app": {
      "mean": 6306045.1,
      "median": 6224417.0,
      "min": 6171233.0,
      "max": 7071533.0,
      "std_dev": 270516.48966065305
    }
  },
  "nestedloop3": {
    "base_native": {
      "mean": 2083509.3636363635,
      "median": 2081464.0,
      "min": 2067765.0,
      "max": 2097163.0,
      "std_dev": 7802.1921057191
    },
    "wasmtime_app": {
      "mean": 6869006.6,
      "median": 6749276.0,
      "min": 6739851.0,
      "max": 7949684.0,
      "std_dev": 379787.38565916347
    }
  },
  "random": {
    "base_native": {
      "mean": 577594926.5,
      "median": 577594926.5,
      "min": 577571041.0,
      "max": 577618812.0,
      "std_dev": 33779.19804406256
    },
    "wasmtime_app": {
      "mean": 290657622.0,
      "median": 290395612.0,
      "min": 290328615.0,
      "max": 291248639.0,
      "std_dev": 512930.7655220147
    }
  },
  "random2": {
    "base_native": {
      "mean": 577616012.5,
      "median": 577616012.5,
      "min": 577576491.0,
      "max": 577655534.0,
      "std_dev": 55891.84130532828
    },
    "wasmtime_app": {
      "mean": 290701586.3333333,
      "median": 290412386.0,
      "min": 290389362.0,
      "max": 291303011.0,
      "std_dev": 520976.24552404816
    }
  },
  "ratelimit": {
    "base_native": {
      "mean": 25936633.2,
      "median": 25933191.0,
      "min": 25922654.0,
      "max": 25978100.0,
      "std_dev": 15381.077095646528
    },
    "wasmtime_app": {
      "mean": 38923668.1,
      "median": 38213132.5,
      "min": 38154011.0,
      "max": 45345987.0,
      "std_dev": 2257007.1427939185
    }
  },
  "seqhash": {
    "base_native": {
      "mean": 7121040382.0,
      "median": 7121040382.0,
      "min": 7121040382.0,
      "max": 7121040382.0,
      "std_dev": 0.0
    },
    "wasmtime_app": {
      "mean": 9662230862.0,
      "median": 9662230862.0,
      "min": 9662230862.0,
      "max": 9662230862.0,
      "std_dev": 0.0
    }
  },
  "sieve": {
    "base_native": {
      "mean": 569215409.5,
      "median": 569215409.5,
      "min": 569156064.0,
      "max": 569274755.0,
      "std_dev": 83927.21096581251
    },
    "wasmtime_app": {
      "mean": 767313915.0,
      "median": 767313915.0,
      "min": 767313915.0,
      "max": 767313915.0,
      "std_dev": 0.0
    }
  },
  "strcat": {
    "base_native": {
      "mean": 65860834.9,
      "median": 65852768.0,
      "min": 65844781.0,
      "max": 65924950.0,
      "std_dev": 23616.974335563536
    },
    "wasmtime_app": {
      "mean": 351179919.0,
      "median": 351179919.0,
      "min": 350150451.0,
      "max": 352209387.0,
      "std_dev": 1455887.6076291054
    }
  },
  "strcat2": {
    "base_native": {
      "mean": 2603760.5454545454,
      "median": 2598724.0,
      "min": 2580726.0,
      "max": 2623823.0,
      "std_dev": 13587.76147394144
    },
    "wasmtime_app": {
      "mean": 9390564.2,
      "median": 8499191.0,
      "min": 8439407.0,
      "max": 17535628.0,
      "std_dev": 2861979.3239640524
    }
  },
  "strchr": {
    "base_native": {
      "mean": 154605338.8,
      "median": 154584500.0,
      "min": 154499532.0,
      "max": 154710666.0,
      "std_dev": 80780.71285709232
    },