{
  "ackermann": {
    "base_native": {
      "mean": 4535247.8,
      "median": 2928509.0,
      "min": 2890174.0,
      "max": 19059105.0,
      "std_dev": 5103191.222711286
    },
    "wasmtime_app": {
      "mean": 8877685.9,
      "median": 8265554.5,
      "min": 7947028.0,
      "max": 13595260.0,
      "std_dev": 1712976.3342843063
    }
  },
  "base64": {
    "base_native": {
      "mean": 257431378.0,
      "median": 257415787.0,
      "min": 257405538.0,
      "max": 257472809.0,
      "std_dev": 36244.39709803434
    },
    "wasmtime_app": {
      "mean": 355066818.5,
      "median": 355066818.5,
      "min": 350380166.0,
      "max": 359753471.0,
      "std_dev": 6627927.527629772
    }
  },
  "ctype": {
    "base_native": {
      "mean": 653970124.5,
      "median": 653970124.5,
      "min": 653660878.0,
      "max": 654279371.0,
      "std_dev": 437340.59441641136
    },
    "wasmtime_app": {
      "mean": 984826618.0,
      "median": 984826618.0,
      "min": 984826618.0,
      "max": 984826618.0,
      "std_dev": 0.0
    }
  },
  "ed25519": {
    "base_native": {
      "mean": 1432944050.0,
      "median": 1432944050.0,
      "min": 1432944050.0,
      "max": 1432944050.0,
      "std_dev": 0.0
    },
    "wasmtime_app": {
      "mean": 6777616255.0,
      "median": 6777616255.0,
      "min": 6777616255.0,
      "max": 6777616255.0,
      "std_dev": 0.0
    }
  },
  "fib2": {
    "base_native": {
      "mean": 6956054643.0,
      "median": 6956054643.0,
      "min": 6956054643.0,
      "max": 6956054643.0,
      "std_dev": 0.0
    },
    "wasmtime_app": {
      "mean": 10668612508.0,
      "median": 10668612508.0,
      "min": 10668612508.0,
      "max": 10668612508.0,
      "std_dev": 0.0
    }
  },
  "gimli": {
    "base_native": {
      "mean": 4141240.9,
      "median": 4138283.5,
      "min": 4127509.0,
      "max": 4159832.0,
      "std_dev": 10077.375688474986
    },
    "wasmtime_app": {
      "mean": 9468503.2,
      "median": 9329055.5,
      "min": 9282832.0,
      "max": 10790455.0,
      "std_dev": 464969.6963069027
    }
  },
  "heapsort": {
    "base_native": {
      "mean": 1076404511.0,
      "median": 1076404511.0,
      "min": 1076404511.0,
      "max": 1076404511.0,
      "std_dev": 0.0
    },
    "wasmtime_app": {
      "mean": 1220341539.0,
      "median": 1220341539.0,
      "min": 1220341539.0,
      "max": 1220341539.0,
      "std_dev": 0.0
    }
  },
  "keccak": {
    "base_native": {
      "mean": 7490078.6,
      "median": 7487696.5,
      "min": 7464385.0,
      "max": 7523907.0,
      "std_dev": 14724.362149550354
    },
    "wasmtime_app": {
      "mean": 22868805.0,
      "median": 21310746.0,
      "min": 21073479.0,
      "max": 37399445.0,
      "std_dev": 5106609.877732628
    }
  },
  "matrix": {
    "base_native": {
      "mean": 377890273.5,
      "median": 377890273.5,
      "min": 377876474.0,
      "max": 377904073.0,
      "std_dev": 19515.440053967526
    },
    "wasmtime_app": {
      "mean": 533595013.0,
      "median": 533595013.0,
      "min": 529601662.0,
      "max": 537588364.0,
      "std_dev": 5647451.1435161615
    }
  },
  "matrix2": {
    "base_native": {
      "mean": 194266571.5,
      "median": 194267309.0,
      "min": 194247060.0,
      "max": 194284608.0,
      "std_dev": 20211.03146798797
    },
    "wasmtime_app": {
      "mean": 260159360.66666666,
      "median": 257652863.0,
      "min": 257564866.0,
      "max": 265260353.0,
      "std_dev": 4417808.048857072
    }
  },
  "memmove": {
    "base_native": {
      "mean": 47337726.0,
      "median": 47333504.0,
      "min": 47314205.0,
      "max": 47360927.0,
      "std_dev": 15761.51165198172
    },
    "wasmtime_app": {
      "mean": 519796797.5,
      "median": 519796797.5,
      "min": 514847867.0,
      "max": 524745728.0,
      "std_dev": 6998844.632341863
    }
  },
  "minicsv": {
    "base_native": {
      "mean": 731007166.0,
      "median": 731007166.0,
      "min": 731007166.0,
      "max": 731007166.0,
      "std_dev": 0.0
    },
    "wasmtime_app": {
      "mean": 1104242659.0,
      "median": 1104242659.0,
      "min": 1104242659.0,
      "max": 1104242659.0,
      "std_dev": 0.0
    }
  },
  "nestedloop": {
    "base_native": {
      "mean": 1576812.6363636365,
      "median": 1582267.0,
      "min": 1553443.0,
      "max": 1602116.0,
      "std_dev": 15065.840150968863
    },
    "wasmtime_app": {
      "mean": 6285869.6,
      "median": 6192125.5,
      "min": 6168114.0,
      "max": 7102732.0,
      "std_dev": 287530.95410801715
    }
  },
  "nestedloop2": {
    "base_native": {
      "mean": 1580939.7272727273,
      "median": 1586592.0,
      "min": 1556743.0,
      "max": 1594541.0,
      "std_dev": 12965.045399773262
    },
    "wasmtime_app": {
      "mean": 6303108.9,
      "median": 6212387.0,
      "min": 6183813.0,
      "max": 7135455.0,
      "std_dev": 293103.3542934983
    }
  },
  "nestedloop3": {
    "base_native": {
      "mean": 2079709.0909090908,
      "median": 2080391.0,
      "min": 2070866.0,
      "max": 2088840.0,
      "std_dev": 5336.495581456907
    },
    "wasmtime_app": {
      "mean": 6862079.9,
      "median": 6750619.0,
      "min": 6712445.0,
      "max": 7940003.0,
      "std_dev": 379245.2409939305
    }
  },
  "random": {
    "base_native": {
      "mean": 577619760.5,
      "median": 577619760.5,
      "min": 577584050.0,
      "max": 577655471.0,
      "std_dev": 50502.27341912441
    },
    "wasmtime_app": {
      "mean": 290643543.0,
      "median": 290391268.0,
      "min": 290376669.0,
      "max": 291162692.0,
      "std_dev": 449655.47461473214
    }
  },
  "random2": {
    "base_native": {
      "mean": 577685207.0,
      "median": 577685207.0,
      "min": 577576800.0,
      "max": 577793614.0,
      "std_dev": 153310.64965618012
    },
    "wasmtime_app": {
      "mean": 290708590.6666667,
      "median": 290406093.0,
      "min": 290396643.0,
      "max": 291323036.0,
      "std_dev": 532146.2452806872
    }
  },
  "ratelimit": {
    "base_native": {
      "mean": 25938568.0,
      "median": 25932521.0,
      "min": 25918622.0,
      "max": 25981068.0,
      "std_dev": 19912.58298441242
    },
    "wasmtime_app": {
      "mean": 39020292.4,
      "median": 38298164.5,
      "min": 38192343.0,
      "max": 45602415.0,
      "std_dev": 2313043.448953838
    }
  },
  "seqhash": {
    "base_native": {
      "mean": 7106277102.0,
      "median": 7106277102.0,
      "min": 7106277102.0,
      "max": 7106277102.0,
      "std_dev": 0.0
    },
    "wasmtime_app": {
      "mean": 9677323585.0,
      "median": 9677323585.0,
      "min": 9677323585.0,
      "max": 9677323585.0,
      "std_dev": 0.0
    }
  },
  "sieve": {
    "base_native": {
      "mean": 569260621.5,
      "median": 569260621.5,
      "min": 569244135.0,
      "max": 569277108.0,
      "std_dev": 23315.43189606403
    },
    "wasmtime_app": {
      "mean": 767083390.0,
      "median": 767083390.0,
      "min": 767083390.0,
      "max": 767083390.0,
      "std_dev": 0.0
    }
  },
  "strcat": {
    "base_native": {
      "mean": 65918311.1,
      "median": 65907171.5,
      "min": 65877261.0,
      "max": 66000654.0,
      "std_dev": 35301.281876158544
    },
    "wasmtime_app": {
      "mean": 351421406.0,
      "median": 351421406.0,
      "min": 347214100.0,
      "max": 355628712.0,
      "std_dev": 5950029.206253697
    }
  },
  "strcat2": {
    "base_native": {
      "mean": 2589332.5454545454,
      "median": 2583040.0,
      "min": 2578515.0,
      "max": 2610938.0,
      "std_dev": 12476.900763920792
    },
    "wasmtime_app": {
      "mean": 9399645.5,
      "median": 8497471.5,
      "min": 8454710.0,
      "max": 17593273.0,
      "std_dev": 2879025.8534514857
    }
  },
  "strchr": {
    "base_native": {
      "mean": 155057440.6,
      "median": 155075805.0,
      "min": 154942886.0,
      "max": 155101053.0,
      "std_dev": 65090.80701066779
    },