{
  "ackermann": {
    "base_native": {
      "mean": 3230422.3,
      "median": 2852869.5,
      "min": 2815883.0,
      "max": 6716857.0,
      "std_dev": 1225188.6062749731
    },
    "wasmtime_app": {
      "mean": 9773549.9,
      "median": 9488508.0,
      "min": 8783190.0,
      "max": 13450263.0,
      "std_dev": 1353667.4086839017
    }
  },
  "base64": {
    "base_native": {
      "mean": 249568538.33333334,
      "median": 249538489.0,
      "min": 249528040.0,
      "max": 249639086.0,
      "std_dev": 61319.04560846763
    },
    "wasmtime_app": {
      "mean": 355859296.0,
      "median": 355859296.0,
      "min": 350583997.0,
      "max": 361134595.0,
      "std_dev": 7460399.3913732255
    }
  },
  "ctype": {
    "base_native": {
      "mean": 654491569.0,
      "median": 654491569.0,
      "min": 654458045.0,
      "max": 654525093.0,
      "std_dev": 47410.09546499564
    },
    "wasmtime_app": {
      "mean": 985009886.0,
      "median": 985009886.0,
      "min": 985009886.0,
      "max": 985009886.0,
      "std_dev": 0.0
    }
  },
  "ed25519": {
    "base_native": {
      "mean": 1434555395.0,
      "median": 1434555395.0,
      "min": 1434555395.0,
      "max": 1434555395.0,
      "std_dev": 0.0
    },
    "wasmtime_app": {
      "mean": 6738820178.0,
      "median": 6738820178.0,
      "min": 6738820178.0,
      "max": 6738820178.0,
      "std_dev": 0.0
    }
  },
  "fib2": {
    "base_native": {
      "mean": 6956717327.0,
      "median": 6956717327.0,
      "min": 6956717327.0,
      "max": 6956717327.0,
      "std_dev": 0.0
    },
    "wasmtime_app": {
      "mean": 10670065308.0,
      "median": 10670065308.0,
      "min": 10670065308.0,
      "max": 10670065308.0,
      "std_dev": 0.0
    }
  },
  "gimli": {
    "base_native": {
      "mean": 4151332.4,
      "median": 4147352.5,
      "min": 4132091.0,
      "max": 4178214.0,
      "std_dev": 13577.005889861479
    },
    "wasmtime_app": {
      "mean": 9539953.6,
      "median": 9361368.0,
      "min": 9332870.0,
      "max": 11193145.0,
      "std_dev": 581101.5919114699
    }
  },
  "heapsort": {
    "base_native": {
      "mean": 1076445448.0,
      "median": 1076445448.0,
      "min": 1076445448.0,
      "max": 1076445448.0,
      "std_dev": 0.0
    },
    "wasmtime_app": {
      "mean": 1220632822.0,
      "median": 1220632822.0,
      "min": 1220632822.0,
      "max": 1220632822.0,
      "std_dev": 0.0
    }
  },
  "keccak": {
    "base_native": {
      "mean": 7486017.0,
      "median": 7486769.5,
      "min": 7471957.0,
      "max": 7498907.0,
      "std_dev": 9568.577045029562
    },
    "wasmtime_app": {
      "mean": 22915432.9,
      "median": 21355624.0,
      "min": 21186138.0,
      "max": 37303260.0,
      "std_dev": 5056301.443721058
    }
  },
  "matrix": {
    "base_native": {
      "mean": 377936241.5,
      "median": 377936241.5,
      "min": 377935054.0,
      "max": 377937429.0,
      "std_dev": 1679.3786053180504
    },
    "wasmtime_app": {
      "mean": 534087508.0,
      "median": 534087508.0,
      "min": 530035973.0,
      "max": 538139043.0,
      "std_dev": 5729735.745429277
    }
  },
  "matrix2": {
    "base_native": {
      "mean": 194318347.25,
      "median": 194320028.5,
      "min": 194274280.0,
      "max": 194359052.0,
      "std_dev": 36595.559378837206
    },
    "wasmtime_app": {
      "mean": 260274977.33333334,
      "median": 257778046.0,
      "min": 257660905.0,
      "max": 265385981.0,
      "std_dev": 4426646.51445994
    }
  },
  "memmove": {
    "base_native": {
      "mean": 47352260.2,
      "median": 47342628.5,
      "min": 47317091.0,
      "max": 47410088.0,
      "std_dev": 32389.989505675636
    },
    "wasmtime_app": {
      "mean": 521182563.0,
      "median": 521182563.0,
      "min": 516475743.0,
      "max": 525889383.0,
      "std_dev": 6656448.679648931
    }
  },
  "minicsv": {
    "base_native": {
      "mean": 742751834.0,
      "median": 742751834.0,
      "min": 742751834.0,
      "max": 742751834.0,
      "std_dev": 0.0
    },
    "wasmtime_app": {
      "mean": 1099828608.0,
      "median": 1099828608.0,
      "min": 1099828608.0,
      "max": 1099828608.0,
      "std_dev": 0.0
    }
  },
  "nestedloop": {
    "base_native": {
      "mean": 1572287.0909090908,
      "median": 1567424.0,
      "min": 1548174.0,
      "max": 1609947.0,
      "std_dev": 22563.968451735367
    },
    "wasmtime_app": {
      "mean": 6275830.0,
      "median": 6185537.5,
      "min": 6147103.0,
      "max": 7174095.0,
      "std_dev": 316209.5929133783
    }
  },
  "nestedloop2": {
    "base_native": {
      "mean": 1580071.0909090908,
      "median": 1562924.0,
      "min": 1558374.0,
      "max": 1670545.0,
      "std_dev": 34246.42302914144
    },
    "wasmtime_app": {
      "mean": 6314104.4,
      "median": 6212485.0,
      "min": 6153527.0,
      "max": 7294460.0,
      "std_dev": 345836.6179417353
    }
  },
  "nestedloop3": {
    "base_native": {
      "mean": 2097286.090909091,
      "median": 2087582.0,
      "min": 2072732.0,
      "max": 2175529.0,
      "std_dev": 27376.427865791935
    },
    "wasmtime_app": {
      "mean": 6878083.8,
      "median": 6751666.5,
      "min": 6727956.0,
      "max": 7950907.0,
      "std_dev": 379675.5582019411
    }
  },
  "random": {
    "base_native": {
      "mean": 577659808.0,
      "median": 577659808.0,
      "min": 577633934.0,
      "max": 577685682.0,
      "std_dev": 36591.36171284146
    },
    "wasmtime_app": {
      "mean": 290762847.6666667,
      "median": 290489803.0,
      "min": 290379487.0,
      "max": 291419253.0,
      "std_dev": 571133.4136481014
    }
  },
  "random2": {
    "base_native": {
      "mean": 577724656.0,
      "median": 577724656.0,
      "min": 577627934.0,
      "max": 577821378.0,
      "std_dev": 136785.5641798505
    },
    "wasmtime_app": {
      "mean": 290758889.3333333,
      "median": 290517376.0,
      "min": 290396660.0,
      "max": 291362632.0,
      "std_dev": 526328.7887141776
    }
  },
  "ratelimit": {
    "base_native": {
      "mean": 25928247.0,
      "median": 25921672.5,
      "min": 25906485.0,
      "max": 25965908.0,
      "std_dev": 18908.758235272882
    },
    "wasmtime_app": {
      "mean": 39047044.5,
      "median": 38307979.0,
      "min": 38278932.0,
      "max": 45699632.0,
      "std_dev": 2337550.284903609
    }
  },
  "seqhash": {
    "base_native": {
      "mean": 7120495620.0,
      "median": 7120495620.0,
      "min": 7120495620.0,
      "max": 7120495620.0,
      "std_dev": 0.0
    },
    "wasmtime_app": {
      "mean": 9704955039.0,
      "median": 9704955039.0,
      "min": 9704955039.0,
      "max": 9704955039.0,
      "std_dev": 0.0
    }
  },
  "sieve": {
    "base_native": {
      "mean": 569244006.0,
      "median": 569244006.0,
      "min": 569242031.0,
      "max": 569245981.0,
      "std_dev": 2793.0717856868628
    },
    "wasmtime_app": {
      "mean": 767236832.0,
      "median": 767236832.0,
      "min": 767236832.0,
      "max": 767236832.0,
      "std_dev": 0.0
    }
  },
  "strcat": {
    "base_native": {
      "mean": 65876335.2,
      "median": 65856591.0,
      "min": 65828667.0,
      "max": 66031060.0,
      "std_dev": 56906.308968338475
    },
    "wasmtime_app": {
      "mean": 352815529.5,
      "median": 352815529.5,
      "min": 350146258.0,
      "max": 355484801.0,
      "std_dev": 3774919.956955975
    }
  },
  "strcat2": {
    "base_native": {
      "mean": 2605381.090909091,
      "median": 2603515.0,
      "min": 2576216.0,
      "max": 2633639.0,
      "std_dev": 18512.952041500812
    },
    "wasmtime_app": {
      "mean": 9403869.8,
      "median": 8485189.0,
      "min": 8474265.0,
      "max": 17676596.0,
      "std_dev": 2906754.5005530673
    }
  },
  "strchr": {
    "base_native": {
      "mean": 154830383.2,
      "median": 154828058.0,
      "min": 154744811.0,
      "max": 154927280.0,
      "std_dev": 73955.91393323458
    },