{
  "ackermann": {
    "base_native": {
      "mean": 3238754.3,
      "median": 2935941.5,
      "min": 2905581.0,
      "max": 6033475.0,
      "std_dev": 982090.447567393
    },
    "wasmtime_app": {
      "mean": 8792492.2,
      "median": 8125929.5,
      "min": 8098869.0,
      "max": 13333974.0,
      "std_dev": 1654571.648871346
    }
  },
  "base64": {
    "base_native": {
      "mean": 257334560.0,
      "median": 257432113.0,
      "min": 257061034.0,
      "max": 257510533.0,
      "std_dev": 240103.68303505884
    },
    "wasmtime_app": {
      "mean": 359323391.0,
      "median": 359323391.0,
      "min": 353234221.0,
      "max": 365412561.0,
      "std_dev": 8611386.79759538
    }
  },
  "ctype": {
    "base_native": {
      "mean": 653962406.0,
      "median": 653962406.0,
      "min": 653762705.0,
      "max": 654162107.0,
      "std_dev": 282419.86261946947
    },
    "wasmtime_app": {
      "mean": 983524127.0,
      "median": 983524127.0,
      "min": 983524127.0,
      "max": 983524127.0,
      "std_dev": 0.0
    }
  },
  "ed25519": {
    "base_native": {
      "mean": 1433073414.0,
      "median": 1433073414.0,
      "min": 1433073414.0,
      "max": 1433073414.0,
      "std_dev": 0.0
    },
    "wasmtime_app": {
      "mean": 6772173470.0,
      "median": 6772173470.0,
      "min": 6772173470.0,
      "max": 6772173470.0,
      "std_dev": 0.0
    }
  },
  "fib2": {
    "base_native": {
      "mean": 6956022072.0,
      "median": 6956022072.0,
      "min": 6956022072.0,
      "max": 6956022072.0,
      "std_dev": 0.0
    },
    "wasmtime_app": {
      "mean": 10676506404.0,
      "median": 10676506404.0,
      "min": 10676506404.0,
      "max": 10676506404.0,
      "std_dev": 0.0
    }
  },
  "gimli": {
    "base_native": {
      "mean": 4144104.5,
      "median": 4139560.0,
      "min": 4133060.0,
      "max": 4162408.0,
      "std_dev": 10758.846264560361
    },
    "wasmtime_app": {
      "mean": 9538302.7,
      "median": 9390633.5,
      "min": 9348948.0,
      "max": 10929709.0,
      "std_dev": 489340.471119842
    }
  },
  "heapsort": {
    "base_native": {
      "mean": 1076373251.0,
      "median": 1076373251.0,
      "min": 1076373251.0,
      "max": 1076373251.0,
      "std_dev": 0.0
    },
    "wasmtime_app": {
      "mean": 1220599385.0,
      "median": 1220599385.0,
      "min": 1220599385.0,
      "max": 1220599385.0,
      "std_dev": 0.0
    }
  },
  "keccak": {
    "base_native": {
      "mean": 7500125.0,
      "median": 7487891.0,
      "min": 7481816.0,
      "max": 7615183.0,
      "std_dev": 40691.534003470006
    },
    "wasmtime_app": {
      "mean": 22989355.7,
      "median": 21372759.0,
      "min": 21239579.0,
      "max": 37464466.0,
      "std_dev": 5087985.5336692715
    }
  },
  "matrix": {
    "base_native": {
      "mean": 377894697.5,
      "median": 377894697.5,
      "min": 377891410.0,
      "max": 377897985.0,
      "std_dev": 4649.22708630155
    },
    "wasmtime_app": {
      "mean": 534097143.5,
      "median": 534097143.5,
      "min": 530248360.0,
      "max": 537945927.0,
      "std_dev": 5443001.824337789
    }
  },
  "matrix2": {
    "base_native": {
      "mean": 194274977.5,
      "median": 194264309.5,
      "min": 194257647.0,
      "max": 194313644.0,
      "std_dev": 26059.129641388
    },
    "wasmtime_app": {
      "mean": 260259237.0,
      "median": 257692648.0,
      "min": 257680474.0,
      "max": 265404589.0,
      "std_dev": 4456009.700897991
    }
  },
  "memmove": {
    "base_native": {
      "mean": 47337595.0,
      "median": 47337370.0,
      "min": 47329008.0,
      "max": 47353007.0,
      "std_dev": 7361.53358116817
    },
    "wasmtime_app": {
      "mean": 520162440.0,
      "median": 520162440.0,
      "min": 515059465.0,
      "max": 525265415.0,
      "std_dev": 7216696.453450845
    }
  },
  "minicsv": {
    "base_native": {
      "mean": 714543235.0,
      "median": 714543235.0,
      "min": 714543235.0,
      "max": 714543235.0,
      "std_dev": 0.0
    },
    "wasmtime_app": {
      "mean": 1110782940.0,
      "median": 1110782940.0,
      "min": 1110782940.0,
      "max": 1110782940.0,
      "std_dev": 0.0
    }
  },
  "nestedloop": {
    "base_native": {
      "mean": 1579335.4545454546,
      "median": 1582908.0,
      "min": 1552185.0,
      "max": 1609631.0,
      "std_dev": 15504.671137200146
    },
    "wasmtime_app": {
      "mean": 6290830.4,
      "median": 6195850.5,
      "min": 6176627.0,
      "max": 7144322.0,
      "std_dev": 300403.424762694
    }
  },
  "nestedloop2": {
    "base_native": {
      "mean": 1579367.0,
      "median": 1584008.0,
      "min": 1555034.0,
      "max": 1602907.0,
      "std_dev": 15653.704724441432
    },
    "wasmtime_app": {
      "mean": 6296485.2,
      "median": 6210062.5,
      "min": 6177402.0,
      "max": 7053578.0,
      "std_dev": 267585.5905636342
    }
  },
  "nestedloop3": {
    "base_native": {
      "mean": 2087183.2727272727,
      "median": 2085904.0,
      "min": 2070780.0,
      "max": 2121402.0,
      "std_dev": 13994.004273908946
    },
    "wasmtime_app": {
      "mean": 6862365.9,
      "median": 6749970.0,
      "min": 6712272.0,
      "max": 7934578.0,
      "std_dev": 377248.47756189376
    }
  },
  "random": {
    "base_native": {
      "mean": 577609104.0,
      "median": 577609104.0,
      "min": 577605442.0,
      "max": 577612766.0,
      "std_dev": 5178.8500654102745
    },
    "wasmtime_app": {
      "mean": 290708665.0,
      "median": 290429381.0,
      "min": 290393708.0,
      "max": 291302906.0,
      "std_dev": 514936.8070870444
    }
  },
  "random2": {
    "base_native": {
      "mean": 577610479.0,
      "median": 577610479.0,
      "min": 577569094.0,
      "max": 577651864.0,
      "std_dev": 58527.22827881054
    },
    "wasmtime_app": {
      "mean": 290735321.6666667,
      "median": 290453104.0,
      "min": 290435855.0,
      "max": 291317006.0,
      "std_dev": 503827.232029327
    }
  },
  "ratelimit": {
    "base_native": {
      "mean": 25915958.3,
      "median": 25914161.0,
      "min": 25897449.0,
      "max": 25940297.0,
      "std_dev": 12223.886889110918
    },
    "wasmtime_app": {
      "mean": 39075602.9,
      "median": 38355628.5,
      "min": 38320218.0,
      "max": 45577510.0,
      "std_dev": 2284635.3206306226
    }
  },
  "seqhash": {
    "base_native": {
      "mean": 7111562787.0,
      "median": 7111562787.0,
      "min": 7111562787.0,
      "max": 7111562787.0,
      "std_dev": 0.0
    },
    "wasmtime_app": {
      "mean": 9706297978.0,
      "median": 9706297978.0,
      "min": 9706297978.0,
      "max": 9706297978.0,
      "std_dev": 0.0
    }
  },
  "sieve": {
    "base_native": {
      "mean": 569211327.5,
      "median": 569211327.5,
      "min": 569202478.0,
      "max": 569220177.0,
      "std_dev": 12515.082920220704
    },
    "wasmtime_app": {
      "mean": 767039559.0,
      "median": 767039559.0,
      "min": 767039559.0,
      "max": 767039559.0,
      "std_dev": 0.0
    }
  },
  "strcat": {
    "base_native": {
      "mean": 65861822.0,
      "median": 65838448.5,
      "min": 65823862.0,
      "max": 66034724.0,
      "std_dev": 62423.847665241956
    },
    "wasmtime_app": {
      "mean": 349847024.5,
      "median": 349847024.5,
      "min": 344395169.0,
      "max": 355298880.0,
      "std_dev": 7710087.988198351
    }
  },
  "strcat2": {
    "base_native": {
      "mean": 2591174.3636363638,
      "median": 2590849.0,
      "min": 2570126.0,
      "max": 2611073.0,
      "std_dev": 12008.302571743663
    },
    "wasmtime_app": {
      "mean": 9439220.8,
      "median": 8521620.0,
      "min": 8469148.0,
      "max": 17747976.0,
      "std_dev": 2919472.9208034873
    }
  },
  "strchr": {
    "base_native": {
      "mean": 154631242.4,
      "median": 154624918.0,
      "min": 154600794.0,
      "max": 154678090.0,
      "std_dev": 29106.627506463195
    },
    "wasmtime_app": {
      "mean": 406828943.0,