{
  "ackermann": {
    "base_native": {
      "mean": 3153733.0,
      "median": 2847527.0,
      "min": 2817828.0,
      "max": 4433055.0,
      "std_dev": 660906.8340967415
    },
    "wasmtime_app": {
      "mean": 8609184.8,
      "median": 7990776.0,
      "min": 7942116.0,
      "max": 12394098.0,
      "std_dev": 1365910.4690344664
    }
  },
  "base64": {
    "base_native": {
      "mean": 249589508.0,
      "median": 249571601.0,
      "min": 249532703.0,
      "max": 249664220.0,
      "std_dev": 67562.38457159427
    },
    "wasmtime_app": {
      "mean": 355118040.0,
      "median": 355118040.0,
      "min": 350471581.0,
      "max": 359764499.0,
      "std_dev": 6571085.334810529
    }
  },
  "ctype": {
    "base_native": {
      "mean": 653829974.5,
      "median": 653829974.5,
      "min": 653657422.0,
      "max": 654002527.0,
      "std_dev": 244026.08572138348
    },
    "wasmtime_app": {
      "mean": 970917261.0,
      "median": 970917261.0,
      "min": 970917261.0,
      "max": 970917261.0,
      "std_dev": 0.0
    }
  },
  "ed25519": {
    "base_native": {
      "mean": 1433143383.0,
      "median": 1433143383.0,
      "min": 1433143383.0,
      "max": 1433143383.0,
      "std_dev": 0.0
    },
    "wasmtime_app": {
      "mean": 6808226786.0,
      "median": 6808226786.0,
      "min": 6808226786.0,
      "max": 6808226786.0,
      "std_dev": 0.0
    }
  },
  "fib2": {
    "base_native": {
      "mean": 6956355249.0,
      "median": 6956355249.0,
      "min": 6956355249.0,
      "max": 6956355249.0,
      "std_dev": 0.0
    },
    "wasmtime_app": {
      "mean": 10718241319.0,
      "median": 10718241319.0,
      "min": 10718241319.0,
      "max": 10718241319.0,
      "std_dev": 0.0
    }
  },
  "gimli": {
    "base_native": {
      "mean": 4152882.6,
      "median": 4149285.5,
      "min": 4141323.0,
      "max": 4180646.0,
      "std_dev": 11200.594152891075
    },
    "wasmtime_app": {
      "mean": 9512558.2,
      "median": 9356614.0,
      "min": 9324616.0,
      "max": 10920704.0,
      "std_dev": 495106.4542176314
    }
  },
  "heapsort": {
    "base_native": {
      "mean": 1077048123.0,
      "median": 1077048123.0,
      "min": 1077048123.0,
      "max": 1077048123.0,
      "std_dev": 0.0
    },
    "wasmtime_app": {
      "mean": 1220477697.0,
      "median": 1220477697.0,
      "min": 1220477697.0,
      "max": 1220477697.0,
      "std_dev": 0.0
    }
  },
  "keccak": {
    "base_native": {
      "mean": 7483132.6,
      "median": 7481357.5,
      "min": 7464471.0,
      "max": 7513993.0,
      "std_dev": 13929.09402972386
    },
    "wasmtime_app": {
      "mean": 22891015.8,
      "median": 21225466.5,
      "min": 21171520.0,
      "max": 37102026.0,
      "std_dev": 4995985.482710934
    }
  },
  "matrix": {
    "base_native": {
      "mean": 377880074.5,
      "median": 377880074.5,
      "min": 377863938.0,
      "max": 377896211.0,
      "std_dev": 22820.457149233447
    },
    "wasmtime_app": {
      "mean": 533904737.5,
      "median": 533904737.5,
      "min": 529505865.0,
      "max": 538303610.0,
      "std_dev": 6220945.148650043
    }
  },
  "matrix2": {
    "base_native": {
      "mean": 194280956.5,
      "median": 194269994.5,
      "min": 194255633.0,
      "max": 194328204.0,
      "std_dev": 32242.930020910528
    },
    "wasmtime_app": {
      "mean": 260228678.66666666,
      "median": 257673218.0,
      "min": 257672393.0,
      "max": 265340425.0,
      "std_dev": 4426902.201587057
    }
  },
  "memmove": {
    "base_native": {
      "mean": 47343985.7,
      "median": 47339851.0,
      "min": 47327052.0,
      "max": 47372274.0,
      "std_dev": 13538.81197848943
    },
    "wasmtime_app": {
      "mean": 520622387.5,
      "median": 520622387.5,
      "min": 516076798.0,
      "max": 525167977.0,
      "std_dev": 6428434.319880736
    }
  },
  "minicsv": {
    "base_native": {
      "mean": 759781806.0,
      "median": 759781806.0,
      "min": 759781806.0,
      "max": 759781806.0,
      "std_dev": 0.0
    },
    "wasmtime_app": {
      "mean": 1106399220.0,
      "median": 1106399220.0,
      "min": 1106399220.0,
      "max": 1106399220.0,
      "std_dev": 0.0
    }
  },
  "nestedloop": {
    "base_native": {
      "mean": 1587630.2727272727,
      "median": 1586928.0,
      "min": 1553155.0,
      "max": 1650524.0,
      "std_dev": 24461.314850559073
    },
    "wasmtime_app": {
      "mean": 6269520.0,
      "median": 6175738.0,
      "min": 6157839.0,
      "max": 7081938.0,
      "std_dev": 286021.65062728303
    }
  },
  "nestedloop2": {
    "base_native": {
      "mean": 1581953.5454545454,
      "median": 1591178.0,
      "min": 1556930.0,
      "max": 1599327.0,
      "std_dev": 16008.106261289226
    },
    "wasmtime_app": {
      "mean": 6268340.1,
      "median": 6180900.0,
      "min": 6157064.0,
      "max": 7061464.0,
      "std_dev": 279408.7376639981
    }
  },
  "nestedloop3": {
    "base_native": {
      "mean": 2088797.6363636365,
      "median": 2083423.0,
      "min": 2061299.0,
      "max": 2152819.0,
      "std_dev": 23380.327770468604
    },
    "wasmtime_app": {
      "mean": 6825852.2,
      "median": 6702559.0,
      "min": 6695184.0,
      "max": 7920242.0,
      "std_dev": 384638.5664602838
    }
  },
  "random": {
    "base_native": {
      "mean": 577593389.5,
      "median": 577593389.5,
      "min": 577558092.0,
      "max": 577628687.0,
      "std_dev": 49918.20321786432
    },
    "wasmtime_app": {
      "mean": 290682684.3333333,
      "median": 290383284.0,
      "min": 290372035.0,
      "max": 291292734.0,
      "std_dev": 528348.4473813975
    }
  },
  "random2": {
    "base_native": {
      "mean": 577680184.5,
      "median": 577680184.5,
      "min": 577635762.0,
      "max": 577724607.0,
      "std_dev": 62822.90197451881
    },
    "wasmtime_app": {
      "mean": 290757230.3333333,
      "median": 290543050.0,
      "min": 290412183.0,
      "max": 291316458.0,
      "std_dev": 488705.66836935026
    }
  },
  "ratelimit": {
    "base_native": {
      "mean": 25946629.5,
      "median": 25946937.0,
      "min": 25926901.0,
      "max": 25973573.0,
      "std_dev": 12734.7643458544
    },
    "wasmtime_app": {
      "mean": 39059653.9,
      "median": 38332633.5,
      "min": 38308560.0,
      "max": 45590288.0,
      "std_dev": 2294714.165730037
    }
  },
  "seqhash": {
    "base_native": {
      "mean": 7129452717.0,
      "median": 7129452717.0,
      "min": 7129452717.0,
      "max": 7129452717.0,
      "std_dev": 0.0
    },
    "wasmtime_app": {
      "mean": 9698365029.0,
      "median": 9698365029.0,
      "min": 9698365029.0,
      "max": 9698365029.0,
      "std_dev": 0.0
    }
  },
  "sieve": {
    "base_native": {
      "mean": 569257383.0,
      "median": 569257383.0,
      "min": 569230097.0,
      "max": 569284669.0,
      "std_dev": 38588.23126291227
    },
    "wasmtime_app": {
      "mean": 767351465.0,
      "median": 767351465.0,
      "min": 767351465.0,
      "max": 767351465.0,
      "std_dev": 0.0
    }
  },
  "strcat": {
    "base_native": {
      "mean": 65875233.4,
      "median": 65866801.0,
      "min": 65842903.0,
      "max": 65961596.0,
      "std_dev": 36458.63237271647
    },
    "wasmtime_app": {
      "mean": 351178568.0,
      "median": 351178568.0,
      "min": 347160587.0,
      "max": 355196549.0,
      "std_dev": 5682283.223557411
    }
  },
  "strcat2": {
    "base_native": {
      "mean": 2606552.6363636362,
      "median": 2606141.0,
      "min": 2574968.0,
      "max": 2634190.0,
      "std_dev": 17718.918269875998
    },
    "wasmtime_app": {
      "mean": 9387840.0,
      "median": 8456651.0,
      "min": 8416290.0,
      "max": 17724058.0,
      "std_dev": 2929351.777378098
    }
  },
  "strchr": {
    "base_native": {
      "mean": 155119243.8,
      "median": 155123184.0,
      "min": 155046163.0,
      "max": 155166156.0,
      "std_dev": 50639.30033778113
    },