{
  "ackermann": {
    "base_native": {
      "mean": 3155777.0,
      "median": 2835231.0,
      "min": 2805583.0,
      "max": 6090513.0,
      "std_dev": 1031312.2679948428
    },
    "wasmtime_app": {
      "mean": 8955171.9,
      "median": 8659581.5,
      "min": 7964860.0,
      "max": 12400001.0,
      "std_dev": 1380352.8416483027
    }
  },
  "base64": {
    "base_native": {
      "mean": 249522054.66666666,
      "median": 249526571.0,
      "min": 249474499.0,
      "max": 249565094.0,
      "std_dev": 45466.04729172455
    },
    "wasmtime_app": {
      "mean": 355136027.5,
      "median": 355136027.5,
      "min": 350503098.0,
      "max": 359768957.0,
      "std_dev": 6551951.732418402
    }
  },
  "ctype": {
    "base_native": {
      "mean": 654202936.0,
      "median": 654202936.0,
      "min": 653694579.0,
      "max": 654711293.0,
      "std_dev": 718925.3639272995
    },
    "wasmtime_app": {
      "mean": 985081695.0,
      "median": 985081695.0,
      "min": 985081695.0,
      "max": 985081695.0,
      "std_dev": 0.0
    }
  },
  "ed25519": {
    "base_native": {
      "mean": 1433315200.0,
      "median": 1433315200.0,
      "min": 1433315200.0,
      "max": 1433315200.0,
      "std_dev": 0.0
    },
    "wasmtime_app": {
      "mean": 6751613668.0,
      "median": 6751613668.0,
      "min": 6751613668.0,
      "max": 6751613668.0,
      "std_dev": 0.0
    }
  },
  "fib2": {
    "base_native": {
      "mean": 6956153055.0,
      "median": 6956153055.0,
      "min": 6956153055.0,
      "max": 6956153055.0,
      "std_dev": 0.0
    },
    "wasmtime_app": {
      "mean": 10699811166.0,
      "median": 10699811166.0,
      "min": 10699811166.0,
      "max": 10699811166.0,
      "std_dev": 0.0
    }
  },
  "gimli": {
    "base_native": {
      "mean": 4148695.3,
      "median": 4146703.0,
      "min": 4135779.0,
      "max": 4166227.0,
      "std_dev": 9785.271733580013
    },
    "wasmtime_app": {
      "mean": 9518756.6,
      "median": 9376590.0,
      "min": 9360378.0,
      "max": 10826918.0,
      "std_dev": 459705.8202474467
    }
  },
  "heapsort": {
    "base_native": {
      "mean": 1076467405.0,
      "median": 1076467405.0,
      "min": 1076467405.0,
      "max": 1076467405.0,
      "std_dev": 0.0
    },
    "wasmtime_app": {
      "mean": 1220446286.0,
      "median": 1220446286.0,
      "min": 1220446286.0,
      "max": 1220446286.0,
      "std_dev": 0.0
    }
  },
  "keccak": {
    "base_native": {
      "mean": 7477632.7,
      "median": 7473880.0,
      "min": 7469156.0,
      "max": 7488829.0,
      "std_dev": 8409.907900803672
    },
    "wasmtime_app": {
      "mean": 22907987.8,
      "median": 21333692.0,
      "min": 21196613.0,
      "max": 37278824.0,
      "std_dev": 5049836.864674317
    }
  },
  "matrix": {
    "base_native": {
      "mean": 377862232.5,
      "median": 377862232.5,
      "min": 377859345.0,
      "max": 377865120.0,
      "std_dev": 4083.541661352312
    },
    "wasmtime_app": {
      "mean": 533603938.5,
      "median": 533603938.5,
      "min": 529497453.0,
      "max": 537710424.0,
      "std_dev": 5807447.48778846
    }
  },
  "matrix2": {
    "base_native": {
      "mean": 194263774.25,
      "median": 194257293.5,
      "min": 194251406.0,
      "max": 194289104.0,
      "std_dev": 17386.61263491732
    },
    "wasmtime_app": {
      "mean": 260259871.66666666,
      "median": 257705987.0,
      "min": 257693688.0,
      "max": 265379940.0,
      "std_dev": 4434113.5100324545
    }
  },
  "memmove": {
    "base_native": {
      "mean": 47325664.7,
      "median": 47323075.0,
      "min": 47309038.0,
      "max": 47349786.0,
      "std_dev": 14749.138807627605
    },
    "wasmtime_app": {
      "mean": 520035555.0,
      "median": 520035555.0,
      "min": 514602272.0,
      "max": 525468838.0,
      "std_dev": 7683822.506811177
    }
  },
  "minicsv": {
    "base_native": {
      "mean": 740381652.0,
      "median": 740381652.0,
      "min": 740381652.0,
      "max": 740381652.0,
      "std_dev": 0.0
    },
    "wasmtime_app": {
      "mean": 1099432073.0,
      "median": 1099432073.0,
      "min": 1099432073.0,
      "max": 1099432073.0,
      "std_dev": 0.0
    }
  },
  "nestedloop": {
    "base_native": {
      "mean": 1574606.0,
      "median": 1573206.0,
      "min": 1551532.0,
      "max": 1604104.0,
      "std_dev": 18317.28572141626
    },
    "wasmtime_app": {
      "mean": 6289714.9,
      "median": 6195700.5,
      "min": 6173939.0,
      "max": 7140108.0,
      "std_dev": 299304.1289155193
    }
  },
  "nestedloop2": {
    "base_native": {
      "mean": 1604099.7272727273,
      "median": 1585030.0,
      "min": 1561632.0,
      "max": 1739796.0,
      "std_dev": 50376.598229914074
    },
    "wasmtime_app": {
      "mean": 6294124.6,
      "median": 6205262.0,
      "min": 6187588.0,
      "max": 7075962.0,
      "std_dev": 275181.64236340736
    }
  },
  "nestedloop3": {
    "base_native": {
      "mean": 2088732.1818181819,
      "median": 2088700.0,
      "min": 2076651.0,
      "max": 2100525.0,
      "std_dev": 7442.501673740918
    },
    "wasmtime_app": {
      "mean": 6857289.4,
      "median": 6726169.5,
      "min": 6697784.0,
      "max": 7965385.0,
      "std_dev": 390364.2324824343
    }
  },
  "random": {
    "base_native": {
      "mean": 577588876.0,
      "median": 577588876.0,
      "min": 577568452.0,
      "max": 577609300.0,
      "std_dev": 28883.897797908092
    },
    "wasmtime_app": {
      "mean": 290741201.3333333,
      "median": 290428003.0,
      "min": 290422828.0,
      "max": 291372773.0,
      "std_dev": 546963.2279763726
    }
  },
  "random2": {
    "base_native": {
      "mean": 577654922.0,
      "median": 577654922.0,
      "min": 577570327.0,
      "max": 577739517.0,
      "std_dev": 119635.39630895198
    },
    "wasmtime_app": {
      "mean": 290729044.0,
      "median": 290452627.0,
      "min": 290413379.0,
      "max": 291321126.0,
      "std_dev": 513133.43529631745
    }
  },
  "ratelimit": {
    "base_native": {
      "mean": 25929673.6,
      "median": 25927196.5,
      "min": 25909085.0,
      "max": 25986355.0,
      "std_dev": 21965.195672548274
    },
    "wasmtime_app": {
      "mean": 39016090.5,
      "median": 38305102.0,
      "min": 38186421.0,
      "max": 45550017.0,
      "std_dev": 2296245.4188682423
    }
  },
  "seqhash": {
    "base_native": {
      "mean": 7117022645.0,
      "median": 7117022645.0,
      "min": 7117022645.0,
      "max": 7117022645.0,
      "std_dev": 0.0
    },
    "wasmtime_app": {
      "mean": 9687759944.0,
      "median": 9687759944.0,
      "min": 9687759944.0,
      "max": 9687759944.0,
      "std_dev": 0.0
    }
  },
  "sieve": {
    "base_native": {
      "mean": 569236872.5,
      "median": 569236872.5,
      "min": 569231048.0,
      "max": 569242697.0,
      "std_dev": 8237.086894042091
    },
    "wasmtime_app": {
      "mean": 767078240.0,
      "median": 767078240.0,
      "min": 767078240.0,
      "max": 767078240.0,
      "std_dev": 0.0
    }
  },
  "strcat": {
    "base_native": {
      "mean": 65861683.1,
      "median": 65850561.0,
      "min": 65833637.0,
      "max": 65960030.0,
      "std_dev": 37047.901249448514
    },
    "wasmtime_app": {
      "mean": 352730530.0,
      "median": 352730530.0,
      "min": 350206140.0,
      "max": 355254920.0,
      "std_dev": 3570026.5747190174
    }
  },
  "strcat2": {
    "base_native": {
      "mean": 2583171.090909091,
      "median": 2588046.0,
      "min": 2534074.0,
      "max": 2608220.0,
      "std_dev": 19618.02630977207
    },
    "wasmtime_app": {
      "mean": 9395316.2,
      "median": 8504903.0,
      "min": 8474305.0,
      "max": 17390435.0,
      "std_dev": 2809273.5249971184
    }
  },
  "strchr": {
    "base_native": {
      "mean": 154959276.0,
      "median": 155049661.0,
      "min": 154747804.0,
      "max": 155109132.0,
      "std_dev": 157958.7743764176
    },