{
  "ackermann": {
    "base_native": {
      "mean": 3088314.272727273,
      "median": 2935909.0,
      "min": 2918735.0,
      "max": 4270184.0,
      "std_dev": 408303.9187255226
    },
    "wasmtime_app": {
      "mean": 8996163.2,
      "median": 8993413.5,
      "min": 7934135.0,
      "max": 10897170.0,
      "std_dev": 983496.2253225648
    }
  },
  "base64": {
    "base_native": {
      "mean": 255478660.0,
      "median": 257432050.0,
      "min": 251426588.0,
      "max": 257577342.0,
      "std_dev": 3509949.15364938
    },
    "wasmtime_app": {
      "mean": 355099484.0,
      "median": 355099484.0,
      "min": 350484765.0,
      "max": 359714203.0,
      "std_dev": 6526198.196340807
    }
  },
  "ctype": {
    "base_native": {
      "mean": 654633655.5,
      "median": 654633655.5,
      "min": 654350259.0,
      "max": 654917052.0,
      "std_dev": 400783.17382906686
    },
    "wasmtime_app": {
      "mean": 909862673.0,
      "median": 909862673.0,
      "min": 909862673.0,
      "max": 909862673.0,
      "std_dev": 0.0
    }
  },
  "ed25519": {
    "base_native": {
      "mean": 1433246715.0,
      "median": 1433246715.0,
      "min": 1433246715.0,
      "max": 1433246715.0,
      "std_dev": 0.0
    },
    "wasmtime_app": {
      "mean": 6763617057.0,
      "median": 6763617057.0,
      "min": 6763617057.0,
      "max": 6763617057.0,
      "std_dev": 0.0
    }
  },
  "fib2": {
    "base_native": {
      "mean": 6956241235.0,
      "median": 6956241235.0,
      "min": 6956241235.0,
      "max": 6956241235.0,
      "std_dev": 0.0
    },
    "wasmtime_app": {
      "mean": 10685108235.0,
      "median": 10685108235.0,
      "min": 10685108235.0,
      "max": 10685108235.0,
      "std_dev": 0.0
    }
  },
  "gimli": {
    "base_native": {
      "mean": 4138431.8,
      "median": 4137279.5,
      "min": 4121418.0,
      "max": 4150666.0,
      "std_dev": 8509.014263317069
    },
    "wasmtime_app": {
      "mean": 9472704.2,
      "median": 9327507.0,
      "min": 9292759.0,
      "max": 10795876.0,
      "std_dev": 465233.4462684776
    }
  },
  "heapsort": {
    "base_native": {
      "mean": 1076336008.0,
      "median": 1076336008.0,
      "min": 1076336008.0,
      "max": 1076336008.0,
      "std_dev": 0.0
    },
    "wasmtime_app": {
      "mean": 1220421152.0,
      "median": 1220421152.0,
      "min": 1220421152.0,
      "max": 1220421152.0,
      "std_dev": 0.0
    }
  },
  "keccak": {
    "base_native": {
      "mean": 7479808.9,
      "median": 7478616.5,
      "min": 7464255.0,
      "max": 7494703.0,
      "std_dev": 9558.215273319132
    },
    "wasmtime_app": {
      "mean": 22865549.1,
      "median": 21258496.0,
      "min": 20965212.0,
      "max": 37255134.0,
      "std_dev": 5058459.090559769
    }
  },
  "matrix": {
    "base_native": {
      "mean": 377897202.5,
      "median": 377897202.5,
      "min": 377887703.0,
      "max": 377906702.0,
      "std_dev": 13434.321735763217
    },
    "wasmtime_app": {
      "mean": 533908356.5,
      "median": 533908356.5,
      "min": 529526237.0,
      "max": 538290476.0,
      "std_dev": 6197252.828839606
    }
  },
  "matrix2": {
    "base_native": {
      "mean": 194271108.0,
      "median": 194266814.5,
      "min": 194264152.0,
      "max": 194286651.0,
      "std_dev": 10439.53833589717
    },
    "wasmtime_app": {
      "mean": 260214170.66666666,
      "median": 257678961.0,
      "min": 257648063.0,
      "max": 265315488.0,
      "std_dev": 4417897.415414524
    }
  },
  "memmove": {
    "base_native": {
      "mean": 47353857.0,
      "median": 47350924.5,
      "min": 47316989.0,
      "max": 47415634.0,
      "std_dev": 27511.596686165314
    },
    "wasmtime_app": {
      "mean": 520927964.0,
      "median": 520927964.0,
      "min": 516438613.0,
      "max": 525417315.0,
      "std_dev": 6348901.070453216
    }
  },
  "minicsv": {
    "base_native": {
      "mean": 722608821.0,
      "median": 722608821.0,
      "min": 722608821.0,
      "max": 722608821.0,
      "std_dev": 0.0
    },
    "wasmtime_app": {
      "mean": 1097513817.0,
      "median": 1097513817.0,
      "min": 1097513817.0,
      "max": 1097513817.0,
      "std_dev": 0.0
    }
  },
  "nestedloop": {
    "base_native": {
      "mean": 1577103.9090909092,
      "median": 1583485.0,
      "min": 1550087.0,
      "max": 1604334.0,
      "std_dev": 20393.50088854067
    },
    "wasmtime_app": {
      "mean": 6251175.5,
      "median": 6166645.0,
      "min": 6104686.0,
      "max": 7100981.0,
      "std_dev": 299749.6374084546
    }
  },
  "nestedloop2": {
    "base_native": {
      "mean": 1572168.0,
      "median": 1570461.0,
      "min": 1547238.0,
      "max": 1595460.0,
      "std_dev": 14362.43048373081
    },
    "wasmtime_app": {
      "mean": 6236968.5,
      "median": 6151258.0,
      "min": 6096386.0,
      "max": 7037234.0,
      "std_dev": 282722.34492450557
    }
  },
  "nestedloop3": {
    "base_native": {
      "mean": 2087064.0909090908,
      "median": 2079083.0,
      "min": 2072008.0,
      "max": 2176727.0,
      "std_dev": 29978.554509697577
    },
    "wasmtime_app": {
      "mean": 6802394.8,
      "median": 6698265.5,
      "min": 6630007.0,
      "max": 7874913.0,
      "std_dev": 378108.9647054434
    }
  },
  "random": {
    "base_native": {
      "mean": 577601923.5,
      "median": 577601923.5,
      "min": 577593924.0,
      "max": 577609923.0,
      "std_dev": 11313.001392203574
    },
    "wasmtime_app": {
      "mean": 290721637.3333333,
      "median": 290429470.0,
      "min": 290394547.0,
      "max": 291340895.0,
      "std_dev": 536577.0655519422
    }
  },
  "random2": {
    "base_native": {
      "mean": 577657958.0,
      "median": 577657958.0,
      "min": 577591024.0,
      "max": 577724892.0,
      "std_dev": 94658.97058388074
    },
    "wasmtime_app": {
      "mean": 290713596.0,
      "median": 290430820.0,
      "min": 290411521.0,
      "max": 291298447.0,
      "std_dev": 506587.73376484355
    }
  },
  "ratelimit": {
    "base_native": {
      "mean": 25934353.7,
      "median": 25933016.0,
      "min": 25918517.0,
      "max": 25961990.0,
      "std_dev": 14563.032605806311
    },
    "wasmtime_app": {
      "mean": 39080880.0,
      "median": 38356810.5,
      "min": 38342948.0,
      "max": 45591671.0,
      "std_dev": 2287679.027324468
    }
  },
  "seqhash": {
    "base_native": {
      "mean": 7128743911.0,
      "median": 7128743911.0,
      "min": 7128743911.0,
      "max": 7128743911.0,
      "std_dev": 0.0
    },
    "wasmtime_app": {
      "mean": 9667762072.0,
      "median": 9667762072.0,
      "min": 9667762072.0,
      "max": 9667762072.0,
      "std_dev": 0.0
    }
  },
  "sieve": {
    "base_native": {
      "mean": 569274280.0,
      "median": 569274280.0,
      "min": 569247244.0,
      "max": 569301316.0,
      "std_dev": 38234.677872319
    },
    "wasmtime_app": {
      "mean": 767029143.0,
      "median": 767029143.0,
      "min": 767029143.0,
      "max": 767029143.0,
      "std_dev": 0.0
    }
  },
  "strcat": {
    "base_native": {
      "mean": 65858874.1,
      "median": 65848709.5,
      "min": 65820374.0,
      "max": 65960841.0,
      "std_dev": 37802.917469569875
    },
    "wasmtime_app": {
      "mean": 346782308.0,
      "median": 346782308.0,
      "min": 341375620.0,
      "max": 352188996.0,
      "std_dev": 7646211.497119864
    }
  },
  "strcat2": {
    "base_native": {
      "mean": 2593115.090909091,
      "median": 2589279.0,
      "min": 2575380.0,
      "max": 2611953.0,
      "std_dev": 10989.973279808697
    },
    "wasmtime_app": {
      "mean": 9395441.0,
      "median": 8471105.0,
      "min": 8432682.0,
      "max": 17782963.0,
      "std_dev": 2947121.5277116303
    }
  },
  "strchr": {
    "base_native": {
      "mean": 155194903.4,
      "median": 155201698.0,
      "min": 155163375.0,
      "max": 155219222.0,
      "std_dev": 21039.83267043728
    },