{
  "ackermann": {
    "base_native": {
      "mean": 3332739.2,
      "median": 2895199.0,
      "min": 2859401.0,
      "max": 7333646.0,
      "std_dev": 1405851.149962407
    },
    "wasmtime_app": {
      "mean": 9230124.7,
      "median": 8796161.5,
      "min": 8062539.0,
      "max": 13351930.0,
      "std_dev": 1521967.5619445194
    }
  },
  "base64": {
    "base_native": {
      "mean": 250837662.33333334,
      "median": 249523616.0,
      "min": 249499917.0,
      "max": 253489454.0,
      "std_dev": 2296549.5189963426
    },
    "wasmtime_app": {
      "mean": 355178060.0,
      "median": 355178060.0,
      "min": 350415168.0,
      "max": 359940952.0,
      "std_dev": 6735746.462518316
    }
  },
  "ctype": {
    "base_native": {
      "mean": 655168681.0,
      "median": 655168681.0,
      "min": 655166906.0,
      "max": 655170456.0,
      "std_dev": 2510.2290732122437
    },
    "wasmtime_app": {
      "mean": 881942268.0,
      "median": 881942268.0,
      "min": 881942268.0,
      "max": 881942268.0,
      "std_dev": 0.0
    }
  },
  "ed25519": {
    "base_native": {
      "mean": 1433077990.0,
      "median": 1433077990.0,
      "min": 1433077990.0,
      "max": 1433077990.0,
      "std_dev": 0.0
    },
    "wasmtime_app": {
      "mean": 6744897139.0,
      "median": 6744897139.0,
      "min": 6744897139.0,
      "max": 6744897139.0,
      "std_dev": 0.0
    }
  },
  "fib2": {
    "base_native": {
      "mean": 6956090169.0,
      "median": 6956090169.0,
      "min": 6956090169.0,
      "max": 6956090169.0,
      "std_dev": 0.0
    },
    "wasmtime_app": {
      "mean": 10687879827.0,
      "median": 10687879827.0,
      "min": 10687879827.0,
      "max": 10687879827.0,
      "std_dev": 0.0
    }
  },
  "gimli": {
    "base_native": {
      "mean": 4143241.2,
      "median": 4145118.5,
      "min": 4125532.0,
      "max": 4161031.0,
      "std_dev": 10712.505991700646
    },
    "wasmtime_app": {
      "mean": 9466704.9,
      "median": 9317798.0,
      "min": 9304024.0,
      "max": 10808115.0,
      "std_dev": 471360.0384543174
    }
  },
  "heapsort": {
    "base_native": {
      "mean": 1076371382.0,
      "median": 1076371382.0,
      "min": 1076371382.0,
      "max": 1076371382.0,
      "std_dev": 0.0
    },
    "wasmtime_app": {
      "mean": 1220386455.0,
      "median": 1220386455.0,
      "min": 1220386455.0,
      "max": 1220386455.0,
      "std_dev": 0.0
    }
  },
  "keccak": {
    "base_native": {
      "mean": 7482353.2,
      "median": 7482116.0,
      "min": 7457041.0,
      "max": 7502290.0,
      "std_dev": 15101.688792979414
    },
    "wasmtime_app": {
      "mean": 22846451.5,
      "median": 21240983.0,
      "min": 21049272.0,
      "max": 37129305.0,
      "std_dev": 5022818.298828817
    }
  },
  "matrix": {
    "base_native": {
      "mean": 377899349.5,
      "median": 377899349.5,
      "min": 377882525.0,
      "max": 377916174.0,
      "std_dev": 23793.436080146137
    },
    "wasmtime_app": {
      "mean": 533572425.5,
      "median": 533572425.5,
      "min": 529406953.0,
      "max": 537737898.0,
      "std_dev": 5890867.703192162
    }
  },
  "matrix2": {
    "base_native": {
      "mean": 194277146.25,
      "median": 194273390.0,
      "min": 194258078.0,
      "max": 194303727.0,
      "std_dev": 22420.37722511971
    },
    "wasmtime_app": {
      "mean": 260203390.0,
      "median": 257642376.0,
      "min": 257640201.0,
      "max": 265327593.0,
      "std_dev": 4437690.105399768
    }
  },
  "memmove": {
    "base_native": {
      "mean": 47336996.7,
      "median": 47336612.0,
      "min": 47319587.0,
      "max": 47354336.0,
      "std_dev": 13034.530260896332
    },
    "wasmtime_app": {
      "mean": 520688660.5,
      "median": 520688660.5,
      "min": 515748969.0,
      "max": 525628352.0,
      "std_dev": 6985778.713239097
    }
  },
  "minicsv": {
    "base_native": {
      "mean": 739903924.0,
      "median": 739903924.0,
      "min": 739903924.0,
      "max": 739903924.0,
      "std_dev": 0.0
    },
    "wasmtime_app": {
      "mean": 1108143001.0,
      "median": 1108143001.0,
      "min": 1108143001.0,
      "max": 1108143001.0,
      "std_dev": 0.0
    }
  },
  "nestedloop": {
    "base_native": {
      "mean": 1579340.4545454546,
      "median": 1585670.0,
      "min": 1551321.0,
      "max": 1598894.0,
      "std_dev": 14883.291896375858
    },
    "wasmtime_app": {
      "mean": 6257967.8,
      "median": 6166539.5,
      "min": 6118030.0,
      "max": 7093585.0,
      "std_dev": 294620.31450921897
    }
  },
  "nestedloop2": {
    "base_native": {
      "mean": 1574892.8181818181,
      "median": 1583570.0,
      "min": 1555596.0,
      "max": 1596719.0,
      "std_dev": 16856.332880067253
    },
    "wasmtime_app": {
      "mean": 6266277.4,
      "median": 6189575.5,
      "min": 6148853.0,
      "max": 7007716.0,
      "std_dev": 261190.02201896356
    }
  },
  "nestedloop3": {
    "base_native": {
      "mean": 2091127.0,
      "median": 2089452.0,
      "min": 2083502.0,
      "max": 2107377.0,
      "std_dev": 7047.4906881811485
    },
    "wasmtime_app": {
      "mean": 6847110.0,
      "median": 6727448.5,
      "min": 6713962.0,
      "max": 7911725.0,
      "std_dev": 374323.821416698
    }
  },
  "random": {
    "base_native": {
      "mean": 577612201.5,
      "median": 577612201.5,
      "min": 577592740.0,
      "max": 577631663.0,
      "std_dev": 27522.71724412399
    },
    "wasmtime_app": {
      "mean": 290658771.6666667,
      "median": 290356277.0,
      "min": 290337903.0,
      "max": 291282135.0,
      "std_dev": 539926.6477748003
    }
  },
  "random2": {
    "base_native": {
      "mean": 577694236.5,
      "median": 577694236.5,
      "min": 577595115.0,
      "max": 577793358.0,
      "std_dev": 140178.96962276474
    },
    "wasmtime_app": {
      "mean": 290696260.6666667,
      "median": 290412873.0,
      "min": 290361027.0,
      "max": 291314882.0,
      "std_dev": 536368.5929193966
    }
  },
  "ratelimit": {
    "base_native": {
      "mean": 25938647.2,
      "median": 25927590.0,
      "min": 25919803.0,
      "max": 26026499.0,
      "std_dev": 32162.643243365434
    },
    "wasmtime_app": {
      "mean": 38994382.0,
      "median": 38289033.5,
      "min": 38180454.0,
      "max": 45517396.0,
      "std_dev": 2292458.8233008194
    }
  },
  "seqhash": {
    "base_native": {
      "mean": 7135805276.0,
      "median": 7135805276.0,
      "min": 7135805276.0,
      "max": 7135805276.0,
      "std_dev": 0.0
    },
    "wasmtime_app": {
      "mean": 9682325005.0,
      "median": 9682325005.0,
      "min": 9682325005.0,
      "max": 9682325005.0,
      "std_dev": 0.0
    }
  },
  "sieve": {
    "base_native": {
      "mean": 569146832.0,
      "median": 569146832.0,
      "min": 569093009.0,
      "max": 569200655.0,
      "std_dev": 76117.2165676071
    },
    "wasmtime_app": {
      "mean": 767347409.0,
      "median": 767347409.0,
      "min": 767347409.0,
      "max": 767347409.0,
      "std_dev": 0.0
    }
  },
  "strcat": {
    "base_native": {
      "mean": 65864995.6,
      "median": 65855896.0,
      "min": 65835997.0,
      "max": 65966467.0,
      "std_dev": 38277.52157076004
    },
    "wasmtime_app": {
      "mean": 351228346.5,
      "median": 351228346.5,
      "min": 347216675.0,
      "max": 355240018.0,
      "std_dev": 5673360.243085618
    }
  },
  "strcat2": {
    "base_native": {
      "mean": 2608959.1818181816,
      "median": 2603934.0,
      "min": 2591810.0,
      "max": 2640783.0,
      "std_dev": 14664.160745287687
    },
    "wasmtime_app": {
      "mean": 9388073.2,
      "median": 8477484.0,
      "min": 8441737.0,
      "max": 17606547.0,
      "std_dev": 2887739.8303642166
    }
  },
  "strchr": {
    "base_native": {
      "mean": 155175780.6,
      "median": 155167431.0,
      "min": 155140782.0,
      "max": 155239978.0,
      "std_dev": 41207.95891329732
    },