{
  "ackermann": {
    "base_native": {
      "mean": 2935154.4545454546,
      "median": 2928884.0,
      "min": 2918835.0,
      "max": 3004630.0,
      "std_dev": 24055.581561723408
    },
    "wasmtime_app": {
      "mean": 9237302.1,
      "median": 8722172.0,
      "min": 8017157.0,
      "max": 14466446.0,
      "std_dev": 1934276.4614382559
    }
  },
  "base64": {
    "base_native": {
      "mean": 252082782.0,
      "median": 249491953.0,
      "min": 249487128.0,
      "max": 257269265.0,
      "std_dev": 4491626.682185753
    },
    "wasmtime_app": {
      "mean": 359250634.0,
      "median": 359250634.0,
      "min": 353302749.0,
      "max": 365198519.0,
      "std_dev": 8411579.634435497
    }
  },
  "ctype": {
    "base_native": {
      "mean": 653714817.5,
      "median": 653714817.5,
      "min": 653653858.0,
      "max": 653775777.0,
      "std_dev": 86209.75165548269
    },
    "wasmtime_app": {
      "mean": 982041264.0,
      "median": 982041264.0,
      "min": 982041264.0,
      "max": 982041264.0,
      "std_dev": 0.0
    }
  },
  "ed25519": {
    "base_native": {
      "mean": 1433213841.0,
      "median": 1433213841.0,
      "min": 1433213841.0,
      "max": 1433213841.0,
      "std_dev": 0.0
    },
    "wasmtime_app": {
      "mean": 6743438831.0,
      "median": 6743438831.0,
      "min": 6743438831.0,
      "max": 6743438831.0,
      "std_dev": 0.0
    }
  },
  "fib2": {
    "base_native": {
      "mean": 6955959133.0,
      "median": 6955959133.0,
      "min": 6955959133.0,
      "max": 6955959133.0,
      "std_dev": 0.0
    },
    "wasmtime_app": {
      "mean": 10676333971.0,
      "median": 10676333971.0,
      "min": 10676333971.0,
      "max": 10676333971.0,
      "std_dev": 0.0
    }
  },
  "gimli": {
    "base_native": {
      "mean": 4136118.7,
      "median": 4135278.5,
      "min": 4118592.0,
      "max": 4156740.0,
      "std_dev": 10950.005104514285
    },
    "wasmtime_app": {
      "mean": 9505514.1,
      "median": 9356329.5,
      "min": 9327718.0,
      "max": 10840691.0,
      "std_dev": 469425.1985558627
    }
  },
  "heapsort": {
    "base_native": {
      "mean": 1076265873.0,
      "median": 1076265873.0,
      "min": 1076265873.0,
      "max": 1076265873.0,
      "std_dev": 0.0
    },
    "wasmtime_app": {
      "mean": 1220388215.0,
      "median": 1220388215.0,
      "min": 1220388215.0,
      "max": 1220388215.0,
      "std_dev": 0.0
    }
  },
  "keccak": {
    "base_native": {
      "mean": 7478850.2,
      "median": 7476165.5,
      "min": 7465653.0,
      "max": 7496302.0,
      "std_dev": 11316.393956458824
    },
    "wasmtime_app": {
      "mean": 22889288.8,
      "median": 21312345.5,
      "min": 20999379.0,
      "max": 37233456.0,
      "std_dev": 5043378.612243577
    }
  },
  "matrix": {
    "base_native": {
      "mean": 377880049.5,
      "median": 377880049.5,
      "min": 377876212.0,
      "max": 377883887.0,
      "std_dev": 5427.044545606752
    },
    "wasmtime_app": {
      "mean": 533532068.5,
      "median": 533532068.5,
      "min": 529451282.0,
      "max": 537612855.0,
      "std_dev": 5771103.613449034
    }
  },
  "matrix2": {
    "base_native": {
      "mean": 194259237.0,
      "median": 194242331.5,
      "min": 194235795.0,
      "max": 194316490.0,
      "std_dev": 38385.38370265432
    },
    "wasmtime_app": {
      "mean": 260228595.0,
      "median": 257690117.0,
      "min": 257687717.0,
      "max": 265307951.0,
      "std_dev": 4398851.494544002
    }
  },
  "memmove": {
    "base_native": {
      "mean": 47320953.1,
      "median": 47321830.5,
      "min": 47302632.0,
      "max": 47333330.0,
      "std_dev": 8598.420054482878
    },
    "wasmtime_app": {
      "mean": 520504125.0,
      "median": 520504125.0,
      "min": 515739235.0,
      "max": 525269015.0,
      "std_dev": 6738572.061215937
    }
  },
  "minicsv": {
    "base_native": {
      "mean": 727577964.0,
      "median": 727577964.0,
      "min": 727577964.0,
      "max": 727577964.0,
      "std_dev": 0.0
    },
    "wasmtime_app": {
      "mean": 1108495535.0,
      "median": 1108495535.0,
      "min": 1108495535.0,
      "max": 1108495535.0,
      "std_dev": 0.0
    }
  },
  "nestedloop": {
    "base_native": {
      "mean": 1566863.4545454546,
      "median": 1572786.0,
      "min": 1539438.0,
      "max": 1595809.0,
      "std_dev": 19938.32647121436
    },
    "wasmtime_app": {
      "mean": 6277857.2,
      "median": 6183768.5,
      "min": 6156508.0,
      "max": 7149366.0,
      "std_dev": 306625.433414125
    }
  },
  "nestedloop2": {
    "base_native": {
      "mean": 1580383.0,
      "median": 1576586.0,
      "min": 1549362.0,
      "max": 1687529.0,
      "std_dev": 38973.68142221106
    },
    "wasmtime_app": {
      "mean": 6285216.8,
      "median": 6191530.5,
      "min": 6142834.0,
      "max": 7168715.0,
      "std_dev": 311225.54505295854
    }
  },
  "nestedloop3": {
    "base_native": {
      "mean": 2077236.9090909092,
      "median": 2075682.0,
      "min": 2053484.0,
      "max": 2123105.0,
      "std_dev": 16752.927197684265
    },
    "wasmtime_app": {
      "mean": 6847763.8,
      "median": 6725857.0,
      "min": 6688247.0,
      "max": 7933588.0,
      "std_dev": 382171.7056562113
    }
  },
  "random": {
    "base_native": {
      "mean": 577594610.5,
      "median": 577594610.5,
      "min": 577593648.0,
      "max": 577595573.0,
      "std_dev": 1361.180553784104
    },
    "wasmtime_app": {
      "mean": 290681176.6666667,
      "median": 290413603.0,
      "min": 290375656.0,
      "max": 291254271.0,
      "std_dev": 496676.7861258802
    }
  },
  "random2": {
    "base_native": {
      "mean": 577617984.5,
      "median": 577617984.5,
      "min": 577570775.0,
      "max": 577665194.0,
      "std_dev": 66764.31517285263
    },
    "wasmtime_app": {
      "mean": 290687959.3333333,
      "median": 290388730.0,
      "min": 290380155.0,
      "max": 291294993.0,
      "std_dev": 525724.0597560029
    }
  },
  "ratelimit": {
    "base_native": {
      "mean": 25937261.7,
      "median": 25933599.5,
      "min": 25925812.0,
      "max": 25965985.0,
      "std_dev": 12476.024135650481
    },
    "wasmtime_app": {
      "mean": 39007065.6,
      "median": 38296234.0,
      "min": 38215789.0,
      "max": 45537119.0,
      "std_dev": 2294662.876735404
    }
  },
  "seqhash": {
    "base_native": {
      "mean": 7107710250.0,
      "median": 7107710250.0,
      "min": 7107710250.0,
      "max": 7107710250.0,
      "std_dev": 0.0
    },
    "wasmtime_app": {
      "mean": 9686405289.0,
      "median": 9686405289.0,
      "min": 9686405289.0,
      "max": 9686405289.0,
      "std_dev": 0.0
    }
  },
  "sieve": {
    "base_native": {
      "mean": 569178947.5,
      "median": 569178947.5,
      "min": 569150499.0,
      "max": 569207396.0,
      "std_dev": 40232.254529171
    },
    "wasmtime_app": {
      "mean": 766863021.0,
      "median": 766863021.0,
      "min": 766863021.0,
      "max": 766863021.0,
      "std_dev": 0.0
    }
  },
  "strcat": {
    "base_native": {
      "mean": 65846930.9,
      "median": 65845436.0,
      "min": 65810138.0,
      "max": 65923381.0,
      "std_dev": 29743.947229086236
    },
    "wasmtime_app": {
      "mean": 351163980.5,
      "median": 351163980.5,
      "min": 347159564.0,
      "max": 355168397.0,
      "std_dev": 5663100.1236906005
    }
  },
  "strcat2": {
    "base_native": {
      "mean": 2583078.8181818184,
      "median": 2577804.0,
      "min": 2559580.0,
      "max": 2613927.0,
      "std_dev": 16178.693574069457
    },
    "wasmtime_app": {
      "mean": 9413542.6,
      "median": 8512773.5,
      "min": 8445003.0,
      "max": 17623857.0,
      "std_dev": 2884959.826780077
    }
  },
  "strchr": {
    "base_native": {
      "mean": 154926546.6,
      "median": 154843191.0,
      "min": 154560982.0,
      "max": 155242019.0,
      "std_dev": 274274.1292818191
    },