{
  "ackermann": {
    "base_native": {
      "mean": 2889500.727272727,
      "median": 2883726.0,
      "min": 2866352.0,
      "max": 2965446.0,
      "std_dev": 27025.91927794838
    },
    "wasmtime_app": {
      "mean": 9134485.0,
      "median": 8796063.5,
      "min": 8141075.0,
      "max": 13364261.0,
      "std_dev": 1543599.6550367442
    }
  },
  "base64": {
    "base_native": {
      "mean": 251691968.66666666,
      "median": 252097211.0,
      "min": 249503217.0,
      "max": 253475478.0,
      "std_dev": 2016898.7021103299
    },
    "wasmtime_app": {
      "mean": 356662553.0,
      "median": 356662553.0,
      "min": 350473895.0,
      "max": 362851211.0,
      "std_dev": 8752084.076488754
    }
  },
  "ctype": {
    "base_native": {
      "mean": 654135790.5,
      "median": 654135790.5,
      "min": 653701979.0,
      "max": 654569602.0,
      "std_dev": 613502.1068134159
    },
    "wasmtime_app": {
      "mean": 882958738.0,
      "median": 882958738.0,
      "min": 882958738.0,
      "max": 882958738.0,
      "std_dev": 0.0
    }
  },
  "ed25519": {
    "base_native": {
      "mean": 1433148196.0,
      "median": 1433148196.0,
      "min": 1433148196.0,
      "max": 1433148196.0,
      "std_dev": 0.0
    },
    "wasmtime_app": {
      "mean": 6751713136.0,
      "median": 6751713136.0,
      "min": 6751713136.0,
      "max": 6751713136.0,
      "std_dev": 0.0
    }
  },
  "fib2": {
    "base_native": {
      "mean": 6956029494.0,
      "median": 6956029494.0,
      "min": 6956029494.0,
      "max": 6956029494.0,
      "std_dev": 0.0
    },
    "wasmtime_app": {
      "mean": 10684380105.0,
      "median": 10684380105.0,
      "min": 10684380105.0,
      "max": 10684380105.0,
      "std_dev": 0.0
    }
  },
  "gimli": {
    "base_native": {
      "mean": 4146592.5,
      "median": 4146087.5,
      "min": 4123751.0,
      "max": 4170374.0,
      "std_dev": 12188.422632883132
    },
    "wasmtime_app": {
      "mean": 9535227.8,
      "median": 9397493.0,
      "min": 9362707.0,
      "max": 10835626.0,
      "std_dev": 457509.5112868753
    }
  },
  "heapsort": {
    "base_native": {
      "mean": 1076315234.0,
      "median": 1076315234.0,
      "min": 1076315234.0,
      "max": 1076315234.0,
      "std_dev": 0.0
    },
    "wasmtime_app": {
      "mean": 1220418327.0,
      "median": 1220418327.0,
      "min": 1220418327.0,
      "max": 1220418327.0,
      "std_dev": 0.0
    }
  },
  "keccak": {
    "base_native": {
      "mean": 7488016.5,
      "median": 7489399.0,
      "min": 7465950.0,
      "max": 7506548.0,
      "std_dev": 14408.35355117147
    },
    "wasmtime_app": {
      "mean": 22931968.0,
      "median": 21291249.0,
      "min": 21209053.0,
      "max": 37233468.0,
      "std_dev": 5027259.59033691
    }
  },
  "matrix": {
    "base_native": {
      "mean": 377899806.0,
      "median": 377899806.0,
      "min": 377876220.0,
      "max": 377923392.0,
      "std_dev": 33355.64108213182
    },
    "wasmtime_app": {
      "mean": 533623692.5,
      "median": 533623692.5,
      "min": 529510032.0,
      "max": 537737353.0,
      "std_dev": 5817594.470098487
    }
  },
  "matrix2": {
    "base_native": {
      "mean": 194278332.5,
      "median": 194274526.5,
      "min": 194257265.0,
      "max": 194307012.0,
      "std_dev": 20921.87739345269
    },
    "wasmtime_app": {
      "mean": 260267051.33333334,
      "median": 257700493.0,
      "min": 257683119.0,
      "max": 265417542.0,
      "std_dev": 4460464.21850174
    }
  },
  "memmove": {
    "base_native": {
      "mean": 47345826.7,
      "median": 47330790.5,
      "min": 47321503.0,
      "max": 47399348.0,
      "std_dev": 27821.002717970703
    },
    "wasmtime_app": {
      "mean": 520096814.5,
      "median": 520096814.5,
      "min": 515261619.0,
      "max": 524932010.0,
      "std_dev": 6837999.052825359
    }
  },
  "minicsv": {
    "base_native": {
      "mean": 728704393.0,
      "median": 728704393.0,
      "min": 728704393.0,
      "max": 728704393.0,
      "std_dev": 0.0
    },
    "wasmtime_app": {
      "mean": 1097591285.0,
      "median": 1097591285.0,
      "min": 1097591285.0,
      "max": 1097591285.0,
      "std_dev": 0.0
    }
  },
  "nestedloop": {
    "base_native": {
      "mean": 1582586.2727272727,
      "median": 1581204.0,
      "min": 1558556.0,
      "max": 1610128.0,
      "std_dev": 20334.05225276511
    },
    "wasmtime_app": {
      "mean": 6317948.1,
      "median": 6221718.0,
      "min": 6186208.0,
      "max": 7152255.0,
      "std_dev": 295116.81545691926
    }
  },
  "nestedloop2": {
    "base_native": {
      "mean": 1582004.2727272727,
      "median": 1574980.0,
      "min": 1557631.0,
      "max": 1613327.0,
      "std_dev": 19182.094813084983
    },
    "wasmtime_app": {
      "mean": 6288322.2,
      "median": 6206732.0,
      "min": 6185033.0,
      "max": 7034711.0,
      "std_dev": 262959.58764705865
    }
  },
  "nestedloop3": {
    "base_native": {
      "mean": 2103211.5454545454,
      "median": 2095323.0,
      "min": 2090599.0,
      "max": 2154720.0,
      "std_dev": 18743.02362140984
    },
    "wasmtime_app": {
      "mean": 6885241.6,
      "median": 6760076.0,
      "min": 6718428.0,
      "max": 7991383.0,
      "std_dev": 390006.0909268526
    }
  },
  "random": {
    "base_native": {
      "mean": 577585820.0,
      "median": 577585820.0,
      "min": 577581733.0,
      "max": 577589907.0,
      "std_dev": 5779.8908294188395
    },
    "wasmtime_app": {
      "mean": 290733827.0,
      "median": 290454259.0,
      "min": 290435685.0,
      "max": 291311537.0,
      "std_dev": 500397.72326020827
    }
  },
  "random2": {
    "base_native": {
      "mean": 577638129.5,
      "median": 577638129.5,
      "min": 577574108.0,
      "max": 577702151.0,
      "std_dev": 90540.0735834691
    },
    "wasmtime_app": {
      "mean": 290748609.3333333,
      "median": 290488357.0,
      "min": 290402037.0,
      "max": 291355434.0,
      "std_dev": 527294.9057750637
    }
  },
  "ratelimit": {
    "base_native": {
      "mean": 25928579.9,
      "median": 25928277.5,
      "min": 25911916.0,
      "max": 25943314.0,
      "std_dev": 10058.421761003174
    },
    "wasmtime_app": {
      "mean": 39058980.0,
      "median": 38344282.0,
      "min": 38292285.0,
      "max": 45519136.0,
      "std_dev": 2270022.367157841
    }
  },
  "seqhash": {
    "base_native": {
      "mean": 7124824141.0,
      "median": 7124824141.0,
      "min": 7124824141.0,
      "max": 7124824141.0,
      "std_dev": 0.0
    },
    "wasmtime_app": {
      "mean": 9711769117.0,
      "median": 9711769117.0,
      "min": 9711769117.0,
      "max": 9711769117.0,
      "std_dev": 0.0
    }
  },
  "sieve": {
    "base_native": {
      "mean": 569253121.5,
      "median": 569253121.5,
      "min": 569240310.0,
      "max": 569265933.0,
      "std_dev": 18118.19705434291
    },
    "wasmtime_app": {
      "mean": 766990067.0,
      "median": 766990067.0,
      "min": 766990067.0,
      "max": 766990067.0,
      "std_dev": 0.0
    }
  },
  "strcat": {
    "base_native": {
      "mean": 65854405.8,
      "median": 65851951.0,
      "min": 65826690.0,
      "max": 65917385.0,
      "std_dev": 24002.494832366443
    },
    "wasmtime_app": {
      "mean": 351249301.5,
      "median": 351249301.5,
      "min": 347223799.0,
      "max": 355274804.0,
      "std_dev": 5692920.2308668
    }
  },
  "strcat2": {
    "base_native": {
      "mean": 2598786.1818181816,
      "median": 2595793.0,
      "min": 2583594.0,
      "max": 2615317.0,
      "std_dev": 11219.552217608169
    },
    "wasmtime_app": {
      "mean": 9435985.9,
      "median": 8528478.5,
      "min": 8471932.0,
      "max": 17698872.0,
      "std_dev": 2903394.128129598
    }
  },
  "strchr": {
    "base_native": {
      "mean": 155177240.6,
      "median": 155175291.0,
      "min": 155158092.0,
      "max": 155204964.0,
      "std_dev": 17652.677595764333
    },