{
  "ackermann": {
    "base_native": {
      "mean": 3142601.7,
      "median": 2894538.0,
      "min": 2858515.0,
      "max": 5446321.0,
      "std_dev": 809605.2653829451
    },
    "wasmtime_app": {
      "mean": 8932826.0,
      "median": 8431454.5,
      "min": 8031896.0,
      "max": 13581346.0,
      "std_dev": 1659052.4077303887
    }
  },
  "base64": {
    "base_native": {
      "mean": 250695784.0,
      "median": 249553531.0,
      "min": 249537032.0,
      "max": 252996789.0,
      "std_dev": 1992745.859804757
    },
    "wasmtime_app": {
      "mean": 360377672.0,
      "median": 360377672.0,
      "min": 355471938.0,
      "max": 365283406.0,
      "std_dev": 6937755.556194813
    }
  },
  "ctype": {
    "base_native": {
      "mean": 653925164.5,
      "median": 653925164.5,
      "min": 653894679.0,
      "max": 653955650.0,
      "std_dev": 43113.00755572499
    },
    "wasmtime_app": {
      "mean": 906551282.0,
      "median": 906551282.0,
      "min": 906551282.0,
      "max": 906551282.0,
      "std_dev": 0.0
    }
  },
  "ed25519": {
    "base_native": {
      "mean": 1434207357.0,
      "median": 1434207357.0,
      "min": 1434207357.0,
      "max": 1434207357.0,
      "std_dev": 0.0
    },
    "wasmtime_app": {
      "mean": 6745450765.0,
      "median": 6745450765.0,
      "min": 6745450765.0,
      "max": 6745450765.0,
      "std_dev": 0.0
    }
  },
  "fib2": {
    "base_native": {
      "mean": 6957111717.0,
      "median": 6957111717.0,
      "min": 6957111717.0,
      "max": 6957111717.0,
      "std_dev": 0.0
    },
    "wasmtime_app": {
      "mean": 10678619705.0,
      "median": 10678619705.0,
      "min": 10678619705.0,
      "max": 10678619705.0,
      "std_dev": 0.0
    }
  },
  "gimli": {
    "base_native": {
      "mean": 4150830.6,
      "median": 4151530.5,
      "min": 4129869.0,
      "max": 4170917.0,
      "std_dev": 13157.542798292123
    },
    "wasmtime_app": {
      "mean": 9502862.5,
      "median": 9356413.0,
      "min": 9298630.0,
      "max": 10886090.0,
      "std_dev": 487014.0090639077
    }
  },
  "heapsort": {
    "base_native": {
      "mean": 1076889986.0,
      "median": 1076889986.0,
      "min": 1076889986.0,
      "max": 1076889986.0,
      "std_dev": 0.0
    },
    "wasmtime_app": {
      "mean": 1220453216.0,
      "median": 1220453216.0,
      "min": 1220453216.0,
      "max": 1220453216.0,
      "std_dev": 0.0
    }
  },
  "keccak": {
    "base_native": {
      "mean": 7487821.9,
      "median": 7490544.5,
      "min": 7467908.0,
      "max": 7501206.0,
      "std_dev": 11834.614413753505
    },
    "wasmtime_app": {
      "mean": 22891530.2,
      "median": 21229957.5,
      "min": 21185348.0,
      "max": 37180571.0,
      "std_dev": 5022675.367806103
    }
  },
  "matrix": {
    "base_native": {
      "mean": 377963768.5,
      "median": 377963768.5,
      "min": 377932345.0,
      "max": 377995192.0,
      "std_dev": 44439.53987723095
    },
    "wasmtime_app": {
      "mean": 533531808.5,
      "median": 533531808.5,
      "min": 529425954.0,
      "max": 537637663.0,
      "std_dev": 5806555.119030603
    }
  },
  "matrix2": {
    "base_native": {
      "mean": 194311561.75,
      "median": 194313549.0,
      "min": 194298413.0,
      "max": 194320736.0,
      "std_dev": 9729.918683284734
    },
    "wasmtime_app": {
      "mean": 260211543.0,
      "median": 257672484.0,
      "min": 257638262.0,
      "max": 265323883.0,
      "std_dev": 4427449.377804449
    }
  },
  "memmove": {
    "base_native": {
      "mean": 47355363.4,
      "median": 47348559.0,
      "min": 47325135.0,
      "max": 47393406.0,
      "std_dev": 21983.97251130418
    },
    "wasmtime_app": {
      "mean": 520833736.0,
      "median": 520833736.0,
      "min": 516401443.0,
      "max": 525266029.0,
      "std_dev": 6268208.873011333
    }
  },
  "minicsv": {
    "base_native": {
      "mean": 727005576.0,
      "median": 727005576.0,
      "min": 727005576.0,
      "max": 727005576.0,
      "std_dev": 0.0
    },
    "wasmtime_app": {
      "mean": 1095714903.0,
      "median": 1095714903.0,
      "min": 1095714903.0,
      "max": 1095714903.0,
      "std_dev": 0.0
    }
  },
  "nestedloop": {
    "base_native": {
      "mean": 1579720.5454545454,
      "median": 1584011.0,
      "min": 1555588.0,
      "max": 1592586.0,
      "std_dev": 12665.728193543682
    },
    "wasmtime_app": {
      "mean": 6273297.5,
      "median": 6180967.0,
      "min": 6150031.0,
      "max": 7113737.0,
      "std_dev": 296014.7835059181
    }
  },
  "nestedloop2": {
    "base_native": {
      "mean": 1583406.5454545454,
      "median": 1577112.0,
      "min": 1560912.0,
      "max": 1614009.0,
      "std_dev": 16919.06526592788
    },
    "wasmtime_app": {
      "mean": 6284806.8,
      "median": 6192641.0,
      "min": 6161881.0,
      "max": 7115062.0,
      "std_dev": 292311.456265706
    }
  },
  "nestedloop3": {
    "base_native": {
      "mean": 2099948.3636363638,
      "median": 2094633.0,
      "min": 2072584.0,
      "max": 2173378.0,
      "std_dev": 25914.74340321635
    },
    "wasmtime_app": {
      "mean": 6852895.8,
      "median": 6733164.5,
      "min": 6707816.0,
      "max": 7946802.0,
      "std_dev": 384952.30733885866
    }
  },
  "random": {
    "base_native": {
      "mean": 577691416.0,
      "median": 577691416.0,
      "min": 577678904.0,
      "max": 577703928.0,
      "std_dev": 17694.640092412166
    },
    "wasmtime_app": {
      "mean": 290679289.3333333,
      "median": 290404526.0,
      "min": 290372228.0,
      "max": 291261114.0,
      "std_dev": 504133.66011141666
    }
  },
  "random2": {
    "base_native": {
      "mean": 577749600.5,
      "median": 577749600.5,
      "min": 577718002.0,
      "max": 577781199.0,
      "std_dev": 44687.02725064624
    },
    "wasmtime_app": {
      "mean": 290684597.3333333,
      "median": 290365554.0,
      "min": 290360054.0,
      "max": 291328184.0,
      "std_dev": 557369.1870146154
    }
  },
  "ratelimit": {
    "base_native": {
      "mean": 25927393.4,
      "median": 25915179.0,
      "min": 25899955.0,
      "max": 25990000.0,
      "std_dev": 28585.077016591094
    },
    "wasmtime_app": {
      "mean": 39051555.7,
      "median": 38322913.0,
      "min": 38303565.0,
      "max": 45584615.0,
      "std_dev": 2295526.854026425
    }
  },
  "seqhash": {
    "base_native": {
      "mean": 7109218808.0,
      "median": 7109218808.0,
      "min": 7109218808.0,
      "max": 7109218808.0,
      "std_dev": 0.0
    },
    "wasmtime_app": {
      "mean": 9699488101.0,
      "median": 9699488101.0,
      "min": 9699488101.0,
      "max": 9699488101.0,
      "std_dev": 0.0
    }
  },
  "sieve": {
    "base_native": {
      "mean": 569345131.5,
      "median": 569345131.5,
      "min": 569309371.0,
      "max": 569380892.0,
      "std_dev": 50572.98409724307
    },
    "wasmtime_app": {
      "mean": 766996762.0,
      "median": 766996762.0,
      "min": 766996762.0,
      "max": 766996762.0,
      "std_dev": 0.0
    }
  },
  "strcat": {
    "base_native": {
      "mean": 65879535.3,
      "median": 65870176.0,
      "min": 65835903.0,
      "max": 65975370.0,
      "std_dev": 39516.47692362713
    },
    "wasmtime_app": {
      "mean": 352731460.0,
      "median": 352731460.0,
      "min": 350207617.0,
      "max": 355255303.0,
      "std_dev": 3569252.9999003992
    }
  },
  "strcat2": {
    "base_native": {
      "mean": 2594148.0,
      "median": 2594955.0,
      "min": 2568081.0,
      "max": 2624778.0,
      "std_dev": 15337.587795999734
    },
    "wasmtime_app": {
      "mean": 9402074.7,
      "median": 8491937.5,
      "min": 8416068.0,
      "max": 17687875.0,
      "std_dev": 2911468.043039458
    }
  },
  "strchr": {
    "base_native": {
      "mean": 154596866.8,
      "median": 154604126.0,
      "min": 154548055.0,
      "max": 154629450.0,
      "std_dev": 31258.725960921696
    },