{
  "ackermann": {
    "base_native": {
      "mean": 3238987.6,
      "median": 2847463.5,
      "min": 2809752.0,
      "max": 6833414.0,
      "std_dev": 1263097.396560376
    },
    "wasmtime_app": {
      "mean": 9294971.2,
      "median": 8645107.0,
      "min": 7988198.0,
      "max": 13772735.0,
      "std_dev": 1727514.2405804938
    }
  },
  "base64": {
    "base_native": {
      "mean": 249537642.66666666,
      "median": 249535734.0,
      "min": 249498711.0,
      "max": 249578483.0,
      "std_dev": 39920.23612572117
    },
    "wasmtime_app": {
      "mean": 355083368.0,
      "median": 355083368.0,
      "min": 350453559.0,
      "max": 359713177.0,
      "std_dev": 6547538.6789970165
    }
  },
  "ctype": {
    "base_native": {
      "mean": 655191466.5,
      "median": 655191466.5,
      "min": 655105332.0,
      "max": 655277601.0,
      "std_dev": 121812.57808822536
    },
    "wasmtime_app": {
      "mean": 982520971.0,
      "median": 982520971.0,
      "min": 982520971.0,
      "max": 982520971.0,
      "std_dev": 0.0
    }
  },
  "ed25519": {
    "base_native": {
      "mean": 1433419311.0,
      "median": 1433419311.0,
      "min": 1433419311.0,
      "max": 1433419311.0,
      "std_dev": 0.0
    },
    "wasmtime_app": {
      "mean": 6771617256.0,
      "median": 6771617256.0,
      "min": 6771617256.0,
      "max": 6771617256.0,
      "std_dev": 0.0
    }
  },
  "fib2": {
    "base_native": {
      "mean": 6956178462.0,
      "median": 6956178462.0,
      "min": 6956178462.0,
      "max": 6956178462.0,
      "std_dev": 0.0
    },
    "wasmtime_app": {
      "mean": 10686830676.0,
      "median": 10686830676.0,
      "min": 10686830676.0,
      "max": 10686830676.0,
      "std_dev": 0.0
    }
  },
  "gimli": {
    "base_native": {
      "mean": 4134316.9,
      "median": 4134469.5,
      "min": 4125657.0,
      "max": 4150006.0,
      "std_dev": 6642.477958814266
    },
    "wasmtime_app": {
      "mean": 9476792.4,
      "median": 9336414.0,
      "min": 9295341.0,
      "max": 10798147.0,
      "std_dev": 464785.2028970419
    }
  },
  "heapsort": {
    "base_native": {
      "mean": 1076383837.0,
      "median": 1076383837.0,
      "min": 1076383837.0,
      "max": 1076383837.0,
      "std_dev": 0.0
    },
    "wasmtime_app": {
      "mean": 1220318650.0,
      "median": 1220318650.0,
      "min": 1220318650.0,
      "max": 1220318650.0,
      "std_dev": 0.0
    }
  },
  "keccak": {
    "base_native": {
      "mean": 7472469.0,
      "median": 7470417.0,
      "min": 7457967.0,
      "max": 7502540.0,
      "std_dev": 12560.43321085879
    },
    "wasmtime_app": {
      "mean": 22859455.0,
      "median": 21328824.0,
      "min": 20994507.0,
      "max": 36901134.0,
      "std_dev": 4936303.626195842
    }
  },
  "matrix": {
    "base_native": {
      "mean": 377894528.0,
      "median": 377894528.0,
      "min": 377893678.0,
      "max": 377895378.0,
      "std_dev": 1202.0815280171307
    },
    "wasmtime_app": {
      "mean": 533667149.5,
      "median": 533667149.5,
      "min": 529377806.0,
      "max": 537956493.0,
      "std_dev": 6066047.751376879
    }
  },
  "matrix2": {
    "base_native": {
      "mean": 194271079.75,
      "median": 194263267.5,
      "min": 194244643.0,
      "max": 194313141.0,
      "std_dev": 30234.344724446513
    },
    "wasmtime_app": {
      "mean": 260241386.33333334,
      "median": 257702079.0,
      "min": 257701029.0,
      "max": 265321051.0,
      "std_dev": 4399118.675366843
    }
  },
  "memmove": {
    "base_native": {
      "mean": 47346405.1,
      "median": 47345190.0,
      "min": 47322741.0,
      "max": 47403638.0,
      "std_dev": 23500.534809280878
    },
    "wasmtime_app": {
      "mean": 520689563.5,
      "median": 520689563.5,
      "min": 515827881.0,
      "max": 525551246.0,
      "std_dev": 6875457.327451935
    }
  },
  "minicsv": {
    "base_native": {
      "mean": 745983269.0,
      "median": 745983269.0,
      "min": 745983269.0,
      "max": 745983269.0,
      "std_dev": 0.0
    },
    "wasmtime_app": {
      "mean": 1125637991.0,
      "median": 1125637991.0,
      "min": 1125637991.0,
      "max": 1125637991.0,
      "std_dev": 0.0
    }
  },
  "nestedloop": {
    "base_native": {
      "mean": 1564190.7272727273,
      "median": 1569870.0,
      "min": 1538071.0,
      "max": 1576845.0,
      "std_dev": 13828.370663898977
    },
    "wasmtime_app": {
      "mean": 6281150.2,
      "median": 6187986.0,
      "min": 6166713.0,
      "max": 7095079.0,
      "std_dev": 286589.2799025579
    }
  },
  "nestedloop2": {
    "base_native": {
      "mean": 1567429.3636363635,
      "median": 1571870.0,
      "min": 1541646.0,
      "max": 1600769.0,
      "std_dev": 17033.78507715022
    },
    "wasmtime_app": {
      "mean": 6271990.7,
      "median": 6189836.0,
      "min": 6168262.0,
      "max": 7040083.0,
      "std_dev": 270256.60243638
    }
  },
  "nestedloop3": {
    "base_native": {
      "mean": 2068687.2727272727,
      "median": 2070078.0,
      "min": 2049954.0,
      "max": 2083478.0,
      "std_dev": 9480.30277038565
    },
    "wasmtime_app": {
      "mean": 6842452.6,
      "median": 6724590.0,
      "min": 6702804.0,
      "max": 7922152.0,
      "std_dev": 379601.22792191047
    }
  },
  "random": {
    "base_native": {
      "mean": 577601220.0,
      "median": 577601220.0,
      "min": 577586008.0,
      "max": 577616432.0,
      "std_dev": 21513.01671081952
    },
    "wasmtime_app": {
      "mean": 290682734.0,
      "median": 290407526.0,
      "min": 290400327.0,
      "max": 291240349.0,
      "std_dev": 482922.17030179925
    }
  },
  "random2": {
    "base_native": {
      "mean": 577684530.0,
      "median": 577684530.0,
      "min": 577615057.0,
      "max": 577754003.0,
      "std_dev": 98249.65881874603
    },
    "wasmtime_app": {
      "mean": 290712307.3333333,
      "median": 290448124.0,
      "min": 290392552.0,
      "max": 291296246.0,
      "std_dev": 506468.4951873446
    }
  },
  "ratelimit": {
    "base_native": {
      "mean": 25924541.8,
      "median": 25925316.5,
      "min": 25896380.0,
      "max": 25960828.0,
      "std_dev": 16938.831756909593
    },
    "wasmtime_app": {
      "mean": 38927811.9,
      "median": 38189541.0,
      "min": 38140231.0,
      "max": 45475421.0,
      "std_dev": 2301186.6521838224
    }
  },
  "seqhash": {
    "base_native": {
      "mean": 7113339211.0,
      "median": 7113339211.0,
      "min": 7113339211.0,
      "max": 7113339211.0,
      "std_dev": 0.0
    },
    "wasmtime_app": {
      "mean": 9661954412.0,
      "median": 9661954412.0,
      "min": 9661954412.0,
      "max": 9661954412.0,
      "std_dev": 0.0
    }
  },
  "sieve": {
    "base_native": {
      "mean": 569205685.0,
      "median": 569205685.0,
      "min": 569154874.0,
      "max": 569256496.0,
      "std_dev": 71857.60531773933
    },
    "wasmtime_app": {
      "mean": 766834431.0,
      "median": 766834431.0,
      "min": 766834431.0,
      "max": 766834431.0,
      "std_dev": 0.0
    }
  },
  "strcat": {
    "base_native": {
      "mean": 65856518.3,
      "median": 65841926.0,
      "min": 65833677.0,
      "max": 65978147.0,
      "std_dev": 43415.138552890356
    },
    "wasmtime_app": {
      "mean": 351204499.0,
      "median": 351204499.0,
      "min": 347234986.0,
      "max": 355174012.0,
      "std_dev": 5613739.120616311
    }
  },
  "strcat2": {
    "base_native": {
      "mean": 2590287.272727273,
      "median": 2588260.0,
      "min": 2570811.0,
      "max": 2607109.0,
      "std_dev": 10810.882111011193
    },
    "wasmtime_app": {
      "mean": 9357207.4,
      "median": 8448357.0,
      "min": 8396098.0,
      "max": 17530924.0,
      "std_dev": 2872109.9198496803
    }
  },
  "strchr": {
    "base_native": {
      "mean": 155263044.2,
      "median": 155254214.0,
      "min": 155249265.0,
      "max": 155288413.0,
      "std_dev": 17395.70811148543
    },