{
  "ackermann": {
    "base_native": {
      "mean": 3248552.9,
      "median": 2930039.0,
      "min": 2886905.0,
      "max": 6207931.0,
      "std_dev": 1040035.5887945425
    },
    "wasmtime_app": {
      "mean": 9225483.3,
      "median": 8621674.5,
      "min": 8073684.0,
      "max": 15469787.0,
      "std_dev": 2243509.5791045805
    }
  },
  "base64": {
    "base_native": {
      "mean": 251046093.33333334,
      "median": 249505439.0,
      "min": 249494115.0,
      "max": 254138726.0,
      "std_dev": 2678304.438715721
    },
    "wasmtime_app": {
      "mean": 358297006.5,
      "median": 358297006.5,
      "min": 351220058.0,
      "max": 365373955.0,
      "std_dev": 10008316.548915932
    }
  },
  "ctype": {
    "base_native": {
      "mean": 654098564.0,
      "median": 654098564.0,
      "min": 653921451.0,
      "max": 654275677.0,
      "std_dev": 250475.60667258597
    },
    "wasmtime_app": {
      "mean": 982772649.0,
      "median": 982772649.0,
      "min": 982772649.0,
      "max": 982772649.0,
      "std_dev": 0.0
    }
  },
  "ed25519": {
    "base_native": {
      "mean": 1433216943.0,
      "median": 1433216943.0,
      "min": 1433216943.0,
      "max": 1433216943.0,
      "std_dev": 0.0
    },
    "wasmtime_app": {
      "mean": 6741350158.0,
      "median": 6741350158.0,
      "min": 6741350158.0,
      "max": 6741350158.0,
      "std_dev": 0.0
    }
  },
  "fib2": {
    "base_native": {
      "mean": 6956079888.0,
      "median": 6956079888.0,
      "min": 6956079888.0,
      "max": 6956079888.0,
      "std_dev": 0.0
    },
    "wasmtime_app": {
      "mean": 10669098294.0,
      "median": 10669098294.0,
      "min": 10669098294.0,
      "max": 10669098294.0,
      "std_dev": 0.0
    }
  },
  "gimli": {
    "base_native": {
      "mean": 4177890.1,
      "median": 4177280.5,
      "min": 4153869.0,
      "max": 4223964.0,
      "std_dev": 22105.746655815794
    },
    "wasmtime_app": {
      "mean": 9576825.7,
      "median": 9403036.5,
      "min": 9369526.0,
      "max": 11129814.0,
      "std_dev": 546156.1666233182
    }
  },
  "heapsort": {
    "base_native": {
      "mean": 1076938483.0,
      "median": 1076938483.0,
      "min": 1076938483.0,
      "max": 1076938483.0,
      "std_dev": 0.0
    },
    "wasmtime_app": {
      "mean": 1222704485.0,
      "median": 1222704485.0,
      "min": 1222704485.0,
      "max": 1222704485.0,
      "std_dev": 0.0
    }
  },
  "keccak": {
    "base_native": {
      "mean": 7486029.4,
      "median": 7487369.0,
      "min": 7467421.0,
      "max": 7503768.0,
      "std_dev": 12259.498269595793
    },
    "wasmtime_app": {
      "mean": 22924776.4,
      "median": 21274042.0,
      "min": 21181998.0,
      "max": 37247897.0,
      "std_dev": 5034743.273514069
    }
  },
  "matrix": {
    "base_native": {
      "mean": 377883001.5,
      "median": 377883001.5,
      "min": 377860653.0,
      "max": 377905350.0,
      "std_dev": 31605.551798695116
    },
    "wasmtime_app": {
      "mean": 533855589.0,
      "median": 533855589.0,
      "min": 529680518.0,
      "max": 538030660.0,
      "std_dev": 5904442.0320706
    }
  },
  "matrix2": {
    "base_native": {
      "mean": 194267128.75,
      "median": 194263704.0,
      "min": 194251117.0,
      "max": 194289990.0,
      "std_dev": 17835.064739159207
    },
    "wasmtime_app": {
      "mean": 260239573.33333334,
      "median": 257704252.0,
      "min": 257681928.0,
      "max": 265332540.0,
      "std_dev": 4410652.637771119
    }
  },
  "memmove": {
    "base_native": {
      "mean": 47331038.4,
      "median": 47326406.0,
      "min": 47315907.0,
      "max": 47366653.0,
      "std_dev": 15301.213250371138
    },
    "wasmtime_app": {
      "mean": 520384411.0,
      "median": 520384411.0,
      "min": 515350032.0,
      "max": 525418790.0,
      "std_dev": 7119687.0599263
    }
  },
  "minicsv": {
    "base_native": {
      "mean": 753595201.0,
      "median": 753595201.0,
      "min": 753595201.0,
      "max": 753595201.0,
      "std_dev": 0.0
    },
    "wasmtime_app": {
      "mean": 1102461835.0,
      "median": 1102461835.0,
      "min": 1102461835.0,
      "max": 1102461835.0,
      "std_dev": 0.0
    }
  },
  "nestedloop": {
    "base_native": {
      "mean": 1578311.1818181819,
      "median": 1578068.0,
      "min": 1550770.0,
      "max": 1621665.0,
      "std_dev": 21365.13688146267
    },
    "wasmtime_app": {
      "mean": 6298817.6,
      "median": 6197066.5,
      "min": 6181230.0,
      "max": 7147543.0,
      "std_dev": 299026.3751452184
    }
  },
  "nestedloop2": {
    "base_native": {
      "mean": 1579331.5454545454,
      "median": 1584718.0,
      "min": 1551845.0,
      "max": 1617990.0,
      "std_dev": 23824.3161805901
    },
    "wasmtime_app": {
      "mean": 6292747.9,
      "median": 6196941.5,
      "min": 6179880.0,
      "max": 7062124.0,
      "std_dev": 271574.3949693875
    }
  },
  "nestedloop3": {
    "base_native": {
      "mean": 2084224.7272727273,
      "median": 2083034.0,
      "min": 2075009.0,
      "max": 2098133.0,
      "std_dev": 7072.615896412148
    },
    "wasmtime_app": {
      "mean": 6875773.0,
      "median": 6755555.5,
      "min": 6726295.0,
      "max": 7991689.0,
      "std_dev": 392318.57109355513
    }
  },
  "random": {
    "base_native": {
      "mean": 577577227.5,
      "median": 577577227.5,
      "min": 577573753.0,
      "max": 577580702.0,
      "std_dev": 4913.685022465319
    },
    "wasmtime_app": {
      "mean": 290709737.0,
      "median": 290417214.0,
      "min": 290416089.0,
      "max": 291295908.0,
      "std_dev": 507639.2886065853
    }
  },
  "random2": {
    "base_native": {
      "mean": 577637161.0,
      "median": 577637161.0,
      "min": 577583552.0,
      "max": 577690770.0,
      "std_dev": 75814.57486525926
    },
    "wasmtime_app": {
      "mean": 290700095.6666667,
      "median": 290412139.0,
      "min": 290379416.0,
      "max": 291308732.0,
      "std_dev": 527348.403213979
    }
  },
  "ratelimit": {
    "base_native": {
      "mean": 25911726.2,
      "median": 25911113.5,
      "min": 25899877.0,
      "max": 25929400.0,
      "std_dev": 10411.22340767138
    },
    "wasmtime_app": {
      "mean": 39067301.0,
      "median": 38350452.0,
      "min": 38323903.0,
      "max": 45553642.0,
      "std_dev": 2279090.9580696616
    }
  },
  "seqhash": {
    "base_native": {
      "mean": 7116696325.0,
      "median": 7116696325.0,
      "min": 7116696325.0,
      "max": 7116696325.0,
      "std_dev": 0.0
    },
    "wasmtime_app": {
      "mean": 9685893622.0,
      "median": 9685893622.0,
      "min": 9685893622.0,
      "max": 9685893622.0,
      "std_dev": 0.0
    }
  },
  "sieve": {
    "base_native": {
      "mean": 569262863.5,
      "median": 569262863.5,
      "min": 569222541.0,
      "max": 569303186.0,
      "std_dev": 57024.626368789126
    },
    "wasmtime_app": {
      "mean": 767052042.0,
      "median": 767052042.0,
      "min": 767052042.0,
      "max": 767052042.0,
      "std_dev": 0.0
    }
  },
  "strcat": {
    "base_native": {
      "mean": 65863585.4,
      "median": 65854118.5,
      "min": 65838657.0,
      "max": 65956324.0,
      "std_dev": 33669.94845126899
    },
    "wasmtime_app": {
      "mean": 352777208.5,
      "median": 352777208.5,
      "min": 350183074.0,
      "max": 355371343.0,
      "std_dev": 3668660.192519948
    }
  },
  "strcat2": {
    "base_native": {
      "mean": 2598717.4545454546,
      "median": 2592800.0,
      "min": 2573976.0,
      "max": 2624372.0,
      "std_dev": 17296.980860043965
    },
    "wasmtime_app": {
      "mean": 9421083.3,
      "median": 8507494.0,
      "min": 8483433.0,
      "max": 17651773.0,
      "std_dev": 2892001.6198502476
    }
  },
  "strchr": {
    "base_native": {
      "mean": 155105578.8,
      "median": 155098134.0,
      "min": 155042338.0,
      "max": 155183104.0,
      "std_dev": 53246.294680475185
    },