{
  "ackermann": {
    "base_native": {
      "mean": 3231790.9,
      "median": 2934869.0,
      "min": 2900846.0,
      "max": 5990656.0,
      "std_dev": 969496.3750267972
    },
    "wasmtime_app": {
      "mean": 8907488.7,
      "median": 8784899.0,
      "min": 8034021.0,
      "max": 12127589.0,
      "std_dev": 1217316.8329205792
    }
  },
  "base64": {
    "base_native": {
      "mean": 255355299.33333334,
      "median": 257429505.0,
      "min": 251116243.0,
      "max": 257520150.0,
      "std_dev": 3671410.229991513
    },
    "wasmtime_app": {
      "mean": 359935365.5,
      "median": 359935365.5,
      "min": 354517705.0,
      "max": 365353026.0,
      "std_dev": 7661728.955433004
    }
  },
  "ctype": {
    "base_native": {
      "mean": 654071644.0,
      "median": 654071644.0,
      "min": 653627034.0,
      "max": 654516254.0,
      "std_dev": 628773.4919667018
    },
    "wasmtime_app": {
      "mean": 983682572.0,
      "median": 983682572.0,
      "min": 983682572.0,
      "max": 983682572.0,
      "std_dev": 0.0
    }
  },
  "ed25519": {
    "base_native": {
      "mean": 1433143333.0,
      "median": 1433143333.0,
      "min": 1433143333.0,
      "max": 1433143333.0,
      "std_dev": 0.0
    },
    "wasmtime_app": {
      "mean": 6733171848.0,
      "median": 6733171848.0,
      "min": 6733171848.0,
      "max": 6733171848.0,
      "std_dev": 0.0
    }
  },
  "fib2": {
    "base_native": {
      "mean": 6956417128.0,
      "median": 6956417128.0,
      "min": 6956417128.0,
      "max": 6956417128.0,
      "std_dev": 0.0
    },
    "wasmtime_app": {
      "mean": 10679521261.0,
      "median": 10679521261.0,
      "min": 10679521261.0,
      "max": 10679521261.0,
      "std_dev": 0.0
    }
  },
  "gimli": {
    "base_native": {
      "mean": 4144712.4,
      "median": 4138732.5,
      "min": 4131721.0,
      "max": 4181293.0,
      "std_dev": 15393.096773120953
    },
    "wasmtime_app": {
      "mean": 9548581.0,
      "median": 9362200.5,
      "min": 9341464.0,
      "max": 11125927.0,
      "std_dev": 554971.4852302474
    }
  },
  "heapsort": {
    "base_native": {
      "mean": 1076387281.0,
      "median": 1076387281.0,
      "min": 1076387281.0,
      "max": 1076387281.0,
      "std_dev": 0.0
    },
    "wasmtime_app": {
      "mean": 1220481681.0,
      "median": 1220481681.0,
      "min": 1220481681.0,
      "max": 1220481681.0,
      "std_dev": 0.0
    }
  },
  "keccak": {
    "base_native": {
      "mean": 7475310.2,
      "median": 7476890.0,
      "min": 7456441.0,
      "max": 7488064.0,
      "std_dev": 9962.279545030511
    },
    "wasmtime_app": {
      "mean": 22843865.4,
      "median": 21345487.0,
      "min": 21012258.0,
      "max": 36982632.0,
      "std_dev": 4970410.434518488
    }
  },
  "matrix": {
    "base_native": {
      "mean": 377960186.5,
      "median": 377960186.5,
      "min": 377916027.0,
      "max": 378004346.0,
      "std_dev": 62450.96380761469
    },
    "wasmtime_app": {
      "mean": 533744659.5,
      "median": 533744659.5,
      "min": 529515512.0,
      "max": 537973807.0,
      "std_dev": 5980917.751776269
    }
  },
  "matrix2": {
    "base_native": {
      "mean": 194249013.0,
      "median": 194245625.5,
      "min": 194233689.0,
      "max": 194271112.0,
      "std_dev": 15777.345594237328
    },
    "wasmtime_app": {
      "mean": 260311084.33333334,
      "median": 257969106.0,
      "min": 257684774.0,
      "max": 265279373.0,
      "std_dev": 4305012.239013071
    }
  },
  "memmove": {
    "base_native": {
      "mean": 47347767.5,
      "median": 47325403.5,
      "min": 47301218.0,
      "max": 47481157.0,
      "std_dev": 53476.126615839836
    },
    "wasmtime_app": {
      "mean": 520933750.0,
      "median": 520933750.0,
      "min": 516283266.0,
      "max": 525584234.0,
      "std_dev": 6576777.544399081
    }
  },
  "minicsv": {
    "base_native": {
      "mean": 745893664.0,
      "median": 745893664.0,
      "min": 745893664.0,
      "max": 745893664.0,
      "std_dev": 0.0
    },
    "wasmtime_app": {
      "mean": 1105438066.0,
      "median": 1105438066.0,
      "min": 1105438066.0,
      "max": 1105438066.0,
      "std_dev": 0.0
    }
  },
  "nestedloop": {
    "base_native": {
      "mean": 1581784.1818181819,
      "median": 1590202.0,
      "min": 1553204.0,
      "max": 1605526.0,
      "std_dev": 21369.803292581717
    },
    "wasmtime_app": {
      "mean": 6316838.6,
      "median": 6221084.5,
      "min": 6204086.0,
      "max": 7135777.0,
      "std_dev": 288674.6293471443
    }
  },
  "nestedloop2": {
    "base_native": {
      "mean": 1606323.4545454546,
      "median": 1584977.0,
      "min": 1560054.0,
      "max": 1824437.0,
      "std_dev": 75191.5781392619
    },
    "wasmtime_app": {
      "mean": 6302347.0,
      "median": 6215972.5,
      "min": 6204936.0,
      "max": 7074356.0,
      "std_dev": 271395.86704787286
    }
  },
  "nestedloop3": {
    "base_native": {
      "mean": 2093164.0909090908,
      "median": 2098496.0,
      "min": 2061448.0,
      "max": 2172341.0,
      "std_dev": 32028.323629108487
    },
    "wasmtime_app": {
      "mean": 6886960.5,
      "median": 6760826.0,
      "min": 6728303.0,
      "max": 8026721.0,
      "std_dev": 401158.37855176075
    }
  },
  "random": {
    "base_native": {
      "mean": 577581819.5,
      "median": 577581819.5,
      "min": 577545784.0,
      "max": 577617855.0,
      "std_dev": 50961.892826895666
    },
    "wasmtime_app": {
      "mean": 290766984.0,
      "median": 290681581.0,
      "min": 290374975.0,
      "max": 291244396.0,
      "std_dev": 440957.450460926
    }
  },
  "random2": {
    "base_native": {
      "mean": 577687426.0,
      "median": 577687426.0,
      "min": 577571933.0,
      "max": 577802919.0,
      "std_dev": 163331.76695915588
    },
    "wasmtime_app": {
      "mean": 290714445.6666667,
      "median": 290423872.0,
      "min": 290385475.0,
      "max": 291333990.0,
      "std_dev": 536884.5016633776
    }
  },
  "ratelimit": {
    "base_native": {
      "mean": 25940670.5,
      "median": 25936743.5,
      "min": 25918707.0,
      "max": 25979203.0,
      "std_dev": 16460.783059880367
    },
    "wasmtime_app": {
      "mean": 39024988.6,
      "median": 38305074.0,
      "min": 38212930.0,
      "max": 45559319.0,
      "std_dev": 2296373.3851911025
    }
  },
  "seqhash": {
    "base_native": {
      "mean": 7117423759.0,
      "median": 7117423759.0,
      "min": 7117423759.0,
      "max": 7117423759.0,
      "std_dev": 0.0
    },
    "wasmtime_app": {
      "mean": 9666883653.0,
      "median": 9666883653.0,
      "min": 9666883653.0,
      "max": 9666883653.0,
      "std_dev": 0.0
    }
  },
  "sieve": {
    "base_native": {
      "mean": 569223958.5,
      "median": 569223958.5,
      "min": 569177799.0,
      "max": 569270118.0,
      "std_dev": 65279.39093236088
    },
    "wasmtime_app": {
      "mean": 767651712.0,
      "median": 767651712.0,
      "min": 767651712.0,
      "max": 767651712.0,
      "std_dev": 0.0
    }
  },
  "strcat": {
    "base_native": {
      "mean": 65848458.2,
      "median": 65846803.0,
      "min": 65816130.0,
      "max": 65907000.0,
      "std_dev": 23894.289870176097
    },
    "wasmtime_app": {
      "mean": 347078396.5,
      "median": 347078396.5,
      "min": 344624625.0,
      "max": 349532168.0,
      "std_dev": 3470156.934264573
    }
  },
  "strcat2": {
    "base_native": {
      "mean": 2596903.4545454546,
      "median": 2593515.0,
      "min": 2575816.0,
      "max": 2620138.0,
      "std_dev": 15481.035717054827
    },
    "wasmtime_app": {
      "mean": 9443650.0,
      "median": 8512303.5,
      "min": 8476868.0,
      "max": 17811108.0,
      "std_dev": 2940143.6226432505
    }
  },
  "strchr": {
    "base_native": {
      "mean": 155138416.0,
      "median": 155139991.0,
      "min": 155020473.0,
      "max": 155232435.0,
      "std_dev": 78459.89985336458
    },