{
  "ackermann": {
    "base_native": {
      "mean": 3205646.8,
      "median": 2946041.5,
      "min": 2903057.0,
      "max": 5646276.0,
      "std_dev": 857779.7312046437
    },
    "wasmtime_app": {
      "mean": 9111683.1,
      "median": 8487788.0,
      "min": 7969860.0,
      "max": 14356153.0,
      "std_dev": 1952741.1871012645
    }
  },
  "base64": {
    "base_native": {
      "mean": 257152476.0,
      "median": 257436830.0,
      "min": 256508849.0,
      "max": 257511749.0,
      "std_dev": 558654.6343556098
    },
    "wasmtime_app": {
      "mean": 355081928.5,
      "median": 355081928.5,
      "min": 350461816.0,
      "max": 359702041.0,
      "std_dev": 6533825.757189466
    }
  },
  "ctype": {
    "base_native": {
      "mean": 654247913.5,
      "median": 654247913.5,
      "min": 654058678.0,
      "max": 654437149.0,
      "std_dev": 267619.4105824538
    },
    "wasmtime_app": {
      "mean": 908687602.0,
      "median": 908687602.0,
      "min": 908687602.0,
      "max": 908687602.0,
      "std_dev": 0.0
    }
  },
  "ed25519": {
    "base_native": {
      "mean": 1433113813.0,
      "median": 1433113813.0,
      "min": 1433113813.0,
      "max": 1433113813.0,
      "std_dev": 0.0
    },
    "wasmtime_app": {
      "mean": 6758594706.0,
      "median": 6758594706.0,
      "min": 6758594706.0,
      "max": 6758594706.0,
      "std_dev": 0.0
    }
  },
  "fib2": {
    "base_native": {
      "mean": 6955842459.0,
      "median": 6955842459.0,
      "min": 6955842459.0,
      "max": 6955842459.0,
      "std_dev": 0.0
    },
    "wasmtime_app": {
      "mean": 10680448442.0,
      "median": 10680448442.0,
      "min": 10680448442.0,
      "max": 10680448442.0,
      "std_dev": 0.0
    }
  },
  "gimli": {
    "base_native": {
      "mean": 4140086.8,
      "median": 4135864.5,
      "min": 4125490.0,
      "max": 4156713.0,
      "std_dev": 9763.647619841902
    },
    "wasmtime_app": {
      "mean": 9540214.2,
      "median": 9405463.0,
      "min": 9353367.0,
      "max": 10879239.0,
      "std_dev": 471339.66661039676
    }
  },
  "heapsort": {
    "base_native": {
      "mean": 1076379450.0,
      "median": 1076379450.0,
      "min": 1076379450.0,
      "max": 1076379450.0,
      "std_dev": 0.0
    },
    "wasmtime_app": {
      "mean": 1220409114.0,
      "median": 1220409114.0,
      "min": 1220409114.0,
      "max": 1220409114.0,
      "std_dev": 0.0
    }
  },
  "keccak": {
    "base_native": {
      "mean": 7475806.6,
      "median": 7472676.5,
      "min": 7465215.0,
      "max": 7490088.0,
      "std_dev": 8514.351168598945
    },
    "wasmtime_app": {
      "mean": 22859212.9,
      "median": 21317332.0,
      "min": 20998779.0,
      "max": 37039519.0,
      "std_dev": 4984720.644121938
    }
  },
  "matrix": {
    "base_native": {
      "mean": 377885064.5,
      "median": 377885064.5,
      "min": 377884577.0,
      "max": 377885552.0,
      "std_dev": 689.4291116568838
    },
    "wasmtime_app": {
      "mean": 533643898.5,
      "median": 533643898.5,
      "min": 529431708.0,
      "max": 537856089.0,
      "std_dev": 5956936.932399108
    }
  },
  "matrix2": {
    "base_native": {
      "mean": 194264420.75,
      "median": 194256365.0,
      "min": 194248516.0,
      "max": 194296437.0,
      "std_dev": 21731.87216010929
    },
    "wasmtime_app": {
      "mean": 260216054.33333334,
      "median": 257675668.0,
      "min": 257628571.0,
      "max": 265343924.0,
      "std_dev": 4440927.833301542
    }
  },
  "memmove": {
    "base_native": {
      "mean": 47333631.9,
      "median": 47333664.5,
      "min": 47318678.0,
      "max": 47347876.0,
      "std_dev": 8116.09624895012
    },
    "wasmtime_app": {
      "mean": 521167455.0,
      "median": 521167455.0,
      "min": 516447937.0,
      "max": 525886973.0,
      "std_dev": 6674406.363463945
    }
  },
  "minicsv": {
    "base_native": {
      "mean": 741193897.0,
      "median": 741193897.0,
      "min": 741193897.0,
      "max": 741193897.0,
      "std_dev": 0.0
    },
    "wasmtime_app": {
      "mean": 1102362175.0,
      "median": 1102362175.0,
      "min": 1102362175.0,
      "max": 1102362175.0,
      "std_dev": 0.0
    }
  },
  "nestedloop": {
    "base_native": {
      "mean": 1579538.0,
      "median": 1581256.0,
      "min": 1554033.0,
      "max": 1610729.0,
      "std_dev": 15815.195699073724
    },
    "wasmtime_app": {
      "mean": 6299463.4,
      "median": 6214379.0,
      "min": 6168857.0,
      "max": 7124818.0,
      "std_dev": 290919.26492001186
    }
  },
  "nestedloop2": {
    "base_native": {
      "mean": 1601227.0909090908,
      "median": 1590355.0,
      "min": 1550908.0,
      "max": 1707921.0,
      "std_dev": 45521.3193535832
    },
    "wasmtime_app": {
      "mean": 6297856.0,
      "median": 6210842.0,
      "min": 6171932.0,
      "max": 7079146.0,
      "std_dev": 276046.78064334596
    }
  },
  "nestedloop3": {
    "base_native": {
      "mean": 2087190.6363636365,
      "median": 2086468.0,
      "min": 2060545.0,
      "max": 2113666.0,
      "std_dev": 14011.750870413927
    },
    "wasmtime_app": {
      "mean": 6874566.9,
      "median": 6750093.0,
      "min": 6728694.0,
      "max": 7978810.0,
      "std_dev": 388472.58515011217
    }
  },
  "random": {
    "base_native": {
      "mean": 577578685.0,
      "median": 577578685.0,
      "min": 577575585.0,
      "max": 577581785.0,
      "std_dev": 4384.062043356595
    },
    "wasmtime_app": {
      "mean": 290703583.3333333,
      "median": 290430477.0,
      "min": 290393304.0,
      "max": 291286969.0,
      "std_dev": 505568.57599769125
    }
  },
  "random2": {
    "base_native": {
      "mean": 577642568.0,
      "median": 577642568.0,
      "min": 577582985.0,
      "max": 577702151.0,
      "std_dev": 84263.08668687612
    },
    "wasmtime_app": {
      "mean": 290695584.0,
      "median": 290395529.0,
      "min": 290371206.0,
      "max": 291320017.0,
      "std_dev": 540911.5738260737
    }
  },
  "ratelimit": {
    "base_native": {
      "mean": 25934778.1,
      "median": 25931056.0,
      "min": 25923307.0,
      "max": 25951054.0,
      "std_dev": 9453.80257944448
    },
    "wasmtime_app": {
      "mean": 39030214.1,
      "median": 38307845.5,
      "min": 38263361.0,
      "max": 45573091.0,
      "std_dev": 2298999.2890640944
    }
  },
  "seqhash": {
    "base_native": {
      "mean": 7121411600.0,
      "median": 7121411600.0,
      "min": 7121411600.0,
      "max": 7121411600.0,
      "std_dev": 0.0
    },
    "wasmtime_app": {
      "mean": 9675322039.0,
      "median": 9675322039.0,
      "min": 9675322039.0,
      "max": 9675322039.0,
      "std_dev": 0.0
    }
  },
  "sieve": {
    "base_native": {
      "mean": 569241185.0,
      "median": 569241185.0,
      "min": 569226061.0,
      "max": 569256309.0,
      "std_dev": 21388.56591733069
    },
    "wasmtime_app": {
      "mean": 767263869.0,
      "median": 767263869.0,
      "min": 767263869.0,
      "max": 767263869.0,
      "std_dev": 0.0
    }
  },
  "strcat": {
    "base_native": {
      "mean": 65854386.2,
      "median": 65846951.5,
      "min": 65834065.0,
      "max": 65934358.0,
      "std_dev": 29092.345666858833
    },
    "wasmtime_app": {
      "mean": 354205862.5,
      "median": 354205862.5,
      "min": 350204808.0,
      "max": 358206917.0,
      "std_dev": 5658345.537693903
    }
  },
  "strcat2": {
    "base_native": {
      "mean": 2593905.090909091,
      "median": 2591355.0,
      "min": 2579981.0,
      "max": 2613954.0,
      "std_dev": 10768.483908652559
    },
    "wasmtime_app": {
      "mean": 9392556.7,
      "median": 8475213.5,
      "min": 8447728.0,
      "max": 17613183.0,
      "std_dev": 2888656.4657010455
    }
  },
  "strchr": {
    "base_native": {
      "mean": 155019055.8,
      "median": 155069752.0,
      "min": 154833970.0,
      "max": 155119923.0,
      "std_dev": 111986.12965765002
    },