{
  "ackermann": {
    "base_native": {
      "mean": 3010946.0,
      "median": 2876143.0,
      "min": 2832769.0,
      "max": 4402050.0,
      "std_dev": 462481.44945846207
    },
    "wasmtime_app": {
      "mean": 9172893.8,
      "median": 8655407.0,
      "min": 7916901.0,
      "max": 13751328.0,
      "std_dev": 1700485.5933250883
    }
  },
  "base64": {
    "base_native": {
      "mean": 249557055.66666666,
      "median": 249527482.0,
      "min": 249505482.0,
      "max": 249638203.0,
      "std_dev": 71131.33824365554
    },
    "wasmtime_app": {
      "mean": 355044598.0,
      "median": 355044598.0,
      "min": 350386189.0,
      "max": 359703007.0,
      "std_dev": 6587985.1868808875
    }
  },
  "ctype": {
    "base_native": {
      "mean": 653810980.5,
      "median": 653810980.5,
      "min": 653757032.0,
      "max": 653864929.0,
      "std_dev": 76294.70036968491
    },
    "wasmtime_app": {
      "mean": 983561607.0,
      "median": 983561607.0,
      "min": 983561607.0,
      "max": 983561607.0,
      "std_dev": 0.0
    }
  },
  "ed25519": {
    "base_native": {
      "mean": 1434234675.0,
      "median": 1434234675.0,
      "min": 1434234675.0,
      "max": 1434234675.0,
      "std_dev": 0.0
    },
    "wasmtime_app": {
      "mean": 6757962211.0,
      "median": 6757962211.0,
      "min": 6757962211.0,
      "max": 6757962211.0,
      "std_dev": 0.0
    }
  },
  "fib2": {
    "base_native": {
      "mean": 6956607704.0,
      "median": 6956607704.0,
      "min": 6956607704.0,
      "max": 6956607704.0,
      "std_dev": 0.0
    },
    "wasmtime_app": {
      "mean": 10679089224.0,
      "median": 10679089224.0,
      "min": 10679089224.0,
      "max": 10679089224.0,
      "std_dev": 0.0
    }
  },
  "gimli": {
    "base_native": {
      "mean": 4149694.4,
      "median": 4150232.0,
      "min": 4138057.0,
      "max": 4174506.0,
      "std_dev": 10124.403622491109
    },
    "wasmtime_app": {
      "mean": 9429781.0,
      "median": 9305693.5,
      "min": 9194900.0,
      "max": 10800629.0,
      "std_dev": 484629.2411703336
    }
  },
  "heapsort": {
    "base_native": {
      "mean": 1076725301.0,
      "median": 1076725301.0,
      "min": 1076725301.0,
      "max": 1076725301.0,
      "std_dev": 0.0
    },
    "wasmtime_app": {
      "mean": 1220214292.0,
      "median": 1220214292.0,
      "min": 1220214292.0,
      "max": 1220214292.0,
      "std_dev": 0.0
    }
  },
  "keccak": {
    "base_native": {
      "mean": 7485097.5,
      "median": 7484050.0,
      "min": 7469213.0,
      "max": 7500237.0,
      "std_dev": 9129.818073519074
    },
    "wasmtime_app": {
      "mean": 22890814.1,
      "median": 21465191.5,
      "min": 21057741.0,
      "max": 36936393.0,
      "std_dev": 4938023.6068184525
    }
  },
  "matrix": {
    "base_native": {
      "mean": 377921895.0,
      "median": 377921895.0,
      "min": 377920270.0,
      "max": 377923520.0,
      "std_dev": 2298.0970388562796
    },
    "wasmtime_app": {
      "mean": 533851189.0,
      "median": 533851189.0,
      "min": 529740672.0,
      "max": 537961706.0,
      "std_dev": 5813148.889765168
    }
  },
  "matrix2": {
    "base_native": {
      "mean": 194303489.5,
      "median": 194304270.5,
      "min": 194266122.0,
      "max": 194339295.0,
      "std_dev": 31515.521620306397
    },
    "wasmtime_app": {
      "mean": 260244941.66666666,
      "median": 257705302.0,
      "min": 257669004.0,
      "max": 265360519.0,
      "std_dev": 4430257.100461138
    }
  },
  "memmove": {
    "base_native": {
      "mean": 47350265.7,
      "median": 47346920.5,
      "min": 47328159.0,
      "max": 47415981.0,
      "std_dev": 24662.961749014114
    },
    "wasmtime_app": {
      "mean": 520756759.0,
      "median": 520756759.0,
      "min": 516070264.0,
      "max": 525443254.0,
      "std_dev": 6627704.788993699
    }
  },
  "minicsv": {
    "base_native": {
      "mean": 736495713.0,
      "median": 736495713.0,
      "min": 736495713.0,
      "max": 736495713.0,
      "std_dev": 0.0
    },
    "wasmtime_app": {
      "mean": 1103463393.0,
      "median": 1103463393.0,
      "min": 1103463393.0,
      "max": 1103463393.0,
      "std_dev": 0.0
    }
  },
  "nestedloop": {
    "base_native": {
      "mean": 1576925.4545454546,
      "median": 1579380.0,
      "min": 1552781.0,
      "max": 1599654.0,
      "std_dev": 15088.285272777928
    },
    "wasmtime_app": {
      "mean": 6295613.2,
      "median": 6185380.0,
      "min": 6145607.0,
      "max": 7252266.0,
      "std_dev": 337156.61851852236
    }
  },
  "nestedloop2": {
    "base_native": {
      "mean": 1577627.3636363635,
      "median": 1576555.0,
      "min": 1554130.0,
      "max": 1605904.0,
      "std_dev": 19528.219331381588
    },
    "wasmtime_app": {
      "mean": 6232644.7,
      "median": 6151169.5,
      "min": 6130558.0,
      "max": 6947609.0,
      "std_dev": 251895.9219214908
    }
  },
  "nestedloop3": {
    "base_native": {
      "mean": 2091960.7272727273,
      "median": 2085165.0,
      "min": 2074841.0,
      "max": 2131239.0,
      "std_dev": 16514.70452106794
    },
    "wasmtime_app": {
      "mean": 6830428.9,
      "median": 6714685.5,
      "min": 6677975.0,
      "max": 7910527.0,
      "std_dev": 380274.02531871677
    }
  },
  "random": {
    "base_native": {
      "mean": 577657512.5,
      "median": 577657512.5,
      "min": 577640288.0,
      "max": 577674737.0,
      "std_dev": 24359.121505095376
    },
    "wasmtime_app": {
      "mean": 290623426.0,
      "median": 290362200.0,
      "min": 290360950.0,
      "max": 291147128.0,
      "std_dev": 453539.6666533149
    }
  },
  "random2": {
    "base_native": {
      "mean": 577670374.5,
      "median": 577670374.5,
      "min": 577625338.0,
      "max": 577715411.0,
      "std_dev": 63691.229101815894
    },
    "wasmtime_app": {
      "mean": 290695605.6666667,
      "median": 290365750.0,
      "min": 290359226.0,
      "max": 291361841.0,
      "std_dev": 576985.9445258032
    }
  },
  "ratelimit": {
    "base_native": {
      "mean": 25941914.8,
      "median": 25938902.5,
      "min": 25915240.0,
      "max": 26004313.0,
      "std_dev": 23738.568368327895
    },
    "wasmtime_app": {
      "mean": 38998641.9,
      "median": 38274388.0,
      "min": 38239640.0,
      "max": 45485857.0,
      "std_dev": 2279592.423143247
    }
  },
  "seqhash": {
    "base_native": {
      "mean": 7131221008.0,
      "median": 7131221008.0,
      "min": 7131221008.0,
      "max": 7131221008.0,
      "std_dev": 0.0
    },
    "wasmtime_app": {
      "mean": 9677543366.0,
      "median": 9677543366.0,
      "min": 9677543366.0,
      "max": 9677543366.0,
      "std_dev": 0.0
    }
  },
  "sieve": {
    "base_native": {
      "mean": 569254463.0,
      "median": 569254463.0,
      "min": 569224701.0,
      "max": 569284225.0,
      "std_dev": 42089.82404334805
    },
    "wasmtime_app": {
      "mean": 766972723.0,
      "median": 766972723.0,
      "min": 766972723.0,
      "max": 766972723.0,
      "std_dev": 0.0
    }
  },
  "strcat": {
    "base_native": {
      "mean": 65899455.4,
      "median": 65848796.5,
      "min": 65837085.0,
      "max": 66072878.0,
      "std_dev": 86239.97430194422
    },
    "wasmtime_app": {
      "mean": 352752422.5,
      "median": 352752422.5,
      "min": 350237223.0,
      "max": 355267622.0,
      "std_dev": 3557029.2449740274
    }
  },
  "strcat2": {
    "base_native": {
      "mean": 2596878.0,
      "median": 2588001.0,
      "min": 2578001.0,
      "max": 2662324.0,
      "std_dev": 25297.77447919085
    },
    "wasmtime_app": {
      "mean": 9349410.9,
      "median": 8443420.0,
      "min": 8380499.0,
      "max": 17546101.0,
      "std_dev": 2880200.607032258
    }
  },
  "strchr": {
    "base_native": {
      "mean": 154632834.6,
      "median": 154625645.0,
      "min": 154594496.0,
      "max": 154690018.0,
      "std_dev": 36259.86491701259
    },