{
  "ackermann": {
    "base_native": {
      "mean": 2850578.727272727,
      "median": 2843140.0,
      "min": 2836241.0,
      "max": 2896713.0,
      "std_dev": 19438.37978891713
    },
    "wasmtime_app": {
      "mean": 9437326.7,
      "median": 8647230.0,
      "min": 7901241.0,
      "max": 15300307.0,
      "std_dev": 2160323.853498619
    }
  },
  "base64": {
    "base_native": {
      "mean": 249556160.0,
      "median": 249524920.0,
      "min": 249511871.0,
      "max": 249631689.0,
      "std_dev": 65734.62923756398
    },
    "wasmtime_app": {
      "mean": 355029984.0,
      "median": 355029984.0,
      "min": 350386172.0,
      "max": 359673796.0,
      "std_dev": 6567341.911510928
    }
  },
  "ctype": {
    "base_native": {
      "mean": 653747964.0,
      "median": 653747964.0,
      "min": 653714666.0,
      "max": 653781262.0,
      "std_dev": 47090.48319989932
    },
    "wasmtime_app": {
      "mean": 992188229.0,
      "median": 992188229.0,
      "min": 992188229.0,
      "max": 992188229.0,
      "std_dev": 0.0
    }
  },
  "ed25519": {
    "base_native": {
      "mean": 1435399775.0,
      "median": 1435399775.0,
      "min": 1435399775.0,
      "max": 1435399775.0,
      "std_dev": 0.0
    },
    "wasmtime_app": {
      "mean": 6754441965.0,
      "median": 6754441965.0,
      "min": 6754441965.0,
      "max": 6754441965.0,
      "std_dev": 0.0
    }
  },
  "fib2": {
    "base_native": {
      "mean": 6956709096.0,
      "median": 6956709096.0,
      "min": 6956709096.0,
      "max": 6956709096.0,
      "std_dev": 0.0
    },
    "wasmtime_app": {
      "mean": 10665311315.0,
      "median": 10665311315.0,
      "min": 10665311315.0,
      "max": 10665311315.0,
      "std_dev": 0.0
    }
  },
  "gimli": {
    "base_native": {
      "mean": 4151412.4,
      "median": 4147405.5,
      "min": 4137443.0,
      "max": 4177416.0,
      "std_dev": 11844.312495408454
    },
    "wasmtime_app": {
      "mean": 9534019.4,
      "median": 9359033.0,
      "min": 9309173.0,
      "max": 11150233.0,
      "std_dev": 568443.0439765956
    }
  },
  "heapsort": {
    "base_native": {
      "mean": 1076902174.0,
      "median": 1076902174.0,
      "min": 1076902174.0,
      "max": 1076902174.0,
      "std_dev": 0.0
    },
    "wasmtime_app": {
      "mean": 1220971502.0,
      "median": 1220971502.0,
      "min": 1220971502.0,
      "max": 1220971502.0,
      "std_dev": 0.0
    }
  },
  "keccak": {
    "base_native": {
      "mean": 7485076.2,
      "median": 7487681.0,
      "min": 7471782.0,
      "max": 7502205.0,
      "std_dev": 9489.01893769846
    },
    "wasmtime_app": {
      "mean": 22884981.4,
      "median": 21325914.5,
      "min": 21213420.0,
      "max": 37077000.0,
      "std_dev": 4986843.062017943
    }
  },
  "matrix": {
    "base_native": {
      "mean": 377893928.5,
      "median": 377893928.5,
      "min": 377892866.0,
      "max": 377894991.0,
      "std_dev": 1502.6019100214135
    },
    "wasmtime_app": {
      "mean": 533579007.5,
      "median": 533579007.5,
      "min": 529496981.0,
      "max": 537661034.0,
      "std_dev": 5772857.238266377
    }
  },
  "matrix2": {
    "base_native": {
      "mean": 194282803.0,
      "median": 194282434.5,
      "min": 194245161.0,
      "max": 194321182.0,
      "std_dev": 32157.418998835503
    },
    "wasmtime_app": {
      "mean": 260305335.0,
      "median": 257916059.0,
      "min": 257740518.0,
      "max": 265259428.0,
      "std_dev": 4291268.081832805
    }
  },
  "memmove": {
    "base_native": {
      "mean": 47335149.9,
      "median": 47330940.0,
      "min": 47323578.0,
      "max": 47358426.0,
      "std_dev": 10432.90540602718
    },
    "wasmtime_app": {
      "mean": 519675344.5,
      "median": 519675344.5,
      "min": 515348692.0,
      "max": 524001997.0,
      "std_dev": 6118810.645175458
    }
  },
  "minicsv": {
    "base_native": {
      "mean": 726580840.0,
      "median": 726580840.0,
      "min": 726580840.0,
      "max": 726580840.0,
      "std_dev": 0.0
    },
    "wasmtime_app": {
      "mean": 1111685205.0,
      "median": 1111685205.0,
      "min": 1111685205.0,
      "max": 1111685205.0,
      "std_dev": 0.0
    }
  },
  "nestedloop": {
    "base_native": {
      "mean": 1572327.2727272727,
      "median": 1574661.0,
      "min": 1547538.0,
      "max": 1605535.0,
      "std_dev": 16272.433346558277
    },
    "wasmtime_app": {
      "mean": 6274365.0,
      "median": 6182712.0,
      "min": 6161701.0,
      "max": 7111154.0,
      "std_dev": 294396.2386863437
    }
  },
  "nestedloop2": {
    "base_native": {
      "mean": 1578138.4545454546,
      "median": 1579461.0,
      "min": 1554013.0,
      "max": 1592160.0,
      "std_dev": 12826.397260054253
    },
    "wasmtime_app": {
      "mean": 6298238.9,
      "median": 6199024.0,
      "min": 6169800.0,
      "max": 7177126.0,
      "std_dev": 309863.9771198719
    }
  },
  "nestedloop3": {
    "base_native": {
      "mean": 2083312.4545454546,
      "median": 2079933.0,
      "min": 2074708.0,
      "max": 2105032.0,
      "std_dev": 9074.11887032164
    },
    "wasmtime_app": {
      "mean": 6857884.3,
      "median": 6741034.5,
      "min": 6710824.0,
      "max": 7942714.0,
      "std_dev": 381766.8094662121
    }
  },
  "random": {
    "base_native": {
      "mean": 577664556.0,
      "median": 577664556.0,
      "min": 577614671.0,
      "max": 577714441.0,
      "std_dev": 70548.04355898185
    },
    "wasmtime_app": {
      "mean": 290741408.0,
      "median": 290542426.0,
      "min": 290423232.0,
      "max": 291258566.0,
      "std_dev": 451819.76509665884
    }
  },
  "random2": {
    "base_native": {
      "mean": 577776387.0,
      "median": 577776387.0,
      "min": 577634895.0,
      "max": 577917879.0,
      "std_dev": 200099.90536729398
    },
    "wasmtime_app": {
      "mean": 290772839.6666667,
      "median": 290638721.0,
      "min": 290398333.0,
      "max": 291281465.0,
      "std_dev": 456586.67842736427
    }
  },
  "ratelimit": {
    "base_native": {
      "mean": 25946568.5,
      "median": 25943549.0,
      "min": 25923850.0,
      "max": 25987671.0,
      "std_dev": 17218.99681069332
    },
    "wasmtime_app": {
      "mean": 39074635.9,
      "median": 38328577.0,
      "min": 38281592.0,
      "max": 45684633.0,
      "std_dev": 2323700.8955791215
    }
  },
  "seqhash": {
    "base_native": {
      "mean": 7126409605.0,
      "median": 7126409605.0,
      "min": 7126409605.0,
      "max": 7126409605.0,
      "std_dev": 0.0
    },
    "wasmtime_app": {
      "mean": 9688878922.0,
      "median": 9688878922.0,
      "min": 9688878922.0,
      "max": 9688878922.0,
      "std_dev": 0.0
    }
  },
  "sieve": {
    "base_native": {
      "mean": 569325547.5,
      "median": 569325547.5,
      "min": 569318510.0,
      "max": 569332585.0,
      "std_dev": 9952.527945200656
    },
    "wasmtime_app": {
      "mean": 767393037.0,
      "median": 767393037.0,
      "min": 767393037.0,
      "max": 767393037.0,
      "std_dev": 0.0
    }
  },
  "strcat": {
    "base_native": {
      "mean": 65877595.4,
      "median": 65865928.5,
      "min": 65842617.0,
      "max": 65998259.0,
      "std_dev": 44421.748442751676
    },
    "wasmtime_app": {
      "mean": 352856852.0,
      "median": 352856852.0,
      "min": 350391472.0,
      "max": 355322232.0,
      "std_dev": 3486573.832403381
    }
  },
  "strcat2": {
    "base_native": {
      "mean": 2608808.1818181816,
      "median": 2602829.0,
      "min": 2584930.0,
      "max": 2640527.0,
      "std_dev": 15821.581196695744
    },
    "wasmtime_app": {
      "mean": 9446431.1,
      "median": 8501412.0,
      "min": 8487163.0,
      "max": 17944579.0,
      "std_dev": 2985972.819823511
    }
  },
  "strchr": {
    "base_native": {
      "mean": 155073527.0,
      "median": 155072452.0,
      "min": 155040204.0,
      "max": 155105625.0,
      "std_dev": 26328.619931549772
    },