{
  "ackermann": {
    "base_native": {
      "mean": 3235244.3,
      "median": 2926096.5,
      "min": 2898236.0,
      "max": 6023734.0,
      "std_dev": 979991.392995316
    },
    "wasmtime_app": {
      "mean": 8938039.2,
      "median": 8780504.5,
      "min": 8073703.0,
      "max": 12915675.0,
      "std_dev": 1438627.7702725995
    }
  },
  "base64": {
    "base_native": {
      "mean": 257394245.0,
      "median": 257429243.0,
      "min": 257252503.0,
      "max": 257500989.0,
      "std_dev": 127886.54367055198
    },
    "wasmtime_app": {
      "mean": 357848189.0,
      "median": 357848189.0,
      "min": 350495187.0,
      "max": 365201191.0,
      "std_dev": 10398715.152556492
    }
  },
  "ctype": {
    "base_native": {
      "mean": 654500165.5,
      "median": 654500165.5,
      "min": 654350486.0,
      "max": 654649845.0,
      "std_dev": 211678.77890922368
    },
    "wasmtime_app": {
      "mean": 986669652.0,
      "median": 986669652.0,
      "min": 986669652.0,
      "max": 986669652.0,
      "std_dev": 0.0
    }
  },
  "ed25519": {
    "base_native": {
      "mean": 1433396984.0,
      "median": 1433396984.0,
      "min": 1433396984.0,
      "max": 1433396984.0,
      "std_dev": 0.0
    },
    "wasmtime_app": {
      "mean": 6759696374.0,
      "median": 6759696374.0,
      "min": 6759696374.0,
      "max": 6759696374.0,
      "std_dev": 0.0
    }
  },
  "fib2": {
    "base_native": {
      "mean": 6956540253.0,
      "median": 6956540253.0,
      "min": 6956540253.0,
      "max": 6956540253.0,
      "std_dev": 0.0
    },
    "wasmtime_app": {
      "mean": 10707113560.0,
      "median": 10707113560.0,
      "min": 10707113560.0,
      "max": 10707113560.0,
      "std_dev": 0.0
    }
  },
  "gimli": {
    "base_native": {
      "mean": 4161012.0,
      "median": 4159827.5,
      "min": 4136966.0,
      "max": 4186163.0,
      "std_dev": 15836.087641137181
    },
    "wasmtime_app": {
      "mean": 9535903.7,
      "median": 9395188.5,
      "min": 9350341.0,
      "max": 10865514.0,
      "std_dev": 467608.3285968314
    }
  },
  "heapsort": {
    "base_native": {
      "mean": 1076635573.0,
      "median": 1076635573.0,
      "min": 1076635573.0,
      "max": 1076635573.0,
      "std_dev": 0.0
    },
    "wasmtime_app": {
      "mean": 1220604259.0,
      "median": 1220604259.0,
      "min": 1220604259.0,
      "max": 1220604259.0,
      "std_dev": 0.0
    }
  },
  "keccak": {
    "base_native": {
      "mean": 7492024.3,
      "median": 7491589.5,
      "min": 7473028.0,
      "max": 7510501.0,
      "std_dev": 11411.75762146704
    },
    "wasmtime_app": {
      "mean": 22792963.3,
      "median": 21190464.5,
      "min": 21027025.0,
      "max": 37194655.0,
      "std_dev": 5061140.000925112
    }
  },
  "matrix": {
    "base_native": {
      "mean": 377992536.5,
      "median": 377992536.5,
      "min": 377949814.0,
      "max": 378035259.0,
      "std_dev": 60418.73891848455
    },
    "wasmtime_app": {
      "mean": 533590187.0,
      "median": 533590187.0,
      "min": 529442268.0,
      "max": 537738106.0,
      "std_dev": 5866043.305425046
    }
  },
  "matrix2": {
    "base_native": {
      "mean": 194282469.75,
      "median": 194278207.5,
      "min": 194258009.0,
      "max": 194315455.0,
      "std_dev": 23966.556968339584
    },
    "wasmtime_app": {
      "mean": 260223384.33333334,
      "median": 257687598.0,
      "min": 257678548.0,
      "max": 265304007.0,
      "std_dev": 4399950.623178666
    }
  },
  "memmove": {
    "base_native": {
      "mean": 47346739.3,
      "median": 47348052.0,
      "min": 47321753.0,
      "max": 47383650.0,
      "std_dev": 17964.200727805535
    },
    "wasmtime_app": {
      "mean": 520692085.5,
      "median": 520692085.5,
      "min": 515986279.0,
      "max": 525397892.0,
      "std_dev": 6655015.374203466
    }
  },
  "minicsv": {
    "base_native": {
      "mean": 728604520.0,
      "median": 728604520.0,
      "min": 728604520.0,
      "max": 728604520.0,
      "std_dev": 0.0
    },
    "wasmtime_app": {
      "mean": 1106784992.0,
      "median": 1106784992.0,
      "min": 1106784992.0,
      "max": 1106784992.0,
      "std_dev": 0.0
    }
  },
  "nestedloop": {
    "base_native": {
      "mean": 1594913.9090909092,
      "median": 1598409.0,
      "min": 1563411.0,
      "max": 1620633.0,
      "std_dev": 19265.143391392372
    },
    "wasmtime_app": {
      "mean": 6286763.6,
      "median": 6192642.5,
      "min": 6178231.0,
      "max": 7119892.0,
      "std_dev": 292980.1653006565
    }
  },
  "nestedloop2": {
    "base_native": {
      "mean": 1586234.8181818181,
      "median": 1590010.0,
      "min": 1560811.0,
      "max": 1601959.0,
      "std_dev": 14474.198277059644
    },
    "wasmtime_app": {
      "mean": 6248038.7,
      "median": 6172831.0,
      "min": 6113810.0,
      "max": 7020024.0,
      "std_dev": 273173.51269357075
    }
  },
  "nestedloop3": {
    "base_native": {
      "mean": 2094001.7272727273,
      "median": 2093781.0,
      "min": 2079507.0,
      "max": 2105656.0,
      "std_dev": 7611.9518008314935
    },
    "wasmtime_app": {
      "mean": 6832991.7,
      "median": 6719144.5,
      "min": 6667023.0,
      "max": 7930737.0,
      "std_dev": 386738.82060494006
    }
  },
  "random": {
    "base_native": {
      "mean": 577625242.5,
      "median": 577625242.5,
      "min": 577604594.0,
      "max": 577645891.0,
      "std_dev": 29201.388742660853
    },
    "wasmtime_app": {
      "mean": 290725585.3333333,
      "median": 290424106.0,
      "min": 290415581.0,
      "max": 291337069.0,
      "std_dev": 529577.5437613772
    }
  },
  "random2": {
    "base_native": {
      "mean": 577800707.5,
      "median": 577800707.5,
      "min": 577707088.0,
      "max": 577894327.0,
      "std_dev": 132397.96660258799
    },
    "wasmtime_app": {
      "mean": 290709636.0,
      "median": 290427505.0,
      "min": 290403457.0,
      "max": 291297946.0,
      "std_dev": 509633.268783544
    }
  },
  "ratelimit": {
    "base_native": {
      "mean": 25936425.3,
      "median": 25934173.0,
      "min": 25899387.0,
      "max": 25983633.0,
      "std_dev": 23350.63863533025
    },
    "wasmtime_app": {
      "mean": 39065481.2,
      "median": 38348264.5,
      "min": 38308205.0,
      "max": 45580413.0,
      "std_dev": 2289204.7200050256
    }
  },
  "seqhash": {
    "base_native": {
      "mean": 7135500301.0,
      "median": 7135500301.0,
      "min": 7135500301.0,
      "max": 7135500301.0,
      "std_dev": 0.0
    },
    "wasmtime_app": {
      "mean": 9699733810.0,
      "median": 9699733810.0,
      "min": 9699733810.0,
      "max": 9699733810.0,
      "std_dev": 0.0
    }
  },
  "sieve": {
    "base_native": {
      "mean": 569305362.5,
      "median": 569305362.5,
      "min": 569279839.0,
      "max": 569330886.0,
      "std_dev": 36095.67985922969
    },
    "wasmtime_app": {
      "mean": 766899761.0,
      "median": 766899761.0,
      "min": 766899761.0,
      "max": 766899761.0,
      "std_dev": 0.0
    }
  },
  "strcat": {
    "base_native": {
      "mean": 65869911.2,
      "median": 65861694.5,
      "min": 65839408.0,
      "max": 65924003.0,
      "std_dev": 28191.798463777053
    },
    "wasmtime_app": {
      "mean": 352801406.0,
      "median": 352801406.0,
      "min": 350257203.0,
      "max": 355345609.0,
      "std_dev": 3598046.3880303157
    }
  },
  "strcat2": {
    "base_native": {
      "mean": 2604791.090909091,
      "median": 2602503.0,
      "min": 2588103.0,
      "max": 2626276.0,
      "std_dev": 11176.07745548093
    },
    "wasmtime_app": {
      "mean": 9449804.4,
      "median": 8541958.5,
      "min": 8503649.0,
      "max": 17632980.0,
      "std_dev": 2875348.623047925
    }
  },
  "strchr": {
    "base_native": {
      "mean": 155078735.4,
      "median": 155128293.0,
      "min": 154849733.0,
      "max": 155208788.0,
      "std_dev": 139812.06965172928
    },