{
  "ackermann": {
    "base_native": {
      "mean": 3357303.3,
      "median": 2821454.0,
      "min": 2801505.0,
      "max": 8189272.0,
      "std_dev": 1697858.2934358509
    },
    "wasmtime_app": {
      "mean": 9253420.2,
      "median": 8992395.5,
      "min": 7964231.0,
      "max": 13079405.0,
      "std_dev": 1457858.2056074054
    }
  },
  "base64": {
    "base_native": {
      "mean": 249530788.33333334,
      "median": 249490048.0,
      "min": 249484848.0,
      "max": 249617469.0,
      "std_dev": 75112.6719025048
    },
    "wasmtime_app": {
      "mean": 355068000.5,
      "median": 355068000.5,
      "min": 350428336.0,
      "max": 359707665.0,
      "std_dev": 6561476.460760985
    }
  },
  "ctype": {
    "base_native": {
      "mean": 653981633.5,
      "median": 653981633.5,
      "min": 653647307.0,
      "max": 654315960.0,
      "std_dev": 472809.07056072855
    },
    "wasmtime_app": {
      "mean": 877388462.0,
      "median": 877388462.0,
      "min": 877388462.0,
      "max": 877388462.0,
      "std_dev": 0.0
    }
  },
  "ed25519": {
    "base_native": {
      "mean": 1432976707.0,
      "median": 1432976707.0,
      "min": 1432976707.0,
      "max": 1432976707.0,
      "std_dev": 0.0
    },
    "wasmtime_app": {
      "mean": 6739803856.0,
      "median": 6739803856.0,
      "min": 6739803856.0,
      "max": 6739803856.0,
      "std_dev": 0.0
    }
  },
  "fib2": {
    "base_native": {
      "mean": 6956167034.0,
      "median": 6956167034.0,
      "min": 6956167034.0,
      "max": 6956167034.0,
      "std_dev": 0.0
    },
    "wasmtime_app": {
      "mean": 10672970837.0,
      "median": 10672970837.0,
      "min": 10672970837.0,
      "max": 10672970837.0,
      "std_dev": 0.0
    }
  },
  "gimli": {
    "base_native": {
      "mean": 4146714.0,
      "median": 4147109.0,
      "min": 4119910.0,
      "max": 4166183.0,
      "std_dev": 13020.468723428423
    },
    "wasmtime_app": {
      "mean": 9474037.1,
      "median": 9327600.5,
      "min": 9305402.0,
      "max": 10787865.0,
      "std_dev": 461996.73823727126
    }
  },
  "heapsort": {
    "base_native": {
      "mean": 1076296215.0,
      "median": 1076296215.0,
      "min": 1076296215.0,
      "max": 1076296215.0,
      "std_dev": 0.0
    },
    "wasmtime_app": {
      "mean": 1220380486.0,
      "median": 1220380486.0,
      "min": 1220380486.0,
      "max": 1220380486.0,
      "std_dev": 0.0
    }
  },
  "keccak": {
    "base_native": {
      "mean": 7478811.1,
      "median": 7480446.0,
      "min": 7454472.0,
      "max": 7492246.0,
      "std_dev": 9738.09284830568
    },
    "wasmtime_app": {
      "mean": 22884895.8,
      "median": 21350206.0,
      "min": 21021813.0,
      "max": 37019322.0,
      "std_dev": 4969406.383541528
    }
  },
  "matrix": {
    "base_native": {
      "mean": 377865212.0,
      "median": 377865212.0,
      "min": 377856275.0,
      "max": 377874149.0,
      "std_dev": 12638.82660692835
    },
    "wasmtime_app": {
      "mean": 533529702.5,
      "median": 533529702.5,
      "min": 529502702.0,
      "max": 537556703.0,
      "std_dev": 5695038.722783235
    }
  },
  "matrix2": {
    "base_native": {
      "mean": 194264962.5,
      "median": 194264881.5,
      "min": 194246169.0,
      "max": 194283918.0,
      "std_dev": 15584.421249012317
    },
    "wasmtime_app": {
      "mean": 260207876.0,
      "median": 257671342.0,
      "min": 257652193.0,
      "max": 265300093.0,
      "std_dev": 4409999.677139103
    }
  },
  "memmove": {
    "base_native": {
      "mean": 47328101.4,
      "median": 47321371.5,
      "min": 47308397.0,
      "max": 47361520.0,
      "std_dev": 17455.942045936998
    },
    "wasmtime_app": {
      "mean": 519196657.5,
      "median": 519196657.5,
      "min": 513762077.0,
      "max": 524631238.0,
      "std_dev": 7685657.448908356
    }
  },
  "minicsv": {
    "base_native": {
      "mean": 722966609.0,
      "median": 722966609.0,
      "min": 722966609.0,
      "max": 722966609.0,
      "std_dev": 0.0
    },
    "wasmtime_app": {
      "mean": 1103144257.0,
      "median": 1103144257.0,
      "min": 1103144257.0,
      "max": 1103144257.0,
      "std_dev": 0.0
    }
  },
  "nestedloop": {
    "base_native": {
      "mean": 1564444.1818181819,
      "median": 1565821.0,
      "min": 1535447.0,
      "max": 1584821.0,
      "std_dev": 18122.25398132463
    },
    "wasmtime_app": {
      "mean": 6310135.9,
      "median": 6199297.5,
      "min": 6173311.0,
      "max": 7270422.0,
      "std_dev": 338439.397514024
    }
  },
  "nestedloop2": {
    "base_native": {
      "mean": 1561394.1818181819,
      "median": 1565371.0,
      "min": 1537797.0,
      "max": 1574921.0,
      "std_dev": 13946.943549166475
    },
    "wasmtime_app": {
      "mean": 6288716.9,
      "median": 6197947.5,
      "min": 6155062.0,
      "max": 7086858.0,
      "std_dev": 282134.898404784
    }
  },
  "nestedloop3": {
    "base_native": {
      "mean": 2074844.9090909092,
      "median": 2073454.0,
      "min": 2067554.0,
      "max": 2091029.0,
      "std_dev": 6514.851041344622
    },
    "wasmtime_app": {
      "mean": 6863523.3,
      "median": 6742828.0,
      "min": 6710855.0,
      "max": 7921908.0,
      "std_dev": 372680.1900012186
    }
  },
  "random": {
    "base_native": {
      "mean": 577603670.5,
      "median": 577603670.5,
      "min": 577574809.0,
      "max": 577632532.0,
      "std_dev": 40816.324730431086
    },
    "wasmtime_app": {
      "mean": 290684933.0,
      "median": 290404441.0,
      "min": 290378093.0,
      "max": 291272265.0,
      "std_dev": 508815.008567947
    }
  },
  "random2": {
    "base_native": {
      "mean": 577642007.0,
      "median": 577642007.0,
      "min": 577585584.0,
      "max": 577698430.0,
      "std_dev": 79794.17182977714
    },
    "wasmtime_app": {
      "mean": 290693299.6666667,
      "median": 290390517.0,
      "min": 290385168.0,
      "max": 291304214.0,
      "std_dev": 529074.0921216359
    }
  },
  "ratelimit": {
    "base_native": {
      "mean": 25965937.4,
      "median": 25942271.0,
      "min": 25925421.0,
      "max": 26197612.0,
      "std_dev": 82023.30489860116
    },
    "wasmtime_app": {
      "mean": 39030701.0,
      "median": 38318558.0,
      "min": 38271023.0,
      "max": 45537446.0,
      "std_dev": 2286346.5882279915
    }
  },
  "seqhash": {
    "base_native": {
      "mean": 7124363162.0,
      "median": 7124363162.0,
      "min": 7124363162.0,
      "max": 7124363162.0,
      "std_dev": 0.0
    },
    "wasmtime_app": {
      "mean": 9696875556.0,
      "median": 9696875556.0,
      "min": 9696875556.0,
      "max": 9696875556.0,
      "std_dev": 0.0
    }
  },
  "sieve": {
    "base_native": {
      "mean": 569191355.5,
      "median": 569191355.5,
      "min": 569159769.0,
      "max": 569222942.0,
      "std_dev": 44670.05668789777
    },
    "wasmtime_app": {
      "mean": 766963708.0,
      "median": 766963708.0,
      "min": 766963708.0,
      "max": 766963708.0,
      "std_dev": 0.0
    }
  },
  "strcat": {
    "base_native": {
      "mean": 65861785.9,
      "median": 65848431.5,
      "min": 65832094.0,
      "max": 65965940.0,
      "std_dev": 41249.30038315801
    },
    "wasmtime_app": {
      "mean": 352688015.0,
      "median": 352688015.0,
      "min": 350150077.0,
      "max": 355225953.0,
      "std_dev": 3589186.3400620483
    }
  },
  "strcat2": {
    "base_native": {
      "mean": 2595789.090909091,
      "median": 2591812.0,
      "min": 2583562.0,
      "max": 2620636.0,
      "std_dev": 11291.645490844508
    },
    "wasmtime_app": {
      "mean": 9405891.2,
      "median": 8506086.5,
      "min": 8427254.0,
      "max": 17624913.0,
      "std_dev": 2888001.832176081
    }
  },
  "strchr": {
    "base_native": {
      "mean": 155127584.6,
      "median": 155151394.0,
      "min": 155040323.0,
      "max": 155195367.0,
      "std_dev": 65508.59224788761
    },