{
  "ackermann": {
    "base_native": {
      "mean": 3262942.6,
      "median": 2833460.5,
      "min": 2803950.0,
      "max": 7157716.0,
      "std_dev": 1368598.897967975
    },
    "wasmtime_app": {
      "mean": 9496053.8,
      "median": 9246785.0,
      "min": 8213840.0,
      "max": 12686049.0,
      "std_dev": 1248150.4953992972
    }
  },
  "base64": {
    "base_native": {
      "mean": 249510003.0,
      "median": 249494454.0,
      "min": 249489355.0,
      "max": 249546200.0,
      "std_dev": 31451.02632665586
    },
    "wasmtime_app": {
      "mean": 364800076.0,
      "median": 364800076.0,
      "min": 358421416.0,
      "max": 371178736.0,
      "std_dev": 9020787.481766766
    }
  },
  "ctype": {
    "base_native": {
      "mean": 653706170.0,
      "median": 653706170.0,
      "min": 653695671.0,
      "max": 653716669.0,
      "std_dev": 14847.828191355125
    },
    "wasmtime_app": {
      "mean": 979967654.0,
      "median": 979967654.0,
      "min": 979967654.0,
      "max": 979967654.0,
      "std_dev": 0.0
    }
  },
  "ed25519": {
    "base_native": {
      "mean": 1433246753.0,
      "median": 1433246753.0,
      "min": 1433246753.0,
      "max": 1433246753.0,
      "std_dev": 0.0
    },
    "wasmtime_app": {
      "mean": 6754914830.0,
      "median": 6754914830.0,
      "min": 6754914830.0,
      "max": 6754914830.0,
      "std_dev": 0.0
    }
  },
  "fib2": {
    "base_native": {
      "mean": 6956305528.0,
      "median": 6956305528.0,
      "min": 6956305528.0,
      "max": 6956305528.0,
      "std_dev": 0.0
    },
    "wasmtime_app": {
      "mean": 10694981481.0,
      "median": 10694981481.0,
      "min": 10694981481.0,
      "max": 10694981481.0,
      "std_dev": 0.0
    }
  },
  "gimli": {
    "base_native": {
      "mean": 4137655.7,
      "median": 4137256.0,
      "min": 4115657.0,
      "max": 4155104.0,
      "std_dev": 11732.347771581499
    },
    "wasmtime_app": {
      "mean": 9507158.2,
      "median": 9361627.5,
      "min": 9331092.0,
      "max": 10837494.0,
      "std_dev": 467716.02711588435
    }
  },
  "heapsort": {
    "base_native": {
      "mean": 1076915787.0,
      "median": 1076915787.0,
      "min": 1076915787.0,
      "max": 1076915787.0,
      "std_dev": 0.0
    },
    "wasmtime_app": {
      "mean": 1220436724.0,
      "median": 1220436724.0,
      "min": 1220436724.0,
      "max": 1220436724.0,
      "std_dev": 0.0
    }
  },
  "keccak": {
    "base_native": {
      "mean": 7483427.9,
      "median": 7474593.5,
      "min": 7458645.0,
      "max": 7524765.0,
      "std_dev": 23005.377624711044
    },
    "wasmtime_app": {
      "mean": 22894728.9,
      "median": 21361258.5,
      "min": 21189470.0,
      "max": 37101909.0,
      "std_dev": 4992536.112647769
    }
  },
  "matrix": {
    "base_native": {
      "mean": 377898047.0,
      "median": 377898047.0,
      "min": 377890210.0,
      "max": 377905884.0,
      "std_dev": 11083.191688317946
    },
    "wasmtime_app": {
      "mean": 533807111.5,
      "median": 533807111.5,
      "min": 529461132.0,
      "max": 538153091.0,
      "std_dev": 6146143.150695442
    }
  },
  "matrix2": {
    "base_native": {
      "mean": 194265976.75,
      "median": 194256690.0,
      "min": 194247803.0,
      "max": 194302724.0,
      "std_dev": 25232.916073718738
    },
    "wasmtime_app": {
      "mean": 260221176.0,
      "median": 257692599.0,
      "min": 257630178.0,
      "max": 265340751.0,
      "std_dev": 4433791.856952579
    }
  },
  "memmove": {
    "base_native": {
      "mean": 47339997.2,
      "median": 47335175.0,
      "min": 47317639.0,
      "max": 47386534.0,
      "std_dev": 19573.762278451562
    },
    "wasmtime_app": {
      "mean": 520036657.5,
      "median": 520036657.5,
      "min": 514917703.0,
      "max": 525155612.0,
      "std_dev": 7239294.879070786
    }
  },
  "minicsv": {
    "base_native": {
      "mean": 733134554.0,
      "median": 733134554.0,
      "min": 733134554.0,
      "max": 733134554.0,
      "std_dev": 0.0
    },
    "wasmtime_app": {
      "mean": 1102046681.0,
      "median": 1102046681.0,
      "min": 1102046681.0,
      "max": 1102046681.0,
      "std_dev": 0.0
    }
  },
  "nestedloop": {
    "base_native": {
      "mean": 1571912.8181818181,
      "median": 1576638.0,
      "min": 1545440.0,
      "max": 1594236.0,
      "std_dev": 17394.458225642913
    },
    "wasmtime_app": {
      "mean": 6292337.5,
      "median": 6189872.0,
      "min": 6169973.0,
      "max": 7170208.0,
      "std_dev": 309203.3357403255
    }
  },
  "nestedloop2": {
    "base_native": {
      "mean": 1572137.9090909092,
      "median": 1576413.0,
      "min": 1549089.0,
      "max": 1588387.0,
      "std_dev": 14849.280483946322
    },
    "wasmtime_app": {
      "mean": 6317603.2,
      "median": 6197133.5,
      "min": 6185272.0,
      "max": 7333697.0,
      "std_dev": 357572.05441290664
    }
  },
  "nestedloop3": {
    "base_native": {
      "mean": 2078590.4545454546,
      "median": 2076727.0,
      "min": 2057778.0,
      "max": 2118649.0,
      "std_dev": 17024.157467338206
    },
    "wasmtime_app": {
      "mean": 6862672.6,
      "median": 6732936.0,
      "min": 6712288.0,
      "max": 7957456.0,
      "std_dev": 385206.94323850854
    }
  },
  "random": {
    "base_native": {
      "mean": 577687656.5,
      "median": 577687656.5,
      "min": 577603550.0,
      "max": 577771763.0,
      "std_dev": 118944.55298373272
    },
    "wasmtime_app": {
      "mean": 290649519.6666667,
      "median": 290386695.0,
      "min": 290316775.0,
      "max": 291245089.0,
      "std_dev": 516961.6278848299
    }
  },
  "random2": {
    "base_native": {
      "mean": 577674245.0,
      "median": 577674245.0,
      "min": 577672945.0,
      "max": 577675545.0,
      "std_dev": 1838.4776310850236
    },
    "wasmtime_app": {
      "mean": 290705924.6666667,
      "median": 290396745.0,
      "min": 290379971.0,
      "max": 291341058.0,
      "std_dev": 550105.5399669533
    }
  },
  "ratelimit": {
    "base_native": {
      "mean": 25922033.4,
      "median": 25922221.0,
      "min": 25906335.0,
      "max": 25940407.0,
      "std_dev": 11999.450257778015
    },
    "wasmtime_app": {
      "mean": 39001575.5,
      "median": 38277133.0,
      "min": 38264458.0,
      "max": 45512362.0,
      "std_dev": 2287690.9550494235
    }
  },
  "seqhash": {
    "base_native": {
      "mean": 7113940057.0,
      "median": 7113940057.0,
      "min": 7113940057.0,
      "max": 7113940057.0,
      "std_dev": 0.0
    },
    "wasmtime_app": {
      "mean": 9699679550.0,
      "median": 9699679550.0,
      "min": 9699679550.0,
      "max": 9699679550.0,
      "std_dev": 0.0
    }
  },
  "sieve": {
    "base_native": {
      "mean": 569235932.0,
      "median": 569235932.0,
      "min": 569181173.0,
      "max": 569290691.0,
      "std_dev": 77440.92046198831
    },
    "wasmtime_app": {
      "mean": 767516459.0,
      "median": 767516459.0,
      "min": 767516459.0,
      "max": 767516459.0,
      "std_dev": 0.0
    }
  },
  "strcat": {
    "base_native": {
      "mean": 65857804.6,
      "median": 65852410.0,
      "min": 65835049.0,
      "max": 65937566.0,
      "std_dev": 30212.57813560438
    },
    "wasmtime_app": {
      "mean": 352696576.5,
      "median": 352696576.5,
      "min": 350173703.0,
      "max": 355219450.0,
      "std_dev": 3567881.9198516784
    }
  },
  "strcat2": {
    "base_native": {
      "mean": 2596521.8181818184,
      "median": 2597315.0,
      "min": 2578841.0,
      "max": 2611764.0,
      "std_dev": 11094.304933777346
    },
    "wasmtime_app": {
      "mean": 9402427.5,
      "median": 8477923.0,
      "min": 8458274.0,
      "max": 17703997.0,
      "std_dev": 2916928.260587278
    }
  },
  "strchr": {
    "base_native": {
      "mean": 154510705.4,
      "median": 154565821.0,
      "min": 154248969.0,
      "max": 154634317.0,
      "std_dev": 154803.83676382186
    },