{
  "ackermann": {
    "base_native": {
      "mean": 3160869.3,
      "median": 2848945.0,
      "min": 2814809.0,
      "max": 6077871.0,
      "std_dev": 1025073.5502744342
    },
    "wasmtime_app": {
      "mean": 9307193.1,
      "median": 8810083.0,
      "min": 8090555.0,
      "max": 13684311.0,
      "std_dev": 1633133.1261030096
    }
  },
  "base64": {
    "base_native": {
      "mean": 249513405.0,
      "median": 249486856.0,
      "min": 249475707.0,
      "max": 249577652.0,
      "std_dev": 55918.09015873128
    },
    "wasmtime_app": {
      "mean": 356647648.0,
      "median": 356647648.0,
      "min": 350449648.0,
      "max": 362845648.0,
      "std_dev": 8765295.659588443
    }
  },
  "ctype": {
    "base_native": {
      "mean": 654399498.5,
      "median": 654399498.5,
      "min": 654121450.0,
      "max": 654677547.0,
      "std_dev": 393219.9596974955
    },
    "wasmtime_app": {
      "mean": 983034663.0,
      "median": 983034663.0,
      "min": 983034663.0,
      "max": 983034663.0,
      "std_dev": 0.0
    }
  },
  "ed25519": {
    "base_native": {
      "mean": 1433019728.0,
      "median": 1433019728.0,
      "min": 1433019728.0,
      "max": 1433019728.0,
      "std_dev": 0.0
    },
    "wasmtime_app": {
      "mean": 6737010530.0,
      "median": 6737010530.0,
      "min": 6737010530.0,
      "max": 6737010530.0,
      "std_dev": 0.0
    }
  },
  "fib2": {
    "base_native": {
      "mean": 6956116213.0,
      "median": 6956116213.0,
      "min": 6956116213.0,
      "max": 6956116213.0,
      "std_dev": 0.0
    },
    "wasmtime_app": {
      "mean": 10673000666.0,
      "median": 10673000666.0,
      "min": 10673000666.0,
      "max": 10673000666.0,
      "std_dev": 0.0
    }
  },
  "gimli": {
    "base_native": {
      "mean": 4139205.5,
      "median": 4138155.5,
      "min": 4122669.0,
      "max": 4165517.0,
      "std_dev": 11432.36567576652
    },
    "wasmtime_app": {
      "mean": 9538616.1,
      "median": 9372741.0,
      "min": 9321443.0,
      "max": 11072215.0,
      "std_dev": 539489.7086660175
    }
  },
  "heapsort": {
    "base_native": {
      "mean": 1076532132.0,
      "median": 1076532132.0,
      "min": 1076532132.0,
      "max": 1076532132.0,
      "std_dev": 0.0
    },
    "wasmtime_app": {
      "mean": 1220458006.0,
      "median": 1220458006.0,
      "min": 1220458006.0,
      "max": 1220458006.0,
      "std_dev": 0.0
    }
  },
  "keccak": {
    "base_native": {
      "mean": 7485008.7,
      "median": 7484926.5,
      "min": 7461152.0,
      "max": 7505350.0,
      "std_dev": 16462.058532341034
    },
    "wasmtime_app": {
      "mean": 22912591.4,
      "median": 21341191.5,
      "min": 21214858.0,
      "max": 37268272.0,
      "std_dev": 5044385.6336114295
    }
  },
  "matrix": {
    "base_native": {
      "mean": 377909376.0,
      "median": 377909376.0,
      "min": 377893627.0,
      "max": 377925125.0,
      "std_dev": 22272.449393813873
    },
    "wasmtime_app": {
      "mean": 533631357.5,
      "median": 533631357.5,
      "min": 529648578.0,
      "max": 537614137.0,
      "std_dev": 5632500.784841535
    }
  },
  "matrix2": {
    "base_native": {
      "mean": 194285978.0,
      "median": 194282797.0,
      "min": 194271985.0,
      "max": 194306333.0,
      "std_dev": 15708.204692665126
    },
    "wasmtime_app": {
      "mean": 260247326.66666666,
      "median": 257722978.0,
      "min": 257690254.0,
      "max": 265328748.0,
      "std_dev": 4400670.379633691
    }
  },
  "memmove": {
    "base_native": {
      "mean": 47331848.8,
      "median": 47331376.5,
      "min": 47314015.0,
      "max": 47348138.0,
      "std_dev": 11072.31303547527
    },
    "wasmtime_app": {
      "mean": 520350834.0,
      "median": 520350834.0,
      "min": 515120867.0,
      "max": 525580801.0,
      "std_dev": 7396290.2621637285
    }
  },
  "minicsv": {
    "base_native": {
      "mean": 724712804.0,
      "median": 724712804.0,
      "min": 724712804.0,
      "max": 724712804.0,
      "std_dev": 0.0
    },
    "wasmtime_app": {
      "mean": 1104832178.0,
      "median": 1104832178.0,
      "min": 1104832178.0,
      "max": 1104832178.0,
      "std_dev": 0.0
    }
  },
  "nestedloop": {
    "base_native": {
      "mean": 1577616.3636363635,
      "median": 1581871.0,
      "min": 1550247.0,
      "max": 1595695.0,
      "std_dev": 13955.452943367532
    },
    "wasmtime_app": {
      "mean": 6308356.2,
      "median": 6213136.5,
      "min": 6183562.0,
      "max": 7163558.0,
      "std_dev": 300975.0563831568
    }
  },
  "nestedloop2": {
    "base_native": {
      "mean": 1578793.4545454546,
      "median": 1583696.0,
      "min": 1555272.0,
      "max": 1593395.0,
      "std_dev": 13309.072509860605
    },
    "wasmtime_app": {
      "mean": 6318191.0,
      "median": 6228998.5,
      "min": 6166713.0,
      "max": 7127834.0,
      "std_dev": 286675.84553444484
    }
  },
  "nestedloop3": {
    "base_native": {
      "mean": 2090017.9090909092,
      "median": 2087795.0,
      "min": 2071921.0,
      "max": 2117619.0,
      "std_dev": 12825.742983972083
    },
    "wasmtime_app": {
      "mean": 6886216.1,
      "median": 6768145.0,
      "min": 6746570.0,
      "max": 7978358.0,
      "std_dev": 383978.58561801485
    }
  },
  "random": {
    "base_native": {
      "mean": 577633665.0,
      "median": 577633665.0,
      "min": 577587142.0,
      "max": 577680188.0,
      "std_dev": 65793.4575622835
    },
    "wasmtime_app": {
      "mean": 290714105.3333333,
      "median": 290432039.0,
      "min": 290415014.0,
      "max": 291295263.0,
      "std_dev": 503369.28571411
    }
  },
  "random2": {
    "base_native": {
      "mean": 577630853.0,
      "median": 577630853.0,
      "min": 577559869.0,
      "max": 577701837.0,
      "std_dev": 100386.53551149178
    },
    "wasmtime_app": {
      "mean": 290719888.3333333,
      "median": 290418064.0,
      "min": 290395615.0,
      "max": 291345986.0,
      "std_dev": 542332.6521189124
    }
  },
  "ratelimit": {
    "base_native": {
      "mean": 25936970.8,
      "median": 25935206.0,
      "min": 25919957.0,
      "max": 25957230.0,
      "std_dev": 11152.545367662837
    },
    "wasmtime_app": {
      "mean": 39062767.7,
      "median": 38332865.0,
      "min": 38314290.0,
      "max": 45619170.0,
      "std_dev": 2303749.4212823804
    }
  },
  "seqhash": {
    "base_native": {
      "mean": 7113601434.0,
      "median": 7113601434.0,
      "min": 7113601434.0,
      "max": 7113601434.0,
      "std_dev": 0.0
    },
    "wasmtime_app": {
      "mean": 9698102432.0,
      "median": 9698102432.0,
      "min": 9698102432.0,
      "max": 9698102432.0,
      "std_dev": 0.0
    }
  },
  "sieve": {
    "base_native": {
      "mean": 569242846.0,
      "median": 569242846.0,
      "min": 569207260.0,
      "max": 569278432.0,
      "std_dev": 50326.20383060896
    },
    "wasmtime_app": {
      "mean": 767066021.0,
      "median": 767066021.0,
      "min": 767066021.0,
      "max": 767066021.0,
      "std_dev": 0.0
    }
  },
  "strcat": {
    "base_native": {
      "mean": 65858167.3,
      "median": 65847627.5,
      "min": 65832266.0,
      "max": 65966284.0,
      "std_dev": 39113.0493457391
    },
    "wasmtime_app": {
      "mean": 351273373.5,
      "median": 351273373.5,
      "min": 347252145.0,
      "max": 355294602.0,
      "std_dev": 5686875.882101217
    }
  },
  "strcat2": {
    "base_native": {
      "mean": 2595242.727272727,
      "median": 2589995.0,
      "min": 2583021.0,
      "max": 2624344.0,
      "std_dev": 12679.076157913943
    },
    "wasmtime_app": {
      "mean": 9413807.1,
      "median": 8502954.5,
      "min": 8445769.0,
      "max": 17671515.0,
      "std_dev": 2901631.779905785
    }
  },
  "strchr": {
    "base_native": {
      "mean": 155064405.6,
      "median": 155099589.0,
      "min": 154912723.0,
      "max": 155117438.0,
      "std_dev": 86184.24352977752
    },