{
  "ackermann": {
    "base_native": {
      "mean": 3357556.3,
      "median": 2945359.5,
      "min": 2915799.0,
      "max": 7136859.0,
      "std_dev": 1327972.5251473517
    },
    "wasmtime_app": {
      "mean": 9352611.5,
      "median": 8798022.5,
      "min": 8103643.0,
      "max": 15147686.0,
      "std_dev": 2077893.9146000291
    }
  },
  "base64": {
    "base_native": {
      "mean": 254539089.33333334,
      "median": 256577616.0,
      "min": 249519126.0,
      "max": 257520526.0,
      "std_dev": 4372904.494501718
    },
    "wasmtime_app": {
      "mean": 359444945.0,
      "median": 359444945.0,
      "min": 353524249.0,
      "max": 365365641.0,
      "std_dev": 8373128.581888135
    }
  },
  "ctype": {
    "base_native": {
      "mean": 653904272.5,
      "median": 653904272.5,
      "min": 653699774.0,
      "max": 654108771.0,
      "std_dev": 289204.5521849544
    },
    "wasmtime_app": {
      "mean": 887479149.0,
      "median": 887479149.0,
      "min": 887479149.0,
      "max": 887479149.0,
      "std_dev": 0.0
    }
  },
  "ed25519": {
    "base_native": {
      "mean": 1433246400.0,
      "median": 1433246400.0,
      "min": 1433246400.0,
      "max": 1433246400.0,
      "std_dev": 0.0
    },
    "wasmtime_app": {
      "mean": 6764251603.0,
      "median": 6764251603.0,
      "min": 6764251603.0,
      "max": 6764251603.0,
      "std_dev": 0.0
    }
  },
  "fib2": {
    "base_native": {
      "mean": 6956056420.0,
      "median": 6956056420.0,
      "min": 6956056420.0,
      "max": 6956056420.0,
      "std_dev": 0.0
    },
    "wasmtime_app": {
      "mean": 10677210428.0,
      "median": 10677210428.0,
      "min": 10677210428.0,
      "max": 10677210428.0,
      "std_dev": 0.0
    }
  },
  "gimli": {
    "base_native": {
      "mean": 4153099.1,
      "median": 4150751.5,
      "min": 4135640.0,
      "max": 4170863.0,
      "std_dev": 11469.990481929597
    },
    "wasmtime_app": {
      "mean": 9491312.3,
      "median": 9333772.5,
      "min": 9321010.0,
      "max": 10807290.0,
      "std_dev": 463119.4634478596
    }
  },
  "heapsort": {
    "base_native": {
      "mean": 1076336828.0,
      "median": 1076336828.0,
      "min": 1076336828.0,
      "max": 1076336828.0,
      "std_dev": 0.0
    },
    "wasmtime_app": {
      "mean": 1220536937.0,
      "median": 1220536937.0,
      "min": 1220536937.0,
      "max": 1220536937.0,
      "std_dev": 0.0
    }
  },
  "keccak": {
    "base_native": {
      "mean": 7480682.8,
      "median": 7482297.5,
      "min": 7463112.0,
      "max": 7498584.0,
      "std_dev": 10158.32763795301
    },
    "wasmtime_app": {
      "mean": 22831494.0,
      "median": 21303646.0,
      "min": 20938563.0,
      "max": 36968033.0,
      "std_dev": 4970096.847225771
    }
  },
  "matrix": {
    "base_native": {
      "mean": 377892616.5,
      "median": 377892616.5,
      "min": 377882730.0,
      "max": 377902503.0,
      "std_dev": 13981.622384401604
    },
    "wasmtime_app": {
      "mean": 533436875.0,
      "median": 533436875.0,
      "min": 529361642.0,
      "max": 537512108.0,
      "std_dev": 5763249.778430395
    }
  },
  "matrix2": {
    "base_native": {
      "mean": 194270404.5,
      "median": 194264986.0,
      "min": 194251100.0,
      "max": 194300546.0,
      "std_dev": 21271.5844496831
    },
    "wasmtime_app": {
      "mean": 260143130.0,
      "median": 257649564.0,
      "min": 257640815.0,
      "max": 265139011.0,
      "std_dev": 4326562.071769108
    }
  },
  "memmove": {
    "base_native": {
      "mean": 47335948.9,
      "median": 47332871.5,
      "min": 47299924.0,
      "max": 47388343.0,
      "std_dev": 26015.82322122015
    },
    "wasmtime_app": {
      "mean": 520723398.5,
      "median": 520723398.5,
      "min": 515859553.0,
      "max": 525587244.0,
      "std_dev": 6878516.271387348
    }
  },
  "minicsv": {
    "base_native": {
      "mean": 753741024.0,
      "median": 753741024.0,
      "min": 753741024.0,
      "max": 753741024.0,
      "std_dev": 0.0
    },
    "wasmtime_app": {
      "mean": 1109301776.0,
      "median": 1109301776.0,
      "min": 1109301776.0,
      "max": 1109301776.0,
      "std_dev": 0.0
    }
  },
  "nestedloop": {
    "base_native": {
      "mean": 1602223.5454545454,
      "median": 1597940.0,
      "min": 1562342.0,
      "max": 1652361.0,
      "std_dev": 22982.257227538103
    },
    "wasmtime_app": {
      "mean": 6276688.9,
      "median": 6186783.0,
      "min": 6156960.0,
      "max": 7098365.0,
      "std_dev": 289094.0135163454
    }
  },
  "nestedloop2": {
    "base_native": {
      "mean": 1575693.6363636365,
      "median": 1583491.0,
      "min": 1551368.0,
      "max": 1595890.0,
      "std_dev": 16736.767204407948
    },
    "wasmtime_app": {
      "mean": 6257027.4,
      "median": 6169584.0,
      "min": 6107962.0,
      "max": 7082516.0,
      "std_dev": 291911.3082032509
    }
  },
  "nestedloop3": {
    "base_native": {
      "mean": 2089430.7272727273,
      "median": 2083081.0,
      "min": 2058208.0,
      "max": 2143577.0,
      "std_dev": 21805.285763277258
    },
    "wasmtime_app": {
      "mean": 6821425.6,
      "median": 6699184.0,
      "min": 6671835.0,
      "max": 7880878.0,
      "std_dev": 372780.95912306337
    }
  },
  "random": {
    "base_native": {
      "mean": 577779791.5,
      "median": 577779791.5,
      "min": 577672499.0,
      "max": 577887084.0,
      "std_dev": 151734.5086409153
    },
    "wasmtime_app": {
      "mean": 290632469.0,
      "median": 290407121.0,
      "min": 290327625.0,
      "max": 291162661.0,
      "std_dev": 460876.95879920054
    }
  },
  "random2": {
    "base_native": {
      "mean": 577655725.0,
      "median": 577655725.0,
      "min": 577594554.0,
      "max": 577716896.0,
      "std_dev": 86508.8578239246
    },
    "wasmtime_app": {
      "mean": 290683316.6666667,
      "median": 290377273.0,
      "min": 290340999.0,
      "max": 291331678.0,
      "std_dev": 561790.2319285494
    }
  },
  "ratelimit": {
    "base_native": {
      "mean": 25954553.2,
      "median": 25949266.0,
      "min": 25934667.0,
      "max": 25993463.0,
      "std_dev": 18919.43989539742
    },
    "wasmtime_app": {
      "mean": 38950250.0,
      "median": 38215337.0,
      "min": 38147628.0,
      "max": 45561004.0,
      "std_dev": 2323555.327944943
    }
  },
  "seqhash": {
    "base_native": {
      "mean": 7125922670.0,
      "median": 7125922670.0,
      "min": 7125922670.0,
      "max": 7125922670.0,
      "std_dev": 0.0
    },
    "wasmtime_app": {
      "mean": 9680654116.0,
      "median": 9680654116.0,
      "min": 9680654116.0,
      "max": 9680654116.0,
      "std_dev": 0.0
    }
  },
  "sieve": {
    "base_native": {
      "mean": 569286625.5,
      "median": 569286625.5,
      "min": 569281376.0,
      "max": 569291875.0,
      "std_dev": 7423.914095677563
    },
    "wasmtime_app": {
      "mean": 766889079.0,
      "median": 766889079.0,
      "min": 766889079.0,
      "max": 766889079.0,
      "std_dev": 0.0
    }
  },
  "strcat": {
    "base_native": {
      "mean": 65863740.5,
      "median": 65855698.5,
      "min": 65821701.0,
      "max": 65971941.0,
      "std_dev": 40683.51751767675
    },
    "wasmtime_app": {
      "mean": 349846484.5,
      "median": 349846484.5,
      "min": 344267460.0,
      "max": 355425509.0,
      "std_dev": 7889932.112711775
    }
  },
  "strcat2": {
    "base_native": {
      "mean": 2595600.727272727,
      "median": 2592346.0,
      "min": 2579847.0,
      "max": 2628669.0,
      "std_dev": 13554.875005627378
    },
    "wasmtime_app": {
      "mean": 9382490.1,
      "median": 8470238.0,
      "min": 8424278.0,
      "max": 17658518.0,
      "std_dev": 2908024.513568521
    }
  },
  "strchr": {
    "base_native": {
      "mean": 155195678.6,
      "median": 155205558.0,
      "min": 155170160.0,
      "max": 155213132.0,
      "std_dev": 18360.59086195213
    },