{
  "ackermann": {
    "base_native": {
      "mean": 2939569.5454545454,
      "median": 2933656.0,
      "min": 2921807.0,
      "max": 2994653.0,
      "std_dev": 21599.500912584237
    },
    "wasmtime_app": {
      "mean": 9216681.9,
      "median": 8957701.5,
      "min": 8194719.0,
      "max": 13069997.0,
      "std_dev": 1431044.0146808475
    }
  },
  "base64": {
    "base_native": {
      "mean": 255599313.33333334,
      "median": 257415992.0,
      "min": 251890085.0,
      "max": 257491863.0,
      "std_dev": 3212509.9569903803
    },
    "wasmtime_app": {
      "mean": 363267493.0,
      "median": 363267493.0,
      "min": 355339409.0,
      "max": 371195577.0,
      "std_dev": 11212003.916433137
    }
  },
  "ctype": {
    "base_native": {
      "mean": 653961871.0,
      "median": 653961871.0,
      "min": 653719335.0,
      "max": 654204407.0,
      "std_dev": 342997.700563721
    },
    "wasmtime_app": {
      "mean": 970136061.0,
      "median": 970136061.0,
      "min": 970136061.0,
      "max": 970136061.0,
      "std_dev": 0.0
    }
  },
  "ed25519": {
    "base_native": {
      "mean": 1433153176.0,
      "median": 1433153176.0,
      "min": 1433153176.0,
      "max": 1433153176.0,
      "std_dev": 0.0
    },
    "wasmtime_app": {
      "mean": 6782508547.0,
      "median": 6782508547.0,
      "min": 6782508547.0,
      "max": 6782508547.0,
      "std_dev": 0.0
    }
  },
  "fib2": {
    "base_native": {
      "mean": 6956271361.0,
      "median": 6956271361.0,
      "min": 6956271361.0,
      "max": 6956271361.0,
      "std_dev": 0.0
    },
    "wasmtime_app": {
      "mean": 10724843755.0,
      "median": 10724843755.0,
      "min": 10724843755.0,
      "max": 10724843755.0,
      "std_dev": 0.0
    }
  },
  "gimli": {
    "base_native": {
      "mean": 4194293.6,
      "median": 4150074.0,
      "min": 4116063.0,
      "max": 4615409.0,
      "std_dev": 149364.44990707943
    },
    "wasmtime_app": {
      "mean": 9540553.8,
      "median": 9395577.0,
      "min": 9351854.0,
      "max": 10915417.0,
      "std_dev": 483462.1851754511
    }
  },
  "heapsort": {
    "base_native": {
      "mean": 1076366814.0,
      "median": 1076366814.0,
      "min": 1076366814.0,
      "max": 1076366814.0,
      "std_dev": 0.0
    },
    "wasmtime_app": {
      "mean": 1220436638.0,
      "median": 1220436638.0,
      "min": 1220436638.0,
      "max": 1220436638.0,
      "std_dev": 0.0
    }
  },
  "keccak": {
    "base_native": {
      "mean": 7483034.8,
      "median": 7480170.0,
      "min": 7472345.0,
      "max": 7502644.0,
      "std_dev": 8680.532251986499
    },
    "wasmtime_app": {
      "mean": 22866812.6,
      "median": 21302952.0,
      "min": 21032530.0,
      "max": 37137284.0,
      "std_dev": 5017111.692146659
    }
  },
  "matrix": {
    "base_native": {
      "mean": 377900273.5,
      "median": 377900273.5,
      "min": 377867925.0,
      "max": 377932622.0,
      "std_dev": 45747.68742242607
    },
    "wasmtime_app": {
      "mean": 533491399.0,
      "median": 533491399.0,
      "min": 529361479.0,
      "max": 537621319.0,
      "std_dev": 5840588.875515893
    }
  },
  "matrix2": {
    "base_native": {
      "mean": 194277755.75,
      "median": 194265006.5,
      "min": 194251195.0,
      "max": 194329815.0,
      "std_dev": 35421.34956374004
    },
    "wasmtime_app": {
      "mean": 260206333.66666666,
      "median": 257678791.0,
      "min": 257643218.0,
      "max": 265296992.0,
      "std_dev": 4408675.318010426
    }
  },
  "memmove": {
    "base_native": {
      "mean": 47327101.9,
      "median": 47326344.5,
      "min": 47311933.0,
      "max": 47347006.0,
      "std_dev": 12298.494690634116
    },
    "wasmtime_app": {
      "mean": 520700473.0,
      "median": 520700473.0,
      "min": 515543372.0,
      "max": 525857574.0,
      "std_dev": 7293242.176727851
    }
  },
  "minicsv": {
    "base_native": {
      "mean": 749656575.0,
      "median": 749656575.0,
      "min": 749656575.0,
      "max": 749656575.0,
      "std_dev": 0.0
    },
    "wasmtime_app": {
      "mean": 1101837635.0,
      "median": 1101837635.0,
      "min": 1101837635.0,
      "max": 1101837635.0,
      "std_dev": 0.0
    }
  },
  "nestedloop": {
    "base_native": {
      "mean": 1574661.4545454546,
      "median": 1576959.0,
      "min": 1547986.0,
      "max": 1597383.0,
      "std_dev": 13542.7388837239
    },
    "wasmtime_app": {
      "mean": 6283347.6,
      "median": 6183205.5,
      "min": 6160607.0,
      "max": 7152852.0,
      "std_dev": 306234.77211163763
    }
  },
  "nestedloop2": {
    "base_native": {
      "mean": 1575615.7272727273,
      "median": 1571584.0,
      "min": 1550985.0,
      "max": 1614557.0,
      "std_dev": 21821.552282506895
    },
    "wasmtime_app": {
      "mean": 6308018.7,
      "median": 6226228.0,
      "min": 6158357.0,
      "max": 7074406.0,
      "std_dev": 270961.6433339474
    }
  },
  "nestedloop3": {
    "base_native": {
      "mean": 2084288.9090909092,
      "median": 2082155.0,
      "min": 2074780.0,
      "max": 2106404.0,
      "std_dev": 9236.52304121573
    },
    "wasmtime_app": {
      "mean": 6878506.9,
      "median": 6747049.0,
      "min": 6735450.0,
      "max": 8066426.0,
      "std_dev": 417441.8458509321
    }
  },
  "random": {
    "base_native": {
      "mean": 577592569.0,
      "median": 577592569.0,
      "min": 577566233.0,
      "max": 577618905.0,
      "std_dev": 37244.728378657834
    },
    "wasmtime_app": {
      "mean": 290683955.0,
      "median": 290391846.0,
      "min": 290369048.0,
      "max": 291290971.0,
      "std_dev": 525814.8489658694
    }
  },
  "random2": {
    "base_native": {
      "mean": 577614880.0,
      "median": 577614880.0,
      "min": 577565983.0,
      "max": 577663777.0,
      "std_dev": 69150.80055935723
    },
    "wasmtime_app": {
      "mean": 290709062.0,
      "median": 290400946.0,
      "min": 290393496.0,
      "max": 291332744.0,
      "std_dev": 540137.3005708826
    }
  },
  "ratelimit": {
    "base_native": {
      "mean": 25934657.7,
      "median": 25934423.0,
      "min": 25913086.0,
      "max": 25963884.0,
      "std_dev": 16784.38520404539
    },
    "wasmtime_app": {
      "mean": 39233102.0,
      "median": 38339404.0,
      "min": 38268271.0,
      "max": 47387139.0,
      "std_dev": 2865161.23516019
    }
  },
  "seqhash": {
    "base_native": {
      "mean": 7113448460.0,
      "median": 7113448460.0,
      "min": 7113448460.0,
      "max": 7113448460.0,
      "std_dev": 0.0
    },
    "wasmtime_app": {
      "mean": 9693476775.0,
      "median": 9693476775.0,
      "min": 9693476775.0,
      "max": 9693476775.0,
      "std_dev": 0.0
    }
  },
  "sieve": {
    "base_native": {
      "mean": 569424913.0,
      "median": 569424913.0,
      "min": 569277784.0,
      "max": 569572042.0,
      "std_dev": 208071.8272183911
    },
    "wasmtime_app": {
      "mean": 767148802.0,
      "median": 767148802.0,
      "min": 767148802.0,
      "max": 767148802.0,
      "std_dev": 0.0
    }
  },
  "strcat": {
    "base_native": {
      "mean": 65930703.5,
      "median": 65919776.5,
      "min": 65892966.0,
      "max": 66042707.0,
      "std_dev": 44037.54705866852
    },
    "wasmtime_app": {
      "mean": 351214388.5,
      "median": 351214388.5,
      "min": 347212686.0,
      "max": 355216091.0,
      "std_dev": 5659261.94808232
    }
  },
  "strcat2": {
    "base_native": {
      "mean": 2601425.090909091,
      "median": 2598525.0,
      "min": 2569177.0,
      "max": 2627849.0,
      "std_dev": 16432.867853509597
    },
    "wasmtime_app": {
      "mean": 9411841.1,
      "median": 8507801.5,
      "min": 8443855.0,
      "max": 17647143.0,
      "std_dev": 2893714.0636081994
    }
  },
  "strchr": {
    "base_native": {
      "mean": 154593557.0,
      "median": 154595347.0,
      "min": 154571273.0,
      "max": 154610096.0,
      "std_dev": 14310.86215082795
    },