{
  "ackermann": {
    "base_native": {
      "mean": 3232000.6,
      "median": 2860470.0,
      "min": 2819934.0,
      "max": 6629361.0,
      "std_dev": 1193927.197473038
    },
    "wasmtime_app": {
      "mean": 8906193.1,
      "median": 8453304.0,
      "min": 7982674.0,
      "max": 12668851.0,
      "std_dev": 1417303.4474028058
    }
  },
  "base64": {
    "base_native": {
      "mean": 249581342.33333334,
      "median": 249575226.0,
      "min": 249538927.0,
      "max": 249629874.0,
      "std_dev": 45780.96058770865
    },
    "wasmtime_app": {
      "mean": 355630400.0,
      "median": 355630400.0,
      "min": 350447345.0,
      "max": 360813455.0,
      "std_dev": 7329946.675525682
    }
  },
  "ctype": {
    "base_native": {
      "mean": 654011835.5,
      "median": 654011835.5,
      "min": 653873052.0,
      "max": 654150619.0,
      "std_dev": 196269.50793360642
    },
    "wasmtime_app": {
      "mean": 986575325.0,
      "median": 986575325.0,
      "min": 986575325.0,
      "max": 986575325.0,
      "std_dev": 0.0
    }
  },
  "ed25519": {
    "base_native": {
      "mean": 1434126542.0,
      "median": 1434126542.0,
      "min": 1434126542.0,
      "max": 1434126542.0,
      "std_dev": 0.0
    },
    "wasmtime_app": {
      "mean": 6718920498.0,
      "median": 6718920498.0,
      "min": 6718920498.0,
      "max": 6718920498.0,
      "std_dev": 0.0
    }
  },
  "fib2": {
    "base_native": {
      "mean": 6957303422.0,
      "median": 6957303422.0,
      "min": 6957303422.0,
      "max": 6957303422.0,
      "std_dev": 0.0
    },
    "wasmtime_app": {
      "mean": 10721822173.0,
      "median": 10721822173.0,
      "min": 10721822173.0,
      "max": 10721822173.0,
      "std_dev": 0.0
    }
  },
  "gimli": {
    "base_native": {
      "mean": 4144458.6,
      "median": 4140628.5,
      "min": 4133767.0,
      "max": 4165041.0,
      "std_dev": 9597.474658587134
    },
    "wasmtime_app": {
      "mean": 9486445.8,
      "median": 9337168.5,
      "min": 9283235.0,
      "max": 10821904.0,
      "std_dev": 469928.91778031475
    }
  },
  "heapsort": {
    "base_native": {
      "mean": 1076938276.0,
      "median": 1076938276.0,
      "min": 1076938276.0,
      "max": 1076938276.0,
      "std_dev": 0.0
    },
    "wasmtime_app": {
      "mean": 1220817130.0,
      "median": 1220817130.0,
      "min": 1220817130.0,
      "max": 1220817130.0,
      "std_dev": 0.0
    }
  },
  "keccak": {
    "base_native": {
      "mean": 7483409.0,
      "median": 7485884.0,
      "min": 7466034.0,
      "max": 7494734.0,
      "std_dev": 9983.764598364463
    },
    "wasmtime_app": {
      "mean": 22920094.8,
      "median": 21442259.0,
      "min": 21047074.0,
      "max": 37257032.0,
      "std_dev": 5040513.486603298
    }
  },
  "matrix": {
    "base_native": {
      "mean": 377941623.5,
      "median": 377941623.5,
      "min": 377933774.0,
      "max": 377949473.0,
      "std_dev": 11100.86935784761
    },
    "wasmtime_app": {
      "mean": 533551562.0,
      "median": 533551562.0,
      "min": 529464481.0,
      "max": 537638643.0,
      "std_dev": 5780005.380717392
    }
  },
  "matrix2": {
    "base_native": {
      "mean": 194302640.25,
      "median": 194299240.5,
      "min": 194291953.0,
      "max": 194320127.0,
      "std_dev": 12195.397366083102
    },
    "wasmtime_app": {
      "mean": 260214414.33333334,
      "median": 257668690.0,
      "min": 257651566.0,
      "max": 265322987.0,
      "std_dev": 4424161.991361113
    }
  },
  "memmove": {
    "base_native": {
      "mean": 47358329.4,
      "median": 47357439.5,
      "min": 47343602.0,
      "max": 47381101.0,
      "std_dev": 12218.20144247462
    },
    "wasmtime_app": {
      "mean": 521149416.5,
      "median": 521149416.5,
      "min": 516459977.0,
      "max": 525838856.0,
      "std_dev": 6631868.940828105
    }
  },
  "minicsv": {
    "base_native": {
      "mean": 737597461.0,
      "median": 737597461.0,
      "min": 737597461.0,
      "max": 737597461.0,
      "std_dev": 0.0
    },
    "wasmtime_app": {
      "mean": 1107234833.0,
      "median": 1107234833.0,
      "min": 1107234833.0,
      "max": 1107234833.0,
      "std_dev": 0.0
    }
  },
  "nestedloop": {
    "base_native": {
      "mean": 1572851.4545454546,
      "median": 1577699.0,
      "min": 1549875.0,
      "max": 1599223.0,
      "std_dev": 16202.632078545981
    },
    "wasmtime_app": {
      "mean": 6234999.8,
      "median": 6144751.0,
      "min": 6082630.0,
      "max": 7109085.0,
      "std_dev": 307988.86443859903
    }
  },
  "nestedloop2": {
    "base_native": {
      "mean": 1577891.9090909092,
      "median": 1581974.0,
      "min": 1552300.0,
      "max": 1601098.0,
      "std_dev": 15304.682377981879
    },
    "wasmtime_app": {
      "mean": 6250686.3,
      "median": 6160200.0,
      "min": 6120853.0,
      "max": 7027790.0,
      "std_dev": 274765.225994464
    }
  },
  "nestedloop3": {
    "base_native": {
      "mean": 2087468.8181818181,
      "median": 2083933.0,
      "min": 2079933.0,
      "max": 2133281.0,
      "std_dev": 15314.333794312972
    },
    "wasmtime_app": {
      "mean": 6809295.2,
      "median": 6693688.0,
      "min": 6642517.0,
      "max": 7877432.0,
      "std_dev": 375955.0395204783
    }
  },
  "random": {
    "base_native": {
      "mean": 577724038.0,
      "median": 577724038.0,
      "min": 577711526.0,
      "max": 577736550.0,
      "std_dev": 17694.640092412166
    },
    "wasmtime_app": {
      "mean": 290697121.6666667,
      "median": 290406683.0,
      "min": 290401034.0,
      "max": 291283648.0,
      "std_dev": 507954.55758397654
    }
  },
  "random2": {
    "base_native": {
      "mean": 577781086.0,
      "median": 577781086.0,
      "min": 577729925.0,
      "max": 577832247.0,
      "std_dev": 72352.58006456992
    },
    "wasmtime_app": {
      "mean": 290673056.6666667,
      "median": 290429632.0,
      "min": 290339238.0,
      "max": 291250300.0,
      "std_dev": 501946.3798229183
    }
  },
  "ratelimit": {
    "base_native": {
      "mean": 25912258.9,
      "median": 25912491.0,
      "min": 25891342.0,
      "max": 25932916.0,
      "std_dev": 14185.06971314088
    },
    "wasmtime_app": {
      "mean": 39027492.1,
      "median": 38307509.0,
      "min": 38293835.0,
      "max": 45508738.0,
      "std_dev": 2277306.914882404
    }
  },
  "seqhash": {
    "base_native": {
      "mean": 7129024501.0,
      "median": 7129024501.0,
      "min": 7129024501.0,
      "max": 7129024501.0,
      "std_dev": 0.0
    },
    "wasmtime_app": {
      "mean": 9672734956.0,
      "median": 9672734956.0,
      "min": 9672734956.0,
      "max": 9672734956.0,
      "std_dev": 0.0
    }
  },
  "sieve": {
    "base_native": {
      "mean": 569333433.0,
      "median": 569333433.0,
      "min": 569319771.0,
      "max": 569347095.0,
      "std_dev": 19320.985689141224
    },
    "wasmtime_app": {
      "mean": 766813597.0,
      "median": 766813597.0,
      "min": 766813597.0,
      "max": 766813597.0,
      "std_dev": 0.0
    }
  },
  "strcat": {
    "base_native": {
      "mean": 65928404.8,
      "median": 65925330.0,
      "min": 65864132.0,
      "max": 66069975.0,
      "std_dev": 55634.131192201705
    },
    "wasmtime_app": {
      "mean": 351294699.0,
      "median": 351294699.0,
      "min": 347275114.0,
      "max": 355314284.0,
      "std_dev": 5684551.622111457
    }
  },
  "strcat2": {
    "base_native": {
      "mean": 2588423.090909091,
      "median": 2586991.0,
      "min": 2565967.0,
      "max": 2611991.0,
      "std_dev": 13723.855598588505
    },
    "wasmtime_app": {
      "mean": 9355652.2,
      "median": 8444192.5,
      "min": 8389671.0,
      "max": 17667257.0,
      "std_dev": 2920517.4312032373
    }
  },
  "strchr": {
    "base_native": {
      "mean": 154612498.6,
      "median": 154611929.0,
      "min": 154592654.0,
      "max": 154628528.0,
      "std_dev": 14002.76384504145
    },