{
  "ackermann": {
    "base_native": {
      "mean": 2891290.5454545454,
      "median": 2882866.0,
      "min": 2868267.0,
      "max": 2964337.0,
      "std_dev": 26342.875444277666
    },
    "wasmtime_app": {
      "mean": 8965684.7,
      "median": 8619284.0,
      "min": 7875488.0,
      "max": 12393137.0,
      "std_dev": 1290037.5577398299
    }
  },
  "base64": {
    "base_native": {
      "mean": 252296177.33333334,
      "median": 253400050.0,
      "min": 250017411.0,
      "max": 253471071.0,
      "std_dev": 1973788.995070226
    },
    "wasmtime_app": {
      "mean": 355033004.0,
      "median": 355033004.0,
      "min": 350412785.0,
      "max": 359653223.0,
      "std_dev": 6533976.370933859
    }
  },
  "ctype": {
    "base_native": {
      "mean": 654436038.5,
      "median": 654436038.5,
      "min": 653714503.0,
      "max": 655157574.0,
      "std_dev": 1020405.2898336523
    },
    "wasmtime_app": {
      "mean": 985766189.0,
      "median": 985766189.0,
      "min": 985766189.0,
      "max": 985766189.0,
      "std_dev": 0.0
    }
  },
  "ed25519": {
    "base_native": {
      "mean": 1433196345.0,
      "median": 1433196345.0,
      "min": 1433196345.0,
      "max": 1433196345.0,
      "std_dev": 0.0
    },
    "wasmtime_app": {
      "mean": 6733387765.0,
      "median": 6733387765.0,
      "min": 6733387765.0,
      "max": 6733387765.0,
      "std_dev": 0.0
    }
  },
  "fib2": {
    "base_native": {
      "mean": 6956291301.0,
      "median": 6956291301.0,
      "min": 6956291301.0,
      "max": 6956291301.0,
      "std_dev": 0.0
    },
    "wasmtime_app": {
      "mean": 10668788648.0,
      "median": 10668788648.0,
      "min": 10668788648.0,
      "max": 10668788648.0,
      "std_dev": 0.0
    }
  },
  "gimli": {
    "base_native": {
      "mean": 4148551.5,
      "median": 4148696.5,
      "min": 4134097.0,
      "max": 4167246.0,
      "std_dev": 10149.744947534396
    },
    "wasmtime_app": {
      "mean": 9494582.7,
      "median": 9343581.0,
      "min": 9320932.0,
      "max": 10860072.0,
      "std_dev": 480006.3681040654
    }
  },
  "heapsort": {
    "base_native": {
      "mean": 1076433849.0,
      "median": 1076433849.0,
      "min": 1076433849.0,
      "max": 1076433849.0,
      "std_dev": 0.0
    },
    "wasmtime_app": {
      "mean": 1220393898.0,
      "median": 1220393898.0,
      "min": 1220393898.0,
      "max": 1220393898.0,
      "std_dev": 0.0
    }
  },
  "keccak": {
    "base_native": {
      "mean": 7484430.7,
      "median": 7480513.0,
      "min": 7465664.0,
      "max": 7508837.0,
      "std_dev": 13795.060501256721
    },
    "wasmtime_app": {
      "mean": 22738098.1,
      "median": 21200561.0,
      "min": 20992560.0,
      "max": 36960174.0,
      "std_dev": 4998097.640531233
    }
  },
  "matrix": {
    "base_native": {
      "mean": 377911621.0,
      "median": 377911621.0,
      "min": 377882835.0,
      "max": 377940407.0,
      "std_dev": 40709.55160647191
    },
    "wasmtime_app": {
      "mean": 533508178.0,
      "median": 533508178.0,
      "min": 529382157.0,
      "max": 537634199.0,
      "std_dev": 5835074.8568362
    }
  },
  "matrix2": {
    "base_native": {
      "mean": 194268611.75,
      "median": 194266949.5,
      "min": 194250850.0,
      "max": 194289698.0,
      "std_dev": 16197.536363595545
    },
    "wasmtime_app": {
      "mean": 260208322.66666666,
      "median": 257633507.0,
      "min": 257613758.0,
      "max": 265377703.0,
      "std_dev": 4476825.580558208
    }
  },
  "memmove": {
    "base_native": {
      "mean": 47335093.5,
      "median": 47335198.5,
      "min": 47323024.0,
      "max": 47346948.0,
      "std_dev": 9705.451231710513
    },
    "wasmtime_app": {
      "mean": 520718075.5,
      "median": 520718075.5,
      "min": 515995025.0,
      "max": 525441126.0,
      "std_dev": 6679402.072873028
    }
  },
  "minicsv": {
    "base_native": {
      "mean": 750889363.0,
      "median": 750889363.0,
      "min": 750889363.0,
      "max": 750889363.0,
      "std_dev": 0.0
    },
    "wasmtime_app": {
      "mean": 1111461041.0,
      "median": 1111461041.0,
      "min": 1111461041.0,
      "max": 1111461041.0,
      "std_dev": 0.0
    }
  },
  "nestedloop": {
    "base_native": {
      "mean": 1571151.8181818181,
      "median": 1577463.0,
      "min": 1550489.0,
      "max": 1592212.0,
      "std_dev": 15015.150700663526
    },
    "wasmtime_app": {
      "mean": 6264654.3,
      "median": 6169219.5,
      "min": 6152658.0,
      "max": 7107005.0,
      "std_dev": 296256.00372915086
    }
  },
  "nestedloop2": {
    "base_native": {
      "mean": 1572779.0909090908,
      "median": 1575888.0,
      "min": 1552914.0,
      "max": 1597887.0,
      "std_dev": 15077.791565441841
    },
    "wasmtime_app": {
      "mean": 6271111.7,
      "median": 6181356.5,
      "min": 6152908.0,
      "max": 7100381.0,
      "std_dev": 291940.8894489317
    }
  },
  "nestedloop3": {
    "base_native": {
      "mean": 2088900.6363636365,
      "median": 2085410.0,
      "min": 2055987.0,
      "max": 2150881.0,
      "std_dev": 26533.08144664968
    },
    "wasmtime_app": {
      "mean": 6836610.3,
      "median": 6723689.0,
      "min": 6699703.0,
      "max": 7894462.0,
      "std_dev": 371851.43026215606
    }
  },
  "random": {
    "base_native": {
      "mean": 577608085.0,
      "median": 577608085.0,
      "min": 577558438.0,
      "max": 577657732.0,
      "std_dev": 70211.46073113705
    },
    "wasmtime_app": {
      "mean": 290674899.0,
      "median": 290385240.0,
      "min": 290383690.0,
      "max": 291255767.0,
      "std_dev": 503047.0412327261
    }
  },
  "random2": {
    "base_native": {
      "mean": 577659219.5,
      "median": 577659219.5,
      "min": 577585811.0,
      "max": 577732628.0,
      "std_dev": 103815.29629346535
    },
    "wasmtime_app": {
      "mean": 290693548.3333333,
      "median": 290411864.0,
      "min": 290353142.0,
      "max": 291315639.0,
      "std_dev": 539545.7964680415
    }
  },
  "ratelimit": {
    "base_native": {
      "mean": 25907760.9,
      "median": 25905413.5,
      "min": 25891477.0,
      "max": 25947399.0,
      "std_dev": 15491.143444275218
    },
    "wasmtime_app": {
      "mean": 39029721.7,
      "median": 38302874.5,
      "min": 38291425.0,
      "max": 45529099.0,
      "std_dev": 2283706.5559726483
    }
  },
  "seqhash": {
    "base_native": {
      "mean": 7120577324.0,
      "median": 7120577324.0,
      "min": 7120577324.0,
      "max": 7120577324.0,
      "std_dev": 0.0
    },
    "wasmtime_app": {
      "mean": 9713077017.0,
      "median": 9713077017.0,
      "min": 9713077017.0,
      "max": 9713077017.0,
      "std_dev": 0.0
    }
  },
  "sieve": {
    "base_native": {
      "mean": 569258356.5,
      "median": 569258356.5,
      "min": 569236670.0,
      "max": 569280043.0,
      "std_dev": 30669.342420404126
    },
    "wasmtime_app": {
      "mean": 766947503.0,
      "median": 766947503.0,
      "min": 766947503.0,
      "max": 766947503.0,
      "std_dev": 0.0
    }
  },
  "strcat": {
    "base_native": {
      "mean": 65864882.8,
      "median": 65853768.5,
      "min": 65836382.0,
      "max": 65994348.0,
      "std_dev": 46804.40246577001
    },
    "wasmtime_app": {
      "mean": 352987117.5,
      "median": 352987117.5,
      "min": 350594625.0,
      "max": 355379610.0,
      "std_dev": 3383495.341375912
    }
  },
  "strcat2": {
    "base_native": {
      "mean": 2589279.909090909,
      "median": 2586557.0,
      "min": 2563584.0,
      "max": 2621005.0,
      "std_dev": 16202.883968322094
    },
    "wasmtime_app": {
      "mean": 9398083.1,
      "median": 8478829.0,
      "min": 8456330.0,
      "max": 17693743.0,
      "std_dev": 2914832.5180990133
    }
  },
  "strchr": {
    "base_native": {
      "mean": 155192551.6,
      "median": 155195547.0,
      "min": 155178247.0,
      "max": 155199946.0,
      "std_dev": 8524.140296827592
    },