{
  "ackermann": {
    "base_native": {
      "mean": 3444662.1,
      "median": 2842484.5,
      "min": 2810474.0,
      "max": 8914421.0,
      "std_dev": 1921954.0043254276
    },
    "wasmtime_app": {
      "mean": 9280083.5,
      "median": 8782287.5,
      "min": 8351354.0,
      "max": 13847668.0,
      "std_dev": 1660189.6046858456
    }
  },
  "base64": {
    "base_native": {
      "mean": 249539987.0,
      "median": 249521363.0,
      "min": 249502964.0,
      "max": 249595634.0,
      "std_dev": 49061.92267940587
    },
    "wasmtime_app": {
      "mean": 358878436.5,
      "median": 358878436.5,
      "min": 352332363.0,
      "max": 365424510.0,
      "std_dev": 9257545.923991114
    }
  },
  "ctype": {
    "base_native": {
      "mean": 654440063.5,
      "median": 654440063.5,
      "min": 654299971.0,
      "max": 654580156.0,
      "std_dev": 198120.71348675282
    },
    "wasmtime_app": {
      "mean": 885900675.0,
      "median": 885900675.0,
      "min": 885900675.0,
      "max": 885900675.0,
      "std_dev": 0.0
    }
  },
  "ed25519": {
    "base_native": {
      "mean": 1433519141.0,
      "median": 1433519141.0,
      "min": 1433519141.0,
      "max": 1433519141.0,
      "std_dev": 0.0
    },
    "wasmtime_app": {
      "mean": 6772524848.0,
      "median": 6772524848.0,
      "min": 6772524848.0,
      "max": 6772524848.0,
      "std_dev": 0.0
    }
  },
  "fib2": {
    "base_native": {
      "mean": 6956556080.0,
      "median": 6956556080.0,
      "min": 6956556080.0,
      "max": 6956556080.0,
      "std_dev": 0.0
    },
    "wasmtime_app": {
      "mean": 10694496291.0,
      "median": 10694496291.0,
      "min": 10694496291.0,
      "max": 10694496291.0,
      "std_dev": 0.0
    }
  },
  "gimli": {
    "base_native": {
      "mean": 4147177.0,
      "median": 4147939.5,
      "min": 4136603.0,
      "max": 4163626.0,
      "std_dev": 7623.080465125485
    },
    "wasmtime_app": {
      "mean": 9518486.9,
      "median": 9370565.0,
      "min": 9345066.0,
      "max": 10861383.0,
      "std_dev": 472118.6779275948
    }
  },
  "heapsort": {
    "base_native": {
      "mean": 1076677011.0,
      "median": 1076677011.0,
      "min": 1076677011.0,
      "max": 1076677011.0,
      "std_dev": 0.0
    },
    "wasmtime_app": {
      "mean": 1220565766.0,
      "median": 1220565766.0,
      "min": 1220565766.0,
      "max": 1220565766.0,
      "std_dev": 0.0
    }
  },
  "keccak": {
    "base_native": {
      "mean": 7490905.1,
      "median": 7490785.0,
      "min": 7469399.0,
      "max": 7503897.0,
      "std_dev": 10459.21484678038
    },
    "wasmtime_app": {
      "mean": 22832071.4,
      "median": 21213711.0,
      "min": 21009719.0,
      "max": 37364367.0,
      "std_dev": 5108529.489452718
    }
  },
  "matrix": {
    "base_native": {
      "mean": 377937086.0,
      "median": 377937086.0,
      "min": 377909875.0,
      "max": 377964297.0,
      "std_dev": 38482.165245734286
    },
    "wasmtime_app": {
      "mean": 533788566.5,
      "median": 533788566.5,
      "min": 529455095.0,
      "max": 538122038.0,
      "std_dev": 6128454.16745728
    }
  },
  "matrix2": {
    "base_native": {
      "mean": 194285826.0,
      "median": 194280176.0,
      "min": 194252678.0,
      "max": 194330274.0,
      "std_dev": 35179.52439511749
    },
    "wasmtime_app": {
      "mean": 260239811.0,
      "median": 257725491.0,
      "min": 257698567.0,
      "max": 265295375.0,
      "std_dev": 4378267.550529091
    }
  },
  "memmove": {
    "base_native": {
      "mean": 47335964.9,
      "median": 47337047.5,
      "min": 47315611.0,
      "max": 47358334.0,
      "std_dev": 15312.392283158544
    },
    "wasmtime_app": {
      "mean": 521032755.5,
      "median": 521032755.5,
      "min": 516136956.0,
      "max": 525928555.0,
      "std_dev": 6923706.0515594175
    }
  },
  "minicsv": {
    "base_native": {
      "mean": 744281169.0,
      "median": 744281169.0,
      "min": 744281169.0,
      "max": 744281169.0,
      "std_dev": 0.0
    },
    "wasmtime_app": {
      "mean": 1116256566.0,
      "median": 1116256566.0,
      "min": 1116256566.0,
      "max": 1116256566.0,
      "std_dev": 0.0
    }
  },
  "nestedloop": {
    "base_native": {
      "mean": 1574324.1818181819,
      "median": 1579790.0,
      "min": 1548966.0,
      "max": 1597339.0,
      "std_dev": 16108.881642238122
    },
    "wasmtime_app": {
      "mean": 6218626.0,
      "median": 6129777.0,
      "min": 6085566.0,
      "max": 7020180.0,
      "std_dev": 284320.18250869523
    }
  },
  "nestedloop2": {
    "base_native": {
      "mean": 1579169.1818181819,
      "median": 1575865.0,
      "min": 1554641.0,
      "max": 1605463.0,
      "std_dev": 15525.45802105807
    },
    "wasmtime_app": {
      "mean": 6270654.0,
      "median": 6186924.5,
      "min": 6138464.0,
      "max": 7051504.0,
      "std_dev": 276521.12630120845
    }
  },
  "nestedloop3": {
    "base_native": {
      "mean": 2090973.8181818181,
      "median": 2084488.0,
      "min": 2064439.0,
      "max": 2126510.0,
      "std_dev": 17837.009148498983
    },
    "wasmtime_app": {
      "mean": 6847506.8,
      "median": 6743041.0,
      "min": 6676293.0,
      "max": 7881872.0,
      "std_dev": 364622.1800256016
    }
  },
  "random": {
    "base_native": {
      "mean": 577647933.5,
      "median": 577647933.5,
      "min": 577599911.0,
      "max": 577695956.0,
      "std_dev": 67914.07079906196
    },
    "wasmtime_app": {
      "mean": 290720817.0,
      "median": 290440086.0,
      "min": 290429612.0,
      "max": 291292753.0,
      "std_dev": 495338.79036574555
    }
  },
  "random2": {
    "base_native": {
      "mean": 577683857.0,
      "median": 577683857.0,
      "min": 577624835.0,
      "max": 577742879.0,
      "std_dev": 83469.71287838482
    },
    "wasmtime_app": {
      "mean": 290725608.3333333,
      "median": 290417137.0,
      "min": 290414987.0,
      "max": 291344701.0,
      "std_dev": 536151.0543357473
    }
  },
  "ratelimit": {
    "base_native": {
      "mean": 25924451.2,
      "median": 25926446.0,
      "min": 25881736.0,
      "max": 25947482.0,
      "std_dev": 18658.628714648647
    },
    "wasmtime_app": {
      "mean": 39091390.5,
      "median": 38361465.5,
      "min": 38342829.0,
      "max": 45602926.0,
      "std_dev": 2288065.067214715
    }
  },
  "seqhash": {
    "base_native": {
      "mean": 7119987162.0,
      "median": 7119987162.0,
      "min": 7119987162.0,
      "max": 7119987162.0,
      "std_dev": 0.0
    },
    "wasmtime_app": {
      "mean": 9681870375.0,
      "median": 9681870375.0,
      "min": 9681870375.0,
      "max": 9681870375.0,
      "std_dev": 0.0
    }
  },
  "sieve": {
    "base_native": {
      "mean": 569293957.0,
      "median": 569293957.0,
      "min": 569240710.0,
      "max": 569347204.0,
      "std_dev": 75302.62955568019
    },
    "wasmtime_app": {
      "mean": 767315898.0,
      "median": 767315898.0,
      "min": 767315898.0,
      "max": 767315898.0,
      "std_dev": 0.0
    }
  },
  "strcat": {
    "base_native": {
      "mean": 65871455.5,
      "median": 65862591.0,
      "min": 65844967.0,
      "max": 65950736.0,
      "std_dev": 31265.677984546142
    },
    "wasmtime_app": {
      "mean": 348504947.0,
      "median": 348504947.0,
      "min": 341745519.0,
      "max": 355264375.0,
      "std_dev": 9559274.751484444
    }
  },
  "strcat2": {
    "base_native": {
      "mean": 2592430.909090909,
      "median": 2587811.0,
      "min": 2577461.0,
      "max": 2621134.0,
      "std_dev": 13200.241190633946
    },
    "wasmtime_app": {
      "mean": 9367675.4,
      "median": 8450800.5,
      "min": 8406152.0,
      "max": 17599500.0,
      "std_dev": 2892623.1925224396
    }
  },
  "strchr": {
    "base_native": {
      "mean": 155171859.6,
      "median": 155175174.0,
      "min": 155150251.0,
      "max": 155189724.0,
      "std_dev": 14761.044959622608
    },