{
  "ackermann": {
    "base_native": {
      "mean": 3500966.5,
      "median": 2942895.0,
      "min": 2906298.0,
      "max": 8590928.0,
      "std_dev": 1788522.1770443297
    },
    "wasmtime_app": {
      "mean": 9430175.2,
      "median": 9068656.5,
      "min": 8192808.0,
      "max": 13749685.0,
      "std_dev": 1581216.0798755707
    }
  },
  "base64": {
    "base_native": {
      "mean": 252947505.33333334,
      "median": 251702425.0,
      "min": 249613845.0,
      "max": 257526246.0,
      "std_dev": 4100511.0868695783
    },
    "wasmtime_app": {
      "mean": 365257401.0,
      "median": 365257401.0,
      "min": 359282856.0,
      "max": 371231946.0,
      "std_dev": 8449282.568008363
    }
  },
  "ctype": {
    "base_native": {
      "mean": 653948174.5,
      "median": 653948174.5,
      "min": 653737614.0,
      "max": 654158735.0,
      "std_dev": 297777.5148000601
    },
    "wasmtime_app": {
      "mean": 908761280.0,
      "median": 908761280.0,
      "min": 908761280.0,
      "max": 908761280.0,
      "std_dev": 0.0
    }
  },
  "ed25519": {
    "base_native": {
      "mean": 1433220648.0,
      "median": 1433220648.0,
      "min": 1433220648.0,
      "max": 1433220648.0,
      "std_dev": 0.0
    },
    "wasmtime_app": {
      "mean": 6749213816.0,
      "median": 6749213816.0,
      "min": 6749213816.0,
      "max": 6749213816.0,
      "std_dev": 0.0
    }
  },
  "fib2": {
    "base_native": {
      "mean": 6956070399.0,
      "median": 6956070399.0,
      "min": 6956070399.0,
      "max": 6956070399.0,
      "std_dev": 0.0
    },
    "wasmtime_app": {
      "mean": 10686908528.0,
      "median": 10686908528.0,
      "min": 10686908528.0,
      "max": 10686908528.0,
      "std_dev": 0.0
    }
  },
  "gimli": {
    "base_native": {
      "mean": 4156393.2,
      "median": 4154936.0,
      "min": 4134987.0,
      "max": 4170210.0,
      "std_dev": 11016.626382175464
    },
    "wasmtime_app": {
      "mean": 9482500.4,
      "median": 9337582.0,
      "min": 9289784.0,
      "max": 10844789.0,
      "std_dev": 479004.4735692745
    }
  },
  "heapsort": {
    "base_native": {
      "mean": 1076390596.0,
      "median": 1076390596.0,
      "min": 1076390596.0,
      "max": 1076390596.0,
      "std_dev": 0.0
    },
    "wasmtime_app": {
      "mean": 1220756201.0,
      "median": 1220756201.0,
      "min": 1220756201.0,
      "max": 1220756201.0,
      "std_dev": 0.0
    }
  },
  "keccak": {
    "base_native": {
      "mean": 7490202.0,
      "median": 7489929.5,
      "min": 7480280.0,
      "max": 7503704.0,
      "std_dev": 8003.294391131137
    },
    "wasmtime_app": {
      "mean": 22842995.3,
      "median": 21313659.0,
      "min": 21018709.0,
      "max": 37026643.0,
      "std_dev": 4985050.349920406
    }
  },
  "matrix": {
    "base_native": {
      "mean": 377878752.5,
      "median": 377878752.5,
      "min": 377866216.0,
      "max": 377891289.0,
      "std_dev": 17729.288324690307
    },
    "wasmtime_app": {
      "mean": 533553674.0,
      "median": 533553674.0,
      "min": 529425171.0,
      "max": 537682177.0,
      "std_dev": 5838584.93489801
    }
  },
  "matrix2": {
    "base_native": {
      "mean": 194269981.25,
      "median": 194263163.0,
      "min": 194248214.0,
      "max": 194305385.0,
      "std_dev": 24824.161635726323
    },
    "wasmtime_app": {
      "mean": 260220353.0,
      "median": 257659826.0,
      "min": 257655351.0,
      "max": 265345882.0,
      "std_dev": 4438838.885765849
    }
  },
  "memmove": {
    "base_native": {
      "mean": 47332878.5,
      "median": 47330876.5,
      "min": 47322564.0,
      "max": 47354537.0,
      "std_dev": 9220.92701112228
    },
    "wasmtime_app": {
      "mean": 520847629.5,
      "median": 520847629.5,
      "min": 516227636.0,
      "max": 525467623.0,
      "std_dev": 6533657.465775544
    }
  },
  "minicsv": {
    "base_native": {
      "mean": 742007286.0,
      "median": 742007286.0,
      "min": 742007286.0,
      "max": 742007286.0,
      "std_dev": 0.0
    },
    "wasmtime_app": {
      "mean": 1106353468.0,
      "median": 1106353468.0,
      "min": 1106353468.0,
      "max": 1106353468.0,
      "std_dev": 0.0
    }
  },
  "nestedloop": {
    "base_native": {
      "mean": 1575681.1818181819,
      "median": 1578140.0,
      "min": 1547517.0,
      "max": 1608688.0,
      "std_dev": 18929.173678838608
    },
    "wasmtime_app": {
      "mean": 6257744.5,
      "median": 6155599.0,
      "min": 6106301.0,
      "max": 7123206.0,
      "std_dev": 305863.2519357666
    }
  },
  "nestedloop2": {
    "base_native": {
      "mean": 1578198.9090909092,
      "median": 1586164.0,
      "min": 1553817.0,
      "max": 1592364.0,
      "std_dev": 14174.584258132903
    },
    "wasmtime_app": {
      "mean": 6306159.8,
      "median": 6215096.5,
      "min": 6195272.0,
      "max": 7119006.0,
      "std_dev": 286243.3055068906
    }
  },
  "nestedloop3": {
    "base_native": {
      "mean": 2091002.0909090908,
      "median": 2092504.0,
      "min": 2052532.0,
      "max": 2152325.0,
      "std_dev": 28233.152723188905
    },
    "wasmtime_app": {
      "mean": 6845060.9,
      "median": 6724586.5,
      "min": 6685825.0,
      "max": 7942219.0,
      "std_dev": 386522.49658531445
    }
  },
  "random": {
    "base_native": {
      "mean": 577606887.0,
      "median": 577606887.0,
      "min": 577586426.0,
      "max": 577627348.0,
      "std_dev": 28936.223699715898
    },
    "wasmtime_app": {
      "mean": 290723672.0,
      "median": 290466233.0,
      "min": 290394712.0,
      "max": 291310071.0,
      "std_dev": 509093.9537659036
    }
  },
  "random2": {
    "base_native": {
      "mean": 577686093.5,
      "median": 577686093.5,
      "min": 577637022.0,
      "max": 577735165.0,
      "std_dev": 69397.58082599133
    },
    "wasmtime_app": {
      "mean": 290721730.6666667,
      "median": 290460434.0,
      "min": 290438985.0,
      "max": 291265773.0,
      "std_dev": 471276.52205932484
    }
  },
  "ratelimit": {
    "base_native": {
      "mean": 25944225.7,
      "median": 25941736.0,
      "min": 25921075.0,
      "max": 25992395.0,
      "std_dev": 20686.153366980103
    },
    "wasmtime_app": {
      "mean": 39039608.4,
      "median": 38313998.5,
      "min": 38280812.0,
      "max": 45598035.0,
      "std_dev": 2304487.5963786254
    }
  },
  "seqhash": {
    "base_native": {
      "mean": 7142416087.0,
      "median": 7142416087.0,
      "min": 7142416087.0,
      "max": 7142416087.0,
      "std_dev": 0.0
    },
    "wasmtime_app": {
      "mean": 9689734126.0,
      "median": 9689734126.0,
      "min": 9689734126.0,
      "max": 9689734126.0,
      "std_dev": 0.0
    }
  },
  "sieve": {
    "base_native": {
      "mean": 569270603.0,
      "median": 569270603.0,
      "min": 569230181.0,
      "max": 569311025.0,
      "std_dev": 57165.340618245245
    },
    "wasmtime_app": {
      "mean": 767130865.0,
      "median": 767130865.0,
      "min": 767130865.0,
      "max": 767130865.0,
      "std_dev": 0.0
    }
  },
  "strcat": {
    "base_native": {
      "mean": 65882123.3,
      "median": 65879351.0,
      "min": 65854228.0,
      "max": 65963420.0,
      "std_dev": 32079.108986136827
    },
    "wasmtime_app": {
      "mean": 352702050.0,
      "median": 352702050.0,
      "min": 350133515.0,
      "max": 355270585.0,
      "std_dev": 3632457.032429978
    }
  },
  "strcat2": {
    "base_native": {
      "mean": 2609677.4545454546,
      "median": 2606794.0,
      "min": 2596444.0,
      "max": 2627792.0,
      "std_dev": 10948.711452619767
    },
    "wasmtime_app": {
      "mean": 9413973.5,
      "median": 8493557.5,
      "min": 8464596.0,
      "max": 17719832.0,
      "std_dev": 2918404.4090259797
    }
  },
  "strchr": {
    "base_native": {
      "mean": 155171306.8,
      "median": 155154528.0,
      "min": 155128255.0,
      "max": 155240522.0,
      "std_dev": 43209.350975222944
    },