{
  "ackermann": {
    "base_native": {
      "mean": 3264941.8,
      "median": 2937676.5,
      "min": 2911666.0,
      "max": 6246137.0,
      "std_dev": 1047646.2193683728
    },
    "wasmtime_app": {
      "mean": 9014581.4,
      "median": 8788347.5,
      "min": 8054661.0,
      "max": 12668738.0,
      "std_dev": 1350799.5000734606
    }
  },
  "base64": {
    "base_native": {
      "mean": 250121935.66666666,
      "median": 249533846.0,
      "min": 249517572.0,
      "max": 251314389.0,
      "std_dev": 1032726.9362722817
    },
    "wasmtime_app": {
      "mean": 356217182.0,
      "median": 356217182.0,
      "min": 350451985.0,
      "max": 361982379.0,
      "std_dev": 8153219.787152681
    }
  },
  "ctype": {
    "base_native": {
      "mean": 654082599.5,
      "median": 654082599.5,
      "min": 654039064.0,
      "max": 654126135.0,
      "std_dev": 61568.49454469388
    },
    "wasmtime_app": {
      "mean": 982556995.0,
      "median": 982556995.0,
      "min": 982556995.0,
      "max": 982556995.0,
      "std_dev": 0.0
    }
  },
  "ed25519": {
    "base_native": {
      "mean": 1433145850.0,
      "median": 1433145850.0,
      "min": 1433145850.0,
      "max": 1433145850.0,
      "std_dev": 0.0
    },
    "wasmtime_app": {
      "mean": 6755069557.0,
      "median": 6755069557.0,
      "min": 6755069557.0,
      "max": 6755069557.0,
      "std_dev": 0.0
    }
  },
  "fib2": {
    "base_native": {
      "mean": 6956122743.0,
      "median": 6956122743.0,
      "min": 6956122743.0,
      "max": 6956122743.0,
      "std_dev": 0.0
    },
    "wasmtime_app": {
      "mean": 10682506258.0,
      "median": 10682506258.0,
      "min": 10682506258.0,
      "max": 10682506258.0,
      "std_dev": 0.0
    }
  },
  "gimli": {
    "base_native": {
      "mean": 4145463.9,
      "median": 4143671.5,
      "min": 4137034.0,
      "max": 4163783.0,
      "std_dev": 7684.395160901663
    },
    "wasmtime_app": {
      "mean": 9481321.4,
      "median": 9336146.5,
      "min": 9313048.0,
      "max": 10821493.0,
      "std_dev": 471035.87188455666
    }
  },
  "heapsort": {
    "base_native": {
      "mean": 1076344438.0,
      "median": 1076344438.0,
      "min": 1076344438.0,
      "max": 1076344438.0,
      "std_dev": 0.0
    },
    "wasmtime_app": {
      "mean": 1220945944.0,
      "median": 1220945944.0,
      "min": 1220945944.0,
      "max": 1220945944.0,
      "std_dev": 0.0
    }
  },
  "keccak": {
    "base_native": {
      "mean": 7487060.0,
      "median": 7488405.0,
      "min": 7467231.0,
      "max": 7506829.0,
      "std_dev": 13671.303709270418
    },
    "wasmtime_app": {
      "mean": 22881498.7,
      "median": 21284935.5,
      "min": 21104273.0,
      "max": 37242344.0,
      "std_dev": 5048018.030798404
    }
  },
  "matrix": {
    "base_native": {
      "mean": 377891541.5,
      "median": 377891541.5,
      "min": 377885117.0,
      "max": 377897966.0,
      "std_dev": 9085.61503146595
    },
    "wasmtime_app": {
      "mean": 533655420.0,
      "median": 533655420.0,
      "min": 529596829.0,
      "max": 537714011.0,
      "std_dev": 5739714.436325382
    }
  },
  "matrix2": {
    "base_native": {
      "mean": 194279325.25,
      "median": 194270563.0,
      "min": 194259214.0,
      "max": 194316961.0,
      "std_dev": 25659.61388869027
    },
    "wasmtime_app": {
      "mean": 260157959.66666666,
      "median": 257688824.0,
      "min": 257661776.0,
      "max": 265123279.0,
      "std_dev": 4300113.947333992
    }
  },
  "memmove": {
    "base_native": {
      "mean": 47336372.1,
      "median": 47336422.0,
      "min": 47315198.0,
      "max": 47347822.0,
      "std_dev": 10210.350961973181
    },
    "wasmtime_app": {
      "mean": 520894163.0,
      "median": 520894163.0,
      "min": 515952184.0,
      "max": 525836142.0,
      "std_dev": 6989013.726763026
    }
  },
  "minicsv": {
    "base_native": {
      "mean": 724126265.0,
      "median": 724126265.0,
      "min": 724126265.0,
      "max": 724126265.0,
      "std_dev": 0.0
    },
    "wasmtime_app": {
      "mean": 1109330952.0,
      "median": 1109330952.0,
      "min": 1109330952.0,
      "max": 1109330952.0,
      "std_dev": 0.0
    }
  },
  "nestedloop": {
    "base_native": {
      "mean": 1574120.1818181819,
      "median": 1577827.0,
      "min": 1545628.0,
      "max": 1595251.0,
      "std_dev": 15487.47887048232
    },
    "wasmtime_app": {
      "mean": 6265286.4,
      "median": 6164518.0,
      "min": 6147195.0,
      "max": 7093028.0,
      "std_dev": 291805.4675762224
    }
  },
  "nestedloop2": {
    "base_native": {
      "mean": 1575718.0,
      "median": 1570527.0,
      "min": 1546378.0,
      "max": 1607751.0,
      "std_dev": 21666.10882922912
    },
    "wasmtime_app": {
      "mean": 6289739.6,
      "median": 6198453.5,
      "min": 6150419.0,
      "max": 7144700.0,
      "std_dev": 302359.03158779815
    }
  },
  "nestedloop3": {
    "base_native": {
      "mean": 2080062.9090909092,
      "median": 2075404.0,
      "min": 2056405.0,
      "max": 2138076.0,
      "std_dev": 20666.515639819623
    },
    "wasmtime_app": {
      "mean": 6837426.2,
      "median": 6714292.5,
      "min": 6686857.0,
      "max": 7958318.0,
      "std_dev": 394079.7370366109
    }
  },
  "random": {
    "base_native": {
      "mean": 577662227.0,
      "median": 577662227.0,
      "min": 577618829.0,
      "max": 577705625.0,
      "std_dev": 61374.04017986758
    },
    "wasmtime_app": {
      "mean": 290685166.3333333,
      "median": 290420635.0,
      "min": 290413410.0,
      "max": 291221454.0,
      "std_dev": 464452.792240862
    }
  },
  "random2": {
    "base_native": {
      "mean": 577641165.5,
      "median": 577641165.5,
      "min": 577598180.0,
      "max": 577684151.0,
      "std_dev": 60790.67708538868
    },
    "wasmtime_app": {
      "mean": 290722796.6666667,
      "median": 290422384.0,
      "min": 290420235.0,
      "max": 291325771.0,
      "std_dev": 522192.1959818371
    }
  },
  "ratelimit": {
    "base_native": {
      "mean": 25929091.7,
      "median": 25927569.5,
      "min": 25915782.0,
      "max": 25961605.0,
      "std_dev": 13915.470863195555
    },
    "wasmtime_app": {
      "mean": 39048835.5,
      "median": 38330368.5,
      "min": 38304570.0,
      "max": 45546239.0,
      "std_dev": 2283018.688178354
    }
  },
  "seqhash": {
    "base_native": {
      "mean": 7109106381.0,
      "median": 7109106381.0,
      "min": 7109106381.0,
      "max": 7109106381.0,
      "std_dev": 0.0
    },
    "wasmtime_app": {
      "mean": 9703829142.0,
      "median": 9703829142.0,
      "min": 9703829142.0,
      "max": 9703829142.0,
      "std_dev": 0.0
    }
  },
  "sieve": {
    "base_native": {
      "mean": 569307136.5,
      "median": 569307136.5,
      "min": 569246289.0,
      "max": 569367984.0,
      "std_dev": 86051.3597364969
    },
    "wasmtime_app": {
      "mean": 767377171.0,
      "median": 767377171.0,
      "min": 767377171.0,
      "max": 767377171.0,
      "std_dev": 0.0
    }
  },
  "strcat": {
    "base_native": {
      "mean": 65864859.7,
      "median": 65850445.0,
      "min": 65818772.0,
      "max": 66013413.0,
      "std_dev": 53631.835636950644
    },
    "wasmtime_app": {
      "mean": 349847577.5,
      "median": 349847577.5,
      "min": 347296431.0,
      "max": 352398724.0,
      "std_dev": 3607865.979900653
    }
  },
  "strcat2": {
    "base_native": {
      "mean": 2600382.1818181816,
      "median": 2602305.0,
      "min": 2580656.0,
      "max": 2620054.0,
      "std_dev": 12051.73483626471
    },
    "wasmtime_app": {
      "mean": 9399882.0,
      "median": 8488006.0,
      "min": 8475757.0,
      "max": 17587694.0,
      "std_dev": 2876938.604599611
    }
  },
  "strchr": {
    "base_native": {
      "mean": 155009209.0,
      "median": 155037993.0,
      "min": 154724432.0,
      "max": 155186861.0,
      "std_dev": 176874.4871441328
    },