{
  "ackermann": {
    "base_native": {
      "mean": 2892762.1818181816,
      "median": 2880522.0,
      "min": 2872973.0,
      "max": 2952218.0,
      "std_dev": 23537.590496132696
    },
    "wasmtime_app": {
      "mean": 9364262.0,
      "median": 9260143.5,
      "min": 8195071.0,
      "max": 13111619.0,
      "std_dev": 1485522.4860809823
    }
  },
  "base64": {
    "base_native": {
      "mean": 252752703.0,
      "median": 253389522.0,
      "min": 251377271.0,
      "max": 253491316.0,
      "std_dev": 1192245.9455066307
    },
    "wasmtime_app": {
      "mean": 366372404.5,
      "median": 366372404.5,
      "min": 361546026.0,
      "max": 371198783.0,
      "std_dev": 6825529.931845915
    }
  },
  "ctype": {
    "base_native": {
      "mean": 654089386.5,
      "median": 654089386.5,
      "min": 653730846.0,
      "max": 654447927.0,
      "std_dev": 507052.8377600307
    },
    "wasmtime_app": {
      "mean": 985225207.0,
      "median": 985225207.0,
      "min": 985225207.0,
      "max": 985225207.0,
      "std_dev": 0.0
    }
  },
  "ed25519": {
    "base_native": {
      "mean": 1433136054.0,
      "median": 1433136054.0,
      "min": 1433136054.0,
      "max": 1433136054.0,
      "std_dev": 0.0
    },
    "wasmtime_app": {
      "mean": 6730329032.0,
      "median": 6730329032.0,
      "min": 6730329032.0,
      "max": 6730329032.0,
      "std_dev": 0.0
    }
  },
  "fib2": {
    "base_native": {
      "mean": 6956162049.0,
      "median": 6956162049.0,
      "min": 6956162049.0,
      "max": 6956162049.0,
      "std_dev": 0.0
    },
    "wasmtime_app": {
      "mean": 10720920010.0,
      "median": 10720920010.0,
      "min": 10720920010.0,
      "max": 10720920010.0,
      "std_dev": 0.0
    }
  },
  "gimli": {
    "base_native": {
      "mean": 4144316.8,
      "median": 4140582.0,
      "min": 4126245.0,
      "max": 4165568.0,
      "std_dev": 12086.362533404701
    },
    "wasmtime_app": {
      "mean": 9491846.9,
      "median": 9351313.0,
      "min": 9297029.0,
      "max": 10782812.0,
      "std_dev": 455176.0524665032
    }
  },
  "heapsort": {
    "base_native": {
      "mean": 1076307876.0,
      "median": 1076307876.0,
      "min": 1076307876.0,
      "max": 1076307876.0,
      "std_dev": 0.0
    },
    "wasmtime_app": {
      "mean": 1220492386.0,
      "median": 1220492386.0,
      "min": 1220492386.0,
      "max": 1220492386.0,
      "std_dev": 0.0
    }
  },
  "keccak": {
    "base_native": {
      "mean": 7478724.0,
      "median": 7478289.0,
      "min": 7463965.0,
      "max": 7491538.0,
      "std_dev": 7066.117132721007
    },
    "wasmtime_app": {
      "mean": 22885504.3,
      "median": 21346914.0,
      "min": 21014509.0,
      "max": 37032176.0,
      "std_dev": 4972822.1432752535
    }
  },
  "matrix": {
    "base_native": {
      "mean": 377872044.5,
      "median": 377872044.5,
      "min": 377862783.0,
      "max": 377881306.0,
      "std_dev": 13097.73890791842
    },
    "wasmtime_app": {
      "mean": 533604549.0,
      "median": 533604549.0,
      "min": 529557710.0,
      "max": 537651388.0,
      "std_dev": 5723094.598540373
    }
  },
  "matrix2": {
    "base_native": {
      "mean": 194271893.5,
      "median": 194263063.0,
      "min": 194240539.0,
      "max": 194320909.0,
      "std_dev": 34388.48824340301
    },
    "wasmtime_app": {
      "mean": 260209922.66666666,
      "median": 257663329.0,
      "min": 257649280.0,
      "max": 265317159.0,
      "std_dev": 4423001.985867781
    }
  },
  "memmove": {
    "base_native": {
      "mean": 47342711.9,
      "median": 47342521.5,
      "min": 47331735.0,
      "max": 47356459.0,
      "std_dev": 7857.704958263012
    },
    "wasmtime_app": {
      "mean": 521040845.0,
      "median": 521040845.0,
      "min": 516517660.0,
      "max": 525564030.0,
      "std_dev": 6396749.572122548
    }
  },
  "minicsv": {
    "base_native": {
      "mean": 739909115.0,
      "median": 739909115.0,
      "min": 739909115.0,
      "max": 739909115.0,
      "std_dev": 0.0
    },
    "wasmtime_app": {
      "mean": 1112426821.0,
      "median": 1112426821.0,
      "min": 1112426821.0,
      "max": 1112426821.0,
      "std_dev": 0.0
    }
  },
  "nestedloop": {
    "base_native": {
      "mean": 1575672.9090909092,
      "median": 1580902.0,
      "min": 1552354.0,
      "max": 1606601.0,
      "std_dev": 16490.810249678732
    },
    "wasmtime_app": {
      "mean": 6246908.4,
      "median": 6153259.0,
      "min": 6127848.0,
      "max": 7081590.0,
      "std_dev": 293668.57286222046
    }
  },
  "nestedloop2": {
    "base_native": {
      "mean": 1574845.8181818181,
      "median": 1580602.0,
      "min": 1548654.0,
      "max": 1601926.0,
      "std_dev": 20159.825330682714
    },
    "wasmtime_app": {
      "mean": 6241728.8,
      "median": 6155771.5,
      "min": 6091076.0,
      "max": 7038442.0,
      "std_dev": 281320.3025259444
    }
  },
  "nestedloop3": {
    "base_native": {
      "mean": 2092461.6363636365,
      "median": 2084871.0,
      "min": 2061223.0,
      "max": 2172866.0,
      "std_dev": 28710.550093206948
    },
    "wasmtime_app": {
      "mean": 6830150.0,
      "median": 6724174.0,
      "min": 6679064.0,
      "max": 7874091.0,
      "std_dev": 367499.695641295
    }
  },
  "random": {
    "base_native": {
      "mean": 577634381.5,
      "median": 577634381.5,
      "min": 577608933.0,
      "max": 577659830.0,
      "std_dev": 35989.61384205171
    },
    "wasmtime_app": {
      "mean": 290563334.0,
      "median": 290295875.0,
      "min": 290226830.0,
      "max": 291167297.0,
      "std_dev": 524185.3508378501
    }
  },
  "random2": {
    "base_native": {
      "mean": 577631582.0,
      "median": 577631582.0,
      "min": 577562661.0,
      "max": 577700503.0,
      "std_dev": 97469.01293231608
    },
    "wasmtime_app": {
      "mean": 290632680.0,
      "median": 290368371.0,
      "min": 290276677.0,
      "max": 291252992.0,
      "std_dev": 539158.7710656296
    }
  },
  "ratelimit": {
    "base_native": {
      "mean": 25936845.0,
      "median": 25935552.5,
      "min": 25917479.0,
      "max": 25959876.0,
      "std_dev": 13363.247667472986
    },
    "wasmtime_app": {
      "mean": 38987438.2,
      "median": 38269837.0,
      "min": 38204004.0,
      "max": 45528854.0,
      "std_dev": 2298584.9098201846
    }
  },
  "seqhash": {
    "base_native": {
      "mean": 7108561865.0,
      "median": 7108561865.0,
      "min": 7108561865.0,
      "max": 7108561865.0,
      "std_dev": 0.0
    },
    "wasmtime_app": {
      "mean": 9645606484.0,
      "median": 9645606484.0,
      "min": 9645606484.0,
      "max": 9645606484.0,
      "std_dev": 0.0
    }
  },
  "sieve": {
    "base_native": {
      "mean": 569186564.0,
      "median": 569186564.0,
      "min": 569111606.0,
      "max": 569261522.0,
      "std_dev": 106006.62020836245
    },
    "wasmtime_app": {
      "mean": 767144922.0,
      "median": 767144922.0,
      "min": 767144922.0,
      "max": 767144922.0,
      "std_dev": 0.0
    }
  },
  "strcat": {
    "base_native": {
      "mean": 65853819.6,
      "median": 65845845.0,
      "min": 65833096.0,
      "max": 65931640.0,
      "std_dev": 28685.346100985662
    },
    "wasmtime_app": {
      "mean": 352668583.0,
      "median": 352668583.0,
      "min": 350182298.0,
      "max": 355154868.0,
      "std_dev": 3516137.9669247908
    }
  },
  "strcat2": {
    "base_native": {
      "mean": 2589792.1818181816,
      "median": 2585190.0,
      "min": 2581591.0,
      "max": 2617938.0,
      "std_dev": 11115.2151559759
    },
    "wasmtime_app": {
      "mean": 9363257.2,
      "median": 8462767.5,
      "min": 8416883.0,
      "max": 17528423.0,
      "std_dev": 2869097.8977519046
    }
  },
  "strchr": {
    "base_native": {
      "mean": 155180729.2,
      "median": 155171420.0,
      "min": 155149496.0,
      "max": 155241640.0,
      "std_dev": 36447.89073046615
    },