{
  "ackermann": {
    "base_native": {
      "mean": 3349704.6,
      "median": 2941056.5,
      "min": 2904171.0,
      "max": 7107970.0,
      "std_dev": 1320675.62198463
    },
    "wasmtime_app": {
      "mean": 9318049.9,
      "median": 8719113.0,
      "min": 8435221.0,
      "max": 13577302.0,
      "std_dev": 1563924.2228169674
    }
  },
  "base64": {
    "base_native": {
      "mean": 255419653.33333334,
      "median": 257423915.0,
      "min": 251304084.0,
      "max": 257530961.0,
      "std_dev": 3564589.445452917
    },
    "wasmtime_app": {
      "mean": 377678095.5,
      "median": 377678095.5,
      "min": 372089308.0,
      "max": 383266883.0,
      "std_dev": 7903739.079721224
    }
  },
  "ctype": {
    "base_native": {
      "mean": 654451736.5,
      "median": 654451736.5,
      "min": 654061375.0,
      "max": 654842098.0,
      "std_dev": 552054.527528305
    },
    "wasmtime_app": {
      "mean": 955059842.0,
      "median": 955059842.0,
      "min": 955059842.0,
      "max": 955059842.0,
      "std_dev": 0.0
    }
  },
  "ed25519": {
    "base_native": {
      "mean": 1433026858.0,
      "median": 1433026858.0,
      "min": 1433026858.0,
      "max": 1433026858.0,
      "std_dev": 0.0
    },
    "wasmtime_app": {
      "mean": 6730865370.0,
      "median": 6730865370.0,
      "min": 6730865370.0,
      "max": 6730865370.0,
      "std_dev": 0.0
    }
  },
  "fib2": {
    "base_native": {
      "mean": 6956033172.0,
      "median": 6956033172.0,
      "min": 6956033172.0,
      "max": 6956033172.0,
      "std_dev": 0.0
    },
    "wasmtime_app": {
      "mean": 10677591934.0,
      "median": 10677591934.0,
      "min": 10677591934.0,
      "max": 10677591934.0,
      "std_dev": 0.0
    }
  },
  "gimli": {
    "base_native": {
      "mean": 4142234.0,
      "median": 4135852.0,
      "min": 4126252.0,
      "max": 4183700.0,
      "std_dev": 17481.845637371614
    },
    "wasmtime_app": {
      "mean": 9473081.1,
      "median": 9328469.0,
      "min": 9302658.0,
      "max": 10807051.0,
      "std_dev": 468858.38487790985
    }
  },
  "heapsort": {
    "base_native": {
      "mean": 1076340443.0,
      "median": 1076340443.0,
      "min": 1076340443.0,
      "max": 1076340443.0,
      "std_dev": 0.0
    },
    "wasmtime_app": {
      "mean": 1220414243.0,
      "median": 1220414243.0,
      "min": 1220414243.0,
      "max": 1220414243.0,
      "std_dev": 0.0
    }
  },
  "keccak": {
    "base_native": {
      "mean": 7485654.2,
      "median": 7483094.5,
      "min": 7465157.0,
      "max": 7519855.0,
      "std_dev": 14434.657566657641
    },
    "wasmtime_app": {
      "mean": 22849163.5,
      "median": 21297262.5,
      "min": 21009745.0,
      "max": 37030473.0,
      "std_dev": 4986387.766989141
    }
  },
  "matrix": {
    "base_native": {
      "mean": 377877281.0,
      "median": 377877281.0,
      "min": 377876306.0,
      "max": 377878256.0,
      "std_dev": 1378.8582233137677
    },
    "wasmtime_app": {
      "mean": 533630266.5,
      "median": 533630266.5,
      "min": 529558283.0,
      "max": 537702250.0,
      "std_dev": 5758654.291459464
    }
  },
  "matrix2": {
    "base_native": {
      "mean": 194269581.0,
      "median": 194262662.5,
      "min": 194255350.0,
      "max": 194297649.0,
      "std_dev": 19701.9718302509
    },
    "wasmtime_app": {
      "mean": 260177446.0,
      "median": 257635878.0,
      "min": 257624679.0,
      "max": 265271781.0,
      "std_dev": 4411827.078838086
    }
  },
  "memmove": {
    "base_native": {
      "mean": 47337398.6,
      "median": 47327706.0,
      "min": 47308982.0,
      "max": 47397104.0,
      "std_dev": 26723.334032680545
    },
    "wasmtime_app": {
      "mean": 520827233.0,
      "median": 520827233.0,
      "min": 515717349.0,
      "max": 525937117.0,
      "std_dev": 7226467.25495328
    }
  },
  "minicsv": {
    "base_native": {
      "mean": 720451275.0,
      "median": 720451275.0,
      "min": 720451275.0,
      "max": 720451275.0,
      "std_dev": 0.0
    },
    "wasmtime_app": {
      "mean": 1101601150.0,
      "median": 1101601150.0,
      "min": 1101601150.0,
      "max": 1101601150.0,
      "std_dev": 0.0
    }
  },
  "nestedloop": {
    "base_native": {
      "mean": 1574527.2727272727,
      "median": 1576943.0,
      "min": 1546344.0,
      "max": 1590043.0,
      "std_dev": 13028.32032988834
    },
    "wasmtime_app": {
      "mean": 6276462.5,
      "median": 6189618.5,
      "min": 6153559.0,
      "max": 7118115.0,
      "std_dev": 296115.1412081494
    }
  },
  "nestedloop2": {
    "base_native": {
      "mean": 1572568.2727272727,
      "median": 1580068.0,
      "min": 1546669.0,
      "max": 1606442.0,
      "std_dev": 18811.528524236986
    },
    "wasmtime_app": {
      "mean": 6284589.4,
      "median": 6177932.0,
      "min": 6133260.0,
      "max": 7291777.0,
      "std_dev": 354234.36796285654
    }
  },
  "nestedloop3": {
    "base_native": {
      "mean": 2087740.8181818181,
      "median": 2084000.0,
      "min": 2062501.0,
      "max": 2139348.0,
      "std_dev": 19039.297328515997
    },
    "wasmtime_app": {
      "mean": 6849051.7,
      "median": 6724205.5,
      "min": 6692370.0,
      "max": 7988528.0,
      "std_dev": 400639.76372215536
    }
  },
  "random": {
    "base_native": {
      "mean": 578097518.0,
      "median": 578097518.0,
      "min": 577574487.0,
      "max": 578620549.0,
      "std_dev": 739677.5337415623
    },
    "wasmtime_app": {
      "mean": 290679720.3333333,
      "median": 290404257.0,
      "min": 290387033.0,
      "max": 291247871.0,
      "std_dev": 492108.2722016907
    }
  },
  "random2": {
    "base_native": {
      "mean": 577704782.0,
      "median": 577704782.0,
      "min": 577611085.0,
      "max": 577798479.0,
      "std_dev": 132507.5681536719
    },
    "wasmtime_app": {
      "mean": 290699493.6666667,
      "median": 290391632.0,
      "min": 290362560.0,
      "max": 291344289.0,
      "std_dev": 558598.3008498445
    }
  },
  "ratelimit": {
    "base_native": {
      "mean": 25913152.4,
      "median": 25908947.5,
      "min": 25895973.0,
      "max": 25946671.0,
      "std_dev": 14868.612968263045
    },
    "wasmtime_app": {
      "mean": 39003589.3,
      "median": 38300844.5,
      "min": 38163542.0,
      "max": 45560962.0,
      "std_dev": 2304645.4657307584
    }
  },
  "seqhash": {
    "base_native": {
      "mean": 7107205114.0,
      "median": 7107205114.0,
      "min": 7107205114.0,
      "max": 7107205114.0,
      "std_dev": 0.0
    },
    "wasmtime_app": {
      "mean": 9680753883.0,
      "median": 9680753883.0,
      "min": 9680753883.0,
      "max": 9680753883.0,
      "std_dev": 0.0
    }
  },
  "sieve": {
    "base_native": {
      "mean": 569187537.0,
      "median": 569187537.0,
      "min": 569153163.0,
      "max": 569221911.0,
      "std_dev": 48612.17699301277
    },
    "wasmtime_app": {
      "mean": 766512317.0,
      "median": 766512317.0,
      "min": 766512317.0,
      "max": 766512317.0,
      "std_dev": 0.0
    }
  },
  "strcat": {
    "base_native": {
      "mean": 65842556.6,
      "median": 65827607.0,
      "min": 65808770.0,
      "max": 65965865.0,
      "std_dev": 44949.39093444736
    },
    "wasmtime_app": {
      "mean": 352678798.0,
      "median": 352678798.0,
      "min": 350135005.0,
      "max": 355222591.0,
      "std_dev": 3597466.5604697424
    }
  },
  "strcat2": {
    "base_native": {
      "mean": 2585790.909090909,
      "median": 2582807.0,
      "min": 2572732.0,
      "max": 2607381.0,
      "std_dev": 10693.455610367917
    },
    "wasmtime_app": {
      "mean": 9345818.1,
      "median": 8432646.0,
      "min": 8378275.0,
      "max": 17575366.0,
      "std_dev": 2891811.2701006248
    }
  },
  "strchr": {
    "base_native": {
      "mean": 154567639.8,
      "median": 154570620.0,
      "min": 154553320.0,
      "max": 154584419.0,
      "std_dev": 12410.939638077369
    },