{
  "ackermann": {
    "base_native": {
      "mean": 3154995.9,
      "median": 2844304.5,
      "min": 2813631.0,
      "max": 6009640.0,
      "std_dev": 1003157.056432502
    },
    "wasmtime_app": {
      "mean": 9619944.3,
      "median": 9281402.5,
      "min": 8512070.0,
      "max": 14126127.0,
      "std_dev": 1687644.8055689293
    }
  },
  "base64": {
    "base_native": {
      "mean": 249520642.66666666,
      "median": 249500161.0,
      "min": 249489161.0,
      "max": 249572606.0,
      "std_dev": 45336.42032994371
    },
    "wasmtime_app": {
      "mean": 373314021.0,
      "median": 373314021.0,
      "min": 363253373.0,
      "max": 383374669.0,
      "std_dev": 14227904.847861754
    }
  },
  "ctype": {
    "base_native": {
      "mean": 653947397.0,
      "median": 653947397.0,
      "min": 653706824.0,
      "max": 654187970.0,
      "std_dev": 340221.5993407826
    },
    "wasmtime_app": {
      "mean": 989484332.0,
      "median": 989484332.0,
      "min": 989484332.0,
      "max": 989484332.0,
      "std_dev": 0.0
    }
  },
  "ed25519": {
    "base_native": {
      "mean": 1433111560.0,
      "median": 1433111560.0,
      "min": 1433111560.0,
      "max": 1433111560.0,
      "std_dev": 0.0
    },
    "wasmtime_app": {
      "mean": 6753397255.0,
      "median": 6753397255.0,
      "min": 6753397255.0,
      "max": 6753397255.0,
      "std_dev": 0.0
    }
  },
  "fib2": {
    "base_native": {
      "mean": 6955898011.0,
      "median": 6955898011.0,
      "min": 6955898011.0,
      "max": 6955898011.0,
      "std_dev": 0.0
    },
    "wasmtime_app": {
      "mean": 10676453862.0,
      "median": 10676453862.0,
      "min": 10676453862.0,
      "max": 10676453862.0,
      "std_dev": 0.0
    }
  },
  "gimli": {
    "base_native": {
      "mean": 4148026.6,
      "median": 4145752.0,
      "min": 4129328.0,
      "max": 4170150.0,
      "std_dev": 12388.065297786505
    },
    "wasmtime_app": {
      "mean": 9535274.9,
      "median": 9391523.0,
      "min": 9349637.0,
      "max": 10845279.0,
      "std_dev": 460867.95139713166
    }
  },
  "heapsort": {
    "base_native": {
      "mean": 1076335187.0,
      "median": 1076335187.0,
      "min": 1076335187.0,
      "max": 1076335187.0,
      "std_dev": 0.0
    },
    "wasmtime_app": {
      "mean": 1220494405.0,
      "median": 1220494405.0,
      "min": 1220494405.0,
      "max": 1220494405.0,
      "std_dev": 0.0
    }
  },
  "keccak": {
    "base_native": {
      "mean": 7483097.1,
      "median": 7482277.0,
      "min": 7463428.0,
      "max": 7495526.0,
      "std_dev": 9073.222892421169
    },
    "wasmtime_app": {
      "mean": 22892302.5,
      "median": 21324861.0,
      "min": 21045259.0,
      "max": 37293229.0,
      "std_dev": 5062705.746204587
    }
  },
  "matrix": {
    "base_native": {
      "mean": 377939195.5,
      "median": 377939195.5,
      "min": 377870137.0,
      "max": 378008254.0,
      "std_dev": 97663.46729714239
    },
    "wasmtime_app": {
      "mean": 533731742.5,
      "median": 533731742.5,
      "min": 529568229.0,
      "max": 537895256.0,
      "std_dev": 5888097.258823473
    }
  },
  "matrix2": {
    "base_native": {
      "mean": 194264899.75,
      "median": 194261425.0,
      "min": 194250988.0,
      "max": 194285761.0,
      "std_dev": 15586.498460205872
    },
    "wasmtime_app": {
      "mean": 260260147.66666666,
      "median": 257709688.0,
      "min": 257708213.0,
      "max": 265362542.0,
      "std_dev": 4418803.174336953
    }
  },
  "memmove": {
    "base_native": {
      "mean": 47337209.8,
      "median": 47337470.0,
      "min": 47320971.0,
      "max": 47353019.0,
      "std_dev": 9584.787794555843
    },
    "wasmtime_app": {
      "mean": 520734121.5,
      "median": 520734121.5,
      "min": 516180473.0,
      "max": 525287770.0,
      "std_dev": 6439831.4669799
    }
  },
  "minicsv": {
    "base_native": {
      "mean": 735161905.0,
      "median": 735161905.0,
      "min": 735161905.0,
      "max": 735161905.0,
      "std_dev": 0.0
    },
    "wasmtime_app": {
      "mean": 1114100878.0,
      "median": 1114100878.0,
      "min": 1114100878.0,
      "max": 1114100878.0,
      "std_dev": 0.0
    }
  },
  "nestedloop": {
    "base_native": {
      "mean": 1584132.0909090908,
      "median": 1586905.0,
      "min": 1566556.0,
      "max": 1612328.0,
      "std_dev": 13536.858154346934
    },
    "wasmtime_app": {
      "mean": 6303710.2,
      "median": 6208884.0,
      "min": 6185135.0,
      "max": 7129398.0,
      "std_dev": 290986.6126912218
    }
  },
  "nestedloop2": {
    "base_native": {
      "mean": 1594965.5454545454,
      "median": 1587205.0,
      "min": 1559131.0,
      "max": 1664750.0,
      "std_dev": 31299.735536785727
    },
    "wasmtime_app": {
      "mean": 6305207.8,
      "median": 6213584.0,
      "min": 6193110.0,
      "max": 7066851.0,
      "std_dev": 268602.1221392961
    }
  },
  "nestedloop3": {
    "base_native": {
      "mean": 2094108.4545454546,
      "median": 2088000.0,
      "min": 2065676.0,
      "max": 2145021.0,
      "std_dev": 21058.410877194114
    },
    "wasmtime_app": {
      "mean": 6881837.8,
      "median": 6759437.5,
      "min": 6741288.0,
      "max": 7942067.0,
      "std_dev": 373115.35017495306
    }
  },
  "random": {
    "base_native": {
      "mean": 577571400.5,
      "median": 577571400.5,
      "min": 577561151.0,
      "max": 577581650.0,
      "std_dev": 14494.981907543037
    },
    "wasmtime_app": {
      "mean": 290707292.6666667,
      "median": 290432170.0,
      "min": 290404071.0,
      "max": 291285637.0,
      "std_dev": 501057.89523201145
    }
  },
  "random2": {
    "base_native": {
      "mean": 577686493.0,
      "median": 577686493.0,
      "min": 577599648.0,
      "max": 577773338.0,
      "std_dev": 122817.37682429144
    },
    "wasmtime_app": {
      "mean": 290723509.0,
      "median": 290426120.0,
      "min": 290394622.0,
      "max": 291349785.0,
      "std_dev": 542599.53200588
    }
  },
  "ratelimit": {
    "base_native": {
      "mean": 25926802.2,
      "median": 25923087.5,
      "min": 25888877.0,
      "max": 25967597.0,
      "std_dev": 21944.577395490367
    },
    "wasmtime_app": {
      "mean": 39084092.6,
      "median": 38364288.0,
      "min": 38339089.0,
      "max": 45567284.0,
      "std_dev": 2278028.6862745653
    }
  },
  "seqhash": {
    "base_native": {
      "mean": 7114243546.0,
      "median": 7114243546.0,
      "min": 7114243546.0,
      "max": 7114243546.0,
      "std_dev": 0.0
    },
    "wasmtime_app": {
      "mean": 9704519199.0,
      "median": 9704519199.0,
      "min": 9704519199.0,
      "max": 9704519199.0,
      "std_dev": 0.0
    }
  },
  "sieve": {
    "base_native": {
      "mean": 569190926.0,
      "median": 569190926.0,
      "min": 569177852.0,
      "max": 569204000.0,
      "std_dev": 18489.428114465845
    },
    "wasmtime_app": {
      "mean": 766961605.0,
      "median": 766961605.0,
      "min": 766961605.0,
      "max": 766961605.0,
      "std_dev": 0.0
    }
  },
  "strcat": {
    "base_native": {
      "mean": 65853503.1,
      "median": 65847201.0,
      "min": 65827465.0,
      "max": 65946183.0,
      "std_dev": 33791.004724959304
    },
    "wasmtime_app": {
      "mean": 349775408.0,
      "median": 349775408.0,
      "min": 347211245.0,
      "max": 352339571.0,
      "std_dev": 3626274.0907352827
    }
  },
  "strcat2": {
    "base_native": {
      "mean": 2600773.5454545454,
      "median": 2596869.0,
      "min": 2583145.0,
      "max": 2623468.0,
      "std_dev": 12232.573027483926
    },
    "wasmtime_app": {
      "mean": 9450865.9,
      "median": 8534306.5,
      "min": 8489496.0,
      "max": 17756086.0,
      "std_dev": 2918256.8614605246
    }
  },
  "strchr": {
    "base_native": {
      "mean": 155081894.6,
      "median": 155095729.0,
      "min": 155024558.0,
      "max": 155127102.0,
      "std_dev": 48790.38683798274
    },