{
  "ackermann": {
    "base_native": {
      "mean": 3642033.7,
      "median": 3027443.0,
      "min": 2996945.0,
      "max": 9216246.0,
      "std_dev": 1958656.768867098
    },
    "wasmtime_app": {
      "mean": 9202512.7,
      "median": 8241368.5,
      "min": 8197057.0,
      "max": 13001091.0,
      "std_dev": 1563501.7968582965
    }
  },
  "base64": {
    "base_native": {
      "mean": 262534245.0,
      "median": 264249503.0,
      "min": 257415669.0,
      "max": 265937563.0,
      "std_dev": 4512455.189997126
    },
    "wasmtime_app": {
      "mean": 366047679.0,
      "median": 366047679.0,
      "min": 360916143.0,
      "max": 371179215.0,
      "std_dev": 7257087.807005783
    }
  },
  "ctype": {
    "base_native": {
      "mean": 656856664.5,
      "median": 656856664.5,
      "min": 654142387.0,
      "max": 659570942.0,
      "std_dev": 3838568.0525441384
    },
    "wasmtime_app": {
      "mean": 983542660.0,
      "median": 983542660.0,
      "min": 983542660.0,
      "max": 983542660.0,
      "std_dev": 0.0
    }
  },
  "ed25519": {
    "base_native": {
      "mean": 1433133085.0,
      "median": 1433133085.0,
      "min": 1433133085.0,
      "max": 1433133085.0,
      "std_dev": 0.0
    },
    "wasmtime_app": {
      "mean": 6725481830.0,
      "median": 6725481830.0,
      "min": 6725481830.0,
      "max": 6725481830.0,
      "std_dev": 0.0
    }
  },
  "fib2": {
    "base_native": {
      "mean": 6955811088.0,
      "median": 6955811088.0,
      "min": 6955811088.0,
      "max": 6955811088.0,
      "std_dev": 0.0
    },
    "wasmtime_app": {
      "mean": 10682949310.0,
      "median": 10682949310.0,
      "min": 10682949310.0,
      "max": 10682949310.0,
      "std_dev": 0.0
    }
  },
  "gimli": {
    "base_native": {
      "mean": 4144899.2,
      "median": 4139129.5,
      "min": 4120393.0,
      "max": 4185314.0,
      "std_dev": 17708.12483830202
    },
    "wasmtime_app": {
      "mean": 9513726.2,
      "median": 9368048.0,
      "min": 9334449.0,
      "max": 10855054.0,
      "std_dev": 471761.7497698977
    }
  },
  "heapsort": {
    "base_native": {
      "mean": 1076214852.0,
      "median": 1076214852.0,
      "min": 1076214852.0,
      "max": 1076214852.0,
      "std_dev": 0.0
    },
    "wasmtime_app": {
      "mean": 1220520014.0,
      "median": 1220520014.0,
      "min": 1220520014.0,
      "max": 1220520014.0,
      "std_dev": 0.0
    }
  },
  "keccak": {
    "base_native": {
      "mean": 7482491.6,
      "median": 7483151.5,
      "min": 7465340.0,
      "max": 7496938.0,
      "std_dev": 8876.900800517162
    },
    "wasmtime_app": {
      "mean": 22923090.1,
      "median": 21348331.5,
      "min": 21208998.0,
      "max": 37211826.0,
      "std_dev": 5021073.5322592445
    }
  },
  "matrix": {
    "base_native": {
      "mean": 377864766.5,
      "median": 377864766.5,
      "min": 377860704.0,
      "max": 377868829.0,
      "std_dev": 5745.242597140698
    },
    "wasmtime_app": {
      "mean": 533565833.5,
      "median": 533565833.5,
      "min": 529501341.0,
      "max": 537630326.0,
      "std_dev": 5748060.417663727
    }
  },
  "matrix2": {
    "base_native": {
      "mean": 194255420.0,
      "median": 194251926.5,
      "min": 194239702.0,
      "max": 194278125.0,
      "std_dev": 16874.537366497883
    },
    "wasmtime_app": {
      "mean": 260220958.33333334,
      "median": 257687991.0,
      "min": 257678592.0,
      "max": 265296292.0,
      "std_dev": 4395370.400353119
    }
  },
  "memmove": {
    "base_native": {
      "mean": 47325944.4,
      "median": 47321084.5,
      "min": 47312573.0,
      "max": 47369694.0,
      "std_dev": 17001.813858788388
    },
    "wasmtime_app": {
      "mean": 521669410.0,
      "median": 521669410.0,
      "min": 516576848.0,
      "max": 526761972.0,
      "std_dev": 7201970.247625854
    }
  },
  "minicsv": {
    "base_native": {
      "mean": 740024280.0,
      "median": 740024280.0,
      "min": 740024280.0,
      "max": 740024280.0,
      "std_dev": 0.0
    },
    "wasmtime_app": {
      "mean": 1110578285.0,
      "median": 1110578285.0,
      "min": 1110578285.0,
      "max": 1110578285.0,
      "std_dev": 0.0
    }
  },
  "nestedloop": {
    "base_native": {
      "mean": 1578326.0,
      "median": 1581467.0,
      "min": 1553144.0,
      "max": 1588691.0,
      "std_dev": 11996.039213006934
    },
    "wasmtime_app": {
      "mean": 6290606.2,
      "median": 6200041.0,
      "min": 6179092.0,
      "max": 7102465.0,
      "std_dev": 285878.79245807807
    }
  },
  "nestedloop2": {
    "base_native": {
      "mean": 1585845.9090909092,
      "median": 1591691.0,
      "min": 1559693.0,
      "max": 1614914.0,
      "std_dev": 18064.709250107215
    },
    "wasmtime_app": {
      "mean": 6270324.5,
      "median": 6190392.0,
      "min": 6158893.0,
      "max": 7029117.0,
      "std_dev": 267778.94696112897
    }
  },
  "nestedloop3": {
    "base_native": {
      "mean": 2095740.7272727273,
      "median": 2091682.0,
      "min": 2073908.0,
      "max": 2139629.0,
      "std_dev": 18445.87725802657
    },
    "wasmtime_app": {
      "mean": 6846444.9,
      "median": 6728388.5,
      "min": 6695477.0,
      "max": 7948540.0,
      "std_dev": 387595.80649332516
    }
  },
  "random": {
    "base_native": {
      "mean": 577573796.5,
      "median": 577573796.5,
      "min": 577559235.0,
      "max": 577588358.0,
      "std_dev": 20593.070788495825
    },
    "wasmtime_app": {
      "mean": 290684450.3333333,
      "median": 290415775.0,
      "min": 290385051.0,
      "max": 291252525.0,
      "std_dev": 492206.8784823444
    }
  },
  "random2": {
    "base_native": {
      "mean": 577624355.5,
      "median": 577624355.5,
      "min": 577547161.0,
      "max": 577701550.0,
      "std_dev": 109169.50884060988
    },
    "wasmtime_app": {
      "mean": 290729315.6666667,
      "median": 290421675.0,
      "min": 290418225.0,
      "max": 291348047.0,
      "std_dev": 535839.8293905869
    }
  },
  "ratelimit": {
    "base_native": {
      "mean": 25924981.6,
      "median": 25923106.5,
      "min": 25900508.0,
      "max": 25977353.0,
      "std_dev": 22309.92323409274
    },
    "wasmtime_app": {
      "mean": 39036386.9,
      "median": 38313318.0,
      "min": 38286194.0,
      "max": 45520131.0,
      "std_dev": 2278268.8539004764
    }
  },
  "seqhash": {
    "base_native": {
      "mean": 7125746849.0,
      "median": 7125746849.0,
      "min": 7125746849.0,
      "max": 7125746849.0,
      "std_dev": 0.0
    },
    "wasmtime_app": {
      "mean": 9666352500.0,
      "median": 9666352500.0,
      "min": 9666352500.0,
      "max": 9666352500.0,
      "std_dev": 0.0
    }
  },
  "sieve": {
    "base_native": {
      "mean": 569219328.5,
      "median": 569219328.5,
      "min": 569198730.0,
      "max": 569239927.0,
      "std_dev": 29130.678064542197
    },
    "wasmtime_app": {
      "mean": 766982004.0,
      "median": 766982004.0,
      "min": 766982004.0,
      "max": 766982004.0,
      "std_dev": 0.0
    }
  },
  "strcat": {
    "base_native": {
      "mean": 65857583.0,
      "median": 65843134.0,
      "min": 65823235.0,
      "max": 66013347.0,
      "std_dev": 55255.68762680554
    },
    "wasmtime_app": {
      "mean": 351258991.0,
      "median": 351258991.0,
      "min": 347251497.0,
      "max": 355266485.0,
      "std_dev": 5667452.3659288045
    }
  },
  "strcat2": {
    "base_native": {
      "mean": 2591652.272727273,
      "median": 2590573.0,
      "min": 2568949.0,
      "max": 2617496.0,
      "std_dev": 14792.653961280303
    },
    "wasmtime_app": {
      "mean": 9391492.2,
      "median": 8486399.0,
      "min": 8431576.0,
      "max": 17599105.0,
      "std_dev": 2883997.1955133076
    }
  },
  "strchr": {
    "base_native": {
      "mean": 155158517.6,
      "median": 155147518.0,
      "min": 155121795.0,
      "max": 155197740.0,
      "std_dev": 30675.91855674415
    },