{
  "ackermann": {
    "base_native": {
      "mean": 3022640.8181818184,
      "median": 3016791.0,
      "min": 3001867.0,
      "max": 3071413.0,
      "std_dev": 19697.9407950079
    },
    "wasmtime_app": {
      "mean": 8715453.4,
      "median": 7989930.5,
      "min": 7971956.0,
      "max": 13234298.0,
      "std_dev": 1624442.3636490842
    }
  },
  "base64": {
    "base_native": {
      "mean": 265159869.33333334,
      "median": 265872734.0,
      "min": 263639245.0,
      "max": 265967629.0,
      "std_dev": 1317753.7848931921
    },
    "wasmtime_app": {
      "mean": 355091984.0,
      "median": 355091984.0,
      "min": 350436276.0,
      "max": 359747692.0,
      "std_dev": 6584165.396048917
    }
  },
  "ctype": {
    "base_native": {
      "mean": 660631083.0,
      "median": 660631083.0,
      "min": 654346090.0,
      "max": 666916076.0,
      "std_dev": 8888322.340019966
    },
    "wasmtime_app": {
      "mean": 933873479.0,
      "median": 933873479.0,
      "min": 933873479.0,
      "max": 933873479.0,
      "std_dev": 0.0
    }
  },
  "ed25519": {
    "base_native": {
      "mean": 1433308554.0,
      "median": 1433308554.0,
      "min": 1433308554.0,
      "max": 1433308554.0,
      "std_dev": 0.0
    },
    "wasmtime_app": {
      "mean": 6739446975.0,
      "median": 6739446975.0,
      "min": 6739446975.0,
      "max": 6739446975.0,
      "std_dev": 0.0
    }
  },
  "fib2": {
    "base_native": {
      "mean": 6955959427.0,
      "median": 6955959427.0,
      "min": 6955959427.0,
      "max": 6955959427.0,
      "std_dev": 0.0
    },
    "wasmtime_app": {
      "mean": 10690742918.0,
      "median": 10690742918.0,
      "min": 10690742918.0,
      "max": 10690742918.0,
      "std_dev": 0.0
    }
  },
  "gimli": {
    "base_native": {
      "mean": 4148877.4,
      "median": 4143960.5,
      "min": 4140198.0,
      "max": 4167121.0,
      "std_dev": 10414.205663419558
    },
    "wasmtime_app": {
      "mean": 9513384.0,
      "median": 9366573.5,
      "min": 9313565.0,
      "max": 10861260.0,
      "std_dev": 474286.2022400961
    }
  },
  "heapsort": {
    "base_native": {
      "mean": 1076276937.0,
      "median": 1076276937.0,
      "min": 1076276937.0,
      "max": 1076276937.0,
      "std_dev": 0.0
    },
    "wasmtime_app": {
      "mean": 1220355913.0,
      "median": 1220355913.0,
      "min": 1220355913.0,
      "max": 1220355913.0,
      "std_dev": 0.0
    }
  },
  "keccak": {
    "base_native": {
      "mean": 7493143.9,
      "median": 7491056.5,
      "min": 7473045.0,
      "max": 7514518.0,
      "std_dev": 11661.150385884843
    },
    "wasmtime_app": {
      "mean": 22812272.9,
      "median": 21265463.0,
      "min": 21021342.0,
      "max": 37076824.0,
      "std_dev": 5015031.261070473
    }
  },
  "matrix": {
    "base_native": {
      "mean": 377910472.5,
      "median": 377910472.5,
      "min": 377874525.0,
      "max": 377946420.0,
      "std_dev": 50837.442033406835
    },
    "wasmtime_app": {
      "mean": 533605373.0,
      "median": 533605373.0,
      "min": 529583872.0,
      "max": 537626874.0,
      "std_dev": 5687261.255296964
    }
  },
  "matrix2": {
    "base_native": {
      "mean": 194272169.0,
      "median": 194271887.5,
      "min": 194252789.0,
      "max": 194292112.0,
      "std_dev": 18211.68428967147
    },
    "wasmtime_app": {
      "mean": 260204564.66666666,
      "median": 257661421.0,
      "min": 257634223.0,
      "max": 265318050.0,
      "std_dev": 4428429.080775973
    }
  },
  "memmove": {
    "base_native": {
      "mean": 47336796.5,
      "median": 47335934.0,
      "min": 47317273.0,
      "max": 47360895.0,
      "std_dev": 11535.610596467503
    },
    "wasmtime_app": {
      "mean": 521015080.0,
      "median": 521015080.0,
      "min": 516480564.0,
      "max": 525549596.0,
      "std_dev": 6412774.025997797
    }
  },
  "minicsv": {
    "base_native": {
      "mean": 722935345.0,
      "median": 722935345.0,
      "min": 722935345.0,
      "max": 722935345.0,
      "std_dev": 0.0
    },
    "wasmtime_app": {
      "mean": 1107574396.0,
      "median": 1107574396.0,
      "min": 1107574396.0,
      "max": 1107574396.0,
      "std_dev": 0.0
    }
  },
  "nestedloop": {
    "base_native": {
      "mean": 1590600.5454545454,
      "median": 1593228.0,
      "min": 1562080.0,
      "max": 1617501.0,
      "std_dev": 15282.615190886907
    },
    "wasmtime_app": {
      "mean": 6284843.9,
      "median": 6197602.5,
      "min": 6160730.0,
      "max": 7111190.0,
      "std_dev": 290904.4668273418
    }
  },
  "nestedloop2": {
    "base_native": {
      "mean": 1584625.7272727273,
      "median": 1592803.0,
      "min": 1563129.0,
      "max": 1610477.0,
      "std_dev": 17394.59608091495
    },
    "wasmtime_app": {
      "mean": 6304867.5,
      "median": 6204902.0,
      "min": 6157430.0,
      "max": 7202459.0,
      "std_dev": 316541.4344523741
    }
  },
  "nestedloop3": {
    "base_native": {
      "mean": 2094926.7272727273,
      "median": 2091747.0,
      "min": 2069899.0,
      "max": 2141044.0,
      "std_dev": 17293.76728819322
    },
    "wasmtime_app": {
      "mean": 6853940.1,
      "median": 6729778.5,
      "min": 6716392.0,
      "max": 7950183.0,
      "std_dev": 385675.13804826
    }
  },
  "random": {
    "base_native": {
      "mean": 577637879.0,
      "median": 577637879.0,
      "min": 577600906.0,
      "max": 577674852.0,
      "std_dev": 52287.71804162044
    },
    "wasmtime_app": {
      "mean": 290701520.3333333,
      "median": 290439763.0,
      "min": 290389317.0,
      "max": 291275481.0,
      "std_dev": 497704.06356522074
    }
  },
  "random2": {
    "base_native": {
      "mean": 577623730.0,
      "median": 577623730.0,
      "min": 577570933.0,
      "max": 577676527.0,
      "std_dev": 74666.2334526123
    },
    "wasmtime_app": {
      "mean": 290697012.3333333,
      "median": 290401341.0,
      "min": 290385592.0,
      "max": 291304104.0,
      "std_dev": 525815.7724453816
    }
  },
  "ratelimit": {
    "base_native": {
      "mean": 25937639.9,
      "median": 25931085.5,
      "min": 25922748.0,
      "max": 25983245.0,
      "std_dev": 17591.864694606236
    },
    "wasmtime_app": {
      "mean": 39037350.1,
      "median": 38331350.5,
      "min": 38232770.0,
      "max": 45569920.0,
      "std_dev": 2295611.296224092
    }
  },
  "seqhash": {
    "base_native": {
      "mean": 7125853948.0,
      "median": 7125853948.0,
      "min": 7125853948.0,
      "max": 7125853948.0,
      "std_dev": 0.0
    },
    "wasmtime_app": {
      "mean": 9709638780.0,
      "median": 9709638780.0,
      "min": 9709638780.0,
      "max": 9709638780.0,
      "std_dev": 0.0
    }
  },
  "sieve": {
    "base_native": {
      "mean": 569226703.0,
      "median": 569226703.0,
      "min": 569225466.0,
      "max": 569227940.0,
      "std_dev": 1749.3821766555186
    },
    "wasmtime_app": {
      "mean": 767275904.0,
      "median": 767275904.0,
      "min": 767275904.0,
      "max": 767275904.0,
      "std_dev": 0.0
    }
  },
  "strcat": {
    "base_native": {
      "mean": 65863947.5,
      "median": 65853808.0,
      "min": 65838472.0,
      "max": 65969889.0,
      "std_dev": 39107.96787314149
    },
    "wasmtime_app": {
      "mean": 352715595.5,
      "median": 352715595.5,
      "min": 350183568.0,
      "max": 355247623.0,
      "std_dev": 3580827.630801642
    }
  },
  "strcat2": {
    "base_native": {
      "mean": 2600209.4545454546,
      "median": 2599841.0,
      "min": 2567893.0,
      "max": 2624415.0,
      "std_dev": 15573.120319085936
    },
    "wasmtime_app": {
      "mean": 9446038.5,
      "median": 8524869.0,
      "min": 8488646.0,
      "max": 17810136.0,
      "std_dev": 2938907.1350783613
    }
  },
  "strchr": {
    "base_native": {
      "mean": 155210477.8,
      "median": 155204838.0,
      "min": 155164790.0,
      "max": 155259710.0,
      "std_dev": 35610.51510719833
    },