{
  "ackermann": {
    "base_native": {
      "mean": 3364678.1,
      "median": 2829062.0,
      "min": 2805725.0,
      "max": 8170786.0,
      "std_dev": 1688819.3855309724
    },
    "wasmtime_app": {
      "mean": 9063377.5,
      "median": 8536650.5,
      "min": 8031987.0,
      "max": 12573593.0,
      "std_dev": 1436510.0983963609
    }
  },
  "base64": {
    "base_native": {
      "mean": 250505723.33333334,
      "median": 249619788.0,
      "min": 249500117.0,
      "max": 252397265.0,
      "std_dev": 1639215.572953214
    },
    "wasmtime_app": {
      "mean": 358990134.0,
      "median": 358990134.0,
      "min": 352694250.0,
      "max": 365286018.0,
      "std_dev": 8903724.539927771
    }
  },
  "ctype": {
    "base_native": {
      "mean": 653795745.5,
      "median": 653795745.5,
      "min": 653686724.0,
      "max": 653904767.0,
      "std_dev": 154179.68389025837
    },
    "wasmtime_app": {
      "mean": 987370608.0,
      "median": 987370608.0,
      "min": 987370608.0,
      "max": 987370608.0,
      "std_dev": 0.0
    }
  },
  "ed25519": {
    "base_native": {
      "mean": 1433099061.0,
      "median": 1433099061.0,
      "min": 1433099061.0,
      "max": 1433099061.0,
      "std_dev": 0.0
    },
    "wasmtime_app": {
      "mean": 6734947500.0,
      "median": 6734947500.0,
      "min": 6734947500.0,
      "max": 6734947500.0,
      "std_dev": 0.0
    }
  },
  "fib2": {
    "base_native": {
      "mean": 6956072875.0,
      "median": 6956072875.0,
      "min": 6956072875.0,
      "max": 6956072875.0,
      "std_dev": 0.0
    },
    "wasmtime_app": {
      "mean": 10677394549.0,
      "median": 10677394549.0,
      "min": 10677394549.0,
      "max": 10677394549.0,
      "std_dev": 0.0
    }
  },
  "gimli": {
    "base_native": {
      "mean": 4147430.7,
      "median": 4149328.0,
      "min": 4123579.0,
      "max": 4158778.0,
      "std_dev": 10905.53913334361
    },
    "wasmtime_app": {
      "mean": 9375025.0,
      "median": 9221292.5,
      "min": 9198631.0,
      "max": 10727107.0,
      "std_dev": 475546.21592975705
    }
  },
  "heapsort": {
    "base_native": {
      "mean": 1076275832.0,
      "median": 1076275832.0,
      "min": 1076275832.0,
      "max": 1076275832.0,
      "std_dev": 0.0
    },
    "wasmtime_app": {
      "mean": 1220173237.0,
      "median": 1220173237.0,
      "min": 1220173237.0,
      "max": 1220173237.0,
      "std_dev": 0.0
    }
  },
  "keccak": {
    "base_native": {
      "mean": 7482702.9,
      "median": 7481847.5,
      "min": 7465386.0,
      "max": 7499510.0,
      "std_dev": 11197.951821154122
    },
    "wasmtime_app": {
      "mean": 22745540.6,
      "median": 21190365.5,
      "min": 20885943.0,
      "max": 37006666.0,
      "std_dev": 5013315.223965324
    }
  },
  "matrix": {
    "base_native": {
      "mean": 377873386.0,
      "median": 377873386.0,
      "min": 377872811.0,
      "max": 377873961.0,
      "std_dev": 813.1727983645296
    },
    "wasmtime_app": {
      "mean": 533506122.0,
      "median": 533506122.0,
      "min": 529555200.0,
      "max": 537457044.0,
      "std_dev": 5587447.476278233
    }
  },
  "matrix2": {
    "base_native": {
      "mean": 194269592.0,
      "median": 194262129.5,
      "min": 194248368.0,
      "max": 194305741.0,
      "std_dev": 24967.138415658825
    },
    "wasmtime_app": {
      "mean": 260080613.66666666,
      "median": 257518437.0,
      "min": 257505913.0,
      "max": 265217491.0,
      "std_dev": 4448670.67402492
    }
  },
  "memmove": {
    "base_native": {
      "mean": 47324583.9,
      "median": 47321429.0,
      "min": 47312204.0,
      "max": 47349453.0,
      "std_dev": 11286.225680004809
    },
    "wasmtime_app": {
      "mean": 520645829.5,
      "median": 520645829.5,
      "min": 516176945.0,
      "max": 525114714.0,
      "std_dev": 6319957.068578907
    }
  },
  "minicsv": {
    "base_native": {
      "mean": 750199992.0,
      "median": 750199992.0,
      "min": 750199992.0,
      "max": 750199992.0,
      "std_dev": 0.0
    },
    "wasmtime_app": {
      "mean": 1115208221.0,
      "median": 1115208221.0,
      "min": 1115208221.0,
      "max": 1115208221.0,
      "std_dev": 0.0
    }
  },
  "nestedloop": {
    "base_native": {
      "mean": 1574371.2727272727,
      "median": 1578444.0,
      "min": 1549995.0,
      "max": 1598743.0,
      "std_dev": 13772.851266828586
    },
    "wasmtime_app": {
      "mean": 6285641.6,
      "median": 6184976.5,
      "min": 6161703.0,
      "max": 7111682.0,
      "std_dev": 292877.164009912
    }
  },
  "nestedloop2": {
    "base_native": {
      "mean": 1578900.4545454546,
      "median": 1586169.0,
      "min": 1555495.0,
      "max": 1598268.0,
      "std_dev": 14205.617982781576
    },
    "wasmtime_app": {
      "mean": 6285219.1,
      "median": 6184301.5,
      "min": 6142228.0,
      "max": 7199227.0,
      "std_dev": 322035.82518321363
    }
  },
  "nestedloop3": {
    "base_native": {
      "mean": 2090759.7272727273,
      "median": 2086426.0,
      "min": 2072151.0,
      "max": 2125299.0,
      "std_dev": 14020.239720424961
    },
    "wasmtime_app": {
      "mean": 6836172.4,
      "median": 6723925.0,
      "min": 6698477.0,
      "max": 7894394.0,
      "std_dev": 371994.20988630096
    }
  },
  "random": {
    "base_native": {
      "mean": 577633184.0,
      "median": 577633184.0,
      "min": 577571261.0,
      "max": 577695107.0,
      "std_dev": 87572.34642282917
    },
    "wasmtime_app": {
      "mean": 290634616.0,
      "median": 290360279.0,
      "min": 290347105.0,
      "max": 291196464.0,
      "std_dev": 486619.22475072846
    }
  },
  "random2": {
    "base_native": {
      "mean": 577645558.5,
      "median": 577645558.5,
      "min": 577579561.0,
      "max": 577711556.0,
      "std_dev": 93334.55958271834
    },
    "wasmtime_app": {
      "mean": 290789383.3333333,
      "median": 290673614.0,
      "min": 290377553.0,
      "max": 291316983.0,
      "std_dev": 480295.83084837755
    }
  },
  "ratelimit": {
    "base_native": {
      "mean": 25912177.3,
      "median": 25909822.5,
      "min": 25890936.0,
      "max": 25935134.0,
      "std_dev": 14386.777633569576
    },
    "wasmtime_app": {
      "mean": 39027823.4,
      "median": 38295816.5,
      "min": 38282179.0,
      "max": 45577778.0,
      "std_dev": 2301498.705808563
    }
  },
  "seqhash": {
    "base_native": {
      "mean": 7123332046.0,
      "median": 7123332046.0,
      "min": 7123332046.0,
      "max": 7123332046.0,
      "std_dev": 0.0
    },
    "wasmtime_app": {
      "mean": 9690620137.0,
      "median": 9690620137.0,
      "min": 9690620137.0,
      "max": 9690620137.0,
      "std_dev": 0.0
    }
  },
  "sieve": {
    "base_native": {
      "mean": 569163308.0,
      "median": 569163308.0,
      "min": 569145134.0,
      "max": 569181482.0,
      "std_dev": 25701.91728256863
    },
    "wasmtime_app": {
      "mean": 767553053.0,
      "median": 767553053.0,
      "min": 767553053.0,
      "max": 767553053.0,
      "std_dev": 0.0
    }
  },
  "strcat": {
    "base_native": {
      "mean": 65849340.1,
      "median": 65844575.0,
      "min": 65829076.0,
      "max": 65908398.0,
      "std_dev": 23038.647305246795
    },
    "wasmtime_app": {
      "mean": 352692137.5,
      "median": 352692137.5,
      "min": 350202695.0,
      "max": 355181580.0,
      "std_dev": 3520603.3462479836
    }
  },
  "strcat2": {
    "base_native": {
      "mean": 2590030.8181818184,
      "median": 2592708.0,
      "min": 2567259.0,
      "max": 2614707.0,
      "std_dev": 13151.227416619195
    },
    "wasmtime_app": {
      "mean": 9408783.3,
      "median": 8491702.5,
      "min": 8424993.0,
      "max": 17746619.0,
      "std_dev": 2929817.5381121924
    }
  },
  "strchr": {
    "base_native": {
      "mean": 154627911.0,
      "median": 154619741.0,
      "min": 154606742.0,
      "max": 154648515.0,
      "std_dev": 19188.702757091214
    },