{
  "ackermann": {
    "base_native": {
      "mean": 3401080.1,
      "median": 2928416.5,
      "min": 2894706.0,
      "max": 7709185.0,
      "std_dev": 1513846.8542054233
    },
    "wasmtime_app": {
      "mean": 8868426.0,
      "median": 8118121.5,
      "min": 8095535.0,
      "max": 12849138.0,
      "std_dev": 1480700.375893411
    }
  },
  "base64": {
    "base_native": {
      "mean": 253725099.0,
      "median": 254194351.0,
      "min": 249486540.0,
      "max": 257494406.0,
      "std_dev": 4024503.391490309
    },
    "wasmtime_app": {
      "mean": 357710410.0,
      "median": 357710410.0,
      "min": 350387655.0,
      "max": 365033165.0,
      "std_dev": 10355939.434935393
    }
  },
  "ctype": {
    "base_native": {
      "mean": 654206517.5,
      "median": 654206517.5,
      "min": 654085163.0,
      "max": 654327872.0,
      "std_dev": 171621.17975500575
    },
    "wasmtime_app": {
      "mean": 985955330.0,
      "median": 985955330.0,
      "min": 985955330.0,
      "max": 985955330.0,
      "std_dev": 0.0
    }
  },
  "ed25519": {
    "base_native": {
      "mean": 1433119046.0,
      "median": 1433119046.0,
      "min": 1433119046.0,
      "max": 1433119046.0,
      "std_dev": 0.0
    },
    "wasmtime_app": {
      "mean": 6759624685.0,
      "median": 6759624685.0,
      "min": 6759624685.0,
      "max": 6759624685.0,
      "std_dev": 0.0
    }
  },
  "fib2": {
    "base_native": {
      "mean": 6955947962.0,
      "median": 6955947962.0,
      "min": 6955947962.0,
      "max": 6955947962.0,
      "std_dev": 0.0
    },
    "wasmtime_app": {
      "mean": 10681912167.0,
      "median": 10681912167.0,
      "min": 10681912167.0,
      "max": 10681912167.0,
      "std_dev": 0.0
    }
  },
  "gimli": {
    "base_native": {
      "mean": 4147215.4,
      "median": 4146023.0,
      "min": 4138699.0,
      "max": 4158822.0,
      "std_dev": 7277.391171750126
    },
    "wasmtime_app": {
      "mean": 9514446.4,
      "median": 9365100.0,
      "min": 9345789.0,
      "max": 10843853.0,
      "std_dev": 467418.5851697004
    }
  },
  "heapsort": {
    "base_native": {
      "mean": 1076310037.0,
      "median": 1076310037.0,
      "min": 1076310037.0,
      "max": 1076310037.0,
      "std_dev": 0.0
    },
    "wasmtime_app": {
      "mean": 1220457331.0,
      "median": 1220457331.0,
      "min": 1220457331.0,
      "max": 1220457331.0,
      "std_dev": 0.0
    }
  },
  "keccak": {
    "base_native": {
      "mean": 7475698.6,
      "median": 7478151.0,
      "min": 7456452.0,
      "max": 7497425.0,
      "std_dev": 13284.141440914509
    },
    "wasmtime_app": {
      "mean": 22844839.3,
      "median": 21181834.5,
      "min": 21009720.0,
      "max": 37340158.0,
      "std_dev": 5097059.99083729
    }
  },
  "matrix": {
    "base_native": {
      "mean": 377875842.0,
      "median": 377875842.0,
      "min": 377868430.0,
      "max": 377883254.0,
      "std_dev": 10482.15092430938
    },
    "wasmtime_app": {
      "mean": 533858070.5,
      "median": 533858070.5,
      "min": 529846888.0,
      "max": 537869253.0,
      "std_dev": 5672668.692653617
    }
  },
  "matrix2": {
    "base_native": {
      "mean": 194265984.5,
      "median": 194251410.5,
      "min": 194247948.0,
      "max": 194313169.0,
      "std_dev": 31562.758313134378
    },
    "wasmtime_app": {
      "mean": 260234550.33333334,
      "median": 257677622.0,
      "min": 257673097.0,
      "max": 265352932.0,
      "std_dev": 4432649.127007273
    }
  },
  "memmove": {
    "base_native": {
      "mean": 47325691.7,
      "median": 47326119.0,
      "min": 47310795.0,
      "max": 47347293.0,
      "std_dev": 11135.95042144535
    },
    "wasmtime_app": {
      "mean": 520742122.5,
      "median": 520742122.5,
      "min": 516212145.0,
      "max": 525272100.0,
      "std_dev": 6406355.617744967
    }
  },
  "minicsv": {
    "base_native": {
      "mean": 735034941.0,
      "median": 735034941.0,
      "min": 735034941.0,
      "max": 735034941.0,
      "std_dev": 0.0
    },
    "wasmtime_app": {
      "mean": 1102920897.0,
      "median": 1102920897.0,
      "min": 1102920897.0,
      "max": 1102920897.0,
      "std_dev": 0.0
    }
  },
  "nestedloop": {
    "base_native": {
      "mean": 1578469.2727272727,
      "median": 1579419.0,
      "min": 1552221.0,
      "max": 1602918.0,
      "std_dev": 17510.586838201107
    },
    "wasmtime_app": {
      "mean": 6287618.8,
      "median": 6195444.0,
      "min": 6174795.0,
      "max": 7118566.0,
      "std_dev": 292276.74860302446
    }
  },
  "nestedloop2": {
    "base_native": {
      "mean": 1576121.6363636365,
      "median": 1578644.0,
      "min": 1538397.0,
      "max": 1616567.0,
      "std_dev": 25086.89504611014
    },
    "wasmtime_app": {
      "mean": 6269745.0,
      "median": 6190107.0,
      "min": 6098325.0,
      "max": 7047245.0,
      "std_dev": 276366.39104798704
    }
  },
  "nestedloop3": {
    "base_native": {
      "mean": 2082294.8181818181,
      "median": 2080036.0,
      "min": 2060112.0,
      "max": 2126908.0,
      "std_dev": 16308.489524282633
    },
    "wasmtime_app": {
      "mean": 6827365.4,
      "median": 6705890.0,
      "min": 6678416.0,
      "max": 7907671.0,
      "std_dev": 380091.4913977072
    }
  },
  "random": {
    "base_native": {
      "mean": 577730754.5,
      "median": 577730754.5,
      "min": 577605863.0,
      "max": 577855646.0,
      "std_dev": 176623.2531251194
    },
    "wasmtime_app": {
      "mean": 290695986.6666667,
      "median": 290433268.0,
      "min": 290391871.0,
      "max": 291262821.0,
      "std_dev": 491329.1147350555
    }
  },
  "random2": {
    "base_native": {
      "mean": 577686982.0,
      "median": 577686982.0,
      "min": 577598588.0,
      "max": 577775376.0,
      "std_dev": 125007.99363240736
    },
    "wasmtime_app": {
      "mean": 290702461.0,
      "median": 290414919.0,
      "min": 290403845.0,
      "max": 291288619.0,
      "std_dev": 507657.9154233685
    }
  },
  "ratelimit": {
    "base_native": {
      "mean": 25909077.1,
      "median": 25908322.0,
      "min": 25881299.0,
      "max": 25952944.0,
      "std_dev": 20090.897764631845
    },
    "wasmtime_app": {
      "mean": 39047985.2,
      "median": 38321264.5,
      "min": 38304703.0,
      "max": 45609834.0,
      "std_dev": 2305625.9251233367
    }
  },
  "seqhash": {
    "base_native": {
      "mean": 7109931420.0,
      "median": 7109931420.0,
      "min": 7109931420.0,
      "max": 7109931420.0,
      "std_dev": 0.0
    },
    "wasmtime_app": {
      "mean": 9694131341.0,
      "median": 9694131341.0,
      "min": 9694131341.0,
      "max": 9694131341.0,
      "std_dev": 0.0
    }
  },
  "sieve": {
    "base_native": {
      "mean": 569259732.0,
      "median": 569259732.0,
      "min": 569252120.0,
      "max": 569267344.0,
      "std_dev": 10764.993636784
    },
    "wasmtime_app": {
      "mean": 766798449.0,
      "median": 766798449.0,
      "min": 766798449.0,
      "max": 766798449.0,
      "std_dev": 0.0
    }
  },
  "strcat": {
    "base_native": {
      "mean": 65844151.9,
      "median": 65838585.0,
      "min": 65821336.0,
      "max": 65914105.0,
      "std_dev": 25955.818865697318
    },
    "wasmtime_app": {
      "mean": 349786389.0,
      "median": 349786389.0,
      "min": 347276208.0,
      "max": 352296570.0,
      "std_dev": 3549932.014211258
    }
  },
  "strcat2": {
    "base_native": {
      "mean": 2590254.0,
      "median": 2587777.0,
      "min": 2569928.0,
      "max": 2617225.0,
      "std_dev": 14484.146816433476
    },
    "wasmtime_app": {
      "mean": 9414367.1,
      "median": 8496787.0,
      "min": 8445365.0,
      "max": 17725458.0,
      "std_dev": 2920347.8115529874
    }
  },
  "strchr": {
    "base_native": {
      "mean": 155067805.6,
      "median": 155049612.0,
      "min": 155018264.0,
      "max": 155147355.0,
      "std_dev": 49312.47630468379
    },