{
  "ackermann": {
    "base_native": {
      "mean": 3312674.4,
      "median": 2894637.5,
      "min": 2860415.0,
      "max": 7172999.0,
      "std_dev": 1356493.885602323
    },
    "wasmtime_app": {
      "mean": 9315487.5,
      "median": 9002151.5,
      "min": 8127980.0,
      "max": 13233144.0,
      "std_dev": 1496035.7298642637
    }
  },
  "base64": {
    "base_native": {
      "mean": 252152544.0,
      "median": 253404894.0,
      "min": 249568750.0,
      "max": 253483988.0,
      "std_dev": 2237980.68379421
    },
    "wasmtime_app": {
      "mean": 358357947.0,
      "median": 358357947.0,
      "min": 351221569.0,
      "max": 365494325.0,
      "std_dev": 10092362.553820983
    }
  },
  "ctype": {
    "base_native": {
      "mean": 654281674.5,
      "median": 654281674.5,
      "min": 654224129.0,
      "max": 654339220.0,
      "std_dev": 81381.62655354095
    },
    "wasmtime_app": {
      "mean": 857768883.0,
      "median": 857768883.0,
      "min": 857768883.0,
      "max": 857768883.0,
      "std_dev": 0.0
    }
  },
  "ed25519": {
    "base_native": {
      "mean": 1433004799.0,
      "median": 1433004799.0,
      "min": 1433004799.0,
      "max": 1433004799.0,
      "std_dev": 0.0
    },
    "wasmtime_app": {
      "mean": 6779172792.0,
      "median": 6779172792.0,
      "min": 6779172792.0,
      "max": 6779172792.0,
      "std_dev": 0.0
    }
  },
  "fib2": {
    "base_native": {
      "mean": 6956308478.0,
      "median": 6956308478.0,
      "min": 6956308478.0,
      "max": 6956308478.0,
      "std_dev": 0.0
    },
    "wasmtime_app": {
      "mean": 10693374140.0,
      "median": 10693374140.0,
      "min": 10693374140.0,
      "max": 10693374140.0,
      "std_dev": 0.0
    }
  },
  "gimli": {
    "base_native": {
      "mean": 4145388.0,
      "median": 4144358.5,
      "min": 4125497.0,
      "max": 4170794.0,
      "std_dev": 13236.526046428413
    },
    "wasmtime_app": {
      "mean": 9521909.9,
      "median": 9374379.0,
      "min": 9339256.0,
      "max": 10879487.0,
      "std_dev": 477448.93445208704
    }
  },
  "heapsort": {
    "base_native": {
      "mean": 1076245309.0,
      "median": 1076245309.0,
      "min": 1076245309.0,
      "max": 1076245309.0,
      "std_dev": 0.0
    },
    "wasmtime_app": {
      "mean": 1220366585.0,
      "median": 1220366585.0,
      "min": 1220366585.0,
      "max": 1220366585.0,
      "std_dev": 0.0
    }
  },
  "keccak": {
    "base_native": {
      "mean": 7483628.2,
      "median": 7482013.5,
      "min": 7469827.0,
      "max": 7496250.0,
      "std_dev": 8632.464767119269
    },
    "wasmtime_app": {
      "mean": 22892968.4,
      "median": 21327063.5,
      "min": 21040619.0,
      "max": 37419547.0,
      "std_dev": 5105451.390648762
    }
  },
  "matrix": {
    "base_native": {
      "mean": 377867280.0,
      "median": 377867280.0,
      "min": 377865118.0,
      "max": 377869442.0,
      "std_dev": 3057.5297218506316
    },
    "wasmtime_app": {
      "mean": 533544495.0,
      "median": 533544495.0,
      "min": 529433595.0,
      "max": 537655395.0,
      "std_dev": 5813690.533559556
    }
  },
  "matrix2": {
    "base_native": {
      "mean": 194260955.25,
      "median": 194256218.0,
      "min": 194244107.0,
      "max": 194287278.0,
      "std_dev": 19784.708815564274
    },
    "wasmtime_app": {
      "mean": 260246898.66666666,
      "median": 257687313.0,
      "min": 257681563.0,
      "max": 265371820.0,
      "std_dev": 4438312.99823101
    }
  },
  "memmove": {
    "base_native": {
      "mean": 47331876.5,
      "median": 47331429.0,
      "min": 47319905.0,
      "max": 47360877.0,
      "std_dev": 11952.152621087876
    },
    "wasmtime_app": {
      "mean": 519747985.0,
      "median": 519747985.0,
      "min": 514753064.0,
      "max": 524742906.0,
      "std_dev": 7063885.021182182
    }
  },
  "minicsv": {
    "base_native": {
      "mean": 751897042.0,
      "median": 751897042.0,
      "min": 751897042.0,
      "max": 751897042.0,
      "std_dev": 0.0
    },
    "wasmtime_app": {
      "mean": 1106168212.0,
      "median": 1106168212.0,
      "min": 1106168212.0,
      "max": 1106168212.0,
      "std_dev": 0.0
    }
  },
  "nestedloop": {
    "base_native": {
      "mean": 1585862.9090909092,
      "median": 1590383.0,
      "min": 1561135.0,
      "max": 1603232.0,
      "std_dev": 13956.375048375172
    },
    "wasmtime_app": {
      "mean": 6329876.6,
      "median": 6240957.0,
      "min": 6209721.0,
      "max": 7186737.0,
      "std_dev": 301504.9202031554
    }
  },
  "nestedloop2": {
    "base_native": {
      "mean": 1597264.3636363635,
      "median": 1592208.0,
      "min": 1556835.0,
      "max": 1645079.0,
      "std_dev": 25520.405593456886
    },
    "wasmtime_app": {
      "mean": 6325239.4,
      "median": 6232257.5,
      "min": 6190973.0,
      "max": 7129141.0,
      "std_dev": 283375.52148114546
    }
  },
  "nestedloop3": {
    "base_native": {
      "mean": 2095657.2727272727,
      "median": 2094321.0,
      "min": 2070448.0,
      "max": 2148442.0,
      "std_dev": 18988.841587052695
    },
    "wasmtime_app": {
      "mean": 6894182.4,
      "median": 6775287.0,
      "min": 6748614.0,
      "max": 7969614.0,
      "std_dev": 378134.75760786067
    }
  },
  "random": {
    "base_native": {
      "mean": 577593822.5,
      "median": 577593822.5,
      "min": 577581448.0,
      "max": 577606197.0,
      "std_dev": 17500.185727585864
    },
    "wasmtime_app": {
      "mean": 290730743.0,
      "median": 290458643.0,
      "min": 290401471.0,
      "max": 291332115.0,
      "std_dev": 521587.3571934044
    }
  },
  "random2": {
    "base_native": {
      "mean": 577644293.5,
      "median": 577644293.5,
      "min": 577558225.0,
      "max": 577730362.0,
      "std_dev": 121719.23999310873
    },
    "wasmtime_app": {
      "mean": 290735709.3333333,
      "median": 290442019.0,
      "min": 290431394.0,
      "max": 291333715.0,
      "std_dev": 517915.3460560262
    }
  },
  "ratelimit": {
    "base_native": {
      "mean": 25929068.2,
      "median": 25927960.5,
      "min": 25905825.0,
      "max": 25951422.0,
      "std_dev": 14523.068353485085
    },
    "wasmtime_app": {
      "mean": 39097694.5,
      "median": 38373701.0,
      "min": 38334016.0,
      "max": 45632672.0,
      "std_dev": 2296239.632809755
    }
  },
  "seqhash": {
    "base_native": {
      "mean": 7127817652.0,
      "median": 7127817652.0,
      "min": 7127817652.0,
      "max": 7127817652.0,
      "std_dev": 0.0
    },
    "wasmtime_app": {
      "mean": 9695021615.0,
      "median": 9695021615.0,
      "min": 9695021615.0,
      "max": 9695021615.0,
      "std_dev": 0.0
    }
  },
  "sieve": {
    "base_native": {
      "mean": 569220548.5,
      "median": 569220548.5,
      "min": 569206862.0,
      "max": 569234235.0,
      "std_dev": 19355.633921419365
    },
    "wasmtime_app": {
      "mean": 767316889.0,
      "median": 767316889.0,
      "min": 767316889.0,
      "max": 767316889.0,
      "std_dev": 0.0
    }
  },
  "strcat": {
    "base_native": {
      "mean": 65851323.5,
      "median": 65841722.0,
      "min": 65826698.0,
      "max": 65942439.0,
      "std_dev": 32935.67564291881
    },
    "wasmtime_app": {
      "mean": 352701066.0,
      "median": 352701066.0,
      "min": 350163758.0,
      "max": 355238374.0,
      "std_dev": 3588295.385517753
    }
  },
  "strcat2": {
    "base_native": {
      "mean": 2598674.6363636362,
      "median": 2593909.0,
      "min": 2579110.0,
      "max": 2637506.0,
      "std_dev": 15129.805017069635
    },
    "wasmtime_app": {
      "mean": 9445867.0,
      "median": 8528593.0,
      "min": 8481108.0,
      "max": 17756169.0,
      "std_dev": 2920037.9108894384
    }
  },
  "strchr": {
    "base_native": {
      "mean": 155121040.2,
      "median": 155130125.0,
      "min": 155056605.0,
      "max": 155200444.0,
      "std_dev": 60662.943900704326
    },