{
  "ackermann": {
    "base_native": {
      "mean": 3637291.0,
      "median": 3020253.5,
      "min": 2989030.0,
      "max": 9241251.0,
      "std_dev": 1969105.077351243
    },
    "wasmtime_app": {
      "mean": 9287159.8,
      "median": 8855542.0,
      "min": 8600632.0,
      "max": 12462910.0,
      "std_dev": 1188180.8145595987
    }
  },
  "base64": {
    "base_native": {
      "mean": 263476575.33333334,
      "median": 265855832.0,
      "min": 258595769.0,
      "max": 265978125.0,
      "std_dev": 4227344.526069804
    },
    "wasmtime_app": {
      "mean": 379790100.0,
      "median": 379790100.0,
      "min": 369846957.0,
      "max": 389733243.0,
      "std_dev": 14061727.683215104
    }
  },
  "ctype": {
    "base_native": {
      "mean": 658937317.0,
      "median": 658937317.0,
      "min": 654854361.0,
      "max": 663020273.0,
      "std_dev": 5774171.749772603
    },
    "wasmtime_app": {
      "mean": 953192707.0,
      "median": 953192707.0,
      "min": 953192707.0,
      "max": 953192707.0,
      "std_dev": 0.0
    }
  },
  "ed25519": {
    "base_native": {
      "mean": 1433425260.0,
      "median": 1433425260.0,
      "min": 1433425260.0,
      "max": 1433425260.0,
      "std_dev": 0.0
    },
    "wasmtime_app": {
      "mean": 6753147569.0,
      "median": 6753147569.0,
      "min": 6753147569.0,
      "max": 6753147569.0,
      "std_dev": 0.0
    }
  },
  "fib2": {
    "base_native": {
      "mean": 6956139810.0,
      "median": 6956139810.0,
      "min": 6956139810.0,
      "max": 6956139810.0,
      "std_dev": 0.0
    },
    "wasmtime_app": {
      "mean": 10692758854.0,
      "median": 10692758854.0,
      "min": 10692758854.0,
      "max": 10692758854.0,
      "std_dev": 0.0
    }
  },
  "gimli": {
    "base_native": {
      "mean": 4146632.0,
      "median": 4142990.0,
      "min": 4132765.0,
      "max": 4192062.0,
      "std_dev": 16955.369179112557
    },
    "wasmtime_app": {
      "mean": 9501010.2,
      "median": 9336002.0,
      "min": 9315566.0,
      "max": 10936348.0,
      "std_dev": 504879.17957419384
    }
  },
  "heapsort": {
    "base_native": {
      "mean": 1076664655.0,
      "median": 1076664655.0,
      "min": 1076664655.0,
      "max": 1076664655.0,
      "std_dev": 0.0
    },
    "wasmtime_app": {
      "mean": 1220648906.0,
      "median": 1220648906.0,
      "min": 1220648906.0,
      "max": 1220648906.0,
      "std_dev": 0.0
    }
  },
  "keccak": {
    "base_native": {
      "mean": 7478140.7,
      "median": 7476963.5,
      "min": 7466526.0,
      "max": 7490075.0,
      "std_dev": 6664.023576889065
    },
    "wasmtime_app": {
      "mean": 22941035.0,
      "median": 21362663.0,
      "min": 21209034.0,
      "max": 37421780.0,
      "std_dev": 5088533.548921514
    }
  },
  "matrix": {
    "base_native": {
      "mean": 377882483.0,
      "median": 377882483.0,
      "min": 377875883.0,
      "max": 377889083.0,
      "std_dev": 9333.809511662428
    },
    "wasmtime_app": {
      "mean": 533714305.0,
      "median": 533714305.0,
      "min": 529639326.0,
      "max": 537789284.0,
      "std_dev": 5762890.568185552
    }
  },
  "matrix2": {
    "base_native": {
      "mean": 194268327.0,
      "median": 194259090.0,
      "min": 194256240.0,
      "max": 194298888.0,
      "std_dev": 20425.68544749478
    },
    "wasmtime_app": {
      "mean": 260226821.66666666,
      "median": 257698833.0,
      "min": 257649536.0,
      "max": 265332096.0,
      "std_dev": 4421365.972467822
    }
  },
  "memmove": {
    "base_native": {
      "mean": 47337041.8,
      "median": 47337304.0,
      "min": 47317843.0,
      "max": 47355691.0,
      "std_dev": 15602.875474304941
    },
    "wasmtime_app": {
      "mean": 520032976.5,
      "median": 520032976.5,
      "min": 516041980.0,
      "max": 524023973.0,
      "std_dev": 5644121.377683554
    }
  },
  "minicsv": {
    "base_native": {
      "mean": 729770590.0,
      "median": 729770590.0,
      "min": 729770590.0,
      "max": 729770590.0,
      "std_dev": 0.0
    },
    "wasmtime_app": {
      "mean": 1109501400.0,
      "median": 1109501400.0,
      "min": 1109501400.0,
      "max": 1109501400.0,
      "std_dev": 0.0
    }
  },
  "nestedloop": {
    "base_native": {
      "mean": 1580873.6363636365,
      "median": 1584260.0,
      "min": 1552911.0,
      "max": 1601434.0,
      "std_dev": 14237.883826416952
    },
    "wasmtime_app": {
      "mean": 6279597.3,
      "median": 6179483.0,
      "min": 6148972.0,
      "max": 7132991.0,
      "std_dev": 300671.42806689977
    }
  },
  "nestedloop2": {
    "base_native": {
      "mean": 1584436.9090909092,
      "median": 1580785.0,
      "min": 1565061.0,
      "max": 1610108.0,
      "std_dev": 15230.061053420275
    },
    "wasmtime_app": {
      "mean": 6252476.2,
      "median": 6152372.0,
      "min": 6116024.0,
      "max": 7194362.0,
      "std_dev": 331821.15242930356
    }
  },
  "nestedloop3": {
    "base_native": {
      "mean": 2092580.9090909092,
      "median": 2089831.0,
      "min": 2068482.0,
      "max": 2122429.0,
      "std_dev": 15025.137293579353
    },
    "wasmtime_app": {
      "mean": 6812679.0,
      "median": 6691128.5,
      "min": 6654693.0,
      "max": 7927970.0,
      "std_dev": 392506.7201287415
    }
  },
  "random": {
    "base_native": {
      "mean": 577692759.0,
      "median": 577692759.0,
      "min": 577618363.0,
      "max": 577767155.0,
      "std_dev": 105211.83218630878
    },
    "wasmtime_app": {
      "mean": 290713683.3333333,
      "median": 290439807.0,
      "min": 290433033.0,
      "max": 291268210.0,
      "std_dev": 480246.1241929323
    }
  },
  "random2": {
    "base_native": {
      "mean": 577636774.5,
      "median": 577636774.5,
      "min": 577586315.0,
      "max": 577687234.0,
      "std_dev": 71360.50925056518
    },
    "wasmtime_app": {
      "mean": 290732890.6666667,
      "median": 290486755.0,
      "min": 290393360.0,
      "max": 291318557.0,
      "std_dev": 509347.07911828975
    }
  },
  "ratelimit": {
    "base_native": {
      "mean": 25933669.6,
      "median": 25928130.0,
      "min": 25914506.0,
      "max": 25980177.0,
      "std_dev": 17965.738474477843
    },
    "wasmtime_app": {
      "mean": 39066678.5,
      "median": 38342590.0,
      "min": 38310779.0,
      "max": 45601212.0,
      "std_dev": 2296049.6836883053
    }
  },
  "seqhash": {
    "base_native": {
      "mean": 7128217383.0,
      "median": 7128217383.0,
      "min": 7128217383.0,
      "max": 7128217383.0,
      "std_dev": 0.0
    },
    "wasmtime_app": {
      "mean": 9708298564.0,
      "median": 9708298564.0,
      "min": 9708298564.0,
      "max": 9708298564.0,
      "std_dev": 0.0
    }
  },
  "sieve": {
    "base_native": {
      "mean": 569289335.0,
      "median": 569289335.0,
      "min": 569274661.0,
      "max": 569304009.0,
      "std_dev": 20752.169814262797
    },
    "wasmtime_app": {
      "mean": 766848134.0,
      "median": 766848134.0,
      "min": 766848134.0,
      "max": 766848134.0,
      "std_dev": 0.0
    }
  },
  "strcat": {
    "base_native": {
      "mean": 65866329.0,
      "median": 65851654.5,
      "min": 65828569.0,
      "max": 66000709.0,
      "std_dev": 50499.56161305869
    },
    "wasmtime_app": {
      "mean": 349815730.0,
      "median": 349815730.0,
      "min": 344349043.0,
      "max": 355282417.0,
      "std_dev": 7731062.896648688
    }
  },
  "strcat2": {
    "base_native": {
      "mean": 2605340.5454545454,
      "median": 2604527.0,
      "min": 2581528.0,
      "max": 2627151.0,
      "std_dev": 13192.415194827947
    },
    "wasmtime_app": {
      "mean": 9411265.1,
      "median": 8483213.0,
      "min": 8468614.0,
      "max": 17700985.0,
      "std_dev": 2912805.194754646
    }
  },
  "strchr": {
    "base_native": {
      "mean": 155174195.0,
      "median": 155174880.0,
      "min": 155155506.0,
      "max": 155202803.0,
      "std_dev": 18055.959584026543
    },