{
  "ackermann": {
    "base_native": {
      "mean": 3541665.1,
      "median": 3034607.5,
      "min": 2998121.0,
      "max": 8146969.0,
      "std_dev": 1618341.8387149274
    },
    "wasmtime_app": {
      "mean": 8373281.3,
      "median": 8229659.0,
      "min": 7923389.0,
      "max": 9498427.0,
      "std_dev": 524297.8347284108
    }
  },
  "base64": {
    "base_native": {
      "mean": 264210710.66666666,
      "median": 265892978.0,
      "min": 260705306.0,
      "max": 266033848.0,
      "std_dev": 3036586.487660336
    },
    "wasmtime_app": {
      "mean": 355070920.5,
      "median": 355070920.5,
      "min": 350412452.0,
      "max": 359729389.0,
      "std_dev": 6588069.332587848
    }
  },
  "ctype": {
    "base_native": {
      "mean": 659443952.0,
      "median": 659443952.0,
      "min": 653938854.0,
      "max": 664949050.0,
      "std_dev": 7785384.253793001
    },
    "wasmtime_app": {
      "mean": 960059696.0,
      "median": 960059696.0,
      "min": 960059696.0,
      "max": 960059696.0,
      "std_dev": 0.0
    }
  },
  "ed25519": {
    "base_native": {
      "mean": 1433515087.0,
      "median": 1433515087.0,
      "min": 1433515087.0,
      "max": 1433515087.0,
      "std_dev": 0.0
    },
    "wasmtime_app": {
      "mean": 6746927119.0,
      "median": 6746927119.0,
      "min": 6746927119.0,
      "max": 6746927119.0,
      "std_dev": 0.0
    }
  },
  "fib2": {
    "base_native": {
      "mean": 6956336277.0,
      "median": 6956336277.0,
      "min": 6956336277.0,
      "max": 6956336277.0,
      "std_dev": 0.0
    },
    "wasmtime_app": {
      "mean": 10733908660.0,
      "median": 10733908660.0,
      "min": 10733908660.0,
      "max": 10733908660.0,
      "std_dev": 0.0
    }
  },
  "gimli": {
    "base_native": {
      "mean": 4136107.0,
      "median": 4134319.5,
      "min": 4124433.0,
      "max": 4159731.0,
      "std_dev": 9330.219135213873
    },
    "wasmtime_app": {
      "mean": 9518230.9,
      "median": 9364309.5,
      "min": 9328786.0,
      "max": 10887751.0,
      "std_dev": 482165.65935105056
    }
  },
  "heapsort": {
    "base_native": {
      "mean": 1076265326.0,
      "median": 1076265326.0,
      "min": 1076265326.0,
      "max": 1076265326.0,
      "std_dev": 0.0
    },
    "wasmtime_app": {
      "mean": 1220346130.0,
      "median": 1220346130.0,
      "min": 1220346130.0,
      "max": 1220346130.0,
      "std_dev": 0.0
    }
  },
  "keccak": {
    "base_native": {
      "mean": 7478102.2,
      "median": 7478942.0,
      "min": 7465593.0,
      "max": 7492592.0,
      "std_dev": 8066.958063607372
    },
    "wasmtime_app": {
      "mean": 22797198.1,
      "median": 21185634.5,
      "min": 20956872.0,
      "max": 37098159.0,
      "std_dev": 5028273.438943176
    }
  },
  "matrix": {
    "base_native": {
      "mean": 377887762.5,
      "median": 377887762.5,
      "min": 377880375.0,
      "max": 377895150.0,
      "std_dev": 10447.50269203124
    },
    "wasmtime_app": {
      "mean": 534090624.5,
      "median": 534090624.5,
      "min": 530086795.0,
      "max": 538094454.0,
      "std_dev": 5662269.980329488
    }
  },
  "matrix2": {
    "base_native": {
      "mean": 194274072.75,
      "median": 194280316.5,
      "min": 194232518.0,
      "max": 194303140.0,
      "std_dev": 33543.19602517526
    },
    "wasmtime_app": {
      "mean": 260290192.0,
      "median": 257848843.0,
      "min": 257740974.0,
      "max": 265280759.0,
      "std_dev": 4322294.317420668
    }
  },
  "memmove": {
    "base_native": {
      "mean": 47358800.4,
      "median": 47347896.0,
      "min": 47304897.0,
      "max": 47473191.0,
      "std_dev": 48442.79230689421
    },
    "wasmtime_app": {
      "mean": 521518491.0,
      "median": 521518491.0,
      "min": 516548039.0,
      "max": 526488943.0,
      "std_dev": 7029280.629524475
    }
  },
  "minicsv": {
    "base_native": {
      "mean": 724611898.0,
      "median": 724611898.0,
      "min": 724611898.0,
      "max": 724611898.0,
      "std_dev": 0.0
    },
    "wasmtime_app": {
      "mean": 1103182949.0,
      "median": 1103182949.0,
      "min": 1103182949.0,
      "max": 1103182949.0,
      "std_dev": 0.0
    }
  },
  "nestedloop": {
    "base_native": {
      "mean": 1566225.0,
      "median": 1569596.0,
      "min": 1544871.0,
      "max": 1598869.0,
      "std_dev": 16737.581910180455
    },
    "wasmtime_app": {
      "mean": 6253843.0,
      "median": 6164723.0,
      "min": 6120013.0,
      "max": 7084535.0,
      "std_dev": 292762.0516737479
    }
  },
  "nestedloop2": {
    "base_native": {
      "mean": 1575265.9090909092,
      "median": 1583570.0,
      "min": 1554396.0,
      "max": 1596095.0,
      "std_dev": 16461.91596051046
    },
    "wasmtime_app": {
      "mean": 6244668.6,
      "median": 6163860.5,
      "min": 6137912.0,
      "max": 6959342.0,
      "std_dev": 251772.45818317778
    }
  },
  "nestedloop3": {
    "base_native": {
      "mean": 2084811.9090909092,
      "median": 2082628.0,
      "min": 2056554.0,
      "max": 2125351.0,
      "std_dev": 21855.291773181823
    },
    "wasmtime_app": {
      "mean": 6834098.6,
      "median": 6713980.0,
      "min": 6687257.0,
      "max": 7906965.0,
      "std_dev": 377471.20944346354
    }
  },
  "random": {
    "base_native": {
      "mean": 577607817.5,
      "median": 577607817.5,
      "min": 577584381.0,
      "max": 577631254.0,
      "std_dev": 33144.21615455704
    },
    "wasmtime_app": {
      "mean": 290774206.6666667,
      "median": 290572893.0,
      "min": 290437225.0,
      "max": 291312502.0,
      "std_dev": 471086.88261543994
    }
  },
  "random2": {
    "base_native": {
      "mean": 577790636.0,
      "median": 577790636.0,
      "min": 577590955.0,
      "max": 577990317.0,
      "std_dev": 282391.578348222
    },
    "wasmtime_app": {
      "mean": 290837745.0,
      "median": 290640739.0,
      "min": 290443675.0,
      "max": 291428821.0,
      "std_dev": 521283.6879818896
    }
  },
  "ratelimit": {
    "base_native": {
      "mean": 25922482.9,
      "median": 25919083.0,
      "min": 25907858.0,
      "max": 25958882.0,
      "std_dev": 14167.224306279773
    },
    "wasmtime_app": {
      "mean": 39056856.4,
      "median": 38336416.0,
      "min": 38300818.0,
      "max": 45553594.0,
      "std_dev": 2282841.679504599
    }
  },
  "seqhash": {
    "base_native": {
      "mean": 7104227589.0,
      "median": 7104227589.0,
      "min": 7104227589.0,
      "max": 7104227589.0,
      "std_dev": 0.0
    },
    "wasmtime_app": {
      "mean": 9672873766.0,
      "median": 9672873766.0,
      "min": 9672873766.0,
      "max": 9672873766.0,
      "std_dev": 0.0
    }
  },
  "sieve": {
    "base_native": {
      "mean": 569152395.5,
      "median": 569152395.5,
      "min": 569147396.0,
      "max": 569157395.0,
      "std_dev": 7070.360705084288
    },
    "wasmtime_app": {
      "mean": 767435391.0,
      "median": 767435391.0,
      "min": 767435391.0,
      "max": 767435391.0,
      "std_dev": 0.0
    }
  },
  "strcat": {
    "base_native": {
      "mean": 65855249.0,
      "median": 65843047.0,
      "min": 65819885.0,
      "max": 65962405.0,
      "std_dev": 41506.39839831927
    },
    "wasmtime_app": {
      "mean": 352765047.5,
      "median": 352765047.5,
      "min": 350192989.0,
      "max": 355337106.0,
      "std_dev": 3637440.013916999
    }
  },
  "strcat2": {
    "base_native": {
      "mean": 2589460.5454545454,
      "median": 2584811.0,
      "min": 2565511.0,
      "max": 2617559.0,
      "std_dev": 16123.404276787433
    },
    "wasmtime_app": {
      "mean": 9383255.9,
      "median": 8463934.0,
      "min": 8425686.0,
      "max": 17659728.0,
      "std_dev": 2908122.0940243457
    }
  },
  "strchr": {
    "base_native": {
      "mean": 155163696.8,
      "median": 155153712.0,
      "min": 155129188.0,
      "max": 155223060.0,
      "std_dev": 38637.85474376133
    },