{
  "ackermann": {
    "base_native": {
      "mean": 3081195.3,
      "median": 2856790.5,
      "min": 2821704.0,
      "max": 5162775.0,
      "std_dev": 731664.8552899444
    },
    "wasmtime_app": {
      "mean": 9549436.4,
      "median": 8945337.0,
      "min": 8200974.0,
      "max": 14804406.0,
      "std_dev": 1910726.063106739
    }
  },
  "base64": {
    "base_native": {
      "mean": 249567091.0,
      "median": 249527834.0,
      "min": 249525609.0,
      "max": 249647830.0,
      "std_dev": 69930.87477645335
    },
    "wasmtime_app": {
      "mean": 365510745.5,
      "median": 365510745.5,
      "min": 359811515.0,
      "max": 371209976.0,
      "std_dev": 8059929.068190396
    }
  },
  "ctype": {
    "base_native": {
      "mean": 654503961.0,
      "median": 654503961.0,
      "min": 654145423.0,
      "max": 654862499.0,
      "std_dev": 507049.30222612474
    },
    "wasmtime_app": {
      "mean": 900350433.0,
      "median": 900350433.0,
      "min": 900350433.0,
      "max": 900350433.0,
      "std_dev": 0.0
    }
  },
  "ed25519": {
    "base_native": {
      "mean": 1433903323.0,
      "median": 1433903323.0,
      "min": 1433903323.0,
      "max": 1433903323.0,
      "std_dev": 0.0
    },
    "wasmtime_app": {
      "mean": 6719286703.0,
      "median": 6719286703.0,
      "min": 6719286703.0,
      "max": 6719286703.0,
      "std_dev": 0.0
    }
  },
  "fib2": {
    "base_native": {
      "mean": 6956960280.0,
      "median": 6956960280.0,
      "min": 6956960280.0,
      "max": 6956960280.0,
      "std_dev": 0.0
    },
    "wasmtime_app": {
      "mean": 10672789272.0,
      "median": 10672789272.0,
      "min": 10672789272.0,
      "max": 10672789272.0,
      "std_dev": 0.0
    }
  },
  "gimli": {
    "base_native": {
      "mean": 4151723.9,
      "median": 4150134.0,
      "min": 4144309.0,
      "max": 4176433.0,
      "std_dev": 9373.341814244623
    },
    "wasmtime_app": {
      "mean": 9494640.1,
      "median": 9331311.0,
      "min": 9302126.0,
      "max": 10991537.0,
      "std_dev": 526210.0542336154
    }
  },
  "heapsort": {
    "base_native": {
      "mean": 1077169564.0,
      "median": 1077169564.0,
      "min": 1077169564.0,
      "max": 1077169564.0,
      "std_dev": 0.0
    },
    "wasmtime_app": {
      "mean": 1220675873.0,
      "median": 1220675873.0,
      "min": 1220675873.0,
      "max": 1220675873.0,
      "std_dev": 0.0
    }
  },
  "keccak": {
    "base_native": {
      "mean": 7489378.8,
      "median": 7488746.0,
      "min": 7474322.0,
      "max": 7504746.0,
      "std_dev": 11975.902515746639
    },
    "wasmtime_app": {
      "mean": 22776514.3,
      "median": 21140356.5,
      "min": 20992766.0,
      "max": 37354794.0,
      "std_dev": 5124886.186385759
    }
  },
  "matrix": {
    "base_native": {
      "mean": 377911279.5,
      "median": 377911279.5,
      "min": 377884818.0,
      "max": 377937741.0,
      "std_dev": 37422.21218073565
    },
    "wasmtime_app": {
      "mean": 533794520.5,
      "median": 533794520.5,
      "min": 529791114.0,
      "max": 537797927.0,
      "std_dev": 5661671.7679926045
    }
  },
  "matrix2": {
    "base_native": {
      "mean": 194291384.0,
      "median": 194290552.5,
      "min": 194264079.0,
      "max": 194320352.0,
      "std_dev": 24700.02519566866
    },
    "wasmtime_app": {
      "mean": 260225420.0,
      "median": 257689565.0,
      "min": 257676816.0,
      "max": 265309879.0,
      "std_dev": 4403275.272596639
    }
  },
  "memmove": {
    "base_native": {
      "mean": 47344443.0,
      "median": 47346135.5,
      "min": 47321224.0,
      "max": 47361622.0,
      "std_dev": 12114.713056628476
    },
    "wasmtime_app": {
      "mean": 519585035.5,
      "median": 519585035.5,
      "min": 514321276.0,
      "max": 524848795.0,
      "std_dev": 7444080.073970222
    }
  },
  "minicsv": {
    "base_native": {
      "mean": 737837867.0,
      "median": 737837867.0,
      "min": 737837867.0,
      "max": 737837867.0,
      "std_dev": 0.0
    },
    "wasmtime_app": {
      "mean": 1108373255.0,
      "median": 1108373255.0,
      "min": 1108373255.0,
      "max": 1108373255.0,
      "std_dev": 0.0
    }
  },
  "nestedloop": {
    "base_native": {
      "mean": 1582118.8181818181,
      "median": 1588721.0,
      "min": 1549847.0,
      "max": 1607245.0,
      "std_dev": 19254.89321610578
    },
    "wasmtime_app": {
      "mean": 6289120.1,
      "median": 6189621.5,
      "min": 6155137.0,
      "max": 7137371.0,
      "std_dev": 299170.77217143984
    }
  },
  "nestedloop2": {
    "base_native": {
      "mean": 1585893.7272727273,
      "median": 1590046.0,
      "min": 1559797.0,
      "max": 1613270.0,
      "std_dev": 17035.60087634662
    },
    "wasmtime_app": {
      "mean": 6289640.2,
      "median": 6190659.0,
      "min": 6159386.0,
      "max": 7151920.0,
      "std_dev": 303677.16134474124
    }
  },
  "nestedloop3": {
    "base_native": {
      "mean": 2093787.9090909092,
      "median": 2091829.0,
      "min": 2066605.0,
      "max": 2126403.0,
      "std_dev": 14163.885875384236
    },
    "wasmtime_app": {
      "mean": 6851054.9,
      "median": 6727023.5,
      "min": 6713149.0,
      "max": 7921943.0,
      "std_dev": 376793.30273048166
    }
  },
  "random": {
    "base_native": {
      "mean": 577806342.5,
      "median": 577806342.5,
      "min": 577738832.0,
      "max": 577873853.0,
      "std_dev": 95474.26470258883
    },
    "wasmtime_app": {
      "mean": 290718116.3333333,
      "median": 290390897.0,
      "min": 290384547.0,
      "max": 291378905.0,
      "std_dev": 572268.579533538
    }
  },
  "random2": {
    "base_native": {
      "mean": 577731082.5,
      "median": 577731082.5,
      "min": 577651460.0,
      "max": 577810705.0,
      "std_dev": 112603.21937005177
    },
    "wasmtime_app": {
      "mean": 290820026.0,
      "median": 290568885.0,
      "min": 290541086.0,
      "max": 291350107.0,
      "std_dev": 459273.9879647007
    }
  },
  "ratelimit": {
    "base_native": {
      "mean": 25941897.2,
      "median": 25933047.5,
      "min": 25920848.0,
      "max": 25997145.0,
      "std_dev": 23863.990328526368
    },
    "wasmtime_app": {
      "mean": 39023089.6,
      "median": 38289156.0,
      "min": 38268783.0,
      "max": 45464275.0,
      "std_dev": 2263614.844394799
    }
  },
  "seqhash": {
    "base_native": {
      "mean": 7137631194.0,
      "median": 7137631194.0,
      "min": 7137631194.0,
      "max": 7137631194.0,
      "std_dev": 0.0
    },
    "wasmtime_app": {
      "mean": 9704394177.0,
      "median": 9704394177.0,
      "min": 9704394177.0,
      "max": 9704394177.0,
      "std_dev": 0.0
    }
  },
  "sieve": {
    "base_native": {
      "mean": 569242832.5,
      "median": 569242832.5,
      "min": 569223821.0,
      "max": 569261844.0,
      "std_dev": 26886.321141056098
    },
    "wasmtime_app": {
      "mean": 767270360.0,
      "median": 767270360.0,
      "min": 767270360.0,
      "max": 767270360.0,
      "std_dev": 0.0
    }
  },
  "strcat": {
    "base_native": {
      "mean": 65882991.1,
      "median": 65869084.0,
      "min": 65850872.0,
      "max": 65954969.0,
      "std_dev": 38650.50477304418
    },
    "wasmtime_app": {
      "mean": 354324671.0,
      "median": 354324671.0,
      "min": 350172812.0,
      "max": 358476530.0,
      "std_dev": 5871615.306860796
    }
  },
  "strcat2": {
    "base_native": {
      "mean": 2606547.909090909,
      "median": 2601112.0,
      "min": 2579237.0,
      "max": 2627711.0,
      "std_dev": 14377.09244217721
    },
    "wasmtime_app": {
      "mean": 9430221.8,
      "median": 8500841.5,
      "min": 8469956.0,
      "max": 17782982.0,
      "std_dev": 2934957.660389093
    }
  },
  "strchr": {
    "base_native": {
      "mean": 155099023.4,
      "median": 155147852.0,
      "min": 154968333.0,
      "max": 155193675.0,
      "std_dev": 105822.71640484381
    },