{
  "ackermann": {
    "base_native": {
      "mean": 3465827.4,
      "median": 2934122.0,
      "min": 2904174.0,
      "max": 8282524.0,
      "std_dev": 1692514.625412745
    },
    "wasmtime_app": {
      "mean": 9259860.2,
      "median": 8997840.0,
      "min": 8145488.0,
      "max": 12595536.0,
      "std_dev": 1398967.3142382007
    }
  },
  "base64": {
    "base_native": {
      "mean": 250186717.0,
      "median": 249562988.0,
      "min": 249515441.0,
      "max": 251481722.0,
      "std_dev": 1121759.1728267702
    },
    "wasmtime_app": {
      "mean": 360391492.5,
      "median": 360391492.5,
      "min": 355350828.0,
      "max": 365432157.0,
      "std_dev": 7128576.099272596
    }
  },
  "ctype": {
    "base_native": {
      "mean": 654154268.5,
      "median": 654154268.5,
      "min": 653933194.0,
      "max": 654375343.0,
      "std_dev": 312646.5561948508
    },
    "wasmtime_app": {
      "mean": 982778350.0,
      "median": 982778350.0,
      "min": 982778350.0,
      "max": 982778350.0,
      "std_dev": 0.0
    }
  },
  "ed25519": {
    "base_native": {
      "mean": 1433423624.0,
      "median": 1433423624.0,
      "min": 1433423624.0,
      "max": 1433423624.0,
      "std_dev": 0.0
    },
    "wasmtime_app": {
      "mean": 6767690504.0,
      "median": 6767690504.0,
      "min": 6767690504.0,
      "max": 6767690504.0,
      "std_dev": 0.0
    }
  },
  "fib2": {
    "base_native": {
      "mean": 6956366637.0,
      "median": 6956366637.0,
      "min": 6956366637.0,
      "max": 6956366637.0,
      "std_dev": 0.0
    },
    "wasmtime_app": {
      "mean": 10709185892.0,
      "median": 10709185892.0,
      "min": 10709185892.0,
      "max": 10709185892.0,
      "std_dev": 0.0
    }
  },
  "gimli": {
    "base_native": {
      "mean": 4158333.1,
      "median": 4142611.5,
      "min": 4129500.0,
      "max": 4247793.0,
      "std_dev": 34739.40696241086
    },
    "wasmtime_app": {
      "mean": 9588376.6,
      "median": 9382955.5,
      "min": 9357570.0,
      "max": 11438677.0,
      "std_dev": 650370.0160872869
    }
  },
  "heapsort": {
    "base_native": {
      "mean": 1076856754.0,
      "median": 1076856754.0,
      "min": 1076856754.0,
      "max": 1076856754.0,
      "std_dev": 0.0
    },
    "wasmtime_app": {
      "mean": 1221348591.0,
      "median": 1221348591.0,
      "min": 1221348591.0,
      "max": 1221348591.0,
      "std_dev": 0.0
    }
  },
  "keccak": {
    "base_native": {
      "mean": 7490209.2,
      "median": 7485134.5,
      "min": 7470698.0,
      "max": 7531444.0,
      "std_dev": 17015.59447356715
    },
    "wasmtime_app": {
      "mean": 22981125.7,
      "median": 21386363.5,
      "min": 21129603.0,
      "max": 37433555.0,
      "std_dev": 5080541.861955759
    }
  },
  "matrix": {
    "base_native": {
      "mean": 377910229.5,
      "median": 377910229.5,
      "min": 377887481.0,
      "max": 377932978.0,
      "std_dev": 32171.23722364435
    },
    "wasmtime_app": {
      "mean": 533609371.5,
      "median": 533609371.5,
      "min": 529500917.0,
      "max": 537717826.0,
      "std_dev": 5810232.074292773
    }
  },
  "matrix2": {
    "base_native": {
      "mean": 194283292.5,
      "median": 194284892.5,
      "min": 194243682.0,
      "max": 194319703.0,
      "std_dev": 32764.123595786903
    },
    "wasmtime_app": {
      "mean": 260370031.0,
      "median": 257756179.0,
      "min": 257706082.0,
      "max": 265647832.0,
      "std_dev": 4570778.377262783
    }
  },
  "memmove": {
    "base_native": {
      "mean": 47343369.9,
      "median": 47330688.0,
      "min": 47306465.0,
      "max": 47450331.0,
      "std_dev": 39753.12615925109
    },
    "wasmtime_app": {
      "mean": 521318180.0,
      "median": 521318180.0,
      "min": 516688867.0,
      "max": 525947493.0,
      "std_dev": 6546837.2290700795
    }
  },
  "minicsv": {
    "base_native": {
      "mean": 726100682.0,
      "median": 726100682.0,
      "min": 726100682.0,
      "max": 726100682.0,
      "std_dev": 0.0
    },
    "wasmtime_app": {
      "mean": 1109696488.0,
      "median": 1109696488.0,
      "min": 1109696488.0,
      "max": 1109696488.0,
      "std_dev": 0.0
    }
  },
  "nestedloop": {
    "base_native": {
      "mean": 1572365.7272727273,
      "median": 1576304.0,
      "min": 1546431.0,
      "max": 1594653.0,
      "std_dev": 17040.93622481411
    },
    "wasmtime_app": {
      "mean": 6331888.3,
      "median": 6240958.5,
      "min": 6216847.0,
      "max": 7160644.0,
      "std_dev": 291796.7825951821
    }
  },
  "nestedloop2": {
    "base_native": {
      "mean": 1570613.7272727273,
      "median": 1573079.0,
      "min": 1550706.0,
      "max": 1596728.0,
      "std_dev": 18186.11112410187
    },
    "wasmtime_app": {
      "mean": 6312589.6,
      "median": 6232334.5,
      "min": 6210173.0,
      "max": 7063750.0,
      "std_dev": 264323.27180186845
    }
  },
  "nestedloop3": {
    "base_native": {
      "mean": 2084494.0,
      "median": 2078699.0,
      "min": 2060200.0,
      "max": 2129571.0,
      "std_dev": 19521.666655283305
    },
    "wasmtime_app": {
      "mean": 6890399.3,
      "median": 6767328.5,
      "min": 6745693.0,
      "max": 7972698.0,
      "std_dev": 380868.0214985676
    }
  },
  "random": {
    "base_native": {
      "mean": 577610170.5,
      "median": 577610170.5,
      "min": 577580510.0,
      "max": 577639831.0,
      "std_dev": 41946.28136676719
    },
    "wasmtime_app": {
      "mean": 290754869.0,
      "median": 290470802.0,
      "min": 290466752.0,
      "max": 291327053.0,
      "std_dev": 495530.0172714061
    }
  },
  "random2": {
    "base_native": {
      "mean": 577655480.0,
      "median": 577655480.0,
      "min": 577571110.0,
      "max": 577739850.0,
      "std_dev": 119317.19825741803
    },
    "wasmtime_app": {
      "mean": 290870837.3333333,
      "median": 290715088.0,
      "min": 290460702.0,
      "max": 291436722.0,
      "std_dev": 506307.36833008204
    }
  },
  "ratelimit": {
    "base_native": {
      "mean": 25932824.4,
      "median": 25922007.5,
      "min": 25910633.0,
      "max": 25994728.0,
      "std_dev": 25395.69051455603
    },
    "wasmtime_app": {
      "mean": 39093915.7,
      "median": 38363477.0,
      "min": 38342278.0,
      "max": 45604392.0,
      "std_dev": 2287681.0523053473
    }
  },
  "seqhash": {
    "base_native": {
      "mean": 7125269652.0,
      "median": 7125269652.0,
      "min": 7125269652.0,
      "max": 7125269652.0,
      "std_dev": 0.0
    },
    "wasmtime_app": {
      "mean": 9700892386.0,
      "median": 9700892386.0,
      "min": 9700892386.0,
      "max": 9700892386.0,
      "std_dev": 0.0
    }
  },
  "sieve": {
    "base_native": {
      "mean": 569221627.5,
      "median": 569221627.5,
      "min": 569205591.0,
      "max": 569237664.0,
      "std_dev": 22679.03579299614
    },
    "wasmtime_app": {
      "mean": 767511264.0,
      "median": 767511264.0,
      "min": 767511264.0,
      "max": 767511264.0,
      "std_dev": 0.0
    }
  },
  "strcat": {
    "base_native": {
      "mean": 65890796.5,
      "median": 65858256.0,
      "min": 65832070.0,
      "max": 65999810.0,
      "std_dev": 65036.16783375232
    },
    "wasmtime_app": {
      "mean": 352829933.0,
      "median": 352829933.0,
      "min": 350241967.0,
      "max": 355417899.0,
      "std_dev": 3659936.616160449
    }
  },
  "strcat2": {
    "base_native": {
      "mean": 2595122.090909091,
      "median": 2590543.0,
      "min": 2579594.0,
      "max": 2618091.0,
      "std_dev": 11766.200435608305
    },
    "wasmtime_app": {
      "mean": 9475472.9,
      "median": 8549565.0,
      "min": 8505143.0,
      "max": 17834740.0,
      "std_dev": 2937274.4480257146
    }
  },
  "strchr": {
    "base_native": {
      "mean": 155170829.2,
      "median": 155172544.0,
      "min": 155097974.0,
      "max": 155252314.0,
      "std_dev": 57111.8692453679
    },
    "wasmtime_app": {
      "mean": 406953856.0,