{
  "ackermann": {
    "base_native": {
      "mean": 3469645.7,
      "median": 2986485.0,
      "min": 2948587.0,
      "max": 7901339.0,
      "std_dev": 1557287.6924082565
    },
    "wasmtime_app": {
      "mean": 9472763.9,
      "median": 8894157.0,
      "min": 8101667.0,
      "max": 14763898.0,
      "std_dev": 1953313.9466029094
    }
  },
  "base64": {
    "base_native": {
      "mean": 260721670.66666666,
      "median": 261603447.0,
      "min": 258849149.0,
      "max": 261712416.0,
      "std_dev": 1622566.363771397
    },
    "wasmtime_app": {
      "mean": 357463705.0,
      "median": 357463705.0,
      "min": 350469401.0,
      "max": 364458009.0,
      "std_dev": 9891439.576160388
    }
  },
  "ctype": {
    "base_native": {
      "mean": 657861906.0,
      "median": 657861906.0,
      "min": 654122525.0,
      "max": 661601287.0,
      "std_dev": 5288283.325080266
    },
    "wasmtime_app": {
      "mean": 982670690.0,
      "median": 982670690.0,
      "min": 982670690.0,
      "max": 982670690.0,
      "std_dev": 0.0
    }
  },
  "ed25519": {
    "base_native": {
      "mean": 1433352950.0,
      "median": 1433352950.0,
      "min": 1433352950.0,
      "max": 1433352950.0,
      "std_dev": 0.0
    },
    "wasmtime_app": {
      "mean": 6736718548.0,
      "median": 6736718548.0,
      "min": 6736718548.0,
      "max": 6736718548.0,
      "std_dev": 0.0
    }
  },
  "fib2": {
    "base_native": {
      "mean": 6956299810.0,
      "median": 6956299810.0,
      "min": 6956299810.0,
      "max": 6956299810.0,
      "std_dev": 0.0
    },
    "wasmtime_app": {
      "mean": 10713016220.0,
      "median": 10713016220.0,
      "min": 10713016220.0,
      "max": 10713016220.0,
      "std_dev": 0.0
    }
  },
  "gimli": {
    "base_native": {
      "mean": 4146588.4,
      "median": 4145933.5,
      "min": 4133447.0,
      "max": 4173069.0,
      "std_dev": 10579.502468872952
    },
    "wasmtime_app": {
      "mean": 9514279.6,
      "median": 9374498.5,
      "min": 9307814.0,
      "max": 10835646.0,
      "std_dev": 465226.1609492742
    }
  },
  "heapsort": {
    "base_native": {
      "mean": 1076549878.0,
      "median": 1076549878.0,
      "min": 1076549878.0,
      "max": 1076549878.0,
      "std_dev": 0.0
    },
    "wasmtime_app": {
      "mean": 1220537013.0,
      "median": 1220537013.0,
      "min": 1220537013.0,
      "max": 1220537013.0,
      "std_dev": 0.0
    }
  },
  "keccak": {
    "base_native": {
      "mean": 7482176.6,
      "median": 7483961.5,
      "min": 7462713.0,
      "max": 7495986.0,
      "std_dev": 10821.962875970741
    },
    "wasmtime_app": {
      "mean": 22915437.8,
      "median": 21522012.0,
      "min": 21061120.0,
      "max": 36990091.0,
      "std_dev": 4950023.504728814
    }
  },
  "matrix": {
    "base_native": {
      "mean": 377959917.5,
      "median": 377959917.5,
      "min": 377895634.0,
      "max": 378024201.0,
      "std_dev": 90910.59753681085
    },
    "wasmtime_app": {
      "mean": 533927614.5,
      "median": 533927614.5,
      "min": 529827008.0,
      "max": 538028221.0,
      "std_dev": 5799133.326255269
    }
  },
  "matrix2": {
    "base_native": {
      "mean": 194265860.5,
      "median": 194259048.5,
      "min": 194238437.0,
      "max": 194306908.0,
      "std_dev": 29284.609774874356
    },
    "wasmtime_app": {
      "mean": 260251659.33333334,
      "median": 257679023.0,
      "min": 257677248.0,
      "max": 265398707.0,
      "std_dev": 4457474.122175061
    }
  },
  "memmove": {
    "base_native": {
      "mean": 47396810.5,
      "median": 47390536.0,
      "min": 47367087.0,
      "max": 47428184.0,
      "std_dev": 20112.230409766977
    },
    "wasmtime_app": {
      "mean": 520659037.5,
      "median": 520659037.5,
      "min": 515680532.0,
      "max": 525637543.0,
      "std_dev": 7040669.998449047
    }
  },
  "minicsv": {
    "base_native": {
      "mean": 720806047.0,
      "median": 720806047.0,
      "min": 720806047.0,
      "max": 720806047.0,
      "std_dev": 0.0
    },
    "wasmtime_app": {
      "mean": 1098869834.0,
      "median": 1098869834.0,
      "min": 1098869834.0,
      "max": 1098869834.0,
      "std_dev": 0.0
    }
  },
  "nestedloop": {
    "base_native": {
      "mean": 1578217.0,
      "median": 1573488.0,
      "min": 1558814.0,
      "max": 1603511.0,
      "std_dev": 17845.82440236371
    },
    "wasmtime_app": {
      "mean": 6297119.0,
      "median": 6198201.0,
      "min": 6182227.0,
      "max": 7166408.0,
      "std_dev": 305686.061033211
    }
  },
  "nestedloop2": {
    "base_native": {
      "mean": 1597647.7272727273,
      "median": 1578987.0,
      "min": 1555064.0,
      "max": 1676082.0,
      "std_dev": 42091.32489502061
    },
    "wasmtime_app": {
      "mean": 6275272.5,
      "median": 6178802.0,
      "min": 6163152.0,
      "max": 7088462.0,
      "std_dev": 286360.12793848314
    }
  },
  "nestedloop3": {
    "base_native": {
      "mean": 2099090.4545454546,
      "median": 2091459.0,
      "min": 2063361.0,
      "max": 2182679.0,
      "std_dev": 36958.22034774845
    },
    "wasmtime_app": {
      "mean": 6864371.5,
      "median": 6744052.0,
      "min": 6716028.0,
      "max": 7957523.0,
      "std_dev": 384273.9974313034
    }
  },
  "random": {
    "base_native": {
      "mean": 577610994.0,
      "median": 577610994.0,
      "min": 577608144.0,
      "max": 577613844.0,
      "std_dev": 4030.5086527633207
    },
    "wasmtime_app": {
      "mean": 290690499.0,
      "median": 290413803.0,
      "min": 290383904.0,
      "max": 291273790.0,
      "std_dev": 505365.98674722854
    }
  },
  "random2": {
    "base_native": {
      "mean": 577723825.5,
      "median": 577723825.5,
      "min": 577602920.0,
      "max": 577844731.0,
      "std_dev": 170986.19786550023
    },
    "wasmtime_app": {
      "mean": 290719656.0,
      "median": 290432602.0,
      "min": 290413153.0,
      "max": 291313213.0,
      "std_dev": 514127.4161985529
    }
  },
  "ratelimit": {
    "base_native": {
      "mean": 25925277.3,
      "median": 25929157.0,
      "min": 25900296.0,
      "max": 25944969.0,
      "std_dev": 15733.270833562303
    },
    "wasmtime_app": {
      "mean": 39076996.8,
      "median": 38362381.0,
      "min": 38311383.0,
      "max": 45540414.0,
      "std_dev": 2271138.6085233297
    }
  },
  "seqhash": {
    "base_native": {
      "mean": 7107028547.0,
      "median": 7107028547.0,
      "min": 7107028547.0,
      "max": 7107028547.0,
      "std_dev": 0.0
    },
    "wasmtime_app": {
      "mean": 9689056978.0,
      "median": 9689056978.0,
      "min": 9689056978.0,
      "max": 9689056978.0,
      "std_dev": 0.0
    }
  },
  "sieve": {
    "base_native": {
      "mean": 569217582.0,
      "median": 569217582.0,
      "min": 569181009.0,
      "max": 569254155.0,
      "std_dev": 51722.032616671204
    },
    "wasmtime_app": {
      "mean": 767015386.0,
      "median": 767015386.0,
      "min": 767015386.0,
      "max": 767015386.0,
      "std_dev": 0.0
    }
  },
  "strcat": {
    "base_native": {
      "mean": 65849982.8,
      "median": 65836193.5,
      "min": 65814445.0,
      "max": 66012059.0,
      "std_dev": 57930.385475058676
    },
    "wasmtime_app": {
      "mean": 351295727.0,
      "median": 351295727.0,
      "min": 347271692.0,
      "max": 355319762.0,
      "std_dev": 5690844.872464018
    }
  },
  "strcat2": {
    "base_native": {
      "mean": 2591520.272727273,
      "median": 2591932.0,
      "min": 2568508.0,
      "max": 2628005.0,
      "std_dev": 16023.353644545881
    },
    "wasmtime_app": {
      "mean": 9410821.5,
      "median": 8495999.5,
      "min": 8466151.0,
      "max": 17589298.0,
      "std_dev": 2873763.9902019035
    }
  },
  "strchr": {
    "base_native": {
      "mean": 155216564.2,
      "median": 155235363.0,
      "min": 155171317.0,
      "max": 155254562.0,
      "std_dev": 36016.422361195175
    },