{
  "ackermann": {
    "base_native": {
      "mean": 3811576.1,
      "median": 2887450.5,
      "min": 2856315.0,
      "max": 12183742.0,
      "std_dev": 2941732.327685223
    },
    "wasmtime_app": {
      "mean": 8736371.7,
      "median": 8304677.0,
      "min": 7930786.0,
      "max": 12554116.0,
      "std_dev": 1404419.5043309254
    }
  },
  "base64": {
    "base_native": {
      "mean": 251003735.0,
      "median": 250045172.0,
      "min": 249490203.0,
      "max": 253475830.0,
      "std_dev": 2158804.74209897
    },
    "wasmtime_app": {
      "mean": 355024041.0,
      "median": 355024041.0,
      "min": 350438934.0,
      "max": 359609148.0,
      "std_dev": 6484320.504331815
    }
  },
  "ctype": {
    "base_native": {
      "mean": 655373498.5,
      "median": 655373498.5,
      "min": 655173260.0,
      "max": 655573737.0,
      "std_dev": 283180.002409245
    },
    "wasmtime_app": {
      "mean": 955637990.0,
      "median": 955637990.0,
      "min": 955637990.0,
      "max": 955637990.0,
      "std_dev": 0.0
    }
  },
  "ed25519": {
    "base_native": {
      "mean": 1433267137.0,
      "median": 1433267137.0,
      "min": 1433267137.0,
      "max": 1433267137.0,
      "std_dev": 0.0
    },
    "wasmtime_app": {
      "mean": 6754740673.0,
      "median": 6754740673.0,
      "min": 6754740673.0,
      "max": 6754740673.0,
      "std_dev": 0.0
    }
  },
  "fib2": {
    "base_native": {
      "mean": 6955960666.0,
      "median": 6955960666.0,
      "min": 6955960666.0,
      "max": 6955960666.0,
      "std_dev": 0.0
    },
    "wasmtime_app": {
      "mean": 10729096695.0,
      "median": 10729096695.0,
      "min": 10729096695.0,
      "max": 10729096695.0,
      "std_dev": 0.0
    }
  },
  "gimli": {
    "base_native": {
      "mean": 4137405.4,
      "median": 4135555.5,
      "min": 4127518.0,
      "max": 4160467.0,
      "std_dev": 8928.413996275536
    },
    "wasmtime_app": {
      "mean": 9494160.1,
      "median": 9346466.5,
      "min": 9314931.0,
      "max": 10823842.0,
      "std_dev": 467615.4220630572
    }
  },
  "heapsort": {
    "base_native": {
      "mean": 1076339499.0,
      "median": 1076339499.0,
      "min": 1076339499.0,
      "max": 1076339499.0,
      "std_dev": 0.0
    },
    "wasmtime_app": {
      "mean": 1220330182.0,
      "median": 1220330182.0,
      "min": 1220330182.0,
      "max": 1220330182.0,
      "std_dev": 0.0
    }
  },
  "keccak": {
    "base_native": {
      "mean": 7470596.1,
      "median": 7471368.5,
      "min": 7455632.0,
      "max": 7484655.0,
      "std_dev": 9966.678511141234
    },
    "wasmtime_app": {
      "mean": 22804135.2,
      "median": 21180812.5,
      "min": 20993373.0,
      "max": 37135356.0,
      "std_dev": 5039461.631046334
    }
  },
  "matrix": {
    "base_native": {
      "mean": 377876626.0,
      "median": 377876626.0,
      "min": 377867139.0,
      "max": 377886113.0,
      "std_dev": 13416.644066233554
    },
    "wasmtime_app": {
      "mean": 533490468.5,
      "median": 533490468.5,
      "min": 529366734.0,
      "max": 537614203.0,
      "std_dev": 5831841.257525834
    }
  },
  "matrix2": {
    "base_native": {
      "mean": 194259827.25,
      "median": 194255921.0,
      "min": 194247672.0,
      "max": 194279795.0,
      "std_dev": 14411.323334447812
    },
    "wasmtime_app": {
      "mean": 260170930.66666666,
      "median": 257633029.0,
      "min": 257613955.0,
      "max": 265265808.0,
      "std_dev": 4412303.506747278
    }
  },
  "memmove": {
    "base_native": {
      "mean": 47327501.7,
      "median": 47328324.0,
      "min": 47300176.0,
      "max": 47350798.0,
      "std_dev": 15951.142112017491
    },
    "wasmtime_app": {
      "mean": 521244896.5,
      "median": 521244896.5,
      "min": 516620454.0,
      "max": 525869339.0,
      "std_dev": 6539949.301914542
    }
  },
  "minicsv": {
    "base_native": {
      "mean": 719918184.0,
      "median": 719918184.0,
      "min": 719918184.0,
      "max": 719918184.0,
      "std_dev": 0.0
    },
    "wasmtime_app": {
      "mean": 1110060572.0,
      "median": 1110060572.0,
      "min": 1110060572.0,
      "max": 1110060572.0,
      "std_dev": 0.0
    }
  },
  "nestedloop": {
    "base_native": {
      "mean": 1565227.7272727273,
      "median": 1569937.0,
      "min": 1546188.0,
      "max": 1585611.0,
      "std_dev": 13505.243841492897
    },
    "wasmtime_app": {
      "mean": 6274538.1,
      "median": 6180163.5,
      "min": 6159915.0,
      "max": 7084586.0,
      "std_dev": 285835.73338640574
    }
  },
  "nestedloop2": {
    "base_native": {
      "mean": 1570413.7272727273,
      "median": 1570662.0,
      "min": 1552488.0,
      "max": 1595685.0,
      "std_dev": 15756.980212533805
    },
    "wasmtime_app": {
      "mean": 6281992.6,
      "median": 6190650.5,
      "min": 6174689.0,
      "max": 7079286.0,
      "std_dev": 280549.62249730044
    }
  },
  "nestedloop3": {
    "base_native": {
      "mean": 2079148.8181818181,
      "median": 2077983.0,
      "min": 2066884.0,
      "max": 2093007.0,
      "std_dev": 8329.839287983674
    },
    "wasmtime_app": {
      "mean": 6857234.0,
      "median": 6735668.5,
      "min": 6717182.0,
      "max": 7940436.0,
      "std_dev": 380902.4582660384
    }
  },
  "random": {
    "base_native": {
      "mean": 577666200.0,
      "median": 577666200.0,
      "min": 577632827.0,
      "max": 577699573.0,
      "std_dev": 47196.5492170773
    },
    "wasmtime_app": {
      "mean": 290658433.3333333,
      "median": 290384141.0,
      "min": 290381966.0,
      "max": 291209193.0,
      "std_dev": 476973.1024663061
    }
  },
  "random2": {
    "base_native": {
      "mean": 577633839.5,
      "median": 577633839.5,
      "min": 577547982.0,
      "max": 577719697.0,
      "std_dev": 121420.84093144801
    },
    "wasmtime_app": {
      "mean": 290671941.0,
      "median": 290367992.0,
      "min": 290353293.0,
      "max": 291294538.0,
      "std_dev": 539234.9056366808
    }
  },
  "ratelimit": {
    "base_native": {
      "mean": 25922290.4,
      "median": 25921798.0,
      "min": 25905999.0,
      "max": 25950196.0,
      "std_dev": 12598.512718218413
    },
    "wasmtime_app": {
      "mean": 39019436.0,
      "median": 38301188.0,
      "min": 38265190.0,
      "max": 45526666.0,
      "std_dev": 2286505.9869107907
    }
  },
  "seqhash": {
    "base_native": {
      "mean": 7111293342.0,
      "median": 7111293342.0,
      "min": 7111293342.0,
      "max": 7111293342.0,
      "std_dev": 0.0
    },
    "wasmtime_app": {
      "mean": 9682759801.0,
      "median": 9682759801.0,
      "min": 9682759801.0,
      "max": 9682759801.0,
      "std_dev": 0.0
    }
  },
  "sieve": {
    "base_native": {
      "mean": 569260145.5,
      "median": 569260145.5,
      "min": 569234397.0,
      "max": 569285894.0,
      "std_dev": 36413.87791076364
    },
    "wasmtime_app": {
      "mean": 766873214.0,
      "median": 766873214.0,
      "min": 766873214.0,
      "max": 766873214.0,
      "std_dev": 0.0
    }
  },
  "strcat": {
    "base_native": {
      "mean": 65855444.2,
      "median": 65844312.0,
      "min": 65835063.0,
      "max": 65954431.0,
      "std_dev": 35712.03617145221
    },
    "wasmtime_app": {
      "mean": 352687615.0,
      "median": 352687615.0,
      "min": 347192248.0,
      "max": 358182982.0,
      "std_dev": 7771622.541617548
    }
  },
  "strcat2": {
    "base_native": {
      "mean": 2590854.3636363638,
      "median": 2585530.0,
      "min": 2578080.0,
      "max": 2613128.0,
      "std_dev": 11780.382024983122
    },
    "wasmtime_app": {
      "mean": 9391745.9,
      "median": 8478854.0,
      "min": 8428432.0,
      "max": 17614671.0,
      "std_dev": 2889368.900898389
    }
  },
  "strchr": {
    "base_native": {
      "mean": 155213077.6,
      "median": 155198183.0,
      "min": 155170785.0,
      "max": 155283554.0,
      "std_dev": 43026.116055251834
    },