{
  "ackermann": {
    "base_native": {
      "mean": 3262965.1,
      "median": 2932120.5,
      "min": 2902347.0,
      "max": 6250942.0,
      "std_dev": 1050084.1531798455
    },
    "wasmtime_app": {
      "mean": 8792729.6,
      "median": 8330230.5,
      "min": 7892155.0,
      "max": 13660556.0,
      "std_dev": 1743986.3740961843
    }
  },
  "base64": {
    "base_native": {
      "mean": 255898949.33333334,
      "median": 257435914.0,
      "min": 252732101.0,
      "max": 257528833.0,
      "std_dev": 2742964.5932626133
    },
    "wasmtime_app": {
      "mean": 355035170.0,
      "median": 355035170.0,
      "min": 350417305.0,
      "max": 359653035.0,
      "std_dev": 6530647.312208032
    }
  },
  "ctype": {
    "base_native": {
      "mean": 653828834.0,
      "median": 653828834.0,
      "min": 653653220.0,
      "max": 654004448.0,
      "std_dev": 248355.70054258872
    },
    "wasmtime_app": {
      "mean": 907902057.0,
      "median": 907902057.0,
      "min": 907902057.0,
      "max": 907902057.0,
      "std_dev": 0.0
    }
  },
  "ed25519": {
    "base_native": {
      "mean": 1432966034.0,
      "median": 1432966034.0,
      "min": 1432966034.0,
      "max": 1432966034.0,
      "std_dev": 0.0
    },
    "wasmtime_app": {
      "mean": 6764407157.0,
      "median": 6764407157.0,
      "min": 6764407157.0,
      "max": 6764407157.0,
      "std_dev": 0.0
    }
  },
  "fib2": {
    "base_native": {
      "mean": 6955786427.0,
      "median": 6955786427.0,
      "min": 6955786427.0,
      "max": 6955786427.0,
      "std_dev": 0.0
    },
    "wasmtime_app": {
      "mean": 10664002033.0,
      "median": 10664002033.0,
      "min": 10664002033.0,
      "max": 10664002033.0,
      "std_dev": 0.0
    }
  },
  "gimli": {
    "base_native": {
      "mean": 4139846.7,
      "median": 4138397.0,
      "min": 4122023.0,
      "max": 4154621.0,
      "std_dev": 9817.771890811071
    },
    "wasmtime_app": {
      "mean": 9447862.9,
      "median": 9306626.0,
      "min": 9282827.0,
      "max": 10734945.0,
      "std_dev": 452513.9614424313
    }
  },
  "heapsort": {
    "base_native": {
      "mean": 1076368106.0,
      "median": 1076368106.0,
      "min": 1076368106.0,
      "max": 1076368106.0,
      "std_dev": 0.0
    },
    "wasmtime_app": {
      "mean": 1220344200.0,
      "median": 1220344200.0,
      "min": 1220344200.0,
      "max": 1220344200.0,
      "std_dev": 0.0
    }
  },
  "keccak": {
    "base_native": {
      "mean": 7480702.3,
      "median": 7482879.5,
      "min": 7462468.0,
      "max": 7489842.0,
      "std_dev": 9512.07853264002
    },
    "wasmtime_app": {
      "mean": 22857163.4,
      "median": 21310700.5,
      "min": 21000218.0,
      "max": 37013392.0,
      "std_dev": 4976499.389802505
    }
  },
  "matrix": {
    "base_native": {
      "mean": 377895250.5,
      "median": 377895250.5,
      "min": 377851503.0,
      "max": 377938998.0,
      "std_dev": 61868.307819916976
    },
    "wasmtime_app": {
      "mean": 533480577.5,
      "median": 533480577.5,
      "min": 529386608.0,
      "max": 537574547.0,
      "std_dev": 5789747.190841799
    }
  },
  "matrix2": {
    "base_native": {
      "mean": 194266387.75,
      "median": 194263350.5,
      "min": 194249501.0,
      "max": 194289349.0,
      "std_dev": 17479.73114543432
    },
    "wasmtime_app": {
      "mean": 260186307.33333334,
      "median": 257636476.0,
      "min": 257612252.0,
      "max": 265310194.0,
      "std_dev": 4437432.549366507
    }
  },
  "memmove": {
    "base_native": {
      "mean": 47330423.8,
      "median": 47330493.5,
      "min": 47314157.0,
      "max": 47348105.0,
      "std_dev": 10421.474152494506
    },
    "wasmtime_app": {
      "mean": 521224605.5,
      "median": 521224605.5,
      "min": 516250473.0,
      "max": 526198738.0,
      "std_dev": 7034485.642540789
    }
  },
  "minicsv": {
    "base_native": {
      "mean": 747504733.0,
      "median": 747504733.0,
      "min": 747504733.0,
      "max": 747504733.0,
      "std_dev": 0.0
    },
    "wasmtime_app": {
      "mean": 1099559647.0,
      "median": 1099559647.0,
      "min": 1099559647.0,
      "max": 1099559647.0,
      "std_dev": 0.0
    }
  },
  "nestedloop": {
    "base_native": {
      "mean": 1564931.0909090908,
      "median": 1567854.0,
      "min": 1538605.0,
      "max": 1581028.0,
      "std_dev": 14749.307051211223
    },
    "wasmtime_app": {
      "mean": 6271316.6,
      "median": 6175602.0,
      "min": 6153903.0,
      "max": 7132023.0,
      "std_dev": 303123.5174619233
    }
  },
  "nestedloop2": {
    "base_native": {
      "mean": 1564899.1818181819,
      "median": 1572453.0,
      "min": 1542455.0,
      "max": 1593002.0,
      "std_dev": 16439.979037810124
    },
    "wasmtime_app": {
      "mean": 6266101.9,
      "median": 6178289.5,
      "min": 6147304.0,
      "max": 7067152.0,
      "std_dev": 282895.7537819855
    }
  },
  "nestedloop3": {
    "base_native": {
      "mean": 2070718.4545454546,
      "median": 2073698.0,
      "min": 2043400.0,
      "max": 2086647.0,
      "std_dev": 11893.824577179843
    },
    "wasmtime_app": {
      "mean": 6838169.7,
      "median": 6709934.5,
      "min": 6693923.0,
      "max": 7933003.0,
      "std_dev": 385288.58054307813
    }
  },
  "random": {
    "base_native": {
      "mean": 577565833.0,
      "median": 577565833.0,
      "min": 577559696.0,
      "max": 577571970.0,
      "std_dev": 8679.028632283684
    },
    "wasmtime_app": {
      "mean": 290680133.0,
      "median": 290422756.0,
      "min": 290379233.0,
      "max": 291238410.0,
      "std_dev": 483971.55849181884
    }
  },
  "random2": {
    "base_native": {
      "mean": 577649028.0,
      "median": 577649028.0,
      "min": 577608793.0,
      "max": 577689263.0,
      "std_dev": 56900.88268208148
    },
    "wasmtime_app": {
      "mean": 290688466.0,
      "median": 290383833.0,
      "min": 290383633.0,
      "max": 291297932.0,
      "std_dev": 527813.0482159379
    }
  },
  "ratelimit": {
    "base_native": {
      "mean": 25918900.0,
      "median": 25917215.0,
      "min": 25902666.0,
      "max": 25934739.0,
      "std_dev": 9085.598213045132
    },
    "wasmtime_app": {
      "mean": 39026283.3,
      "median": 38302669.0,
      "min": 38262971.0,
      "max": 45567510.0,
      "std_dev": 2298443.2982551977
    }
  },
  "seqhash": {
    "base_native": {
      "mean": 7107866831.0,
      "median": 7107866831.0,
      "min": 7107866831.0,
      "max": 7107866831.0,
      "std_dev": 0.0
    },
    "wasmtime_app": {
      "mean": 9675110383.0,
      "median": 9675110383.0,
      "min": 9675110383.0,
      "max": 9675110383.0,
      "std_dev": 0.0
    }
  },
  "sieve": {
    "base_native": {
      "mean": 569243279.5,
      "median": 569243279.5,
      "min": 569237130.0,
      "max": 569249429.0,
      "std_dev": 8696.706301813349
    },
    "wasmtime_app": {
      "mean": 766748576.0,
      "median": 766748576.0,
      "min": 766748576.0,
      "max": 766748576.0,
      "std_dev": 0.0
    }
  },
  "strcat": {
    "base_native": {
      "mean": 65857366.5,
      "median": 65844212.5,
      "min": 65831326.0,
      "max": 66002540.0,
      "std_dev": 51632.427532941394
    },
    "wasmtime_app": {
      "mean": 351246958.0,
      "median": 351246958.0,
      "min": 350208816.0,
      "max": 352285100.0,
      "std_dev": 1468154.4960691296
    }
  },
  "strcat2": {
    "base_native": {
      "mean": 2592497.6363636362,
      "median": 2589216.0,
      "min": 2573817.0,
      "max": 2620864.0,
      "std_dev": 13325.21256320309
    },
    "wasmtime_app": {
      "mean": 9374589.4,
      "median": 8474685.0,
      "min": 8397677.0,
      "max": 17574560.0,
      "std_dev": 2881348.0353836385
    }
  },
  "strchr": {
    "base_native": {
      "mean": 155157305.4,
      "median": 155158540.0,
      "min": 155131267.0,
      "max": 155190613.0,
      "std_dev": 23797.68634342423
    },