{
  "ackermann": {
    "base_native": {
      "mean": 3212546.2,
      "median": 2920141.0,
      "min": 2815934.0,
      "max": 6034021.0,
      "std_dev": 992593.1240190794
    },
    "wasmtime_app": {
      "mean": 9207120.4,
      "median": 8665845.0,
      "min": 7945725.0,
      "max": 15322898.0,
      "std_dev": 2204978.637933368
    }
  },
  "base64": {
    "base_native": {
      "mean": 249518327.66666666,
      "median": 249503729.0,
      "min": 249488379.0,
      "max": 249562875.0,
      "std_dev": 39335.153556752935
    },
    "wasmtime_app": {
      "mean": 355082551.5,
      "median": 355082551.5,
      "min": 350421417.0,
      "max": 359743686.0,
      "std_dev": 6591839.625945135
    }
  },
  "ctype": {
    "base_native": {
      "mean": 654391989.5,
      "median": 654391989.5,
      "min": 653676769.0,
      "max": 655107210.0,
      "std_dev": 1011474.5311872662
    },
    "wasmtime_app": {
      "mean": 914347853.0,
      "median": 914347853.0,
      "min": 914347853.0,
      "max": 914347853.0,
      "std_dev": 0.0
    }
  },
  "ed25519": {
    "base_native": {
      "mean": 1433088471.0,
      "median": 1433088471.0,
      "min": 1433088471.0,
      "max": 1433088471.0,
      "std_dev": 0.0
    },
    "wasmtime_app": {
      "mean": 6718397192.0,
      "median": 6718397192.0,
      "min": 6718397192.0,
      "max": 6718397192.0,
      "std_dev": 0.0
    }
  },
  "fib2": {
    "base_native": {
      "mean": 6956172693.0,
      "median": 6956172693.0,
      "min": 6956172693.0,
      "max": 6956172693.0,
      "std_dev": 0.0
    },
    "wasmtime_app": {
      "mean": 10696769627.0,
      "median": 10696769627.0,
      "min": 10696769627.0,
      "max": 10696769627.0,
      "std_dev": 0.0
    }
  },
  "gimli": {
    "base_native": {
      "mean": 4135257.2,
      "median": 4136919.5,
      "min": 4118858.0,
      "max": 4146157.0,
      "std_dev": 9070.888426413614
    },
    "wasmtime_app": {
      "mean": 9482271.6,
      "median": 9334530.5,
      "min": 9305894.0,
      "max": 10835756.0,
      "std_dev": 475739.4765483404
    }
  },
  "heapsort": {
    "base_native": {
      "mean": 1076309603.0,
      "median": 1076309603.0,
      "min": 1076309603.0,
      "max": 1076309603.0,
      "std_dev": 0.0
    },
    "wasmtime_app": {
      "mean": 1220384661.0,
      "median": 1220384661.0,
      "min": 1220384661.0,
      "max": 1220384661.0,
      "std_dev": 0.0
    }
  },
  "keccak": {
    "base_native": {
      "mean": 7476231.6,
      "median": 7477149.0,
      "min": 7452938.0,
      "max": 7489061.0,
      "std_dev": 10964.722545002627
    },
    "wasmtime_app": {
      "mean": 22773163.2,
      "median": 21233118.5,
      "min": 20995566.0,
      "max": 36933064.0,
      "std_dev": 4977977.667666567
    }
  },
  "matrix": {
    "base_native": {
      "mean": 377880868.0,
      "median": 377880868.0,
      "min": 377877606.0,
      "max": 377884130.0,
      "std_dev": 4613.1646404610365
    },
    "wasmtime_app": {
      "mean": 533645323.5,
      "median": 533645323.5,
      "min": 529577440.0,
      "max": 537713207.0,
      "std_dev": 5752856.015853734
    }
  },
  "matrix2": {
    "base_native": {
      "mean": 194268902.75,
      "median": 194259578.5,
      "min": 194249966.0,
      "max": 194306488.0,
      "std_dev": 25652.84329107919
    },
    "wasmtime_app": {
      "mean": 260231181.0,
      "median": 257689610.0,
      "min": 257681785.0,
      "max": 265322148.0,
      "std_dev": 4408908.4878202
    }
  },
  "memmove": {
    "base_native": {
      "mean": 47328821.0,
      "median": 47324763.5,
      "min": 47311777.0,
      "max": 47349725.0,
      "std_dev": 11624.458907359469
    },
    "wasmtime_app": {
      "mean": 520153587.5,
      "median": 520153587.5,
      "min": 515050134.0,
      "max": 525257041.0,
      "std_dev": 7217373.15464044
    }
  },
  "minicsv": {
    "base_native": {
      "mean": 723742388.0,
      "median": 723742388.0,
      "min": 723742388.0,
      "max": 723742388.0,
      "std_dev": 0.0
    },
    "wasmtime_app": {
      "mean": 1107831039.0,
      "median": 1107831039.0,
      "min": 1107831039.0,
      "max": 1107831039.0,
      "std_dev": 0.0
    }
  },
  "nestedloop": {
    "base_native": {
      "mean": 1559937.5454545454,
      "median": 1565608.0,
      "min": 1536534.0,
      "max": 1580632.0,
      "std_dev": 16166.353116047147
    },
    "wasmtime_app": {
      "mean": 6287512.4,
      "median": 6196683.5,
      "min": 6147098.0,
      "max": 7113384.0,
      "std_dev": 291065.91440130305
    }
  },
  "nestedloop2": {
    "base_native": {
      "mean": 1563546.3636363635,
      "median": 1558833.0,
      "min": 1542709.0,
      "max": 1590156.0,
      "std_dev": 16318.043070618041
    },
    "wasmtime_app": {
      "mean": 6289807.2,
      "median": 6198508.5,
      "min": 6162947.0,
      "max": 7150782.0,
      "std_dev": 302946.46165610774
    }
  },
  "nestedloop3": {
    "base_native": {
      "mean": 2083443.4545454546,
      "median": 2076653.0,
      "min": 2056629.0,
      "max": 2131750.0,
      "std_dev": 19414.628275419727
    },
    "wasmtime_app": {
      "mean": 6883562.9,
      "median": 6761110.5,
      "min": 6716950.0,
      "max": 7999122.0,
      "std_dev": 392612.4728998614
    }
  },
  "random": {
    "base_native": {
      "mean": 577594302.5,
      "median": 577594302.5,
      "min": 577584003.0,
      "max": 577604602.0,
      "std_dev": 14565.692585661693
    },
    "wasmtime_app": {
      "mean": 290677852.3333333,
      "median": 290402822.0,
      "min": 290383198.0,
      "max": 291247537.0,
      "std_dev": 493458.95464601036
    }
  },
  "random2": {
    "base_native": {
      "mean": 577623838.0,
      "median": 577623838.0,
      "min": 577542980.0,
      "max": 577704696.0,
      "std_dev": 114350.48022636372
    },
    "wasmtime_app": {
      "mean": 290700409.6666667,
      "median": 290393997.0,
      "min": 290375573.0,
      "max": 291331659.0,
      "std_dev": 546755.5683935311
    }
  },
  "ratelimit": {
    "base_native": {
      "mean": 25906648.8,
      "median": 25905581.0,
      "min": 25887857.0,
      "max": 25933430.0,
      "std_dev": 13446.94125318716
    },
    "wasmtime_app": {
      "mean": 39033898.0,
      "median": 38318432.0,
      "min": 38273309.0,
      "max": 45544362.0,
      "std_dev": 2287701.2825075453
    }
  },
  "seqhash": {
    "base_native": {
      "mean": 7116514122.0,
      "median": 7116514122.0,
      "min": 7116514122.0,
      "max": 7116514122.0,
      "std_dev": 0.0
    },
    "wasmtime_app": {
      "mean": 9686513221.0,
      "median": 9686513221.0,
      "min": 9686513221.0,
      "max": 9686513221.0,
      "std_dev": 0.0
    }
  },
  "sieve": {
    "base_native": {
      "mean": 569250554.0,
      "median": 569250554.0,
      "min": 569245542.0,
      "max": 569255566.0,
      "std_dev": 7088.038374613952
    },
    "wasmtime_app": {
      "mean": 766739715.0,
      "median": 766739715.0,
      "min": 766739715.0,
      "max": 766739715.0,
      "std_dev": 0.0
    }
  },
  "strcat": {
    "base_native": {
      "mean": 65860610.0,
      "median": 65844991.0,
      "min": 65837416.0,
      "max": 65988133.0,
      "std_dev": 45313.87738872055
    },
    "wasmtime_app": {
      "mean": 351224809.5,
      "median": 351224809.5,
      "min": 350140079.0,
      "max": 352309540.0,
      "std_dev": 1534040.5846197486
    }
  },
  "strcat2": {
    "base_native": {
      "mean": 2594538.4545454546,
      "median": 2591323.0,
      "min": 2575074.0,
      "max": 2624796.0,
      "std_dev": 14248.359234407564
    },
    "wasmtime_app": {
      "mean": 9430276.5,
      "median": 8503589.5,
      "min": 8469678.0,
      "max": 17763573.0,
      "std_dev": 2928126.3843610245
    }
  },
  "strchr": {
    "base_native": {
      "mean": 155075872.0,
      "median": 155088536.0,
      "min": 155037089.0,
      "max": 155100561.0,
      "std_dev": 25616.47667029953
    },