{
  "ackermann": {
    "base_native": {
      "mean": 3218893.7,
      "median": 2890287.0,
      "min": 2861064.0,
      "max": 6176128.0,
      "std_dev": 1039273.1719262106
    },
    "wasmtime_app": {
      "mean": 9470672.4,
      "median": 8854525.5,
      "min": 8114036.0,
      "max": 12589845.0,
      "std_dev": 1276057.6061981076
    }
  },
  "base64": {
    "base_native": {
      "mean": 252542596.0,
      "median": 253411989.0,
      "min": 250700241.0,
      "max": 253515558.0,
      "std_dev": 1596366.3720960172
    },
    "wasmtime_app": {
      "mean": 360509969.0,
      "median": 360509969.0,
      "min": 355607945.0,
      "max": 365411993.0,
      "std_dev": 6932508.823878409
    }
  },
  "ctype": {
    "base_native": {
      "mean": 653946677.0,
      "median": 653946677.0,
      "min": 653831596.0,
      "max": 654061758.0,
      "std_dev": 162749.11097145814
    },
    "wasmtime_app": {
      "mean": 920660762.0,
      "median": 920660762.0,
      "min": 920660762.0,
      "max": 920660762.0,
      "std_dev": 0.0
    }
  },
  "ed25519": {
    "base_native": {
      "mean": 1433071897.0,
      "median": 1433071897.0,
      "min": 1433071897.0,
      "max": 1433071897.0,
      "std_dev": 0.0
    },
    "wasmtime_app": {
      "mean": 6730085647.0,
      "median": 6730085647.0,
      "min": 6730085647.0,
      "max": 6730085647.0,
      "std_dev": 0.0
    }
  },
  "fib2": {
    "base_native": {
      "mean": 6955925350.0,
      "median": 6955925350.0,
      "min": 6955925350.0,
      "max": 6955925350.0,
      "std_dev": 0.0
    },
    "wasmtime_app": {
      "mean": 10750224175.0,
      "median": 10750224175.0,
      "min": 10750224175.0,
      "max": 10750224175.0,
      "std_dev": 0.0
    }
  },
  "gimli": {
    "base_native": {
      "mean": 4157128.5,
      "median": 4155878.5,
      "min": 4134467.0,
      "max": 4182340.0,
      "std_dev": 15041.47051949672
    },
    "wasmtime_app": {
      "mean": 9538227.0,
      "median": 9393494.0,
      "min": 9366884.0,
      "max": 10868486.0,
      "std_dev": 467687.1194548766
    }
  },
  "heapsort": {
    "base_native": {
      "mean": 1076253716.0,
      "median": 1076253716.0,
      "min": 1076253716.0,
      "max": 1076253716.0,
      "std_dev": 0.0
    },
    "wasmtime_app": {
      "mean": 1220551539.0,
      "median": 1220551539.0,
      "min": 1220551539.0,
      "max": 1220551539.0,
      "std_dev": 0.0
    }
  },
  "keccak": {
    "base_native": {
      "mean": 7486569.1,
      "median": 7486466.5,
      "min": 7473655.0,
      "max": 7506503.0,
      "std_dev": 11189.2392497832
    },
    "wasmtime_app": {
      "mean": 22941775.9,
      "median": 21419435.5,
      "min": 21030980.0,
      "max": 37210757.0,
      "std_dev": 5016291.497640474
    }
  },
  "matrix": {
    "base_native": {
      "mean": 378059274.5,
      "median": 378059274.5,
      "min": 377992291.0,
      "max": 378126258.0,
      "std_dev": 94728.97415521821
    },
    "wasmtime_app": {
      "mean": 533661546.5,
      "median": 533661546.5,
      "min": 529456128.0,
      "max": 537866965.0,
      "std_dev": 5947359.878154717
    }
  },
  "matrix2": {
    "base_native": {
      "mean": 194268974.0,
      "median": 194261524.5,
      "min": 194248888.0,
      "max": 194303959.0,
      "std_dev": 24187.207596854445
    },
    "wasmtime_app": {
      "mean": 260458900.33333334,
      "median": 257732823.0,
      "min": 257707300.0,
      "max": 265936578.0,
      "std_dev": 4743825.1781454105
    }
  },
  "memmove": {
    "base_native": {
      "mean": 47340115.1,
      "median": 47340315.0,
      "min": 47324391.0,
      "max": 47360714.0,
      "std_dev": 10549.743034785253
    },
    "wasmtime_app": {
      "mean": 520933150.0,
      "median": 520933150.0,
      "min": 516333351.0,
      "max": 525532949.0,
      "std_dev": 6505098.1299902005
    }
  },
  "minicsv": {
    "base_native": {
      "mean": 749391152.0,
      "median": 749391152.0,
      "min": 749391152.0,
      "max": 749391152.0,
      "std_dev": 0.0
    },
    "wasmtime_app": {
      "mean": 1112363861.0,
      "median": 1112363861.0,
      "min": 1112363861.0,
      "max": 1112363861.0,
      "std_dev": 0.0
    }
  },
  "nestedloop": {
    "base_native": {
      "mean": 1592151.0,
      "median": 1592885.0,
      "min": 1571036.0,
      "max": 1616659.0,
      "std_dev": 12746.783366794934
    },
    "wasmtime_app": {
      "mean": 6263884.7,
      "median": 6178607.0,
      "min": 6130148.0,
      "max": 7082720.0,
      "std_dev": 288655.4520866434
    }
  },
  "nestedloop2": {
    "base_native": {
      "mean": 1586628.4545454546,
      "median": 1582436.0,
      "min": 1552687.0,
      "max": 1625008.0,
      "std_dev": 26468.085553600722
    },
    "wasmtime_app": {
      "mean": 6282355.7,
      "median": 6200867.5,
      "min": 6160046.0,
      "max": 7050173.0,
      "std_dev": 270384.29569207603
    }
  },
  "nestedloop3": {
    "base_native": {
      "mean": 2103079.1818181816,
      "median": 2097132.0,
      "min": 2082683.0,
      "max": 2136604.0,
      "std_dev": 14456.06758989582
    },
    "wasmtime_app": {
      "mean": 6853214.0,
      "median": 6731736.5,
      "min": 6704501.0,
      "max": 7969073.0,
      "std_dev": 392256.23338408105
    }
  },
  "random": {
    "base_native": {
      "mean": 577565167.0,
      "median": 577565167.0,
      "min": 577557805.0,
      "max": 577572529.0,
      "std_dev": 10411.440246190727
    },
    "wasmtime_app": {
      "mean": 290666997.0,
      "median": 290390703.0,
      "min": 290361655.0,
      "max": 291248633.0,
      "std_dev": 503920.90048736817
    }
  },
  "random2": {
    "base_native": {
      "mean": 577642975.5,
      "median": 577642975.5,
      "min": 577585329.0,
      "max": 577700622.0,
      "std_dev": 81524.46212334062
    },
    "wasmtime_app": {
      "mean": 290675046.3333333,
      "median": 290387953.0,
      "min": 290367880.0,
      "max": 291269306.0,
      "std_dev": 514741.8235410188
    }
  },
  "ratelimit": {
    "base_native": {
      "mean": 25918316.2,
      "median": 25917181.5,
      "min": 25889320.0,
      "max": 25951342.0,
      "std_dev": 20031.89444527568
    },
    "wasmtime_app": {
      "mean": 39052168.4,
      "median": 38336102.0,
      "min": 38290418.0,
      "max": 45524777.0,
      "std_dev": 2274413.778507879
    }
  },
  "seqhash": {
    "base_native": {
      "mean": 7107595555.0,
      "median": 7107595555.0,
      "min": 7107595555.0,
      "max": 7107595555.0,
      "std_dev": 0.0
    },
    "wasmtime_app": {
      "mean": 9679305799.0,
      "median": 9679305799.0,
      "min": 9679305799.0,
      "max": 9679305799.0,
      "std_dev": 0.0
    }
  },
  "sieve": {
    "base_native": {
      "mean": 569263646.0,
      "median": 569263646.0,
      "min": 569249997.0,
      "max": 569277295.0,
      "std_dev": 19302.600912830374
    },
    "wasmtime_app": {
      "mean": 767050724.0,
      "median": 767050724.0,
      "min": 767050724.0,
      "max": 767050724.0,
      "std_dev": 0.0
    }
  },
  "strcat": {
    "base_native": {
      "mean": 65857244.9,
      "median": 65846213.0,
      "min": 65831426.0,
      "max": 65966644.0,
      "std_dev": 39602.51111693129
    },
    "wasmtime_app": {
      "mean": 349755985.5,
      "median": 349755985.5,
      "min": 347226505.0,
      "max": 352285466.0,
      "std_dev": 3577225.6288582776
    }
  },
  "strcat2": {
    "base_native": {
      "mean": 2605973.4545454546,
      "median": 2601403.0,
      "min": 2582604.0,
      "max": 2655300.0,
      "std_dev": 18986.49240046005
    },
    "wasmtime_app": {
      "mean": 9422886.4,
      "median": 8510128.5,
      "min": 8453533.0,
      "max": 17696027.0,
      "std_dev": 2906972.477736596
    }
  },
  "strchr": {
    "base_native": {
      "mean": 154589035.2,
      "median": 154590290.0,
      "min": 154574016.0,
      "max": 154608814.0,
      "std_dev": 13055.569815216799
    },