{
  "ackermann": {
    "base_native": {
      "mean": 3253766.6,
      "median": 2868247.0,
      "min": 2822374.0,
      "max": 6786689.0,
      "std_dev": 1241593.6183787887
    },
    "wasmtime_app": {
      "mean": 9259509.3,
      "median": 8937339.0,
      "min": 8217766.0,
      "max": 12707622.0,
      "std_dev": 1389661.1881251286
    }
  },
  "base64": {
    "base_native": {
      "mean": 249539236.33333334,
      "median": 249517888.0,
      "min": 249504088.0,
      "max": 249595733.0,
      "std_dev": 49411.688984827604
    },
    "wasmtime_app": {
      "mean": 361538261.0,
      "median": 361538261.0,
      "min": 351863937.0,
      "max": 371212585.0,
      "std_dev": 13681560.20759153
    }
  },
  "ctype": {
    "base_native": {
      "mean": 654276524.5,
      "median": 654276524.5,
      "min": 654176355.0,
      "max": 654376694.0,
      "std_dev": 141661.06543613176
    },
    "wasmtime_app": {
      "mean": 984948165.0,
      "median": 984948165.0,
      "min": 984948165.0,
      "max": 984948165.0,
      "std_dev": 0.0
    }
  },
  "ed25519": {
    "base_native": {
      "mean": 1433139028.0,
      "median": 1433139028.0,
      "min": 1433139028.0,
      "max": 1433139028.0,
      "std_dev": 0.0
    },
    "wasmtime_app": {
      "mean": 6721362437.0,
      "median": 6721362437.0,
      "min": 6721362437.0,
      "max": 6721362437.0,
      "std_dev": 0.0
    }
  },
  "fib2": {
    "base_native": {
      "mean": 6956220876.0,
      "median": 6956220876.0,
      "min": 6956220876.0,
      "max": 6956220876.0,
      "std_dev": 0.0
    },
    "wasmtime_app": {
      "mean": 10709226143.0,
      "median": 10709226143.0,
      "min": 10709226143.0,
      "max": 10709226143.0,
      "std_dev": 0.0
    }
  },
  "gimli": {
    "base_native": {
      "mean": 4153986.2,
      "median": 4153716.5,
      "min": 4141554.0,
      "max": 4164528.0,
      "std_dev": 6805.451732904208
    },
    "wasmtime_app": {
      "mean": 9541731.2,
      "median": 9391584.5,
      "min": 9363848.0,
      "max": 10870591.0,
      "std_dev": 467445.5562412946
    }
  },
  "heapsort": {
    "base_native": {
      "mean": 1076473985.0,
      "median": 1076473985.0,
      "min": 1076473985.0,
      "max": 1076473985.0,
      "std_dev": 0.0
    },
    "wasmtime_app": {
      "mean": 1220636790.0,
      "median": 1220636790.0,
      "min": 1220636790.0,
      "max": 1220636790.0,
      "std_dev": 0.0
    }
  },
  "keccak": {
    "base_native": {
      "mean": 7484989.2,
      "median": 7485014.5,
      "min": 7462978.0,
      "max": 7510125.0,
      "std_dev": 12979.180095659185
    },
    "wasmtime_app": {
      "mean": 22787531.3,
      "median": 21223902.5,
      "min": 21113907.0,
      "max": 37024034.0,
      "std_dev": 5002472.25139886
    }
  },
  "matrix": {
    "base_native": {
      "mean": 377892502.0,
      "median": 377892502.0,
      "min": 377890740.0,
      "max": 377894264.0,
      "std_dev": 2491.8442969013936
    },
    "wasmtime_app": {
      "mean": 534190816.0,
      "median": 534190816.0,
      "min": 529664936.0,
      "max": 538716696.0,
      "std_dev": 6400560.8776731435
    }
  },
  "matrix2": {
    "base_native": {
      "mean": 194277892.5,
      "median": 194270074.0,
      "min": 194261300.0,
      "max": 194310122.0,
      "std_dev": 22135.413639686067
    },
    "wasmtime_app": {
      "mean": 260240652.33333334,
      "median": 257671424.0,
      "min": 257668474.0,
      "max": 265382059.0,
      "std_dev": 4452589.028830118
    }
  },
  "memmove": {
    "base_native": {
      "mean": 47332783.7,
      "median": 47333921.5,
      "min": 47304385.0,
      "max": 47362657.0,
      "std_dev": 19507.57533227655
    },
    "wasmtime_app": {
      "mean": 521277813.0,
      "median": 521277813.0,
      "min": 515990074.0,
      "max": 526565552.0,
      "std_dev": 7477992.208089148
    }
  },
  "minicsv": {
    "base_native": {
      "mean": 741004665.0,
      "median": 741004665.0,
      "min": 741004665.0,
      "max": 741004665.0,
      "std_dev": 0.0
    },
    "wasmtime_app": {
      "mean": 1105275471.0,
      "median": 1105275471.0,
      "min": 1105275471.0,
      "max": 1105275471.0,
      "std_dev": 0.0
    }
  },
  "nestedloop": {
    "base_native": {
      "mean": 1606627.8181818181,
      "median": 1615614.0,
      "min": 1574891.0,
      "max": 1647537.0,
      "std_dev": 22284.859581420664
    },
    "wasmtime_app": {
      "mean": 6302302.8,
      "median": 6204416.5,
      "min": 6177143.0,
      "max": 7137706.0,
      "std_dev": 294872.8846460982
    }
  },
  "nestedloop2": {
    "base_native": {
      "mean": 1615052.3636363635,
      "median": 1612889.0,
      "min": 1595840.0,
      "max": 1646562.0,
      "std_dev": 14242.04161820016
    },
    "wasmtime_app": {
      "mean": 6295773.1,
      "median": 6206841.0,
      "min": 6193092.0,
      "max": 7067034.0,
      "std_dev": 271480.3053169583
    }
  },
  "nestedloop3": {
    "base_native": {
      "mean": 2128186.4545454546,
      "median": 2117737.0,
      "min": 2100088.0,
      "max": 2192633.0,
      "std_dev": 26652.997521343208
    },
    "wasmtime_app": {
      "mean": 6884461.0,
      "median": 6765583.0,
      "min": 6731972.0,
      "max": 8002749.0,
      "std_dev": 393259.71828268626
    }
  },
  "random": {
    "base_native": {
      "mean": 577597950.5,
      "median": 577597950.5,
      "min": 577588951.0,
      "max": 577606950.0,
      "std_dev": 12727.21495457667
    },
    "wasmtime_app": {
      "mean": 290700333.3333333,
      "median": 290420094.0,
      "min": 290386295.0,
      "max": 291294611.0,
      "std_dev": 514936.93975508626
    }
  },
  "random2": {
    "base_native": {
      "mean": 577705757.0,
      "median": 577705757.0,
      "min": 577609950.0,
      "max": 577801564.0,
      "std_dev": 135491.5587702791
    },
    "wasmtime_app": {
      "mean": 290730574.3333333,
      "median": 290434919.0,
      "min": 290411895.0,
      "max": 291344909.0,
      "std_dev": 532153.9609411297
    }
  },
  "ratelimit": {
    "base_native": {
      "mean": 25920209.4,
      "median": 25921334.5,
      "min": 25901548.0,
      "max": 25938871.0,
      "std_dev": 10923.752369136817
    },
    "wasmtime_app": {
      "mean": 39057023.0,
      "median": 38334997.5,
      "min": 38293312.0,
      "max": 45609312.0,
      "std_dev": 2302331.164771335
    }
  },
  "seqhash": {
    "base_native": {
      "mean": 7118861507.0,
      "median": 7118861507.0,
      "min": 7118861507.0,
      "max": 7118861507.0,
      "std_dev": 0.0
    },
    "wasmtime_app": {
      "mean": 9686326178.0,
      "median": 9686326178.0,
      "min": 9686326178.0,
      "max": 9686326178.0,
      "std_dev": 0.0
    }
  },
  "sieve": {
    "base_native": {
      "mean": 569239444.5,
      "median": 569239444.5,
      "min": 569209196.0,
      "max": 569269693.0,
      "std_dev": 42777.83894144257
    },
    "wasmtime_app": {
      "mean": 767023998.0,
      "median": 767023998.0,
      "min": 767023998.0,
      "max": 767023998.0,
      "std_dev": 0.0
    }
  },
  "strcat": {
    "base_native": {
      "mean": 65856711.7,
      "median": 65844600.0,
      "min": 65835075.0,
      "max": 65973568.0,
      "std_dev": 41467.65172476815
    },
    "wasmtime_app": {
      "mean": 354265146.5,
      "median": 354265146.5,
      "min": 350200699.0,
      "max": 358329594.0,
      "std_dev": 5747996.778053421
    }
  },
  "strcat2": {
    "base_native": {
      "mean": 2598963.727272727,
      "median": 2591762.0,
      "min": 2582787.0,
      "max": 2633310.0,
      "std_dev": 15475.25832476414
    },
    "wasmtime_app": {
      "mean": 9407124.0,
      "median": 8492156.0,
      "min": 8465682.0,
      "max": 17624263.0,
      "std_dev": 2887290.3458056385
    }
  },
  "strchr": {
    "base_native": {
      "mean": 155345762.6,
      "median": 155322894.0,
      "min": 155279246.0,
      "max": 155447112.0,
      "std_dev": 63604.42934104511
    },