{
  "ackermann": {
    "base_native": {
      "mean": 3404827.4,
      "median": 2957336.5,
      "min": 2883002.0,
      "max": 7588327.0,
      "std_dev": 1470423.4506124188
    },
    "wasmtime_app": {
      "mean": 9432918.7,
      "median": 9137692.0,
      "min": 8368278.0,
      "max": 12911144.0,
      "std_dev": 1326407.560177326
    }
  },
  "base64": {
    "base_native": {
      "mean": 252082594.66666666,
      "median": 253198914.0,
      "min": 249575143.0,
      "max": 253473727.0,
      "std_dev": 2175859.816657391
    },
    "wasmtime_app": {
      "mean": 376561346.0,
      "median": 376561346.0,
      "min": 369862764.0,
      "max": 383259928.0,
      "std_dev": 9473225.513068292
    }
  },
  "ctype": {
    "base_native": {
      "mean": 653804737.5,
      "median": 653804737.5,
      "min": 653774064.0,
      "max": 653835411.0,
      "std_dev": 43378.87970545113
    },
    "wasmtime_app": {
      "mean": 998496143.0,
      "median": 998496143.0,
      "min": 998496143.0,
      "max": 998496143.0,
      "std_dev": 0.0
    }
  },
  "ed25519": {
    "base_native": {
      "mean": 1433300034.0,
      "median": 1433300034.0,
      "min": 1433300034.0,
      "max": 1433300034.0,
      "std_dev": 0.0
    },
    "wasmtime_app": {
      "mean": 6761297733.0,
      "median": 6761297733.0,
      "min": 6761297733.0,
      "max": 6761297733.0,
      "std_dev": 0.0
    }
  },
  "fib2": {
    "base_native": {
      "mean": 6956329680.0,
      "median": 6956329680.0,
      "min": 6956329680.0,
      "max": 6956329680.0,
      "std_dev": 0.0
    },
    "wasmtime_app": {
      "mean": 10701128684.0,
      "median": 10701128684.0,
      "min": 10701128684.0,
      "max": 10701128684.0,
      "std_dev": 0.0
    }
  },
  "gimli": {
    "base_native": {
      "mean": 4127111.5,
      "median": 4124736.5,
      "min": 4114300.0,
      "max": 4149123.0,
      "std_dev": 10349.258773780211
    },
    "wasmtime_app": {
      "mean": 9455737.5,
      "median": 9317418.5,
      "min": 9260547.0,
      "max": 10731405.0,
      "std_dev": 448664.143812434
    }
  },
  "heapsort": {
    "base_native": {
      "mean": 1076578220.0,
      "median": 1076578220.0,
      "min": 1076578220.0,
      "max": 1076578220.0,
      "std_dev": 0.0
    },
    "wasmtime_app": {
      "mean": 1220430656.0,
      "median": 1220430656.0,
      "min": 1220430656.0,
      "max": 1220430656.0,
      "std_dev": 0.0
    }
  },
  "keccak": {
    "base_native": {
      "mean": 7478994.2,
      "median": 7478594.5,
      "min": 7457358.0,
      "max": 7502656.0,
      "std_dev": 12863.140672306883
    },
    "wasmtime_app": {
      "mean": 22884047.6,
      "median": 21422051.0,
      "min": 21162130.0,
      "max": 36854652.0,
      "std_dev": 4910610.160151343
    }
  },
  "matrix": {
    "base_native": {
      "mean": 377904063.5,
      "median": 377904063.5,
      "min": 377897439.0,
      "max": 377910688.0,
      "std_dev": 9368.457743940568
    },
    "wasmtime_app": {
      "mean": 533613491.5,
      "median": 533613491.5,
      "min": 529472437.0,
      "max": 537754546.0,
      "std_dev": 5856335.436426136
    }
  },
  "matrix2": {
    "base_native": {
      "mean": 194271868.25,
      "median": 194274718.0,
      "min": 194257969.0,
      "max": 194280068.0,
      "std_dev": 9643.278328279583
    },
    "wasmtime_app": {
      "mean": 260197418.0,
      "median": 257626511.0,
      "min": 257610013.0,
      "max": 265355730.0,
      "std_dev": 4467236.848770054
    }
  },
  "memmove": {
    "base_native": {
      "mean": 47329500.5,
      "median": 47327200.5,
      "min": 47313889.0,
      "max": 47369561.0,
      "std_dev": 15300.36407881997
    },
    "wasmtime_app": {
      "mean": 520863898.5,
      "median": 520863898.5,
      "min": 516410701.0,
      "max": 525317096.0,
      "std_dev": 6297772.300425961
    }
  },
  "minicsv": {
    "base_native": {
      "mean": 720901336.0,
      "median": 720901336.0,
      "min": 720901336.0,
      "max": 720901336.0,
      "std_dev": 0.0
    },
    "wasmtime_app": {
      "mean": 1107696860.0,
      "median": 1107696860.0,
      "min": 1107696860.0,
      "max": 1107696860.0,
      "std_dev": 0.0
    }
  },
  "nestedloop": {
    "base_native": {
      "mean": 1574173.4545454546,
      "median": 1577757.0,
      "min": 1548484.0,
      "max": 1614806.0,
      "std_dev": 21333.45637426639
    },
    "wasmtime_app": {
      "mean": 6301359.2,
      "median": 6214974.5,
      "min": 6189364.0,
      "max": 7103957.0,
      "std_dev": 282969.20597981056
    }
  },
  "nestedloop2": {
    "base_native": {
      "mean": 1572871.1818181819,
      "median": 1581432.0,
      "min": 1551959.0,
      "max": 1592882.0,
      "std_dev": 16103.820651126129
    },
    "wasmtime_app": {
      "mean": 6287942.3,
      "median": 6181239.0,
      "min": 6162990.0,
      "max": 7209775.0,
      "std_dev": 324610.4646687404
    }
  },
  "nestedloop3": {
    "base_native": {
      "mean": 2086760.8181818181,
      "median": 2080636.0,
      "min": 2057362.0,
      "max": 2157433.0,
      "std_dev": 24896.849016765886
    },
    "wasmtime_app": {
      "mean": 6881372.8,
      "median": 6774414.5,
      "min": 6708531.0,
      "max": 7963553.0,
      "std_dev": 381151.98136054154
    }
  },
  "random": {
    "base_native": {
      "mean": 577662174.0,
      "median": 577662174.0,
      "min": 577610901.0,
      "max": 577713447.0,
      "std_dev": 72510.9719835557
    },
    "wasmtime_app": {
      "mean": 290671834.3333333,
      "median": 290385069.0,
      "min": 290353896.0,
      "max": 291276538.0,
      "std_dev": 523920.635537801
    }
  },
  "random2": {
    "base_native": {
      "mean": 577701572.0,
      "median": 577701572.0,
      "min": 577606426.0,
      "max": 577796718.0,
      "std_dev": 134556.7636055505
    },
    "wasmtime_app": {
      "mean": 290739438.6666667,
      "median": 290412692.0,
      "min": 290388044.0,
      "max": 291417580.0,
      "std_dev": 587416.9149397499
    }
  },
  "ratelimit": {
    "base_native": {
      "mean": 25910768.3,
      "median": 25906723.5,
      "min": 25886374.0,
      "max": 25955946.0,
      "std_dev": 19327.83625327298
    },
    "wasmtime_app": {
      "mean": 39009622.3,
      "median": 38294187.0,
      "min": 38271938.0,
      "max": 45501862.0,
      "std_dev": 2281166.088203918
    }
  },
  "seqhash": {
    "base_native": {
      "mean": 7106939330.0,
      "median": 7106939330.0,
      "min": 7106939330.0,
      "max": 7106939330.0,
      "std_dev": 0.0
    },
    "wasmtime_app": {
      "mean": 9710294463.0,
      "median": 9710294463.0,
      "min": 9710294463.0,
      "max": 9710294463.0,
      "std_dev": 0.0
    }
  },
  "sieve": {
    "base_native": {
      "mean": 569213795.0,
      "median": 569213795.0,
      "min": 569178434.0,
      "max": 569249156.0,
      "std_dev": 50008.005779075014
    },
    "wasmtime_app": {
      "mean": 767107420.0,
      "median": 767107420.0,
      "min": 767107420.0,
      "max": 767107420.0,
      "std_dev": 0.0
    }
  },
  "strcat": {
    "base_native": {
      "mean": 65850368.5,
      "median": 65843113.5,
      "min": 65809853.0,
      "max": 65950322.0,
      "std_dev": 38688.9915960887
    },
    "wasmtime_app": {
      "mean": 352775804.0,
      "median": 352775804.0,
      "min": 350214439.0,
      "max": 355337169.0,
      "std_dev": 3622317.121187763
    }
  },
  "strcat2": {
    "base_native": {
      "mean": 2577092.090909091,
      "median": 2572115.0,
      "min": 2565715.0,
      "max": 2596039.0,
      "std_dev": 11852.87192586291
    },
    "wasmtime_app": {
      "mean": 9417669.8,
      "median": 8495482.5,
      "min": 8449798.0,
      "max": 17741493.0,
      "std_dev": 2924879.763120293
    }
  },
  "strchr": {
    "base_native": {
      "mean": 154546151.4,
      "median": 154536882.0,
      "min": 154502583.0,
      "max": 154608029.0,
      "std_dev": 40533.90780938843
    },