{
  "ackermann": {
    "base_native": {
      "mean": 3444425.1,
      "median": 2840990.5,
      "min": 2805517.0,
      "max": 8940760.0,
      "std_dev": 1931286.306990266
    },
    "wasmtime_app": {
      "mean": 8946069.0,
      "median": 8305438.0,
      "min": 8181183.0,
      "max": 12806794.0,
      "std_dev": 1419956.526188116
    }
  },
  "base64": {
    "base_native": {
      "mean": 249526601.0,
      "median": 249491652.0,
      "min": 249488902.0,
      "max": 249599249.0,
      "std_dev": 62930.03696963796
    },
    "wasmtime_app": {
      "mean": 360139844.5,
      "median": 360139844.5,
      "min": 350458972.0,
      "max": 369820717.0,
      "std_dev": 13690821.185104731
    }
  },
  "ctype": {
    "base_native": {
      "mean": 654184231.0,
      "median": 654184231.0,
      "min": 653687558.0,
      "max": 654680904.0,
      "std_dev": 702401.6926645322
    },
    "wasmtime_app": {
      "mean": 984616178.0,
      "median": 984616178.0,
      "min": 984616178.0,
      "max": 984616178.0,
      "std_dev": 0.0
    }
  },
  "ed25519": {
    "base_native": {
      "mean": 1433127551.0,
      "median": 1433127551.0,
      "min": 1433127551.0,
      "max": 1433127551.0,
      "std_dev": 0.0
    },
    "wasmtime_app": {
      "mean": 6777781758.0,
      "median": 6777781758.0,
      "min": 6777781758.0,
      "max": 6777781758.0,
      "std_dev": 0.0
    }
  },
  "fib2": {
    "base_native": {
      "mean": 6956209294.0,
      "median": 6956209294.0,
      "min": 6956209294.0,
      "max": 6956209294.0,
      "std_dev": 0.0
    },
    "wasmtime_app": {
      "mean": 10692598719.0,
      "median": 10692598719.0,
      "min": 10692598719.0,
      "max": 10692598719.0,
      "std_dev": 0.0
    }
  },
  "gimli": {
    "base_native": {
      "mean": 4140877.0,
      "median": 4138539.5,
      "min": 4132077.0,
      "max": 4157077.0,
      "std_dev": 8030.618490087381
    },
    "wasmtime_app": {
      "mean": 9487560.6,
      "median": 9344279.0,
      "min": 9307268.0,
      "max": 10822507.0,
      "std_dev": 469469.1749024636
    }
  },
  "heapsort": {
    "base_native": {
      "mean": 1076279170.0,
      "median": 1076279170.0,
      "min": 1076279170.0,
      "max": 1076279170.0,
      "std_dev": 0.0
    },
    "wasmtime_app": {
      "mean": 1220317000.0,
      "median": 1220317000.0,
      "min": 1220317000.0,
      "max": 1220317000.0,
      "std_dev": 0.0
    }
  },
  "keccak": {
    "base_native": {
      "mean": 7484518.3,
      "median": 7484115.5,
      "min": 7472304.0,
      "max": 7494953.0,
      "std_dev": 8626.234611153737
    },
    "wasmtime_app": {
      "mean": 22921518.9,
      "median": 21415952.5,
      "min": 21142668.0,
      "max": 37187327.0,
      "std_dev": 5014891.5841720505
    }
  },
  "matrix": {
    "base_native": {
      "mean": 377883545.5,
      "median": 377883545.5,
      "min": 377880858.0,
      "max": 377886233.0,
      "std_dev": 3800.698948877693
    },
    "wasmtime_app": {
      "mean": 533875403.5,
      "median": 533875403.5,
      "min": 530192314.0,
      "max": 537558493.0,
      "std_dev": 5208675.122333941
    }
  },
  "matrix2": {
    "base_native": {
      "mean": 194270690.0,
      "median": 194266834.0,
      "min": 194255859.0,
      "max": 194293233.0,
      "std_dev": 16544.527111203068
    },
    "wasmtime_app": {
      "mean": 260146435.0,
      "median": 257604872.0,
      "min": 257603497.0,
      "max": 265230936.0,
      "std_dev": 4403307.085237981
    }
  },
  "memmove": {
    "base_native": {
      "mean": 47330335.8,
      "median": 47328176.0,
      "min": 47319251.0,
      "max": 47348250.0,
      "std_dev": 9654.70174232914
    },
    "wasmtime_app": {
      "mean": 520618685.5,
      "median": 520618685.5,
      "min": 516109168.0,
      "max": 525128203.0,
      "std_dev": 6377420.808258814
    }
  },
  "minicsv": {
    "base_native": {
      "mean": 743525453.0,
      "median": 743525453.0,
      "min": 743525453.0,
      "max": 743525453.0,
      "std_dev": 0.0
    },
    "wasmtime_app": {
      "mean": 1102048975.0,
      "median": 1102048975.0,
      "min": 1102048975.0,
      "max": 1102048975.0,
      "std_dev": 0.0
    }
  },
  "nestedloop": {
    "base_native": {
      "mean": 1576478.0909090908,
      "median": 1581328.0,
      "min": 1553629.0,
      "max": 1601527.0,
      "std_dev": 14467.908462901923
    },
    "wasmtime_app": {
      "mean": 6258144.8,
      "median": 6172134.5,
      "min": 6131850.0,
      "max": 7080595.0,
      "std_dev": 289683.8218256434
    }
  },
  "nestedloop2": {
    "base_native": {
      "mean": 1578039.1818181819,
      "median": 1583178.0,
      "min": 1557228.0,
      "max": 1608877.0,
      "std_dev": 17135.333675293175
    },
    "wasmtime_app": {
      "mean": 6266824.4,
      "median": 6184984.0,
      "min": 6128950.0,
      "max": 7036873.0,
      "std_dev": 273124.09145710064
    }
  },
  "nestedloop3": {
    "base_native": {
      "mean": 2090071.9090909092,
      "median": 2083113.0,
      "min": 2080663.0,
      "max": 2149711.0,
      "std_dev": 19995.166368172813
    },
    "wasmtime_app": {
      "mean": 6814598.0,
      "median": 6695854.5,
      "min": 6672119.0,
      "max": 7894824.0,
      "std_dev": 380009.18470683775
    }
  },
  "random": {
    "base_native": {
      "mean": 577585669.0,
      "median": 577585669.0,
      "min": 577567907.0,
      "max": 577603431.0,
      "std_dev": 25119.261294870914
    },
    "wasmtime_app": {
      "mean": 290702324.6666667,
      "median": 290387226.0,
      "min": 290354053.0,
      "max": 291365695.0,
      "std_dev": 574734.9487740704
    }
  },
  "random2": {
    "base_native": {
      "mean": 577625743.0,
      "median": 577625743.0,
      "min": 577579707.0,
      "max": 577671779.0,
      "std_dev": 65104.7355574078
    },
    "wasmtime_app": {
      "mean": 290681683.6666667,
      "median": 290396675.0,
      "min": 290373076.0,
      "max": 291275300.0,
      "std_dev": 514222.22005698405
    }
  },
  "ratelimit": {
    "base_native": {
      "mean": 25980401.9,
      "median": 25948395.5,
      "min": 25937808.0,
      "max": 26251799.0,
      "std_dev": 96276.6612199216
    },
    "wasmtime_app": {
      "mean": 39005195.7,
      "median": 38292701.5,
      "min": 38247966.0,
      "max": 45506827.0,
      "std_dev": 2284575.9333916777
    }
  },
  "seqhash": {
    "base_native": {
      "mean": 7113516095.0,
      "median": 7113516095.0,
      "min": 7113516095.0,
      "max": 7113516095.0,
      "std_dev": 0.0
    },
    "wasmtime_app": {
      "mean": 9710811180.0,
      "median": 9710811180.0,
      "min": 9710811180.0,
      "max": 9710811180.0,
      "std_dev": 0.0
    }
  },
  "sieve": {
    "base_native": {
      "mean": 569239453.5,
      "median": 569239453.5,
      "min": 569226004.0,
      "max": 569252903.0,
      "std_dev": 19020.465307136943
    },
    "wasmtime_app": {
      "mean": 767192362.0,
      "median": 767192362.0,
      "min": 767192362.0,
      "max": 767192362.0,
      "std_dev": 0.0
    }
  },
  "strcat": {
    "base_native": {
      "mean": 65849683.7,
      "median": 65848391.5,
      "min": 65817855.0,
      "max": 65937176.0,
      "std_dev": 33467.63443172457
    },
    "wasmtime_app": {
      "mean": 351172606.0,
      "median": 351172606.0,
      "min": 347180159.0,
      "max": 355165053.0,
      "std_dev": 5646172.694455776
    }
  },
  "strcat2": {
    "base_native": {
      "mean": 2591202.6363636362,
      "median": 2590498.0,
      "min": 2571099.0,
      "max": 2627172.0,
      "std_dev": 16715.50183675457
    },
    "wasmtime_app": {
      "mean": 9373962.0,
      "median": 8454404.5,
      "min": 8417469.0,
      "max": 17614994.0,
      "std_dev": 2895733.362008242
    }
  },
  "strchr": {
    "base_native": {
      "mean": 155051752.4,
      "median": 155031893.0,
      "min": 155004869.0,
      "max": 155098491.0,
      "std_dev": 42973.265430963
    },