{
  "ackermann": {
    "base_native": {
      "mean": 3519691.7,
      "median": 3028580.0,
      "min": 2987033.0,
      "max": 8014868.0,
      "std_dev": 1579557.9288317808
    },
    "wasmtime_app": {
      "mean": 9291847.6,
      "median": 8841165.0,
      "min": 8082465.0,
      "max": 14501416.0,
      "std_dev": 1902625.615373847
    }
  },
  "base64": {
    "base_native": {
      "mean": 260990038.0,
      "median": 259617396.0,
      "min": 257419405.0,
      "max": 265933313.0,
      "std_dev": 4419815.256686528
    },
    "wasmtime_app": {
      "mean": 359263268.0,
      "median": 359263268.0,
      "min": 353182520.0,
      "max": 365344016.0,
      "std_dev": 8599476.290973073
    }
  },
  "ctype": {
    "base_native": {
      "mean": 654673019.0,
      "median": 654673019.0,
      "min": 653638344.0,
      "max": 655707694.0,
      "std_dev": 1463251.417648382
    },
    "wasmtime_app": {
      "mean": 980033470.0,
      "median": 980033470.0,
      "min": 980033470.0,
      "max": 980033470.0,
      "std_dev": 0.0
    }
  },
  "ed25519": {
    "base_native": {
      "mean": 1433047643.0,
      "median": 1433047643.0,
      "min": 1433047643.0,
      "max": 1433047643.0,
      "std_dev": 0.0
    },
    "wasmtime_app": {
      "mean": 6737866208.0,
      "median": 6737866208.0,
      "min": 6737866208.0,
      "max": 6737866208.0,
      "std_dev": 0.0
    }
  },
  "fib2": {
    "base_native": {
      "mean": 6955758633.0,
      "median": 6955758633.0,
      "min": 6955758633.0,
      "max": 6955758633.0,
      "std_dev": 0.0
    },
    "wasmtime_app": {
      "mean": 10717220748.0,
      "median": 10717220748.0,
      "min": 10717220748.0,
      "max": 10717220748.0,
      "std_dev": 0.0
    }
  },
  "gimli": {
    "base_native": {
      "mean": 4146176.3,
      "median": 4147686.0,
      "min": 4122426.0,
      "max": 4163348.0,
      "std_dev": 11991.708163467696
    },
    "wasmtime_app": {
      "mean": 9487114.7,
      "median": 9353656.0,
      "min": 9298960.0,
      "max": 10807810.0,
      "std_dev": 464853.2046633527
    }
  },
  "heapsort": {
    "base_native": {
      "mean": 1076440656.0,
      "median": 1076440656.0,
      "min": 1076440656.0,
      "max": 1076440656.0,
      "std_dev": 0.0
    },
    "wasmtime_app": {
      "mean": 1220334080.0,
      "median": 1220334080.0,
      "min": 1220334080.0,
      "max": 1220334080.0,
      "std_dev": 0.0
    }
  },
  "keccak": {
    "base_native": {
      "mean": 7482096.7,
      "median": 7480794.5,
      "min": 7461808.0,
      "max": 7503355.0,
      "std_dev": 12899.689695234274
    },
    "wasmtime_app": {
      "mean": 22888990.9,
      "median": 21355950.0,
      "min": 21007460.0,
      "max": 37265860.0,
      "std_dev": 5053754.427388535
    }
  },
  "matrix": {
    "base_native": {
      "mean": 377859957.5,
      "median": 377859957.5,
      "min": 377859895.0,
      "max": 377860020.0,
      "std_dev": 88.38834764831844
    },
    "wasmtime_app": {
      "mean": 534270346.0,
      "median": 534270346.0,
      "min": 530863671.0,
      "max": 537677021.0,
      "std_dev": 4817765.987597364
    }
  },
  "matrix2": {
    "base_native": {
      "mean": 194254030.0,
      "median": 194250761.5,
      "min": 194232963.0,
      "max": 194281634.0,
      "std_dev": 23528.198641913354
    },
    "wasmtime_app": {
      "mean": 260160271.33333334,
      "median": 257615140.0,
      "min": 257578442.0,
      "max": 265287232.0,
      "std_dev": 4440116.095775125
    }
  },
  "memmove": {
    "base_native": {
      "mean": 47325159.8,
      "median": 47324967.5,
      "min": 47308943.0,
      "max": 47341041.0,
      "std_dev": 11068.41383597688
    },
    "wasmtime_app": {
      "mean": 521195048.0,
      "median": 521195048.0,
      "min": 516070899.0,
      "max": 526319197.0,
      "std_dev": 7246641.011420533
    }
  },
  "minicsv": {
    "base_native": {
      "mean": 758948782.0,
      "median": 758948782.0,
      "min": 758948782.0,
      "max": 758948782.0,
      "std_dev": 0.0
    },
    "wasmtime_app": {
      "mean": 1113268385.0,
      "median": 1113268385.0,
      "min": 1113268385.0,
      "max": 1113268385.0,
      "std_dev": 0.0
    }
  },
  "nestedloop": {
    "base_native": {
      "mean": 1576096.5454545454,
      "median": 1582235.0,
      "min": 1553512.0,
      "max": 1607033.0,
      "std_dev": 17561.65987236763
    },
    "wasmtime_app": {
      "mean": 6282676.6,
      "median": 6191690.0,
      "min": 6158292.0,
      "max": 7117054.0,
      "std_dev": 293668.40222007013
    }
  },
  "nestedloop2": {
    "base_native": {
      "mean": 1582925.7272727273,
      "median": 1584560.0,
      "min": 1550762.0,
      "max": 1595809.0,
      "std_dev": 12431.96308787079
    },
    "wasmtime_app": {
      "mean": 6277456.9,
      "median": 6198327.0,
      "min": 6165942.0,
      "max": 7038059.0,
      "std_dev": 267710.6923670692
    }
  },
  "nestedloop3": {
    "base_native": {
      "mean": 2080171.3636363635,
      "median": 2079274.0,
      "min": 2073549.0,
      "max": 2086248.0,
      "std_dev": 4345.600678219923
    },
    "wasmtime_app": {
      "mean": 6876084.7,
      "median": 6747540.5,
      "min": 6735404.0,
      "max": 7970947.0,
      "std_dev": 385540.5272315883
    }
  },
  "random": {
    "base_native": {
      "mean": 577565036.5,
      "median": 577565036.5,
      "min": 577557612.0,
      "max": 577572461.0,
      "std_dev": 10499.828593839044
    },
    "wasmtime_app": {
      "mean": 290669937.3333333,
      "median": 290372024.0,
      "min": 290362999.0,
      "max": 291274789.0,
      "std_dev": 523836.3453010237
    }
  },
  "random2": {
    "base_native": {
      "mean": 577638968.5,
      "median": 577638968.5,
      "min": 577568761.0,
      "max": 577709176.0,
      "std_dev": 99288.39868030907
    },
    "wasmtime_app": {
      "mean": 290694902.0,
      "median": 290405121.0,
      "min": 290394722.0,
      "max": 291284863.0,
      "std_dev": 510947.66947408614
    }
  },
  "ratelimit": {
    "base_native": {
      "mean": 25928691.5,
      "median": 25928856.5,
      "min": 25907871.0,
      "max": 25956192.0,
      "std_dev": 13295.991762348698
    },
    "wasmtime_app": {
      "mean": 38991893.7,
      "median": 38281655.5,
      "min": 38224547.0,
      "max": 45464668.0,
      "std_dev": 2274568.029831894
    }
  },
  "seqhash": {
    "base_native": {
      "mean": 7119426138.0,
      "median": 7119426138.0,
      "min": 7119426138.0,
      "max": 7119426138.0,
      "std_dev": 0.0
    },
    "wasmtime_app": {
      "mean": 9677765732.0,
      "median": 9677765732.0,
      "min": 9677765732.0,
      "max": 9677765732.0,
      "std_dev": 0.0
    }
  },
  "sieve": {
    "base_native": {
      "mean": 569225991.0,
      "median": 569225991.0,
      "min": 569225391.0,
      "max": 569226591.0,
      "std_dev": 848.5281374238571
    },
    "wasmtime_app": {
      "mean": 766950985.0,
      "median": 766950985.0,
      "min": 766950985.0,
      "max": 766950985.0,
      "std_dev": 0.0
    }
  },
  "strcat": {
    "base_native": {
      "mean": 65852971.0,
      "median": 65842536.5,
      "min": 65832150.0,
      "max": 65947692.0,
      "std_dev": 34921.94946830241
    },
    "wasmtime_app": {
      "mean": 351188452.5,
      "median": 351188452.5,
      "min": 350152321.0,
      "max": 352224584.0,
      "std_dev": 1465311.2197019786
    }
  },
  "strcat2": {
    "base_native": {
      "mean": 2599874.5454545454,
      "median": 2596986.0,
      "min": 2583162.0,
      "max": 2628434.0,
      "std_dev": 14041.89051633459
    },
    "wasmtime_app": {
      "mean": 9375679.5,
      "median": 8472901.5,
      "min": 8431192.0,
      "max": 17597911.0,
      "std_dev": 2889086.2529427786
    }
  },
  "strchr": {
    "base_native": {
      "mean": 155063988.4,
      "median": 155067453.0,
      "min": 155042080.0,
      "max": 155096051.0,
      "std_dev": 21590.99332592181
    },