{
  "ackermann": {
    "base_native": {
      "mean": 3155233.4,
      "median": 2981164.5,
      "min": 2943055.0,
      "max": 4805807.0,
      "std_dev": 580169.6491150383
    },
    "wasmtime_app": {
      "mean": 8906511.1,
      "median": 8662541.5,
      "min": 7931660.0,
      "max": 11828894.0,
      "std_dev": 1150142.5410286665
    }
  },
  "base64": {
    "base_native": {
      "mean": 259489264.0,
      "median": 261626856.0,
      "min": 255139060.0,
      "max": 261701876.0,
      "std_dev": 3767573.9052222986
    },
    "wasmtime_app": {
      "mean": 355240604.0,
      "median": 355240604.0,
      "min": 350761546.0,
      "max": 359719662.0,
      "std_dev": 6334344.570255711
    }
  },
  "ctype": {
    "base_native": {
      "mean": 656511841.5,
      "median": 656511841.5,
      "min": 654193382.0,
      "max": 658830301.0,
      "std_dev": 3278796.8687127447
    },
    "wasmtime_app": {
      "mean": 985759259.0,
      "median": 985759259.0,
      "min": 985759259.0,
      "max": 985759259.0,
      "std_dev": 0.0
    }
  },
  "ed25519": {
    "base_native": {
      "mean": 1434016686.0,
      "median": 1434016686.0,
      "min": 1434016686.0,
      "max": 1434016686.0,
      "std_dev": 0.0
    },
    "wasmtime_app": {
      "mean": 6750659940.0,
      "median": 6750659940.0,
      "min": 6750659940.0,
      "max": 6750659940.0,
      "std_dev": 0.0
    }
  },
  "fib2": {
    "base_native": {
      "mean": 6956916247.0,
      "median": 6956916247.0,
      "min": 6956916247.0,
      "max": 6956916247.0,
      "std_dev": 0.0
    },
    "wasmtime_app": {
      "mean": 10716072020.0,
      "median": 10716072020.0,
      "min": 10716072020.0,
      "max": 10716072020.0,
      "std_dev": 0.0
    }
  },
  "gimli": {
    "base_native": {
      "mean": 4145123.2,
      "median": 4144176.0,
      "min": 4139151.0,
      "max": 4156900.0,
      "std_dev": 4907.326151332878
    },
    "wasmtime_app": {
      "mean": 9508697.7,
      "median": 9359261.5,
      "min": 9334825.0,
      "max": 10857235.0,
      "std_dev": 474156.64191325585
    }
  },
  "heapsort": {
    "base_native": {
      "mean": 1076727703.0,
      "median": 1076727703.0,
      "min": 1076727703.0,
      "max": 1076727703.0,
      "std_dev": 0.0
    },
    "wasmtime_app": {
      "mean": 1220918500.0,
      "median": 1220918500.0,
      "min": 1220918500.0,
      "max": 1220918500.0,
      "std_dev": 0.0
    }
  },
  "keccak": {
    "base_native": {
      "mean": 7480757.5,
      "median": 7483267.5,
      "min": 7462081.0,
      "max": 7496804.0,
      "std_dev": 11251.83351231651
    },
    "wasmtime_app": {
      "mean": 22910957.1,
      "median": 21281114.5,
      "min": 21198868.0,
      "max": 37031365.0,
      "std_dev": 4963476.7710808525
    }
  },
  "matrix": {
    "base_native": {
      "mean": 377923718.5,
      "median": 377923718.5,
      "min": 377918644.0,
      "max": 377928793.0,
      "std_dev": 7176.426722262271
    },
    "wasmtime_app": {
      "mean": 533776417.0,
      "median": 533776417.0,
      "min": 529615770.0,
      "max": 537937064.0,
      "std_dev": 5884043.415646931
    }
  },
  "matrix2": {
    "base_native": {
      "mean": 194281051.25,
      "median": 194274958.0,
      "min": 194260959.0,
      "max": 194313330.0,
      "std_dev": 24325.61341980917
    },
    "wasmtime_app": {
      "mean": 260280166.0,
      "median": 257730350.0,
      "min": 257686402.0,
      "max": 265423746.0,
      "std_dev": 4454525.145172715
    }
  },
  "memmove": {
    "base_native": {
      "mean": 47369868.3,
      "median": 47369918.0,
      "min": 47344520.0,
      "max": 47394217.0,
      "std_dev": 16173.504080233613
    },
    "wasmtime_app": {
      "mean": 520444262.5,
      "median": 520444262.5,
      "min": 515870983.0,
      "max": 525017542.0,
      "std_dev": 6467593.893422847
    }
  },
  "minicsv": {
    "base_native": {
      "mean": 741110812.0,
      "median": 741110812.0,
      "min": 741110812.0,
      "max": 741110812.0,
      "std_dev": 0.0
    },
    "wasmtime_app": {
      "mean": 1103842283.0,
      "median": 1103842283.0,
      "min": 1103842283.0,
      "max": 1103842283.0,
      "std_dev": 0.0
    }
  },
  "nestedloop": {
    "base_native": {
      "mean": 1574622.8181818181,
      "median": 1579270.0,
      "min": 1542698.0,
      "max": 1617543.0,
      "std_dev": 22059.729063695147
    },
    "wasmtime_app": {
      "mean": 6302022.5,
      "median": 6209834.0,
      "min": 6187835.0,
      "max": 7135944.0,
      "std_dev": 293305.9727592975
    }
  },
  "nestedloop2": {
    "base_native": {
      "mean": 1592035.2727272727,
      "median": 1581445.0,
      "min": 1552972.0,
      "max": 1730410.0,
      "std_dev": 50119.271521224066
    },
    "wasmtime_app": {
      "mean": 6276416.1,
      "median": 6193460.0,
      "min": 6169336.0,
      "max": 7042773.0,
      "std_dev": 270091.4696511577
    }
  },
  "nestedloop3": {
    "base_native": {
      "mean": 2086459.2727272727,
      "median": 2081637.0,
      "min": 2060438.0,
      "max": 2136958.0,
      "std_dev": 19648.24181493555
    },
    "wasmtime_app": {
      "mean": 6842844.3,
      "median": 6720387.0,
      "min": 6706063.0,
      "max": 7943560.0,
      "std_dev": 386894.6699897217
    }
  },
  "random": {
    "base_native": {
      "mean": 577658304.0,
      "median": 577658304.0,
      "min": 577623419.0,
      "max": 577693189.0,
      "std_dev": 49334.840123385424
    },
    "wasmtime_app": {
      "mean": 290781703.0,
      "median": 290642817.0,
      "min": 290448426.0,
      "max": 291253866.0,
      "std_dev": 420297.9766154008
    }
  },
  "random2": {
    "base_native": {
      "mean": 577705388.5,
      "median": 577705388.5,
      "min": 577638393.0,
      "max": 577772384.0,
      "std_dev": 94745.94471796669
    },
    "wasmtime_app": {
      "mean": 290707123.0,
      "median": 290398328.0,
      "min": 290384978.0,
      "max": 291338063.0,
      "std_dev": 546450.8379762996
    }
  },
  "ratelimit": {
    "base_native": {
      "mean": 25927515.6,
      "median": 25928711.0,
      "min": 25903912.0,
      "max": 25971608.0,
      "std_dev": 18495.153576605477
    },
    "wasmtime_app": {
      "mean": 39024102.6,
      "median": 38307861.0,
      "min": 38254788.0,
      "max": 45549076.0,
      "std_dev": 2292742.270840227
    }
  },
  "seqhash": {
    "base_native": {
      "mean": 7122686915.0,
      "median": 7122686915.0,
      "min": 7122686915.0,
      "max": 7122686915.0,
      "std_dev": 0.0
    },
    "wasmtime_app": {
      "mean": 9699352410.0,
      "median": 9699352410.0,
      "min": 9699352410.0,
      "max": 9699352410.0,
      "std_dev": 0.0
    }
  },
  "sieve": {
    "base_native": {
      "mean": 569340778.5,
      "median": 569340778.5,
      "min": 569304368.0,
      "max": 569377189.0,
      "std_dev": 51492.222912785575
    },
    "wasmtime_app": {
      "mean": 766965318.0,
      "median": 766965318.0,
      "min": 766965318.0,
      "max": 766965318.0,
      "std_dev": 0.0
    }
  },
  "strcat": {
    "base_native": {
      "mean": 65879949.9,
      "median": 65872807.5,
      "min": 65841272.0,
      "max": 65960465.0,
      "std_dev": 32409.026254527715
    },
    "wasmtime_app": {
      "mean": 351303547.5,
      "median": 351303547.5,
      "min": 347284294.0,
      "max": 355322801.0,
      "std_dev": 5684082.810315531
    }
  },
  "strcat2": {
    "base_native": {
      "mean": 2589928.4545454546,
      "median": 2586879.0,
      "min": 2569955.0,
      "max": 2617102.0,
      "std_dev": 14681.974876450624
    },
    "wasmtime_app": {
      "mean": 9390835.4,
      "median": 8485424.0,
      "min": 8448688.0,
      "max": 17578823.0,
      "std_dev": 2877057.7628809228
    }
  },
  "strchr": {
    "base_native": {
      "mean": 154773729.2,
      "median": 154772619.0,
      "min": 154744471.0,
      "max": 154809542.0,
      "std_dev": 24077.436993999174
    },