{
  "ackermann": {
    "base_native": {
      "mean": 3152966.8,
      "median": 2838636.0,
      "min": 2812475.0,
      "max": 6019979.0,
      "std_dev": 1007536.4517194952
    },
    "wasmtime_app": {
      "mean": 9800776.6,
      "median": 9589479.0,
      "min": 8485841.0,
      "max": 13048307.0,
      "std_dev": 1247207.7735302432
    }
  },
  "base64": {
    "base_native": {
      "mean": 249535980.66666666,
      "median": 249504557.0,
      "min": 249496508.0,
      "max": 249606877.0,
      "std_dev": 61529.78270994733
    },
    "wasmtime_app": {
      "mean": 375402904.5,
      "median": 375402904.5,
      "min": 367456107.0,
      "max": 383349702.0,
      "std_dev": 11238468.801932605
    }
  },
  "ctype": {
    "base_native": {
      "mean": 654797293.0,
      "median": 654797293.0,
      "min": 654661388.0,
      "max": 654933198.0,
      "std_dev": 192198.6941943155
    },
    "wasmtime_app": {
      "mean": 943711654.0,
      "median": 943711654.0,
      "min": 943711654.0,
      "max": 943711654.0,
      "std_dev": 0.0
    }
  },
  "ed25519": {
    "base_native": {
      "mean": 1433247612.0,
      "median": 1433247612.0,
      "min": 1433247612.0,
      "max": 1433247612.0,
      "std_dev": 0.0
    },
    "wasmtime_app": {
      "mean": 6711871251.0,
      "median": 6711871251.0,
      "min": 6711871251.0,
      "max": 6711871251.0,
      "std_dev": 0.0
    }
  },
  "fib2": {
    "base_native": {
      "mean": 6956123958.0,
      "median": 6956123958.0,
      "min": 6956123958.0,
      "max": 6956123958.0,
      "std_dev": 0.0
    },
    "wasmtime_app": {
      "mean": 10666089982.0,
      "median": 10666089982.0,
      "min": 10666089982.0,
      "max": 10666089982.0,
      "std_dev": 0.0
    }
  },
  "gimli": {
    "base_native": {
      "mean": 4144471.5,
      "median": 4141129.0,
      "min": 4124580.0,
      "max": 4172803.0,
      "std_dev": 13630.424573561733
    },
    "wasmtime_app": {
      "mean": 9499371.2,
      "median": 9360591.5,
      "min": 9316944.0,
      "max": 10792485.0,
      "std_dev": 454740.3838127617
    }
  },
  "heapsort": {
    "base_native": {
      "mean": 1076331691.0,
      "median": 1076331691.0,
      "min": 1076331691.0,
      "max": 1076331691.0,
      "std_dev": 0.0
    },
    "wasmtime_app": {
      "mean": 1220402053.0,
      "median": 1220402053.0,
      "min": 1220402053.0,
      "max": 1220402053.0,
      "std_dev": 0.0
    }
  },
  "keccak": {
    "base_native": {
      "mean": 7480811.7,
      "median": 7480952.0,
      "min": 7457353.0,
      "max": 7495826.0,
      "std_dev": 11370.705851734388
    },
    "wasmtime_app": {
      "mean": 22902755.8,
      "median": 21355784.0,
      "min": 21249040.0,
      "max": 36984944.0,
      "std_dev": 4948226.6116815545
    }
  },
  "matrix": {
    "base_native": {
      "mean": 377876305.5,
      "median": 377876305.5,
      "min": 377866856.0,
      "max": 377885755.0,
      "std_dev": 13363.61105764456
    },
    "wasmtime_app": {
      "mean": 534066335.5,
      "median": 534066335.5,
      "min": 529846688.0,
      "max": 538285983.0,
      "std_dev": 5967482.7229337245
    }
  },
  "matrix2": {
    "base_native": {
      "mean": 194275700.25,
      "median": 194260695.0,
      "min": 194252470.0,
      "max": 194328941.0,
      "std_dev": 35719.56527707656
    },
    "wasmtime_app": {
      "mean": 260244360.0,
      "median": 257711054.0,
      "min": 257687731.0,
      "max": 265334295.0,
      "std_dev": 4408028.438968038
    }
  },
  "memmove": {
    "base_native": {
      "mean": 47356713.9,
      "median": 47347944.5,
      "min": 47330433.0,
      "max": 47454851.0,
      "std_dev": 35933.17646672625
    },
    "wasmtime_app": {
      "mean": 520918533.5,
      "median": 520918533.5,
      "min": 516122094.0,
      "max": 525714973.0,
      "std_dev": 6783189.792002027
    }
  },
  "minicsv": {
    "base_native": {
      "mean": 724670615.0,
      "median": 724670615.0,
      "min": 724670615.0,
      "max": 724670615.0,
      "std_dev": 0.0
    },
    "wasmtime_app": {
      "mean": 1110436238.0,
      "median": 1110436238.0,
      "min": 1110436238.0,
      "max": 1110436238.0,
      "std_dev": 0.0
    }
  },
  "nestedloop": {
    "base_native": {
      "mean": 1562993.6363636365,
      "median": 1567041.0,
      "min": 1543592.0,
      "max": 1593190.0,
      "std_dev": 16187.417349736352
    },
    "wasmtime_app": {
      "mean": 6300450.7,
      "median": 6207896.0,
      "min": 6185922.0,
      "max": 7107320.0,
      "std_dev": 284337.3347796007
    }
  },
  "nestedloop2": {
    "base_native": {
      "mean": 1577554.3636363635,
      "median": 1569941.0,
      "min": 1552192.0,
      "max": 1615339.0,
      "std_dev": 23922.109548585915
    },
    "wasmtime_app": {
      "mean": 6291566.6,
      "median": 6208396.0,
      "min": 6161874.0,
      "max": 7058998.0,
      "std_dev": 270430.90897767013
    }
  },
  "nestedloop3": {
    "base_native": {
      "mean": 2074482.2727272727,
      "median": 2073614.0,
      "min": 2046216.0,
      "max": 2102788.0,
      "std_dev": 15731.003096375698
    },
    "wasmtime_app": {
      "mean": 6863576.4,
      "median": 6737353.5,
      "min": 6722967.0,
      "max": 7965346.0,
      "std_dev": 387500.52529719233
    }
  },
  "random": {
    "base_native": {
      "mean": 577580761.5,
      "median": 577580761.5,
      "min": 577576287.0,
      "max": 577585236.0,
      "std_dev": 6327.898584838414
    },
    "wasmtime_app": {
      "mean": 290726091.6666667,
      "median": 290498213.0,
      "min": 290415393.0,
      "max": 291264669.0,
      "std_dev": 468256.28248357045
    }
  },
  "random2": {
    "base_native": {
      "mean": 577627609.0,
      "median": 577627609.0,
      "min": 577572487.0,
      "max": 577682731.0,
      "std_dev": 77954.27998512975
    },
    "wasmtime_app": {
      "mean": 290740965.6666667,
      "median": 290452440.0,
      "min": 290423517.0,
      "max": 291346940.0,
      "std_dev": 524988.3850870735
    }
  },
  "ratelimit": {
    "base_native": {
      "mean": 25926763.2,
      "median": 25922158.5,
      "min": 25909922.0,
      "max": 25944020.0,
      "std_dev": 11525.878716079646
    },
    "wasmtime_app": {
      "mean": 39107823.4,
      "median": 38384377.0,
      "min": 38361641.0,
      "max": 45612628.0,
      "std_dev": 2285613.305923875
    }
  },
  "seqhash": {
    "base_native": {
      "mean": 7128927269.0,
      "median": 7128927269.0,
      "min": 7128927269.0,
      "max": 7128927269.0,
      "std_dev": 0.0
    },
    "wasmtime_app": {
      "mean": 9701371074.0,
      "median": 9701371074.0,
      "min": 9701371074.0,
      "max": 9701371074.0,
      "std_dev": 0.0
    }
  },
  "sieve": {
    "base_native": {
      "mean": 569225431.0,
      "median": 569225431.0,
      "min": 569221381.0,
      "max": 569229481.0,
      "std_dev": 5727.564927611035
    },
    "wasmtime_app": {
      "mean": 767201427.0,
      "median": 767201427.0,
      "min": 767201427.0,
      "max": 767201427.0,
      "std_dev": 0.0
    }
  },
  "strcat": {
    "base_native": {
      "mean": 65853040.3,
      "median": 65841910.5,
      "min": 65822699.0,
      "max": 65959317.0,
      "std_dev": 38952.37387160548
    },
    "wasmtime_app": {
      "mean": 351032692.0,
      "median": 351032692.0,
      "min": 348800644.0,
      "max": 353264740.0,
      "std_dev": 3156592.553467742
    }
  },
  "strcat2": {
    "base_native": {
      "mean": 2592909.3636363638,
      "median": 2589762.0,
      "min": 2577437.0,
      "max": 2620635.0,
      "std_dev": 11765.073329756404
    },
    "wasmtime_app": {
      "mean": 9395597.2,
      "median": 8478392.0,
      "min": 8452093.0,
      "max": 17660194.0,
      "std_dev": 2903951.474601147
    }
  },
  "strchr": {
    "base_native": {
      "mean": 155124240.6,
      "median": 155110626.0,
      "min": 155099977.0,
      "max": 155192447.0,
      "std_dev": 38531.1999462773
    },