{
  "ackermann": {
    "base_native": {
      "mean": 3421927.9,
      "median": 2851038.0,
      "min": 2813428.0,
      "max": 8663019.0,
      "std_dev": 1841631.8784257285
    },
    "wasmtime_app": {
      "mean": 9339925.4,
      "median": 8770975.5,
      "min": 8025271.0,
      "max": 15251452.0,
      "std_dev": 2125874.6955893603
    }
  },
  "base64": {
    "base_native": {
      "mean": 249529378.0,
      "median": 249495022.0,
      "min": 249494897.0,
      "max": 249598215.0,
      "std_dev": 59614.62348283347
    },
    "wasmtime_app": {
      "mean": 356708740.0,
      "median": 356708740.0,
      "min": 350416705.0,
      "max": 363000775.0,
      "std_dev": 8898281.231926197
    }
  },
  "ctype": {
    "base_native": {
      "mean": 653662078.5,
      "median": 653662078.5,
      "min": 653644692.0,
      "max": 653679465.0,
      "std_dev": 24588.224102199816
    },
    "wasmtime_app": {
      "mean": 985470915.0,
      "median": 985470915.0,
      "min": 985470915.0,
      "max": 985470915.0,
      "std_dev": 0.0
    }
  },
  "ed25519": {
    "base_native": {
      "mean": 1433053976.0,
      "median": 1433053976.0,
      "min": 1433053976.0,
      "max": 1433053976.0,
      "std_dev": 0.0
    },
    "wasmtime_app": {
      "mean": 6742640418.0,
      "median": 6742640418.0,
      "min": 6742640418.0,
      "max": 6742640418.0,
      "std_dev": 0.0
    }
  },
  "fib2": {
    "base_native": {
      "mean": 6955925278.0,
      "median": 6955925278.0,
      "min": 6955925278.0,
      "max": 6955925278.0,
      "std_dev": 0.0
    },
    "wasmtime_app": {
      "mean": 10677126580.0,
      "median": 10677126580.0,
      "min": 10677126580.0,
      "max": 10677126580.0,
      "std_dev": 0.0
    }
  },
  "gimli": {
    "base_native": {
      "mean": 4142962.6,
      "median": 4142222.5,
      "min": 4129086.0,
      "max": 4159459.0,
      "std_dev": 8445.568268493114
    },
    "wasmtime_app": {
      "mean": 9495313.6,
      "median": 9347300.0,
      "min": 9300915.0,
      "max": 10820923.0,
      "std_dev": 466449.02853133075
    }
  },
  "heapsort": {
    "base_native": {
      "mean": 1076387039.0,
      "median": 1076387039.0,
      "min": 1076387039.0,
      "max": 1076387039.0,
      "std_dev": 0.0
    },
    "wasmtime_app": {
      "mean": 1220470257.0,
      "median": 1220470257.0,
      "min": 1220470257.0,
      "max": 1220470257.0,
      "std_dev": 0.0
    }
  },
  "keccak": {
    "base_native": {
      "mean": 7484046.8,
      "median": 7482564.5,
      "min": 7467103.0,
      "max": 7497176.0,
      "std_dev": 8848.118655021153
    },
    "wasmtime_app": {
      "mean": 22838530.4,
      "median": 21325022.0,
      "min": 21010873.0,
      "max": 36996269.0,
      "std_dev": 4977484.9358437415
    }
  },
  "matrix": {
    "base_native": {
      "mean": 379787058.5,
      "median": 379787058.5,
      "min": 377896728.0,
      "max": 381677389.0,
      "std_dev": 2673331.030467514
    },
    "wasmtime_app": {
      "mean": 534314687.0,
      "median": 534314687.0,
      "min": 530259278.0,
      "max": 538370096.0,
      "std_dev": 5735214.408769911
    }
  },
  "matrix2": {
    "base_native": {
      "mean": 194272898.5,
      "median": 194269792.5,
      "min": 194244482.0,
      "max": 194307527.0,
      "std_dev": 25986.793241952728
    },
    "wasmtime_app": {
      "mean": 260227046.66666666,
      "median": 257688192.0,
      "min": 257656068.0,
      "max": 265336880.0,
      "std_dev": 4425274.625226929
    }
  },
  "memmove": {
    "base_native": {
      "mean": 47380040.1,
      "median": 47388827.0,
      "min": 47333618.0,
      "max": 47422412.0,
      "std_dev": 35262.918995738284
    },
    "wasmtime_app": {
      "mean": 521077458.0,
      "median": 521077458.0,
      "min": 516214147.0,
      "max": 525940769.0,
      "std_dev": 6877760.374238259
    }
  },
  "minicsv": {
    "base_native": {
      "mean": 757376072.0,
      "median": 757376072.0,
      "min": 757376072.0,
      "max": 757376072.0,
      "std_dev": 0.0
    },
    "wasmtime_app": {
      "mean": 1100837330.0,
      "median": 1100837330.0,
      "min": 1100837330.0,
      "max": 1100837330.0,
      "std_dev": 0.0
    }
  },
  "nestedloop": {
    "base_native": {
      "mean": 1574812.1818181819,
      "median": 1577439.0,
      "min": 1548866.0,
      "max": 1601413.0,
      "std_dev": 14125.710069360632
    },
    "wasmtime_app": {
      "mean": 6298929.3,
      "median": 6199976.0,
      "min": 6190477.0,
      "max": 7150059.0,
      "std_dev": 299531.9103827949
    }
  },
  "nestedloop2": {
    "base_native": {
      "mean": 1575146.2727272727,
      "median": 1580339.0,
      "min": 1551366.0,
      "max": 1586739.0,
      "std_dev": 12259.0868427539
    },
    "wasmtime_app": {
      "mean": 6292297.1,
      "median": 6207626.0,
      "min": 6176552.0,
      "max": 7046689.0,
      "std_dev": 265929.2993186347
    }
  },
  "nestedloop3": {
    "base_native": {
      "mean": 2080395.1818181819,
      "median": 2080404.0,
      "min": 2058256.0,
      "max": 2095928.0,
      "std_dev": 9904.771838040308
    },
    "wasmtime_app": {
      "mean": 6865139.3,
      "median": 6746389.5,
      "min": 6712879.0,
      "max": 7924325.0,
      "std_dev": 372763.50353006815
    }
  },
  "random": {
    "base_native": {
      "mean": 577618177.5,
      "median": 577618177.5,
      "min": 577569631.0,
      "max": 577666724.0,
      "std_dev": 68655.11870574545
    },
    "wasmtime_app": {
      "mean": 290694912.3333333,
      "median": 290404725.0,
      "min": 290404575.0,
      "max": 291275437.0,
      "std_dev": 502749.1144510683
    }
  },
  "random2": {
    "base_native": {
      "mean": 577660224.5,
      "median": 577660224.5,
      "min": 577610703.0,
      "max": 577709746.0,
      "std_dev": 70033.97692905922
    },
    "wasmtime_app": {
      "mean": 290725694.0,
      "median": 290439048.0,
      "min": 290408550.0,
      "max": 291329484.0,
      "std_dev": 523119.7808112402
    }
  },
  "ratelimit": {
    "base_native": {
      "mean": 25942040.1,
      "median": 25938938.0,
      "min": 25909640.0,
      "max": 25974510.0,
      "std_dev": 20013.89142820556
    },
    "wasmtime_app": {
      "mean": 39047023.5,
      "median": 38330872.5,
      "min": 38290337.0,
      "max": 45530418.0,
      "std_dev": 2278119.2399195465
    }
  },
  "seqhash": {
    "base_native": {
      "mean": 7117406624.0,
      "median": 7117406624.0,
      "min": 7117406624.0,
      "max": 7117406624.0,
      "std_dev": 0.0
    },
    "wasmtime_app": {
      "mean": 9721045694.0,
      "median": 9721045694.0,
      "min": 9721045694.0,
      "max": 9721045694.0,
      "std_dev": 0.0
    }
  },
  "sieve": {
    "base_native": {
      "mean": 569214790.0,
      "median": 569214790.0,
      "min": 569139320.0,
      "max": 569290260.0,
      "std_dev": 106730.69755229748
    },
    "wasmtime_app": {
      "mean": 767215909.0,
      "median": 767215909.0,
      "min": 767215909.0,
      "max": 767215909.0,
      "std_dev": 0.0
    }
  },
  "strcat": {
    "base_native": {
      "mean": 65858884.4,
      "median": 65842313.0,
      "min": 65821877.0,
      "max": 66000564.0,
      "std_dev": 51007.89873081749
    },
    "wasmtime_app": {
      "mean": 352737952.5,
      "median": 352737952.5,
      "min": 350186490.0,
      "max": 355289415.0,
      "std_dev": 3608312.871386363
    }
  },
  "strcat2": {
    "base_native": {
      "mean": 2596852.272727273,
      "median": 2592393.0,
      "min": 2587144.0,
      "max": 2616992.0,
      "std_dev": 9801.341541757527
    },
    "wasmtime_app": {
      "mean": 9436953.5,
      "median": 8518224.0,
      "min": 8465801.0,
      "max": 17743067.0,
      "std_dev": 2918546.9779384797
    }
  },
  "strchr": {
    "base_native": {
      "mean": 155246690.6,
      "median": 155226557.0,
      "min": 155213783.0,
      "max": 155289553.0,
      "std_dev": 35768.440395130456
    },