{
  "ackermann": {
    "base_native": {
      "mean": 3090868.8181818184,
      "median": 3080658.0,
      "min": 3061309.0,
      "max": 3143954.0,
      "std_dev": 25527.11081504596
    },
    "wasmtime_app": {
      "mean": 9064376.7,
      "median": 8878502.0,
      "min": 8192821.0,
      "max": 12652671.0,
      "std_dev": 1314128.8448796326
    }
  },
  "base64": {
    "base_native": {
      "mean": 265047658.66666666,
      "median": 263145127.0,
      "min": 261583724.0,
      "max": 270414125.0,
      "std_dev": 4712612.387222434
    },
    "wasmtime_app": {
      "mean": 361228333.5,
      "median": 361228333.5,
      "min": 351272599.0,
      "max": 371184068.0,
      "std_dev": 14079534.753285725
    }
  },
  "ctype": {
    "base_native": {
      "mean": 659025270.0,
      "median": 659025270.0,
      "min": 654911213.0,
      "max": 663139327.0,
      "std_dev": 5818155.205775969
    },
    "wasmtime_app": {
      "mean": 920516817.0,
      "median": 920516817.0,
      "min": 920516817.0,
      "max": 920516817.0,
      "std_dev": 0.0
    }
  },
  "ed25519": {
    "base_native": {
      "mean": 1433279707.0,
      "median": 1433279707.0,
      "min": 1433279707.0,
      "max": 1433279707.0,
      "std_dev": 0.0
    },
    "wasmtime_app": {
      "mean": 6753902391.0,
      "median": 6753902391.0,
      "min": 6753902391.0,
      "max": 6753902391.0,
      "std_dev": 0.0
    }
  },
  "fib2": {
    "base_native": {
      "mean": 6955969235.0,
      "median": 6955969235.0,
      "min": 6955969235.0,
      "max": 6955969235.0,
      "std_dev": 0.0
    },
    "wasmtime_app": {
      "mean": 10689512362.0,
      "median": 10689512362.0,
      "min": 10689512362.0,
      "max": 10689512362.0,
      "std_dev": 0.0
    }
  },
  "gimli": {
    "base_native": {
      "mean": 4147126.8,
      "median": 4146367.0,
      "min": 4124693.0,
      "max": 4167266.0,
      "std_dev": 12185.213232073993
    },
    "wasmtime_app": {
      "mean": 9539455.9,
      "median": 9353039.0,
      "min": 9319014.0,
      "max": 11237586.0,
      "std_dev": 596971.8952049122
    }
  },
  "heapsort": {
    "base_native": {
      "mean": 1076347856.0,
      "median": 1076347856.0,
      "min": 1076347856.0,
      "max": 1076347856.0,
      "std_dev": 0.0
    },
    "wasmtime_app": {
      "mean": 1220489748.0,
      "median": 1220489748.0,
      "min": 1220489748.0,
      "max": 1220489748.0,
      "std_dev": 0.0
    }
  },
  "keccak": {
    "base_native": {
      "mean": 7486134.2,
      "median": 7485984.0,
      "min": 7469285.0,
      "max": 7524607.0,
      "std_dev": 15142.666202929171
    },
    "wasmtime_app": {
      "mean": 22957554.2,
      "median": 21362803.5,
      "min": 21172684.0,
      "max": 37524078.0,
      "std_dev": 5120320.820904634
    }
  },
  "matrix": {
    "base_native": {
      "mean": 377884773.5,
      "median": 377884773.5,
      "min": 377877374.0,
      "max": 377892173.0,
      "std_dev": 10464.473254779718
    },
    "wasmtime_app": {
      "mean": 533689772.0,
      "median": 533689772.0,
      "min": 529547350.0,
      "max": 537832194.0,
      "std_dev": 5858269.373472681
    }
  },
  "matrix2": {
    "base_native": {
      "mean": 194288648.0,
      "median": 194283417.0,
      "min": 194260706.0,
      "max": 194327052.0,
      "std_dev": 29293.068804753115
    },
    "wasmtime_app": {
      "mean": 260226789.0,
      "median": 257685460.0,
      "min": 257645261.0,
      "max": 265349646.0,
      "std_dev": 4436569.831721011
    }
  },
  "memmove": {
    "base_native": {
      "mean": 47324549.5,
      "median": 47325084.0,
      "min": 47306261.0,
      "max": 47338259.0,
      "std_dev": 10011.781140791638
    },
    "wasmtime_app": {
      "mean": 519912906.5,
      "median": 519912906.5,
      "min": 515542941.0,
      "max": 524282872.0,
      "std_dev": 6180064.4772025235
    }
  },
  "minicsv": {
    "base_native": {
      "mean": 724441944.0,
      "median": 724441944.0,
      "min": 724441944.0,
      "max": 724441944.0,
      "std_dev": 0.0
    },
    "wasmtime_app": {
      "mean": 1105892095.0,
      "median": 1105892095.0,
      "min": 1105892095.0,
      "max": 1105892095.0,
      "std_dev": 0.0
    }
  },
  "nestedloop": {
    "base_native": {
      "mean": 1570597.4545454546,
      "median": 1576102.0,
      "min": 1539829.0,
      "max": 1591151.0,
      "std_dev": 15905.574125844287
    },
    "wasmtime_app": {
      "mean": 6263947.3,
      "median": 6171077.0,
      "min": 6149978.0,
      "max": 7121626.0,
      "std_dev": 301707.963919877
    }
  },
  "nestedloop2": {
    "base_native": {
      "mean": 1582505.5454545454,
      "median": 1582201.0,
      "min": 1552353.0,
      "max": 1627348.0,
      "std_dev": 20058.054339160797
    },
    "wasmtime_app": {
      "mean": 6261055.0,
      "median": 6176739.5,
      "min": 6153428.0,
      "max": 7015054.0,
      "std_dev": 265705.3014450408
    }
  },
  "nestedloop3": {
    "base_native": {
      "mean": 2085579.0,
      "median": 2084595.0,
      "min": 2060297.0,
      "max": 2105769.0,
      "std_dev": 11744.960263874884
    },
    "wasmtime_app": {
      "mean": 6833281.3,
      "median": 6711249.5,
      "min": 6692888.0,
      "max": 7945328.0,
      "std_dev": 390822.6128178728
    }
  },
  "random": {
    "base_native": {
      "mean": 577584879.5,
      "median": 577584879.5,
      "min": 577580392.0,
      "max": 577589367.0,
      "std_dev": 6346.283361149264
    },
    "wasmtime_app": {
      "mean": 290628282.6666667,
      "median": 290377923.0,
      "min": 290317075.0,
      "max": 291189850.0,
      "std_dev": 487282.2818206438
    }
  },
  "random2": {
    "base_native": {
      "mean": 577655988.0,
      "median": 577655988.0,
      "min": 577577318.0,
      "max": 577734658.0,
      "std_dev": 111256.1809518914
    },
    "wasmtime_app": {
      "mean": 290686172.6666667,
      "median": 290376723.0,
      "min": 290367973.0,
      "max": 291313822.0,
      "std_dev": 543577.873768178
    }
  },
  "ratelimit": {
    "base_native": {
      "mean": 25933063.4,
      "median": 25936463.0,
      "min": 25910090.0,
      "max": 25955037.0,
      "std_dev": 15245.263783294215
    },
    "wasmtime_app": {
      "mean": 39018345.9,
      "median": 38291843.5,
      "min": 38239808.0,
      "max": 45558853.0,
      "std_dev": 2298253.410345848
    }
  },
  "seqhash": {
    "base_native": {
      "mean": 7120098263.0,
      "median": 7120098263.0,
      "min": 7120098263.0,
      "max": 7120098263.0,
      "std_dev": 0.0
    },
    "wasmtime_app": {
      "mean": 9691724800.0,
      "median": 9691724800.0,
      "min": 9691724800.0,
      "max": 9691724800.0,
      "std_dev": 0.0
    }
  },
  "sieve": {
    "base_native": {
      "mean": 569242473.0,
      "median": 569242473.0,
      "min": 569230511.0,
      "max": 569254435.0,
      "std_dev": 16916.822633106964
    },
    "wasmtime_app": {
      "mean": 767128272.0,
      "median": 767128272.0,
      "min": 767128272.0,
      "max": 767128272.0,
      "std_dev": 0.0
    }
  },
  "strcat": {
    "base_native": {
      "mean": 65856043.2,
      "median": 65846796.5,
      "min": 65835834.0,
      "max": 65930929.0,
      "std_dev": 27859.406617275014
    },
    "wasmtime_app": {
      "mean": 352726196.0,
      "median": 352726196.0,
      "min": 350118956.0,
      "max": 355333436.0,
      "std_dev": 3687194.1683616284
    }
  },
  "strcat2": {
    "base_native": {
      "mean": 2598140.3636363638,
      "median": 2597238.0,
      "min": 2567865.0,
      "max": 2630336.0,
      "std_dev": 17499.385207902174
    },
    "wasmtime_app": {
      "mean": 9384477.6,
      "median": 8475550.5,
      "min": 8447814.0,
      "max": 17590884.0,
      "std_dev": 2883506.2050506496
    }
  },
  "strchr": {
    "base_native": {
      "mean": 155116637.8,
      "median": 155114238.0,
      "min": 155031593.0,
      "max": 155178984.0,
      "std_dev": 56702.3419948418
    },