{
  "ackermann": {
    "base_native": {
      "mean": 3153168.2,
      "median": 2842192.0,
      "min": 2812981.0,
      "max": 6019339.0,
      "std_dev": 1007198.7411475894
    },
    "wasmtime_app": {
      "mean": 9011896.3,
      "median": 8818280.0,
      "min": 7944693.0,
      "max": 12429185.0,
      "std_dev": 1345877.1880567584
    }
  },
  "base64": {
    "base_native": {
      "mean": 249534227.66666666,
      "median": 249496705.0,
      "min": 249490105.0,
      "max": 249615873.0,
      "std_dev": 70783.89888479818
    },
    "wasmtime_app": {
      "mean": 355072745.5,
      "median": 355072745.5,
      "min": 350414501.0,
      "max": 359730990.0,
      "std_dev": 6587752.548749877
    }
  },
  "ctype": {
    "base_native": {
      "mean": 654218674.0,
      "median": 654218674.0,
      "min": 653642646.0,
      "max": 654794702.0,
      "std_dev": 814626.6099066492
    },
    "wasmtime_app": {
      "mean": 984279303.0,
      "median": 984279303.0,
      "min": 984279303.0,
      "max": 984279303.0,
      "std_dev": 0.0
    }
  },
  "ed25519": {
    "base_native": {
      "mean": 1433047235.0,
      "median": 1433047235.0,
      "min": 1433047235.0,
      "max": 1433047235.0,
      "std_dev": 0.0
    },
    "wasmtime_app": {
      "mean": 6730206338.0,
      "median": 6730206338.0,
      "min": 6730206338.0,
      "max": 6730206338.0,
      "std_dev": 0.0
    }
  },
  "fib2": {
    "base_native": {
      "mean": 6956109379.0,
      "median": 6956109379.0,
      "min": 6956109379.0,
      "max": 6956109379.0,
      "std_dev": 0.0
    },
    "wasmtime_app": {
      "mean": 10693639315.0,
      "median": 10693639315.0,
      "min": 10693639315.0,
      "max": 10693639315.0,
      "std_dev": 0.0
    }
  },
  "gimli": {
    "base_native": {
      "mean": 4148133.4,
      "median": 4147601.0,
      "min": 4129627.0,
      "max": 4168075.0,
      "std_dev": 10887.410060350545
    },
    "wasmtime_app": {
      "mean": 9478886.9,
      "median": 9332263.0,
      "min": 9308314.0,
      "max": 10783554.0,
      "std_dev": 458718.7231695718
    }
  },
  "heapsort": {
    "base_native": {
      "mean": 1076345501.0,
      "median": 1076345501.0,
      "min": 1076345501.0,
      "max": 1076345501.0,
      "std_dev": 0.0
    },
    "wasmtime_app": {
      "mean": 1220498071.0,
      "median": 1220498071.0,
      "min": 1220498071.0,
      "max": 1220498071.0,
      "std_dev": 0.0
    }
  },
  "keccak": {
    "base_native": {
      "mean": 7486151.0,
      "median": 7484888.5,
      "min": 7467227.0,
      "max": 7518074.0,
      "std_dev": 15030.701573039689
    },
    "wasmtime_app": {
      "mean": 22927663.7,
      "median": 21370696.0,
      "min": 21071213.0,
      "max": 37306779.0,
      "std_dev": 5055981.609951481
    }
  },
  "matrix": {
    "base_native": {
      "mean": 377873452.5,
      "median": 377873452.5,
      "min": 377868940.0,
      "max": 377877965.0,
      "std_dev": 6381.638700208591
    },
    "wasmtime_app": {
      "mean": 533549983.0,
      "median": 533549983.0,
      "min": 529362086.0,
      "max": 537737880.0,
      "std_dev": 5922580.735221597
    }
  },
  "matrix2": {
    "base_native": {
      "mean": 194272162.5,
      "median": 194265238.0,
      "min": 194248739.0,
      "max": 194309435.0,
      "std_dev": 26421.563220218442
    },
    "wasmtime_app": {
      "mean": 260229386.33333334,
      "median": 257679208.0,
      "min": 257666009.0,
      "max": 265342942.0,
      "std_dev": 4428474.028429469
    }
  },
  "memmove": {
    "base_native": {
      "mean": 47328252.1,
      "median": 47329077.0,
      "min": 47309791.0,
      "max": 47350813.0,
      "std_dev": 13547.347714589745
    },
    "wasmtime_app": {
      "mean": 520123479.5,
      "median": 520123479.5,
      "min": 515793516.0,
      "max": 524453443.0,
      "std_dev": 6123493.106280475
    }
  },
  "minicsv": {
    "base_native": {
      "mean": 741322469.0,
      "median": 741322469.0,
      "min": 741322469.0,
      "max": 741322469.0,
      "std_dev": 0.0
    },
    "wasmtime_app": {
      "mean": 1116525349.0,
      "median": 1116525349.0,
      "min": 1116525349.0,
      "max": 1116525349.0,
      "std_dev": 0.0
    }
  },
  "nestedloop": {
    "base_native": {
      "mean": 1568419.2727272727,
      "median": 1576830.0,
      "min": 1546357.0,
      "max": 1593154.0,
      "std_dev": 15340.707200718676
    },
    "wasmtime_app": {
      "mean": 6292762.7,
      "median": 6209905.0,
      "min": 6141871.0,
      "max": 7118065.0,
      "std_dev": 291776.87573214417
    }
  },
  "nestedloop2": {
    "base_native": {
      "mean": 1573068.8181818181,
      "median": 1570580.0,
      "min": 1549557.0,
      "max": 1602778.0,
      "std_dev": 17226.700391068407
    },
    "wasmtime_app": {
      "mean": 6330015.5,
      "median": 6224591.5,
      "min": 6163145.0,
      "max": 7272606.0,
      "std_dev": 333505.26104504295
    }
  },
  "nestedloop3": {
    "base_native": {
      "mean": 2091726.5454545454,
      "median": 2087224.0,
      "min": 2062251.0,
      "max": 2136247.0,
      "std_dev": 19066.93005370102
    },
    "wasmtime_app": {
      "mean": 6854632.9,
      "median": 6735525.0,
      "min": 6701589.0,
      "max": 7981916.0,
      "std_dev": 396534.14056616166
    }
  },
  "random": {
    "base_native": {
      "mean": 577678009.0,
      "median": 577678009.0,
      "min": 577670797.0,
      "max": 577685221.0,
      "std_dev": 10199.308211834761
    },
    "wasmtime_app": {
      "mean": 290674744.3333333,
      "median": 290395877.0,
      "min": 290360154.0,
      "max": 291268202.0,
      "std_dev": 514259.6958505822
    }
  },
  "random2": {
    "base_native": {
      "mean": 577710882.0,
      "median": 577710882.0,
      "min": 577690296.0,
      "max": 577731468.0,
      "std_dev": 29113.000395012536
    },
    "wasmtime_app": {
      "mean": 290731016.0,
      "median": 290427950.0,
      "min": 290411276.0,
      "max": 291353822.0,
      "std_dev": 539430.2464600961
    }
  },
  "ratelimit": {
    "base_native": {
      "mean": 25926656.4,
      "median": 25923309.5,
      "min": 25907498.0,
      "max": 25966244.0,
      "std_dev": 18127.589109788794
    },
    "wasmtime_app": {
      "mean": 39045136.9,
      "median": 38322583.5,
      "min": 38292373.0,
      "max": 45578754.0,
      "std_dev": 2295736.369002448
    }
  },
  "seqhash": {
    "base_native": {
      "mean": 7112434765.0,
      "median": 7112434765.0,
      "min": 7112434765.0,
      "max": 7112434765.0,
      "std_dev": 0.0
    },
    "wasmtime_app": {
      "mean": 9673485799.0,
      "median": 9673485799.0,
      "min": 9673485799.0,
      "max": 9673485799.0,
      "std_dev": 0.0
    }
  },
  "sieve": {
    "base_native": {
      "mean": 569176793.0,
      "median": 569176793.0,
      "min": 569167331.0,
      "max": 569186255.0,
      "std_dev": 13381.288727174226
    },
    "wasmtime_app": {
      "mean": 767111691.0,
      "median": 767111691.0,
      "min": 767111691.0,
      "max": 767111691.0,
      "std_dev": 0.0
    }
  },
  "strcat": {
    "base_native": {
      "mean": 65860029.5,
      "median": 65851655.0,
      "min": 65828806.0,
      "max": 65958374.0,
      "std_dev": 35456.27962638557
    },
    "wasmtime_app": {
      "mean": 354213144.5,
      "median": 354213144.5,
      "min": 350161815.0,
      "max": 358264474.0,
      "std_dev": 5729445.12454221
    }
  },
  "strcat2": {
    "base_native": {
      "mean": 2592948.727272727,
      "median": 2590819.0,
      "min": 2567396.0,
      "max": 2610493.0,
      "std_dev": 14336.384363506088
    },
    "wasmtime_app": {
      "mean": 9413148.4,
      "median": 8501186.0,
      "min": 8482287.0,
      "max": 17649360.0,
      "std_dev": 2893935.806534731
    }
  },
  "strchr": {
    "base_native": {
      "mean": 154777828.2,
      "median": 154787703.0,
      "min": 154691158.0,
      "max": 154864148.0,
      "std_dev": 64752.63480121871
    },