{
  "ackermann": {
    "base_native": {
      "mean": 3316050.0,
      "median": 2980784.0,
      "min": 2939812.0,
      "max": 6398140.0,
      "std_dev": 1083146.9938022674
    },
    "wasmtime_app": {
      "mean": 9132318.1,
      "median": 8411862.5,
      "min": 7968172.0,
      "max": 14729690.0,
      "std_dev": 2058009.9707002528
    }
  },
  "base64": {
    "base_native": {
      "mean": 261308836.66666666,
      "median": 261697520.0,
      "min": 260451675.0,
      "max": 261777315.0,
      "std_dev": 743395.1860271448
    },
    "wasmtime_app": {
      "mean": 355211860.5,
      "median": 355211860.5,
      "min": 350539128.0,
      "max": 359884593.0,
      "std_dev": 6608241.674841538
    }
  },
  "ctype": {
    "base_native": {
      "mean": 657369364.5,
      "median": 657369364.5,
      "min": 653782906.0,
      "max": 660955823.0,
      "std_dev": 5072018.251588267
    },
    "wasmtime_app": {
      "mean": 923793874.0,
      "median": 923793874.0,
      "min": 923793874.0,
      "max": 923793874.0,
      "std_dev": 0.0
    }
  },
  "ed25519": {
    "base_native": {
      "mean": 1433219406.0,
      "median": 1433219406.0,
      "min": 1433219406.0,
      "max": 1433219406.0,
      "std_dev": 0.0
    },
    "wasmtime_app": {
      "mean": 6751538860.0,
      "median": 6751538860.0,
      "min": 6751538860.0,
      "max": 6751538860.0,
      "std_dev": 0.0
    }
  },
  "fib2": {
    "base_native": {
      "mean": 6956862082.0,
      "median": 6956862082.0,
      "min": 6956862082.0,
      "max": 6956862082.0,
      "std_dev": 0.0
    },
    "wasmtime_app": {
      "mean": 10663884285.0,
      "median": 10663884285.0,
      "min": 10663884285.0,
      "max": 10663884285.0,
      "std_dev": 0.0
    }
  },
  "gimli": {
    "base_native": {
      "mean": 4164148.3,
      "median": 4155121.5,
      "min": 4148159.0,
      "max": 4236329.0,
      "std_dev": 26317.663443440837
    },
    "wasmtime_app": {
      "mean": 9590089.7,
      "median": 9411996.0,
      "min": 9358488.0,
      "max": 11279362.0,
      "std_dev": 594527.1150433669
    }
  },
  "heapsort": {
    "base_native": {
      "mean": 1076692822.0,
      "median": 1076692822.0,
      "min": 1076692822.0,
      "max": 1076692822.0,
      "std_dev": 0.0
    },
    "wasmtime_app": {
      "mean": 1220704275.0,
      "median": 1220704275.0,
      "min": 1220704275.0,
      "max": 1220704275.0,
      "std_dev": 0.0
    }
  },
  "keccak": {
    "base_native": {
      "mean": 7495885.3,
      "median": 7493795.5,
      "min": 7477946.0,
      "max": 7527168.0,
      "std_dev": 13473.188883029057
    },
    "wasmtime_app": {
      "mean": 22873831.3,
      "median": 21307859.5,
      "min": 21033294.0,
      "max": 37087805.0,
      "std_dev": 4997804.466333593
    }
  },
  "matrix": {
    "base_native": {
      "mean": 377905229.5,
      "median": 377905229.5,
      "min": 377891718.0,
      "max": 377918741.0,
      "std_dev": 19108.146548004075
    },
    "wasmtime_app": {
      "mean": 533792214.5,
      "median": 533792214.5,
      "min": 529648603.0,
      "max": 537935826.0,
      "std_dev": 5859951.580505124
    }
  },
  "matrix2": {
    "base_native": {
      "mean": 194304597.5,
      "median": 194302254.0,
      "min": 194278355.0,
      "max": 194335527.0,
      "std_dev": 27943.77636731776
    },
    "wasmtime_app": {
      "mean": 260317314.33333334,
      "median": 257773306.0,
      "min": 257767357.0,
      "max": 265411280.0,
      "std_dev": 4411504.6761319805
    }
  },
  "memmove": {
    "base_native": {
      "mean": 47348070.2,
      "median": 47341985.5,
      "min": 47325449.0,
      "max": 47394645.0,
      "std_dev": 20809.016912013034
    },
    "wasmtime_app": {
      "mean": 519161753.5,
      "median": 519161753.5,
      "min": 514500645.0,
      "max": 523822862.0,
      "std_dev": 6591802.856392514
    }
  },
  "minicsv": {
    "base_native": {
      "mean": 726705495.0,
      "median": 726705495.0,
      "min": 726705495.0,
      "max": 726705495.0,
      "std_dev": 0.0
    },
    "wasmtime_app": {
      "mean": 1111394830.0,
      "median": 1111394830.0,
      "min": 1111394830.0,
      "max": 1111394830.0,
      "std_dev": 0.0
    }
  },
  "nestedloop": {
    "base_native": {
      "mean": 1575676.0909090908,
      "median": 1579974.0,
      "min": 1555950.0,
      "max": 1587873.0,
      "std_dev": 13224.446812283268
    },
    "wasmtime_app": {
      "mean": 6325176.7,
      "median": 6233021.5,
      "min": 6206461.0,
      "max": 7179559.0,
      "std_dev": 300798.0040592209
    }
  },
  "nestedloop2": {
    "base_native": {
      "mean": 1582516.6363636365,
      "median": 1581448.0,
      "min": 1557375.0,
      "max": 1609447.0,
      "std_dev": 17408.41978051269
    },
    "wasmtime_app": {
      "mean": 6297303.6,
      "median": 6204486.0,
      "min": 6164064.0,
      "max": 7084442.0,
      "std_dev": 278372.8593129086
    }
  },
  "nestedloop3": {
    "base_native": {
      "mean": 2094797.3636363635,
      "median": 2089691.0,
      "min": 2085216.0,
      "max": 2144062.0,
      "std_dev": 16816.876334639124
    },
    "wasmtime_app": {
      "mean": 6887542.3,
      "median": 6769679.0,
      "min": 6757418.0,
      "max": 7935350.0,
      "std_dev": 368350.6884789276
    }
  },
  "random": {
    "base_native": {
      "mean": 577661972.5,
      "median": 577661972.5,
      "min": 577658898.0,
      "max": 577665047.0,
      "std_dev": 4347.999597516081
    },
    "wasmtime_app": {
      "mean": 290783666.0,
      "median": 290462933.0,
      "min": 290414187.0,
      "max": 291473878.0,
      "std_dev": 598237.826317427
    }
  },
  "random2": {
    "base_native": {
      "mean": 577704657.0,
      "median": 577704657.0,
      "min": 577605026.0,
      "max": 577804288.0,
      "std_dev": 140899.51143279384
    },
    "wasmtime_app": {
      "mean": 290758793.0,
      "median": 290457808.0,
      "min": 290450809.0,
      "max": 291367762.0,
      "std_dev": 527394.2346300347
    }
  },
  "ratelimit": {
    "base_native": {
      "mean": 25936961.5,
      "median": 25935929.0,
      "min": 25913668.0,
      "max": 25972139.0,
      "std_dev": 16860.742577887184
    },
    "wasmtime_app": {
      "mean": 39019882.6,
      "median": 38312333.5,
      "min": 38139047.0,
      "max": 45595035.0,
      "std_dev": 2311131.1120827203
    }
  },
  "seqhash": {
    "base_native": {
      "mean": 7129011852.0,
      "median": 7129011852.0,
      "min": 7129011852.0,
      "max": 7129011852.0,
      "std_dev": 0.0
    },
    "wasmtime_app": {
      "mean": 9697822313.0,
      "median": 9697822313.0,
      "min": 9697822313.0,
      "max": 9697822313.0,
      "std_dev": 0.0
    }
  },
  "sieve": {
    "base_native": {
      "mean": 569293670.0,
      "median": 569293670.0,
      "min": 569286758.0,
      "max": 569300582.0,
      "std_dev": 9775.044143122834
    },
    "wasmtime_app": {
      "mean": 767440733.0,
      "median": 767440733.0,
      "min": 767440733.0,
      "max": 767440733.0,
      "std_dev": 0.0
    }
  },
  "strcat": {
    "base_native": {
      "mean": 65881992.9,
      "median": 65863351.5,
      "min": 65848315.0,
      "max": 66007505.0,
      "std_dev": 47988.1972652304
    },
    "wasmtime_app": {
      "mean": 353012846.0,
      "median": 353012846.0,
      "min": 350346368.0,
      "max": 355679324.0,
      "std_dev": 3770969.3513694857
    }
  },
  "strcat2": {
    "base_native": {
      "mean": 2607464.727272727,
      "median": 2600658.0,
      "min": 2577085.0,
      "max": 2656730.0,
      "std_dev": 25494.17316208121
    },
    "wasmtime_app": {
      "mean": 9445168.4,
      "median": 8533127.5,
      "min": 8497056.0,
      "max": 17684582.0,
      "std_dev": 2895163.9075330887
    }
  },
  "strchr": {
    "base_native": {
      "mean": 154990246.6,
      "median": 154948719.0,
      "min": 154845701.0,
      "max": 155245225.0,
      "std_dev": 151499.7366822794
    },