{
  "ackermann": {
    "base_native": {
      "mean": 3388499.6,
      "median": 3071388.5,
      "min": 3005068.0,
      "max": 6259721.0,
      "std_dev": 1009431.0292335976
    },
    "wasmtime_app": {
      "mean": 8857717.9,
      "median": 8757399.5,
      "min": 8083721.0,
      "max": 11917333.0,
      "std_dev": 1146266.3675789079
    }
  },
  "base64": {
    "base_native": {
      "mean": 266555462.66666666,
      "median": 267669312.0,
      "min": 261583905.0,
      "max": 270413171.0,
      "std_dev": 4518791.849345833
    },
    "wasmtime_app": {
      "mean": 360212300.0,
      "median": 360212300.0,
      "min": 355178345.0,
      "max": 365246255.0,
      "std_dev": 7119087.433375854
    }
  },
  "ctype": {
    "base_native": {
      "mean": 668822377.0,
      "median": 668822377.0,
      "min": 668822377.0,
      "max": 668822377.0,
      "std_dev": 0.0
    },
    "wasmtime_app": {
      "mean": 983042086.0,
      "median": 983042086.0,
      "min": 983042086.0,
      "max": 983042086.0,
      "std_dev": 0.0
    }
  },
  "ed25519": {
    "base_native": {
      "mean": 1433198077.0,
      "median": 1433198077.0,
      "min": 1433198077.0,
      "max": 1433198077.0,
      "std_dev": 0.0
    },
    "wasmtime_app": {
      "mean": 6751407728.0,
      "median": 6751407728.0,
      "min": 6751407728.0,
      "max": 6751407728.0,
      "std_dev": 0.0
    }
  },
  "fib2": {
    "base_native": {
      "mean": 6956020909.0,
      "median": 6956020909.0,
      "min": 6956020909.0,
      "max": 6956020909.0,
      "std_dev": 0.0
    },
    "wasmtime_app": {
      "mean": 10662851994.0,
      "median": 10662851994.0,
      "min": 10662851994.0,
      "max": 10662851994.0,
      "std_dev": 0.0
    }
  },
  "gimli": {
    "base_native": {
      "mean": 4153885.9,
      "median": 4152235.5,
      "min": 4145149.0,
      "max": 4165923.0,
      "std_dev": 7106.267694397984
    },
    "wasmtime_app": {
      "mean": 9516707.6,
      "median": 9350559.0,
      "min": 9315336.0,
      "max": 10941725.0,
      "std_dev": 501651.9959210767
    }
  },
  "heapsort": {
    "base_native": {
      "mean": 1076435752.0,
      "median": 1076435752.0,
      "min": 1076435752.0,
      "max": 1076435752.0,
      "std_dev": 0.0
    },
    "wasmtime_app": {
      "mean": 1220381353.0,
      "median": 1220381353.0,
      "min": 1220381353.0,
      "max": 1220381353.0,
      "std_dev": 0.0
    }
  },
  "keccak": {
    "base_native": {
      "mean": 7488031.7,
      "median": 7488459.5,
      "min": 7469223.0,
      "max": 7516570.0,
      "std_dev": 15662.267191140198
    },
    "wasmtime_app": {
      "mean": 22879022.3,
      "median": 21361199.0,
      "min": 20995911.0,
      "max": 36939269.0,
      "std_dev": 4944119.536353196
    }
  },
  "matrix": {
    "base_native": {
      "mean": 377896483.5,
      "median": 377896483.5,
      "min": 377877747.0,
      "max": 377915220.0,
      "std_dev": 26497.412411403497
    },
    "wasmtime_app": {
      "mean": 533625933.5,
      "median": 533625933.5,
      "min": 529509178.0,
      "max": 537742689.0,
      "std_dev": 5821971.461074032
    }
  },
  "matrix2": {
    "base_native": {
      "mean": 194269457.25,
      "median": 194265176.0,
      "min": 194254727.0,
      "max": 194292750.0,
      "std_dev": 16413.365191716985
    },
    "wasmtime_app": {
      "mean": 260175686.0,
      "median": 257663475.0,
      "min": 257634502.0,
      "max": 265229081.0,
      "std_dev": 4376392.421641483
    }
  },
  "memmove": {
    "base_native": {
      "mean": 47340711.4,
      "median": 47344286.0,
      "min": 47319288.0,
      "max": 47360485.0,
      "std_dev": 12392.832858820726
    },
    "wasmtime_app": {
      "mean": 520852496.5,
      "median": 520852496.5,
      "min": 516070449.0,
      "max": 525634544.0,
      "std_dev": 6762836.430412353
    }
  },
  "minicsv": {
    "base_native": {
      "mean": 723256961.0,
      "median": 723256961.0,
      "min": 723256961.0,
      "max": 723256961.0,
      "std_dev": 0.0
    },
    "wasmtime_app": {
      "mean": 1105683635.0,
      "median": 1105683635.0,
      "min": 1105683635.0,
      "max": 1105683635.0,
      "std_dev": 0.0
    }
  },
  "nestedloop": {
    "base_native": {
      "mean": 1579697.1818181819,
      "median": 1581604.0,
      "min": 1550831.0,
      "max": 1607202.0,
      "std_dev": 21317.49629209857
    },
    "wasmtime_app": {
      "mean": 6268485.2,
      "median": 6174814.0,
      "min": 6137554.0,
      "max": 7073165.0,
      "std_dev": 284008.61960855266
    }
  },
  "nestedloop2": {
    "base_native": {
      "mean": 1578033.7272727273,
      "median": 1581179.0,
      "min": 1549056.0,
      "max": 1600653.0,
      "std_dev": 15783.407471714776
    },
    "wasmtime_app": {
      "mean": 6272649.8,
      "median": 6199962.5,
      "min": 6157253.0,
      "max": 7008669.0,
      "std_dev": 259179.98371993672
    }
  },
  "nestedloop3": {
    "base_native": {
      "mean": 2085116.5454545454,
      "median": 2088798.0,
      "min": 2063300.0,
      "max": 2101797.0,
      "std_dev": 12695.507767424162
    },
    "wasmtime_app": {
      "mean": 6853532.5,
      "median": 6730726.0,
      "min": 6709890.0,
      "max": 7945405.0,
      "std_dev": 384005.1309449596
    }
  },
  "random": {
    "base_native": {
      "mean": 577585995.0,
      "median": 577585995.0,
      "min": 577580445.0,
      "max": 577591545.0,
      "std_dev": 7848.885271170678
    },
    "wasmtime_app": {
      "mean": 290687637.6666667,
      "median": 290393608.0,
      "min": 290376209.0,
      "max": 291293096.0,
      "std_dev": 524414.4604721854
    }
  },
  "random2": {
    "base_native": {
      "mean": 577616368.0,
      "median": 577616368.0,
      "min": 577571996.0,
      "max": 577660740.0,
      "std_dev": 62751.484189618976
    },
    "wasmtime_app": {
      "mean": 290733875.6666667,
      "median": 290398582.0,
      "min": 290372184.0,
      "max": 291430861.0,
      "std_dev": 603751.2979384254
    }
  },
  "ratelimit": {
    "base_native": {
      "mean": 25945562.9,
      "median": 25944980.5,
      "min": 25927957.0,
      "max": 25982503.0,
      "std_dev": 15142.529925492783
    },
    "wasmtime_app": {
      "mean": 38996385.9,
      "median": 38279377.5,
      "min": 38187684.0,
      "max": 45514682.0,
      "std_dev": 2290724.2519269097
    }
  },
  "seqhash": {
    "base_native": {
      "mean": 7120655978.0,
      "median": 7120655978.0,
      "min": 7120655978.0,
      "max": 7120655978.0,
      "std_dev": 0.0
    },
    "wasmtime_app": {
      "mean": 9694819354.0,
      "median": 9694819354.0,
      "min": 9694819354.0,
      "max": 9694819354.0,
      "std_dev": 0.0
    }
  },
  "sieve": {
    "base_native": {
      "mean": 569245562.0,
      "median": 569245562.0,
      "min": 569238375.0,
      "max": 569252749.0,
      "std_dev": 10163.952872775433
    },
    "wasmtime_app": {
      "mean": 767009409.0,
      "median": 767009409.0,
      "min": 767009409.0,
      "max": 767009409.0,
      "std_dev": 0.0
    }
  },
  "strcat": {
    "base_native": {
      "mean": 65865948.6,
      "median": 65858379.0,
      "min": 65837593.0,
      "max": 65949586.0,
      "std_dev": 31451.459920893267
    },
    "wasmtime_app": {
      "mean": 353385667.5,
      "median": 353385667.5,
      "min": 350172488.0,
      "max": 356598847.0,
      "std_dev": 4544122.027239201
    }
  },
  "strcat2": {
    "base_native": {
      "mean": 2594215.4545454546,
      "median": 2591693.0,
      "min": 2565269.0,
      "max": 2624416.0,
      "std_dev": 17110.506172312005
    },
    "wasmtime_app": {
      "mean": 9407750.1,
      "median": 8494930.5,
      "min": 8468319.0,
      "max": 17658015.0,
      "std_dev": 2898872.2921036202
    }
  },
  "strchr": {
    "base_native": {
      "mean": 155212187.8,
      "median": 155221837.0,
      "min": 155140167.0,
      "max": 155245761.0,
      "std_dev": 43427.699613265264
    },