{
  "ackermann": {
    "base_native": {
      "mean": 3510340.5,
      "median": 2896481.0,
      "min": 2865483.0,
      "max": 9113645.0,
      "std_dev": 1968859.9216730169
    },
    "wasmtime_app": {
      "mean": 9601622.9,
      "median": 9284867.0,
      "min": 8459741.0,
      "max": 13053591.0,
      "std_dev": 1347675.9588478769
    }
  },
  "base64": {
    "base_native": {
      "mean": 250774323.66666666,
      "median": 249494473.0,
      "min": 249479174.0,
      "max": 253349324.0,
      "std_dev": 2230028.8232106627
    },
    "wasmtime_app": {
      "mean": 371497178.5,
      "median": 371497178.5,
      "min": 361556488.0,
      "max": 381437869.0,
      "std_dev": 14058259.324453384
    }
  },
  "ctype": {
    "base_native": {
      "mean": 653945976.5,
      "median": 653945976.5,
      "min": 653784998.0,
      "max": 654106955.0,
      "std_dev": 227657.97795047727
    },
    "wasmtime_app": {
      "mean": 937620120.0,
      "median": 937620120.0,
      "min": 937620120.0,
      "max": 937620120.0,
      "std_dev": 0.0
    }
  },
  "ed25519": {
    "base_native": {
      "mean": 1434253783.0,
      "median": 1434253783.0,
      "min": 1434253783.0,
      "max": 1434253783.0,
      "std_dev": 0.0
    },
    "wasmtime_app": {
      "mean": 6754279905.0,
      "median": 6754279905.0,
      "min": 6754279905.0,
      "max": 6754279905.0,
      "std_dev": 0.0
    }
  },
  "fib2": {
    "base_native": {
      "mean": 6955907062.0,
      "median": 6955907062.0,
      "min": 6955907062.0,
      "max": 6955907062.0,
      "std_dev": 0.0
    },
    "wasmtime_app": {
      "mean": 10671435805.0,
      "median": 10671435805.0,
      "min": 10671435805.0,
      "max": 10671435805.0,
      "std_dev": 0.0
    }
  },
  "gimli": {
    "base_native": {
      "mean": 4146888.5,
      "median": 4145621.0,
      "min": 4126585.0,
      "max": 4168782.0,
      "std_dev": 11834.126060301669
    },
    "wasmtime_app": {
      "mean": 9490244.5,
      "median": 9342276.0,
      "min": 9327539.0,
      "max": 10794526.0,
      "std_dev": 458652.34320010233
    }
  },
  "heapsort": {
    "base_native": {
      "mean": 1076329188.0,
      "median": 1076329188.0,
      "min": 1076329188.0,
      "max": 1076329188.0,
      "std_dev": 0.0
    },
    "wasmtime_app": {
      "mean": 1220369616.0,
      "median": 1220369616.0,
      "min": 1220369616.0,
      "max": 1220369616.0,
      "std_dev": 0.0
    }
  },
  "keccak": {
    "base_native": {
      "mean": 7491391.4,
      "median": 7487026.5,
      "min": 7471765.0,
      "max": 7539261.0,
      "std_dev": 18350.523239285452
    },
    "wasmtime_app": {
      "mean": 22916770.8,
      "median": 21365591.5,
      "min": 21011813.0,
      "max": 37624490.0,
      "std_dev": 5169877.247725086
    }
  },
  "matrix": {
    "base_native": {
      "mean": 377910108.5,
      "median": 377910108.5,
      "min": 377883960.0,
      "max": 377936257.0,
      "std_dev": 36979.563335712875
    },
    "wasmtime_app": {
      "mean": 533515774.5,
      "median": 533515774.5,
      "min": 529423108.0,
      "max": 537608441.0,
      "std_dev": 5787904.470570027
    }
  },
  "matrix2": {
    "base_native": {
      "mean": 194315917.25,
      "median": 194304793.0,
      "min": 194289456.0,
      "max": 194364627.0,
      "std_dev": 34587.34118503473
    },
    "wasmtime_app": {
      "mean": 260198300.0,
      "median": 257668252.0,
      "min": 257649203.0,
      "max": 265277445.0,
      "std_dev": 4398678.91126063
    }
  },
  "memmove": {
    "base_native": {
      "mean": 47385537.7,
      "median": 47393094.5,
      "min": 47315449.0,
      "max": 47411594.0,
      "std_dev": 28254.896559121687
    },
    "wasmtime_app": {
      "mean": 520468920.5,
      "median": 520468920.5,
      "min": 516025462.0,
      "max": 524912379.0,
      "std_dev": 6283999.274542009
    }
  },
  "minicsv": {
    "base_native": {
      "mean": 760153891.0,
      "median": 760153891.0,
      "min": 760153891.0,
      "max": 760153891.0,
      "std_dev": 0.0
    },
    "wasmtime_app": {
      "mean": 1097687433.0,
      "median": 1097687433.0,
      "min": 1097687433.0,
      "max": 1097687433.0,
      "std_dev": 0.0
    }
  },
  "nestedloop": {
    "base_native": {
      "mean": 1576041.9090909092,
      "median": 1572558.0,
      "min": 1554659.0,
      "max": 1603256.0,
      "std_dev": 16818.27559207272
    },
    "wasmtime_app": {
      "mean": 6272732.7,
      "median": 6172654.0,
      "min": 6154455.0,
      "max": 7117772.0,
      "std_dev": 297641.33960600226
    }
  },
  "nestedloop2": {
    "base_native": {
      "mean": 1582646.1818181819,
      "median": 1587457.0,
      "min": 1559759.0,
      "max": 1593482.0,
      "std_dev": 11906.2311317913
    },
    "wasmtime_app": {
      "mean": 6274652.8,
      "median": 6196852.5,
      "min": 6165029.0,
      "max": 7017678.0,
      "std_dev": 261773.46815298995
    }
  },
  "nestedloop3": {
    "base_native": {
      "mean": 2090850.6363636365,
      "median": 2091378.0,
      "min": 2084503.0,
      "max": 2098952.0,
      "std_dev": 4838.459099191132
    },
    "wasmtime_app": {
      "mean": 6841696.2,
      "median": 6723721.0,
      "min": 6705497.0,
      "max": 7922599.0,
      "std_dev": 379987.45668824384
    }
  },
  "random": {
    "base_native": {
      "mean": 577594651.5,
      "median": 577594651.5,
      "min": 577589027.0,
      "max": 577600276.0,
      "std_dev": 7954.244181567473
    },
    "wasmtime_app": {
      "mean": 290679335.6666667,
      "median": 290401686.0,
      "min": 290392411.0,
      "max": 291243910.0,
      "std_dev": 488957.7075784094
    }
  },
  "random2": {
    "base_native": {
      "mean": 577670110.0,
      "median": 577670110.0,
      "min": 577568753.0,
      "max": 577771467.0,
      "std_dev": 143340.44404144978
    },
    "wasmtime_app": {
      "mean": 290686502.0,
      "median": 290386687.0,
      "min": 290375612.0,
      "max": 291297207.0,
      "std_dev": 528915.0325666685
    }
  },
  "ratelimit": {
    "base_native": {
      "mean": 25946216.4,
      "median": 25945766.5,
      "min": 25932742.0,
      "max": 25961390.0,
      "std_dev": 11081.157201905102
    },
    "wasmtime_app": {
      "mean": 39051151.9,
      "median": 38329923.0,
      "min": 38308199.0,
      "max": 45543940.0,
      "std_dev": 2281389.289581945
    }
  },
  "seqhash": {
    "base_native": {
      "mean": 7125005359.0,
      "median": 7125005359.0,
      "min": 7125005359.0,
      "max": 7125005359.0,
      "std_dev": 0.0
    },
    "wasmtime_app": {
      "mean": 9690103459.0,
      "median": 9690103459.0,
      "min": 9690103459.0,
      "max": 9690103459.0,
      "std_dev": 0.0
    }
  },
  "sieve": {
    "base_native": {
      "mean": 569190440.5,
      "median": 569190440.5,
      "min": 569182316.0,
      "max": 569198565.0,
      "std_dev": 11489.77808750021
    },
    "wasmtime_app": {
      "mean": 767088086.0,
      "median": 767088086.0,
      "min": 767088086.0,
      "max": 767088086.0,
      "std_dev": 0.0
    }
  },
  "strcat": {
    "base_native": {
      "mean": 65864888.5,
      "median": 65856096.5,
      "min": 65841647.0,
      "max": 65951866.0,
      "std_dev": 31723.212220881906
    },
    "wasmtime_app": {
      "mean": 349715799.0,
      "median": 349715799.0,
      "min": 347294894.0,
      "max": 352136704.0,
      "std_dev": 3423676.684216838
    }
  },
  "strcat2": {
    "base_native": {
      "mean": 2600580.1818181816,
      "median": 2597824.0,
      "min": 2579000.0,
      "max": 2619622.0,
      "std_dev": 12397.78697847468
    },
    "wasmtime_app": {
      "mean": 9357070.1,
      "median": 8446417.0,
      "min": 8421094.0,
      "max": 17521272.0,
      "std_dev": 2868692.9584698193
    }
  },
  "strchr": {
    "base_native": {
      "mean": 155164895.6,
      "median": 155181155.0,
      "min": 155116708.0,
      "max": 155195179.0,
      "std_dev": 32408.778607037937
    },