{
  "ackermann": {
    "base_native": {
      "mean": 3313531.0,
      "median": 2889748.0,
      "min": 2865600.0,
      "max": 7124903.0,
      "std_dev": 1339320.8739891688
    },
    "wasmtime_app": {
      "mean": 9460511.4,
      "median": 9046963.0,
      "min": 8292669.0,
      "max": 13487793.0,
      "std_dev": 1491426.4931080209
    }
  },
  "base64": {
    "base_native": {
      "mean": 253209269.66666666,
      "median": 253390832.0,
      "min": 252728478.0,
      "max": 253508499.0,
      "std_dev": 420513.79379793635
    },
    "wasmtime_app": {
      "mean": 368105339.5,
      "median": 368105339.5,
      "min": 359133447.0,
      "max": 377077232.0,
      "std_dev": 12688172.053653454
    }
  },
  "ctype": {
    "base_native": {
      "mean": 653904693.5,
      "median": 653904693.5,
      "min": 653714269.0,
      "max": 654095118.0,
      "std_dev": 269300.9105081154
    },
    "wasmtime_app": {
      "mean": 810512251.0,
      "median": 810512251.0,
      "min": 810512251.0,
      "max": 810512251.0,
      "std_dev": 0.0
    }
  },
  "ed25519": {
    "base_native": {
      "mean": 1433247691.0,
      "median": 1433247691.0,
      "min": 1433247691.0,
      "max": 1433247691.0,
      "std_dev": 0.0
    },
    "wasmtime_app": {
      "mean": 6767733379.0,
      "median": 6767733379.0,
      "min": 6767733379.0,
      "max": 6767733379.0,
      "std_dev": 0.0
    }
  },
  "fib2": {
    "base_native": {
      "mean": 6956227752.0,
      "median": 6956227752.0,
      "min": 6956227752.0,
      "max": 6956227752.0,
      "std_dev": 0.0
    },
    "wasmtime_app": {
      "mean": 10681194191.0,
      "median": 10681194191.0,
      "min": 10681194191.0,
      "max": 10681194191.0,
      "std_dev": 0.0
    }
  },
  "gimli": {
    "base_native": {
      "mean": 4154814.8,
      "median": 4153697.5,
      "min": 4134511.0,
      "max": 4173958.0,
      "std_dev": 11006.803076077793
    },
    "wasmtime_app": {
      "mean": 9509396.2,
      "median": 9365669.5,
      "min": 9337859.0,
      "max": 10813798.0,
      "std_dev": 459046.98846724234
    }
  },
  "heapsort": {
    "base_native": {
      "mean": 1076354301.0,
      "median": 1076354301.0,
      "min": 1076354301.0,
      "max": 1076354301.0,
      "std_dev": 0.0
    },
    "wasmtime_app": {
      "mean": 1220597696.0,
      "median": 1220597696.0,
      "min": 1220597696.0,
      "max": 1220597696.0,
      "std_dev": 0.0
    }
  },
  "keccak": {
    "base_native": {
      "mean": 7487480.0,
      "median": 7487115.0,
      "min": 7475653.0,
      "max": 7500052.0,
      "std_dev": 8673.605491502494
    },
    "wasmtime_app": {
      "mean": 22907702.6,
      "median": 21328439.0,
      "min": 21055005.0,
      "max": 37404233.0,
      "std_dev": 5095694.676600068
    }
  },
  "matrix": {
    "base_native": {
      "mean": 377940622.5,
      "median": 377940622.5,
      "min": 377893301.0,
      "max": 377987944.0,
      "std_dev": 66922.70709183841
    },
    "wasmtime_app": {
      "mean": 533440150.0,
      "median": 533440150.0,
      "min": 529333963.0,
      "max": 537546337.0,
      "std_dev": 5807025.345040092
    }
  },
  "matrix2": {
    "base_native": {
      "mean": 194276428.5,
      "median": 194274291.0,
      "min": 194259705.0,
      "max": 194297427.0,
      "std_dev": 16425.924174913263
    },
    "wasmtime_app": {
      "mean": 260353918.66666666,
      "median": 257711597.0,
      "min": 257636926.0,
      "max": 265713233.0,
      "std_dev": 4641452.523958889
    }
  },
  "memmove": {
    "base_native": {
      "mean": 47336099.0,
      "median": 47333061.5,
      "min": 47306801.0,
      "max": 47382721.0,
      "std_dev": 19932.421567776346
    },
    "wasmtime_app": {
      "mean": 520251351.5,
      "median": 520251351.5,
      "min": 515209881.0,
      "max": 525292822.0,
      "std_dev": 7129715.955403869
    }
  },
  "minicsv": {
    "base_native": {
      "mean": 749045197.0,
      "median": 749045197.0,
      "min": 749045197.0,
      "max": 749045197.0,
      "std_dev": 0.0
    },
    "wasmtime_app": {
      "mean": 1112298120.0,
      "median": 1112298120.0,
      "min": 1112298120.0,
      "max": 1112298120.0,
      "std_dev": 0.0
    }
  },
  "nestedloop": {
    "base_native": {
      "mean": 1580746.0909090908,
      "median": 1586439.0,
      "min": 1556016.0,
      "max": 1594438.0,
      "std_dev": 13848.469709354498
    },
    "wasmtime_app": {
      "mean": 6284753.0,
      "median": 6191603.5,
      "min": 6158293.0,
      "max": 7116737.0,
      "std_dev": 292932.4800495841
    }
  },
  "nestedloop2": {
    "base_native": {
      "mean": 1584364.0909090908,
      "median": 1589639.0,
      "min": 1561566.0,
      "max": 1616987.0,
      "std_dev": 16281.793092006454
    },
    "wasmtime_app": {
      "mean": 6268336.6,
      "median": 6183254.0,
      "min": 6142844.0,
      "max": 7042342.0,
      "std_dev": 273165.3786999126
    }
  },
  "nestedloop3": {
    "base_native": {
      "mean": 2091965.2727272727,
      "median": 2090654.0,
      "min": 2069605.0,
      "max": 2121227.0,
      "std_dev": 11734.12196196127
    },
    "wasmtime_app": {
      "mean": 6848827.9,
      "median": 6725885.0,
      "min": 6712311.0,
      "max": 7914566.0,
      "std_dev": 374911.065182857
    }
  },
  "random": {
    "base_native": {
      "mean": 577589927.0,
      "median": 577589927.0,
      "min": 577567804.0,
      "max": 577612050.0,
      "std_dev": 31286.646640379982
    },
    "wasmtime_app": {
      "mean": 290669879.0,
      "median": 290400678.0,
      "min": 290385729.0,
      "max": 291223230.0,
      "std_dev": 479274.31086070114
    }
  },
  "random2": {
    "base_native": {
      "mean": 577639123.5,
      "median": 577639123.5,
      "min": 577571753.0,
      "max": 577706494.0,
      "std_dev": 95276.2748038566
    },
    "wasmtime_app": {
      "mean": 290697702.3333333,
      "median": 290394528.0,
      "min": 290387729.0,
      "max": 291310850.0,
      "std_dev": 531012.3373842959
    }
  },
  "ratelimit": {
    "base_native": {
      "mean": 25939793.3,
      "median": 25942078.5,
      "min": 25915768.0,
      "max": 25964389.0,
      "std_dev": 13705.32898830881
    },
    "wasmtime_app": {
      "mean": 39037668.4,
      "median": 38327542.0,
      "min": 38252809.0,
      "max": 45552086.0,
      "std_dev": 2289085.630863711
    }
  },
  "seqhash": {
    "base_native": {
      "mean": 7113266452.0,
      "median": 7113266452.0,
      "min": 7113266452.0,
      "max": 7113266452.0,
      "std_dev": 0.0
    },
    "wasmtime_app": {
      "mean": 9697644113.0,
      "median": 9697644113.0,
      "min": 9697644113.0,
      "max": 9697644113.0,
      "std_dev": 0.0
    }
  },
  "sieve": {
    "base_native": {
      "mean": 569243709.0,
      "median": 569243709.0,
      "min": 569224435.0,
      "max": 569262983.0,
      "std_dev": 27257.552201179034
    },
    "wasmtime_app": {
      "mean": 766941899.0,
      "median": 766941899.0,
      "min": 766941899.0,
      "max": 766941899.0,
      "std_dev": 0.0
    }
  },
  "strcat": {
    "base_native": {
      "mean": 65863309.6,
      "median": 65850383.0,
      "min": 65841584.0,
      "max": 65974974.0,
      "std_dev": 39654.28158527707
    },
    "wasmtime_app": {
      "mean": 352971816.0,
      "median": 352971816.0,
      "min": 350436050.0,
      "max": 355507582.0,
      "std_dev": 3586114.668204574
    }
  },
  "strcat2": {
    "base_native": {
      "mean": 2598770.4545454546,
      "median": 2597143.0,
      "min": 2583694.0,
      "max": 2627516.0,
      "std_dev": 12404.182233131181
    },
    "wasmtime_app": {
      "mean": 9387525.8,
      "median": 8487870.5,
      "min": 8434886.0,
      "max": 17586806.0,
      "std_dev": 2881020.7804531828
    }
  },
  "strchr": {
    "base_native": {
      "mean": 155143711.8,
      "median": 155173380.0,
      "min": 154923747.0,
      "max": 155269198.0,
      "std_dev": 129592.58233286347
    },