{
  "ackermann": {
    "base_native": {
      "mean": 3163838.3,
      "median": 2859088.0,
      "min": 2820840.0,
      "max": 5991136.0,
      "std_dev": 993624.0256374697
    },
    "wasmtime_app": {
      "mean": 9116718.0,
      "median": 8791831.0,
      "min": 8065122.0,
      "max": 12609892.0,
      "std_dev": 1340563.0661738124
    }
  },
  "base64": {
    "base_native": {
      "mean": 249515362.33333334,
      "median": 249495797.0,
      "min": 249495247.0,
      "max": 249555043.0,
      "std_dev": 34365.56569203151
    },
    "wasmtime_app": {
      "mean": 358341759.0,
      "median": 358341759.0,
      "min": 351293217.0,
      "max": 365390301.0,
      "std_dev": 9968143.69135638
    }
  },
  "ctype": {
    "base_native": {
      "mean": 653693440.0,
      "median": 653693440.0,
      "min": 653680416.0,
      "max": 653706464.0,
      "std_dev": 18418.71743634719
    },
    "wasmtime_app": {
      "mean": 918469873.0,
      "median": 918469873.0,
      "min": 918469873.0,
      "max": 918469873.0,
      "std_dev": 0.0
    }
  },
  "ed25519": {
    "base_native": {
      "mean": 1433074213.0,
      "median": 1433074213.0,
      "min": 1433074213.0,
      "max": 1433074213.0,
      "std_dev": 0.0
    },
    "wasmtime_app": {
      "mean": 6717718385.0,
      "median": 6717718385.0,
      "min": 6717718385.0,
      "max": 6717718385.0,
      "std_dev": 0.0
    }
  },
  "fib2": {
    "base_native": {
      "mean": 6955928036.0,
      "median": 6955928036.0,
      "min": 6955928036.0,
      "max": 6955928036.0,
      "std_dev": 0.0
    },
    "wasmtime_app": {
      "mean": 10698660830.0,
      "median": 10698660830.0,
      "min": 10698660830.0,
      "max": 10698660830.0,
      "std_dev": 0.0
    }
  },
  "gimli": {
    "base_native": {
      "mean": 4149885.4,
      "median": 4142366.0,
      "min": 4127917.0,
      "max": 4206112.0,
      "std_dev": 22117.24278676908
    },
    "wasmtime_app": {
      "mean": 9473935.6,
      "median": 9334876.0,
      "min": 9299053.0,
      "max": 10779920.0,
      "std_dev": 459279.8470826547
    }
  },
  "heapsort": {
    "base_native": {
      "mean": 1076292570.0,
      "median": 1076292570.0,
      "min": 1076292570.0,
      "max": 1076292570.0,
      "std_dev": 0.0
    },
    "wasmtime_app": {
      "mean": 1220325639.0,
      "median": 1220325639.0,
      "min": 1220325639.0,
      "max": 1220325639.0,
      "std_dev": 0.0
    }
  },
  "keccak": {
    "base_native": {
      "mean": 7477965.0,
      "median": 7479065.0,
      "min": 7466928.0,
      "max": 7489552.0,
      "std_dev": 6466.14379329408
    },
    "wasmtime_app": {
      "mean": 22861706.9,
      "median": 21233346.0,
      "min": 21029195.0,
      "max": 37205587.0,
      "std_dev": 5044015.1780160535
    }
  },
  "matrix": {
    "base_native": {
      "mean": 377874915.5,
      "median": 377874915.5,
      "min": 377867803.0,
      "max": 377882028.0,
      "std_dev": 10058.593962378638
    },
    "wasmtime_app": {
      "mean": 533838676.0,
      "median": 533838676.0,
      "min": 529893647.0,
      "max": 537783705.0,
      "std_dev": 5579113.515755169
    }
  },
  "matrix2": {
    "base_native": {
      "mean": 194261169.5,
      "median": 194248589.0,
      "min": 194243689.0,
      "max": 194303811.0,
      "std_dev": 28577.866511223914
    },
    "wasmtime_app": {
      "mean": 260243508.33333334,
      "median": 257697243.0,
      "min": 257679219.0,
      "max": 265354063.0,
      "std_dev": 4425879.343914081
    }
  },
  "memmove": {
    "base_native": {
      "mean": 47340543.2,
      "median": 47340590.5,
      "min": 47319454.0,
      "max": 47364402.0,
      "std_dev": 14117.285880162031
    },
    "wasmtime_app": {
      "mean": 521402336.5,
      "median": 521402336.5,
      "min": 516494924.0,
      "max": 526309749.0,
      "std_dev": 6940129.313659256
    }
  },
  "minicsv": {
    "base_native": {
      "mean": 749228924.0,
      "median": 749228924.0,
      "min": 749228924.0,
      "max": 749228924.0,
      "std_dev": 0.0
    },
    "wasmtime_app": {
      "mean": 1104129458.0,
      "median": 1104129458.0,
      "min": 1104129458.0,
      "max": 1104129458.0,
      "std_dev": 0.0
    }
  },
  "nestedloop": {
    "base_native": {
      "mean": 1591409.7272727273,
      "median": 1594635.0,
      "min": 1570486.0,
      "max": 1605659.0,
      "std_dev": 11142.123703234578
    },
    "wasmtime_app": {
      "mean": 6440735.5,
      "median": 6172665.5,
      "min": 6150904.0,
      "max": 7247493.0,
      "std_dev": 449748.4731037635
    }
  },
  "nestedloop2": {
    "base_native": {
      "mean": 1570747.2727272727,
      "median": 1567736.0,
      "min": 1549937.0,
      "max": 1601034.0,
      "std_dev": 17082.19903929766
    },
    "wasmtime_app": {
      "mean": 6310605.5,
      "median": 6233225.0,
      "min": 6183428.0,
      "max": 7077502.0,
      "std_dev": 271015.4131185777
    }
  },
  "nestedloop3": {
    "base_native": {
      "mean": 2090238.2727272727,
      "median": 2088332.0,
      "min": 2065483.0,
      "max": 2144603.0,
      "std_dev": 20915.122548485866
    },
    "wasmtime_app": {
      "mean": 6841148.3,
      "median": 6715785.5,
      "min": 6703898.0,
      "max": 7967203.0,
      "std_dev": 395763.9680452225
    }
  },
  "random": {
    "base_native": {
      "mean": 577584759.5,
      "median": 577584759.5,
      "min": 577572860.0,
      "max": 577596659.0,
      "std_dev": 16828.434285458643
    },
    "wasmtime_app": {
      "mean": 290713557.3333333,
      "median": 290426782.0,
      "min": 290396733.0,
      "max": 291317157.0,
      "std_dev": 522948.5192639265
    }
  },
  "random2": {
    "base_native": {
      "mean": 577662829.5,
      "median": 577662829.5,
      "min": 577617682.0,
      "max": 577707977.0,
      "std_dev": 63848.20680723931
    },
    "wasmtime_app": {
      "mean": 290713282.0,
      "median": 290414657.0,
      "min": 290402083.0,
      "max": 291323106.0,
      "std_dev": 528160.4960625132
    }
  },
  "ratelimit": {
    "base_native": {
      "mean": 25911272.4,
      "median": 25912537.0,
      "min": 25882914.0,
      "max": 25934861.0,
      "std_dev": 14379.884006640821
    },
    "wasmtime_app": {
      "mean": 39031422.5,
      "median": 38304501.0,
      "min": 38286552.0,
      "max": 45560219.0,
      "std_dev": 2294016.115527732
    }
  },
  "seqhash": {
    "base_native": {
      "mean": 7127343964.0,
      "median": 7127343964.0,
      "min": 7127343964.0,
      "max": 7127343964.0,
      "std_dev": 0.0
    },
    "wasmtime_app": {
      "mean": 9647282712.0,
      "median": 9647282712.0,
      "min": 9647282712.0,
      "max": 9647282712.0,
      "std_dev": 0.0
    }
  },
  "sieve": {
    "base_native": {
      "mean": 569246067.5,
      "median": 569246067.5,
      "min": 569212682.0,
      "max": 569279453.0,
      "std_dev": 47214.226886606964
    },
    "wasmtime_app": {
      "mean": 767185985.0,
      "median": 767185985.0,
      "min": 767185985.0,
      "max": 767185985.0,
      "std_dev": 0.0
    }
  },
  "strcat": {
    "base_native": {
      "mean": 65847091.6,
      "median": 65836497.5,
      "min": 65819911.0,
      "max": 65946878.0,
      "std_dev": 36179.76528146945
    },
    "wasmtime_app": {
      "mean": 351257119.0,
      "median": 351257119.0,
      "min": 347265893.0,
      "max": 355248345.0,
      "std_dev": 5644445.939696118
    }
  },
  "strcat2": {
    "base_native": {
      "mean": 2586405.909090909,
      "median": 2586829.0,
      "min": 2568705.0,
      "max": 2605078.0,
      "std_dev": 11363.00594433133
    },
    "wasmtime_app": {
      "mean": 9379930.8,
      "median": 8475399.0,
      "min": 8436476.0,
      "max": 17593438.0,
      "std_dev": 2886003.8998018927
    }
  },
  "strchr": {
    "base_native": {
      "mean": 154666442.4,
      "median": 154672422.0,
      "min": 154589577.0,
      "max": 154763742.0,
      "std_dev": 66895.54456239966
    },