{
  "ackermann": {
    "base_native": {
      "mean": 3272170.3,
      "median": 2889745.5,
      "min": 2853486.0,
      "max": 6791775.0,
      "std_dev": 1236850.014191701
    },
    "wasmtime_app": {
      "mean": 8727211.7,
      "median": 8623588.0,
      "min": 7932404.0,
      "max": 10883679.0,
      "std_dev": 931713.3252867536
    }
  },
  "base64": {
    "base_native": {
      "mean": 252826156.0,
      "median": 253430466.0,
      "min": 251558765.0,
      "max": 253489237.0,
      "std_dev": 1097986.0963468526
    },
    "wasmtime_app": {
      "mean": 355097983.5,
      "median": 355097983.5,
      "min": 350402812.0,
      "max": 359793155.0,
      "std_dev": 6639975.212967629
    }
  },
  "ctype": {
    "base_native": {
      "mean": 654138841.5,
      "median": 654138841.5,
      "min": 653956216.0,
      "max": 654321467.0,
      "std_dev": 258271.45893516767
    },
    "wasmtime_app": {
      "mean": 985521608.0,
      "median": 985521608.0,
      "min": 985521608.0,
      "max": 985521608.0,
      "std_dev": 0.0
    }
  },
  "ed25519": {
    "base_native": {
      "mean": 1434913947.0,
      "median": 1434913947.0,
      "min": 1434913947.0,
      "max": 1434913947.0,
      "std_dev": 0.0
    },
    "wasmtime_app": {
      "mean": 6754564710.0,
      "median": 6754564710.0,
      "min": 6754564710.0,
      "max": 6754564710.0,
      "std_dev": 0.0
    }
  },
  "fib2": {
    "base_native": {
      "mean": 6956784511.0,
      "median": 6956784511.0,
      "min": 6956784511.0,
      "max": 6956784511.0,
      "std_dev": 0.0
    },
    "wasmtime_app": {
      "mean": 10666614678.0,
      "median": 10666614678.0,
      "min": 10666614678.0,
      "max": 10666614678.0,
      "std_dev": 0.0
    }
  },
  "gimli": {
    "base_native": {
      "mean": 4149812.4,
      "median": 4149212.5,
      "min": 4125826.0,
      "max": 4165874.0,
      "std_dev": 13250.436229297005
    },
    "wasmtime_app": {
      "mean": 9530329.0,
      "median": 9378905.5,
      "min": 9340795.0,
      "max": 10912477.0,
      "std_dev": 486319.7004762745
    }
  },
  "heapsort": {
    "base_native": {
      "mean": 1076645349.0,
      "median": 1076645349.0,
      "min": 1076645349.0,
      "max": 1076645349.0,
      "std_dev": 0.0
    },
    "wasmtime_app": {
      "mean": 1220664509.0,
      "median": 1220664509.0,
      "min": 1220664509.0,
      "max": 1220664509.0,
      "std_dev": 0.0
    }
  },
  "keccak": {
    "base_native": {
      "mean": 7472942.0,
      "median": 7474716.5,
      "min": 7459406.0,
      "max": 7481304.0,
      "std_dev": 7504.074389586263
    },
    "wasmtime_app": {
      "mean": 22944870.8,
      "median": 21355357.5,
      "min": 21207541.0,
      "max": 37426879.0,
      "std_dev": 5088795.173584887
    }
  },
  "matrix": {
    "base_native": {
      "mean": 377892623.5,
      "median": 377892623.5,
      "min": 377881749.0,
      "max": 377903498.0,
      "std_dev": 15378.865384026221
    },
    "wasmtime_app": {
      "mean": 533982746.0,
      "median": 533982746.0,
      "min": 529834867.0,
      "max": 538130625.0,
      "std_dev": 5865986.736882552
    }
  },
  "matrix2": {
    "base_native": {
      "mean": 194276008.75,
      "median": 194264122.0,
      "min": 194254085.0,
      "max": 194321706.0,
      "std_dev": 30924.779766124986
    },
    "wasmtime_app": {
      "mean": 260282499.66666666,
      "median": 257702561.0,
      "min": 257653439.0,
      "max": 265491499.0,
      "std_dev": 4511192.612128342
    }
  },
  "memmove": {
    "base_native": {
      "mean": 47330047.4,
      "median": 47324877.5,
      "min": 47298392.0,
      "max": 47399785.0,
      "std_dev": 28038.07969014838
    },
    "wasmtime_app": {
      "mean": 521748697.0,
      "median": 521748697.0,
      "min": 515480244.0,
      "max": 528017150.0,
      "std_dev": 8864931.247698314
    }
  },
  "minicsv": {
    "base_native": {
      "mean": 755896390.0,
      "median": 755896390.0,
      "min": 755896390.0,
      "max": 755896390.0,
      "std_dev": 0.0
    },
    "wasmtime_app": {
      "mean": 1105862694.0,
      "median": 1105862694.0,
      "min": 1105862694.0,
      "max": 1105862694.0,
      "std_dev": 0.0
    }
  },
  "nestedloop": {
    "base_native": {
      "mean": 1587414.9090909092,
      "median": 1581645.0,
      "min": 1551347.0,
      "max": 1640766.0,
      "std_dev": 25955.821599227198
    },
    "wasmtime_app": {
      "mean": 6295246.0,
      "median": 6205431.5,
      "min": 6174758.0,
      "max": 7150075.0,
      "std_dev": 300845.17967478815
    }
  },
  "nestedloop2": {
    "base_native": {
      "mean": 1581049.4545454546,
      "median": 1589769.0,
      "min": 1552747.0,
      "max": 1599369.0,
      "std_dev": 17935.841348337337
    },
    "wasmtime_app": {
      "mean": 6343538.2,
      "median": 6231730.0,
      "min": 6184858.0,
      "max": 7164524.0,
      "std_dev": 302708.2002614252
    }
  },
  "nestedloop3": {
    "base_native": {
      "mean": 2093456.4545454546,
      "median": 2084661.0,
      "min": 2081437.0,
      "max": 2157932.0,
      "std_dev": 22081.255495843696
    },
    "wasmtime_app": {
      "mean": 6868452.1,
      "median": 6759986.0,
      "min": 6717526.0,
      "max": 7944503.0,
      "std_dev": 378603.0880323819
    }
  },
  "random": {
    "base_native": {
      "mean": 577578787.0,
      "median": 577578787.0,
      "min": 577561251.0,
      "max": 577596323.0,
      "std_dev": 24799.649029774595
    },
    "wasmtime_app": {
      "mean": 290690354.3333333,
      "median": 290406146.0,
      "min": 290392922.0,
      "max": 291271995.0,
      "std_dev": 503758.9873980745
    }
  },
  "random2": {
    "base_native": {
      "mean": 577665868.5,
      "median": 577665868.5,
      "min": 577631771.0,
      "max": 577699966.0,
      "std_dev": 48221.14694301661
    },
    "wasmtime_app": {
      "mean": 290695279.0,
      "median": 290393172.0,
      "min": 290384697.0,
      "max": 291307968.0,
      "std_dev": 530621.1590645439
    }
  },
  "ratelimit": {
    "base_native": {
      "mean": 25907121.3,
      "median": 25906296.5,
      "min": 25889885.0,
      "max": 25927732.0,
      "std_dev": 12012.09677366945
    },
    "wasmtime_app": {
      "mean": 39044563.0,
      "median": 38312564.0,
      "min": 38298002.0,
      "max": 45585395.0,
      "std_dev": 2298301.952244889
    }
  },
  "seqhash": {
    "base_native": {
      "mean": 7105939359.0,
      "median": 7105939359.0,
      "min": 7105939359.0,
      "max": 7105939359.0,
      "std_dev": 0.0
    },
    "wasmtime_app": {
      "mean": 9682784768.0,
      "median": 9682784768.0,
      "min": 9682784768.0,
      "max": 9682784768.0,
      "std_dev": 0.0
    }
  },
  "sieve": {
    "base_native": {
      "mean": 569371930.5,
      "median": 569371930.5,
      "min": 569342270.0,
      "max": 569401591.0,
      "std_dev": 41946.28136676719
    },
    "wasmtime_app": {
      "mean": 767500968.0,
      "median": 767500968.0,
      "min": 767500968.0,
      "max": 767500968.0,
      "std_dev": 0.0
    }
  },
  "strcat": {
    "base_native": {
      "mean": 65853723.1,
      "median": 65838926.5,
      "min": 65823765.0,
      "max": 65992704.0,
      "std_dev": 50382.45018401194
    },
    "wasmtime_app": {
      "mean": 351219488.5,
      "median": 351219488.5,
      "min": 347205377.0,
      "max": 355233600.0,
      "std_dev": 5676810.924177808
    }
  },
  "strcat2": {
    "base_native": {
      "mean": 2584903.1818181816,
      "median": 2583953.0,
      "min": 2568254.0,
      "max": 2605927.0,
      "std_dev": 11115.558265945818
    },
    "wasmtime_app": {
      "mean": 9422072.9,
      "median": 8505232.0,
      "min": 8448348.0,
      "max": 17702174.0,
      "std_dev": 2909474.2012113705
    }
  },
  "strchr": {
    "base_native": {
      "mean": 154605985.6,
      "median": 154582387.0,
      "min": 154564263.0,
      "max": 154676881.0,
      "std_dev": 45309.64199593724
    },