{
  "ackermann": {
    "base_native": {
      "mean": 2892325.8181818184,
      "median": 2881206.0,
      "min": 2875956.0,
      "max": 2942078.0,
      "std_dev": 20070.13220593318
    },
    "wasmtime_app": {
      "mean": 9207204.4,
      "median": 8499561.5,
      "min": 7970796.0,
      "max": 15913995.0,
      "std_dev": 2408824.89725856
    }
  },
  "base64": {
    "base_native": {
      "mean": 252394163.66666666,
      "median": 253390664.0,
      "min": 250321968.0,
      "max": 253469859.0,
      "std_dev": 1795010.8976606056
    },
    "wasmtime_app": {
      "mean": 355136696.5,
      "median": 355136696.5,
      "min": 350493354.0,
      "max": 359780039.0,
      "std_dev": 6566677.938243393
    }
  },
  "ctype": {
    "base_native": {
      "mean": 654594413.5,
      "median": 654594413.5,
      "min": 654284507.0,
      "max": 654904320.0,
      "std_dev": 438273.9753675776
    },
    "wasmtime_app": {
      "mean": 983505442.0,
      "median": 983505442.0,
      "min": 983505442.0,
      "max": 983505442.0,
      "std_dev": 0.0
    }
  },
  "ed25519": {
    "base_native": {
      "mean": 1433020339.0,
      "median": 1433020339.0,
      "min": 1433020339.0,
      "max": 1433020339.0,
      "std_dev": 0.0
    },
    "wasmtime_app": {
      "mean": 6765072838.0,
      "median": 6765072838.0,
      "min": 6765072838.0,
      "max": 6765072838.0,
      "std_dev": 0.0
    }
  },
  "fib2": {
    "base_native": {
      "mean": 6955940450.0,
      "median": 6955940450.0,
      "min": 6955940450.0,
      "max": 6955940450.0,
      "std_dev": 0.0
    },
    "wasmtime_app": {
      "mean": 10680032397.0,
      "median": 10680032397.0,
      "min": 10680032397.0,
      "max": 10680032397.0,
      "std_dev": 0.0
    }
  },
  "gimli": {
    "base_native": {
      "mean": 4164990.9,
      "median": 4149719.5,
      "min": 4124783.0,
      "max": 4284324.0,
      "std_dev": 45696.6079252911
    },
    "wasmtime_app": {
      "mean": 9559938.6,
      "median": 9385815.0,
      "min": 9353880.0,
      "max": 11131587.0,
      "std_dev": 552537.5971696809
    }
  },
  "heapsort": {
    "base_native": {
      "mean": 1076333338.0,
      "median": 1076333338.0,
      "min": 1076333338.0,
      "max": 1076333338.0,
      "std_dev": 0.0
    },
    "wasmtime_app": {
      "mean": 1220447095.0,
      "median": 1220447095.0,
      "min": 1220447095.0,
      "max": 1220447095.0,
      "std_dev": 0.0
    }
  },
  "keccak": {
    "base_native": {
      "mean": 7476580.0,
      "median": 7480824.5,
      "min": 7452164.0,
      "max": 7488537.0,
      "std_dev": 11435.922408504412
    },
    "wasmtime_app": {
      "mean": 22895152.7,
      "median": 21280752.0,
      "min": 21055655.0,
      "max": 37241382.0,
      "std_dev": 5042620.838997714
    }
  },
  "matrix": {
    "base_native": {
      "mean": 377875062.5,
      "median": 377875062.5,
      "min": 377851064.0,
      "max": 377899061.0,
      "std_dev": 33939.004176610724
    },
    "wasmtime_app": {
      "mean": 533690055.0,
      "median": 533690055.0,
      "min": 529688108.0,
      "max": 537692002.0,
      "std_dev": 5659607.723298321
    }
  },
  "matrix2": {
    "base_native": {
      "mean": 194259751.25,
      "median": 194247820.5,
      "min": 194234022.0,
      "max": 194309342.0,
      "std_dev": 33989.52133991691
    },
    "wasmtime_app": {
      "mean": 260304729.33333334,
      "median": 257759223.0,
      "min": 257753923.0,
      "max": 265401042.0,
      "std_dev": 4413537.030525555
    }
  },
  "memmove": {
    "base_native": {
      "mean": 47326535.8,
      "median": 47332720.5,
      "min": 47301610.0,
      "max": 47343832.0,
      "std_dev": 14618.627407827622
    },
    "wasmtime_app": {
      "mean": 520530401.5,
      "median": 520530401.5,
      "min": 515895271.0,
      "max": 525165532.0,
      "std_dev": 6555064.416469186
    }
  },
  "minicsv": {
    "base_native": {
      "mean": 755691629.0,
      "median": 755691629.0,
      "min": 755691629.0,
      "max": 755691629.0,
      "std_dev": 0.0
    },
    "wasmtime_app": {
      "mean": 1103758725.0,
      "median": 1103758725.0,
      "min": 1103758725.0,
      "max": 1103758725.0,
      "std_dev": 0.0
    }
  },
  "nestedloop": {
    "base_native": {
      "mean": 1573359.7272727273,
      "median": 1575882.0,
      "min": 1537935.0,
      "max": 1644078.0,
      "std_dev": 28193.956583249925
    },
    "wasmtime_app": {
      "mean": 6319200.8,
      "median": 6221787.0,
      "min": 6204213.0,
      "max": 7178099.0,
      "std_dev": 302116.26297275396
    }
  },
  "nestedloop2": {
    "base_native": {
      "mean": 1572764.3636363635,
      "median": 1580107.0,
      "min": 1546234.0,
      "max": 1586457.0,
      "std_dev": 13820.13780157584
    },
    "wasmtime_app": {
      "mean": 6310031.5,
      "median": 6238011.0,
      "min": 6181115.0,
      "max": 7085480.0,
      "std_dev": 273706.1665713191
    }
  },
  "nestedloop3": {
    "base_native": {
      "mean": 2075550.7272727273,
      "median": 2073553.0,
      "min": 2050505.0,
      "max": 2092252.0,
      "std_dev": 11728.512370210548
    },
    "wasmtime_app": {
      "mean": 6868136.9,
      "median": 6750277.0,
      "min": 6726379.0,
      "max": 7926549.0,
      "std_dev": 372081.0397595454
    }
  },
  "random": {
    "base_native": {
      "mean": 577569890.5,
      "median": 577569890.5,
      "min": 577554191.0,
      "max": 577585590.0,
      "std_dev": 22202.445822476406
    },
    "wasmtime_app": {
      "mean": 290735205.3333333,
      "median": 290459682.0,
      "min": 290444108.0,
      "max": 291301826.0,
      "std_dev": 490769.6733594419
    }
  },
  "random2": {
    "base_native": {
      "mean": 577632299.5,
      "median": 577632299.5,
      "min": 577549667.0,
      "max": 577714932.0,
      "std_dev": 116860.00219279478
    },
    "wasmtime_app": {
      "mean": 290732521.6666667,
      "median": 290430208.0,
      "min": 290429809.0,
      "max": 291337548.0,
      "std_dev": 523968.2126048615
    }
  },
  "ratelimit": {
    "base_native": {
      "mean": 25916892.2,
      "median": 25912560.0,
      "min": 25908110.0,
      "max": 25958632.0,
      "std_dev": 14983.869532860255
    },
    "wasmtime_app": {
      "mean": 39086645.2,
      "median": 38366983.0,
      "min": 38332135.0,
      "max": 45611453.0,
      "std_dev": 2292657.6614239546
    }
  },
  "seqhash": {
    "base_native": {
      "mean": 7121868301.0,
      "median": 7121868301.0,
      "min": 7121868301.0,
      "max": 7121868301.0,
      "std_dev": 0.0
    },
    "wasmtime_app": {
      "mean": 9699946428.0,
      "median": 9699946428.0,
      "min": 9699946428.0,
      "max": 9699946428.0,
      "std_dev": 0.0
    }
  },
  "sieve": {
    "base_native": {
      "mean": 569223478.5,
      "median": 569223478.5,
      "min": 569212404.0,
      "max": 569234553.0,
      "std_dev": 15661.70809650084
    },
    "wasmtime_app": {
      "mean": 766911492.0,
      "median": 766911492.0,
      "min": 766911492.0,
      "max": 766911492.0,
      "std_dev": 0.0
    }
  },
  "strcat": {
    "base_native": {
      "mean": 65852450.4,
      "median": 65842651.0,
      "min": 65830577.0,
      "max": 65946145.0,
      "std_dev": 33712.15752415341
    },
    "wasmtime_app": {
      "mean": 349749666.0,
      "median": 349749666.0,
      "min": 344251718.0,
      "max": 355247614.0,
      "std_dev": 7775272.626822033
    }
  },
  "strcat2": {
    "base_native": {
      "mean": 2593443.272727273,
      "median": 2591723.0,
      "min": 2572324.0,
      "max": 2622621.0,
      "std_dev": 13550.89152853722
    },
    "wasmtime_app": {
      "mean": 9404314.0,
      "median": 8498124.0,
      "min": 8467164.0,
      "max": 17597934.0,
      "std_dev": 2878971.16594341
    }
  },
  "strchr": {
    "base_native": {
      "mean": 155092639.4,
      "median": 155117808.0,
      "min": 154876072.0,
      "max": 155186679.0,
      "std_dev": 126033.47065283888
    },