{
  "ackermann": {
    "base_native": {
      "mean": 3489933.2,
      "median": 2970543.5,
      "min": 2940308.0,
      "max": 8200548.0,
      "std_dev": 1655201.665974324
    },
    "wasmtime_app": {
      "mean": 8661600.1,
      "median": 8294808.5,
      "min": 7936753.0,
      "max": 12236636.0,
      "std_dev": 1301046.494128088
    }
  },
  "base64": {
    "base_native": {
      "mean": 254656945.66666666,
      "median": 253437444.0,
      "min": 251878856.0,
      "max": 258654537.0,
      "std_dev": 3548640.794683555
    },
    "wasmtime_app": {
      "mean": 355070823.0,
      "median": 355070823.0,
      "min": 350443096.0,
      "max": 359698550.0,
      "std_dev": 6544594.286360156
    }
  },
  "ctype": {
    "base_native": {
      "mean": 654060134.0,
      "median": 654060134.0,
      "min": 653737222.0,
      "max": 654383046.0,
      "std_dev": 456666.52985302085
    },
    "wasmtime_app": {
      "mean": 990075782.0,
      "median": 990075782.0,
      "min": 990075782.0,
      "max": 990075782.0,
      "std_dev": 0.0
    }
  },
  "ed25519": {
    "base_native": {
      "mean": 1433704649.0,
      "median": 1433704649.0,
      "min": 1433704649.0,
      "max": 1433704649.0,
      "std_dev": 0.0
    },
    "wasmtime_app": {
      "mean": 6736034741.0,
      "median": 6736034741.0,
      "min": 6736034741.0,
      "max": 6736034741.0,
      "std_dev": 0.0
    }
  },
  "fib2": {
    "base_native": {
      "mean": 6956471031.0,
      "median": 6956471031.0,
      "min": 6956471031.0,
      "max": 6956471031.0,
      "std_dev": 0.0
    },
    "wasmtime_app": {
      "mean": 10668581059.0,
      "median": 10668581059.0,
      "min": 10668581059.0,
      "max": 10668581059.0,
      "std_dev": 0.0
    }
  },
  "gimli": {
    "base_native": {
      "mean": 4142272.3,
      "median": 4140510.0,
      "min": 4130210.0,
      "max": 4166234.0,
      "std_dev": 10760.459583844715
    },
    "wasmtime_app": {
      "mean": 9503990.0,
      "median": 9358798.0,
      "min": 9340899.0,
      "max": 10841215.0,
      "std_dev": 469940.7737922349
    }
  },
  "heapsort": {
    "base_native": {
      "mean": 1076673675.0,
      "median": 1076673675.0,
      "min": 1076673675.0,
      "max": 1076673675.0,
      "std_dev": 0.0
    },
    "wasmtime_app": {
      "mean": 1220534375.0,
      "median": 1220534375.0,
      "min": 1220534375.0,
      "max": 1220534375.0,
      "std_dev": 0.0
    }
  },
  "keccak": {
    "base_native": {
      "mean": 7483901.9,
      "median": 7486314.5,
      "min": 7466428.0,
      "max": 7497651.0,
      "std_dev": 10624.24351764502
    },
    "wasmtime_app": {
      "mean": 22845610.0,
      "median": 21210707.0,
      "min": 21041691.0,
      "max": 37141186.0,
      "std_dev": 5025532.851010107
    }
  },
  "matrix": {
    "base_native": {
      "mean": 377928167.0,
      "median": 377928167.0,
      "min": 377926467.0,
      "max": 377929867.0,
      "std_dev": 2404.1630560342614
    },
    "wasmtime_app": {
      "mean": 534305695.5,
      "median": 534305695.5,
      "min": 529756914.0,
      "max": 538854477.0,
      "std_dev": 6432948.489571831
    }
  },
  "matrix2": {
    "base_native": {
      "mean": 194295452.25,
      "median": 194282596.5,
      "min": 194268172.0,
      "max": 194348444.0,
      "std_dev": 37233.40670576179
    },
    "wasmtime_app": {
      "mean": 260224143.33333334,
      "median": 257669637.0,
      "min": 257648713.0,
      "max": 265354080.0,
      "std_dev": 4442667.791592382
    }
  },
  "memmove": {
    "base_native": {
      "mean": 47353688.6,
      "median": 47332392.0,
      "min": 47312818.0,
      "max": 47456487.0,
      "std_dev": 50227.467034592846
    },
    "wasmtime_app": {
      "mean": 520536844.5,
      "median": 520536844.5,
      "min": 515540313.0,
      "max": 525533376.0,
      "std_dev": 7066162.612124384
    }
  },
  "minicsv": {
    "base_native": {
      "mean": 734968166.0,
      "median": 734968166.0,
      "min": 734968166.0,
      "max": 734968166.0,
      "std_dev": 0.0
    },
    "wasmtime_app": {
      "mean": 1106071811.0,
      "median": 1106071811.0,
      "min": 1106071811.0,
      "max": 1106071811.0,
      "std_dev": 0.0
    }
  },
  "nestedloop": {
    "base_native": {
      "mean": 1578618.5454545454,
      "median": 1583587.0,
      "min": 1554163.0,
      "max": 1596361.0,
      "std_dev": 14721.066743708734
    },
    "wasmtime_app": {
      "mean": 6284438.7,
      "median": 6190889.0,
      "min": 6177527.0,
      "max": 7143448.0,
      "std_dev": 301922.53554441186
    }
  },
  "nestedloop2": {
    "base_native": {
      "mean": 1656322.1818181819,
      "median": 1592311.0,
      "min": 1536863.0,
      "max": 2388754.0,
      "std_dev": 243991.313955976
    },
    "wasmtime_app": {
      "mean": 6297397.8,
      "median": 6205988.0,
      "min": 6173877.0,
      "max": 7133298.0,
      "std_dev": 294502.75055187894
    }
  },
  "nestedloop3": {
    "base_native": {
      "mean": 2093159.3636363635,
      "median": 2087966.0,
      "min": 2062342.0,
      "max": 2168888.0,
      "std_dev": 26614.548379684096
    },
    "wasmtime_app": {
      "mean": 6869875.6,
      "median": 6746282.5,
      "min": 6723146.0,
      "max": 7958827.0,
      "std_dev": 383342.9919502608
    }
  },
  "random": {
    "base_native": {
      "mean": 577637348.5,
      "median": 577637348.5,
      "min": 577624699.0,
      "max": 577649998.0,
      "std_dev": 17889.094457238465
    },
    "wasmtime_app": {
      "mean": 290714787.3333333,
      "median": 290427895.0,
      "min": 290425720.0,
      "max": 291290747.0,
      "std_dev": 498796.8883988084
    }
  },
  "random2": {
    "base_native": {
      "mean": 577765244.0,
      "median": 577765244.0,
      "min": 577616525.0,
      "max": 577913963.0,
      "std_dev": 210320.42678256432
    },
    "wasmtime_app": {
      "mean": 290736302.6666667,
      "median": 290442769.0,
      "min": 290412871.0,
      "max": 291353268.0,
      "std_dev": 534516.7345390912
    }
  },
  "ratelimit": {
    "base_native": {
      "mean": 25928298.3,
      "median": 25922343.5,
      "min": 25910719.0,
      "max": 25964492.0,
      "std_dev": 17039.758984015396
    },
    "wasmtime_app": {
      "mean": 39031787.5,
      "median": 38306783.5,
      "min": 38276522.0,
      "max": 45563388.0,
      "std_dev": 2295024.1894942704
    }
  },
  "seqhash": {
    "base_native": {
      "mean": 7116156104.0,
      "median": 7116156104.0,
      "min": 7116156104.0,
      "max": 7116156104.0,
      "std_dev": 0.0
    },
    "wasmtime_app": {
      "mean": 9683577690.0,
      "median": 9683577690.0,
      "min": 9683577690.0,
      "max": 9683577690.0,
      "std_dev": 0.0
    }
  },
  "sieve": {
    "base_native": {
      "mean": 569274606.5,
      "median": 569274606.5,
      "min": 569270382.0,
      "max": 569278831.0,
      "std_dev": 5974.34519424514
    },
    "wasmtime_app": {
      "mean": 767173540.0,
      "median": 767173540.0,
      "min": 767173540.0,
      "max": 767173540.0,
      "std_dev": 0.0
    }
  },
  "strcat": {
    "base_native": {
      "mean": 65897033.3,
      "median": 65854767.5,
      "min": 65834831.0,
      "max": 66065997.0,
      "std_dev": 80410.78338140421
    },
    "wasmtime_app": {
      "mean": 352703681.0,
      "median": 352703681.0,
      "min": 350153562.0,
      "max": 355253800.0,
      "std_dev": 3606412.875465315
    }
  },
  "strcat2": {
    "base_native": {
      "mean": 2594871.272727273,
      "median": 2591121.0,
      "min": 2575397.0,
      "max": 2614271.0,
      "std_dev": 13000.250198291638
    },
    "wasmtime_app": {
      "mean": 9374962.4,
      "median": 8467661.0,
      "min": 8425851.0,
      "max": 17563137.0,
      "std_dev": 2877142.086052647
    }
  },
  "strchr": {
    "base_native": {
      "mean": 155007879.2,
      "median": 155077306.0,
      "min": 154711121.0,
      "max": 155096356.0,
      "std_dev": 166398.89620637512
    },