{
  "ackermann": {
    "base_native": {
      "mean": 3251427.0,
      "median": 2885355.0,
      "min": 2849032.0,
      "max": 6561497.0,
      "std_dev": 1163193.3315521255
    },
    "wasmtime_app": {
      "mean": 8876157.8,
      "median": 8295314.0,
      "min": 7939517.0,
      "max": 13057935.0,
      "std_dev": 1572033.9499173814
    }
  },
  "base64": {
    "base_native": {
      "mean": 253111600.33333334,
      "median": 253382737.0,
      "min": 252470482.0,
      "max": 253481582.0,
      "std_dev": 557420.0584015015
    },
    "wasmtime_app": {
      "mean": 355056415.5,
      "median": 355056415.5,
      "min": 350434546.0,
      "max": 359678285.0,
      "std_dev": 6536310.530418555
    }
  },
  "ctype": {
    "base_native": {
      "mean": 654033114.5,
      "median": 654033114.5,
      "min": 653779402.0,
      "max": 654286827.0,
      "std_dev": 358803.6584435839
    },
    "wasmtime_app": {
      "mean": 935135264.0,
      "median": 935135264.0,
      "min": 935135264.0,
      "max": 935135264.0,
      "std_dev": 0.0
    }
  },
  "ed25519": {
    "base_native": {
      "mean": 1433313270.0,
      "median": 1433313270.0,
      "min": 1433313270.0,
      "max": 1433313270.0,
      "std_dev": 0.0
    },
    "wasmtime_app": {
      "mean": 6764614317.0,
      "median": 6764614317.0,
      "min": 6764614317.0,
      "max": 6764614317.0,
      "std_dev": 0.0
    }
  },
  "fib2": {
    "base_native": {
      "mean": 6956236562.0,
      "median": 6956236562.0,
      "min": 6956236562.0,
      "max": 6956236562.0,
      "std_dev": 0.0
    },
    "wasmtime_app": {
      "mean": 10663709302.0,
      "median": 10663709302.0,
      "min": 10663709302.0,
      "max": 10663709302.0,
      "std_dev": 0.0
    }
  },
  "gimli": {
    "base_native": {
      "mean": 4141145.0,
      "median": 4142067.5,
      "min": 4129868.0,
      "max": 4149992.0,
      "std_dev": 5730.230167958158
    },
    "wasmtime_app": {
      "mean": 9515931.8,
      "median": 9363279.0,
      "min": 9331806.0,
      "max": 10852460.0,
      "std_dev": 470396.4001151464
    }
  },
  "heapsort": {
    "base_native": {
      "mean": 1076468353.0,
      "median": 1076468353.0,
      "min": 1076468353.0,
      "max": 1076468353.0,
      "std_dev": 0.0
    },
    "wasmtime_app": {
      "mean": 1221068247.0,
      "median": 1221068247.0,
      "min": 1221068247.0,
      "max": 1221068247.0,
      "std_dev": 0.0
    }
  },
  "keccak": {
    "base_native": {
      "mean": 7479928.1,
      "median": 7480751.0,
      "min": 7466376.0,
      "max": 7491175.0,
      "std_dev": 7511.61274960311
    },
    "wasmtime_app": {
      "mean": 22873405.6,
      "median": 21254869.5,
      "min": 21012576.0,
      "max": 37324928.0,
      "std_dev": 5080669.276686449
    }
  },
  "matrix": {
    "base_native": {
      "mean": 377905476.0,
      "median": 377905476.0,
      "min": 377889464.0,
      "max": 377921488.0,
      "std_dev": 22644.387560717998
    },
    "wasmtime_app": {
      "mean": 533811669.5,
      "median": 533811669.5,
      "min": 529647651.0,
      "max": 537975688.0,
      "std_dev": 5888811.436672471
    }
  },
  "matrix2": {
    "base_native": {
      "mean": 194269159.5,
      "median": 194265228.5,
      "min": 194247567.0,
      "max": 194298614.0,
      "std_dev": 22131.967535671112
    },
    "wasmtime_app": {
      "mean": 260256509.66666666,
      "median": 257713504.0,
      "min": 257710454.0,
      "max": 265345571.0,
      "std_dev": 4407256.659924213
    }
  },
  "memmove": {
    "base_native": {
      "mean": 47340428.8,
      "median": 47340071.5,
      "min": 47314360.0,
      "max": 47373007.0,
      "std_dev": 16421.854292375145
    },
    "wasmtime_app": {
      "mean": 521244595.5,
      "median": 521244595.5,
      "min": 516628963.0,
      "max": 525860228.0,
      "std_dev": 6527490.080430035
    }
  },
  "minicsv": {
    "base_native": {
      "mean": 750056240.0,
      "median": 750056240.0,
      "min": 750056240.0,
      "max": 750056240.0,
      "std_dev": 0.0
    },
    "wasmtime_app": {
      "mean": 1113973899.0,
      "median": 1113973899.0,
      "min": 1113973899.0,
      "max": 1113973899.0,
      "std_dev": 0.0
    }
  },
  "nestedloop": {
    "base_native": {
      "mean": 1571718.7272727273,
      "median": 1578096.0,
      "min": 1547672.0,
      "max": 1598295.0,
      "std_dev": 15846.988275952684
    },
    "wasmtime_app": {
      "mean": 6259098.6,
      "median": 6173795.5,
      "min": 6088190.0,
      "max": 7122557.0,
      "std_dev": 304980.68623482814
    }
  },
  "nestedloop2": {
    "base_native": {
      "mean": 1571607.4545454546,
      "median": 1575896.0,
      "min": 1550397.0,
      "max": 1593620.0,
      "std_dev": 15249.930454684942
    },
    "wasmtime_app": {
      "mean": 6269103.0,
      "median": 6188532.0,
      "min": 6159784.0,
      "max": 7017116.0,
      "std_dev": 263532.37706252
    }
  },
  "nestedloop3": {
    "base_native": {
      "mean": 2081375.1818181819,
      "median": 2078796.0,
      "min": 2051422.0,
      "max": 2137743.0,
      "std_dev": 22071.947742862125
    },
    "wasmtime_app": {
      "mean": 6845626.9,
      "median": 6713740.0,
      "min": 6686042.0,
      "max": 7916919.0,
      "std_dev": 377907.6392907693
    }
  },
  "random": {
    "base_native": {
      "mean": 577646956.5,
      "median": 577646956.5,
      "min": 577584785.0,
      "max": 577709128.0,
      "std_dev": 87923.77849307888
    },
    "wasmtime_app": {
      "mean": 290694836.0,
      "median": 290429874.0,
      "min": 290412900.0,
      "max": 291241734.0,
      "std_dev": 473703.5950591889
    }
  },
  "random2": {
    "base_native": {
      "mean": 577690092.0,
      "median": 577690092.0,
      "min": 577656181.0,
      "max": 577724003.0,
      "std_dev": 47957.39611363403
    },
    "wasmtime_app": {
      "mean": 290724784.0,
      "median": 290420975.0,
      "min": 290416575.0,
      "max": 291336802.0,
      "std_dev": 530027.7013921065
    }
  },
  "ratelimit": {
    "base_native": {
      "mean": 25922114.1,
      "median": 25922016.5,
      "min": 25900630.0,
      "max": 25952753.0,
      "std_dev": 15383.442884767015
    },
    "wasmtime_app": {
      "mean": 39040016.0,
      "median": 38318311.0,
      "min": 38277227.0,
      "max": 45569096.0,
      "std_dev": 2294204.0519178375
    }
  },
  "seqhash": {
    "base_native": {
      "mean": 7120966554.0,
      "median": 7120966554.0,
      "min": 7120966554.0,
      "max": 7120966554.0,
      "std_dev": 0.0
    },
    "wasmtime_app": {
      "mean": 9679780297.0,
      "median": 9679780297.0,
      "min": 9679780297.0,
      "max": 9679780297.0,
      "std_dev": 0.0
    }
  },
  "sieve": {
    "base_native": {
      "mean": 569312710.5,
      "median": 569312710.5,
      "min": 569273450.0,
      "max": 569351971.0,
      "std_dev": 55522.7315655489
    },
    "wasmtime_app": {
      "mean": 766749847.0,
      "median": 766749847.0,
      "min": 766749847.0,
      "max": 766749847.0,
      "std_dev": 0.0
    }
  },
  "strcat": {
    "base_native": {
      "mean": 65851166.0,
      "median": 65848446.5,
      "min": 65821810.0,
      "max": 65910581.0,
      "std_dev": 24105.759450112055
    },
    "wasmtime_app": {
      "mean": 354362733.5,
      "median": 354362733.5,
      "min": 350360827.0,
      "max": 358364640.0,
      "std_dev": 5659550.447649045
    }
  },
  "strcat2": {
    "base_native": {
      "mean": 2582668.1818181816,
      "median": 2579146.0,
      "min": 2565046.0,
      "max": 2602744.0,
      "std_dev": 13246.636537764458
    },
    "wasmtime_app": {
      "mean": 9454061.7,
      "median": 8509259.5,
      "min": 8466950.0,
      "max": 17677567.0,
      "std_dev": 2890931.821831695
    }
  },
  "strchr": {
    "base_native": {
      "mean": 154617277.6,
      "median": 154598898.0,
      "min": 154587274.0,
      "max": 154691294.0,
      "std_dev": 42623.46884991882
    },