{
  "ackermann": {
    "base_native": {
      "mean": 3285504.1,
      "median": 2978635.0,
      "min": 2939750.0,
      "max": 4780790.0,
      "std_dev": 676796.3533820282
    },
    "wasmtime_app": {
      "mean": 8442686.9,
      "median": 8180247.0,
      "min": 7960222.0,
      "max": 9458737.0,
      "std_dev": 577148.8972217848
    }
  },
  "base64": {
    "base_native": {
      "mean": 255480636.33333334,
      "median": 253397385.0,
      "min": 252680603.0,
      "max": 260363921.0,
      "std_dev": 4244207.34185517
    },
    "wasmtime_app": {
      "mean": 355082029.0,
      "median": 355082029.0,
      "min": 350475366.0,
      "max": 359688692.0,
      "std_dev": 6514805.29188233
    }
  },
  "ctype": {
    "base_native": {
      "mean": 653883426.0,
      "median": 653883426.0,
      "min": 653849603.0,
      "max": 653917249.0,
      "std_dev": 47832.94532014519
    },
    "wasmtime_app": {
      "mean": 946848472.0,
      "median": 946848472.0,
      "min": 946848472.0,
      "max": 946848472.0,
      "std_dev": 0.0
    }
  },
  "ed25519": {
    "base_native": {
      "mean": 1433408433.0,
      "median": 1433408433.0,
      "min": 1433408433.0,
      "max": 1433408433.0,
      "std_dev": 0.0
    },
    "wasmtime_app": {
      "mean": 6727091696.0,
      "median": 6727091696.0,
      "min": 6727091696.0,
      "max": 6727091696.0,
      "std_dev": 0.0
    }
  },
  "fib2": {
    "base_native": {
      "mean": 6956481762.0,
      "median": 6956481762.0,
      "min": 6956481762.0,
      "max": 6956481762.0,
      "std_dev": 0.0
    },
    "wasmtime_app": {
      "mean": 10668057629.0,
      "median": 10668057629.0,
      "min": 10668057629.0,
      "max": 10668057629.0,
      "std_dev": 0.0
    }
  },
  "gimli": {
    "base_native": {
      "mean": 4146363.1,
      "median": 4146440.5,
      "min": 4120530.0,
      "max": 4163452.0,
      "std_dev": 13521.318101838708
    },
    "wasmtime_app": {
      "mean": 9499816.8,
      "median": 9349255.5,
      "min": 9330994.0,
      "max": 10808160.0,
      "std_dev": 460145.8550244453
    }
  },
  "heapsort": {
    "base_native": {
      "mean": 1076581797.0,
      "median": 1076581797.0,
      "min": 1076581797.0,
      "max": 1076581797.0,
      "std_dev": 0.0
    },
    "wasmtime_app": {
      "mean": 1220535182.0,
      "median": 1220535182.0,
      "min": 1220535182.0,
      "max": 1220535182.0,
      "std_dev": 0.0
    }
  },
  "keccak": {
    "base_native": {
      "mean": 7486502.1,
      "median": 7484655.0,
      "min": 7475905.0,
      "max": 7501679.0,
      "std_dev": 7226.831524103615
    },
    "wasmtime_app": {
      "mean": 22892800.0,
      "median": 21352022.5,
      "min": 21148247.0,
      "max": 37003245.0,
      "std_dev": 4960912.409140413
    }
  },
  "matrix": {
    "base_native": {
      "mean": 377923944.0,
      "median": 377923944.0,
      "min": 377916407.0,
      "max": 377931481.0,
      "std_dev": 10658.927619606018
    },
    "wasmtime_app": {
      "mean": 533587839.0,
      "median": 533587839.0,
      "min": 529568205.0,
      "max": 537607473.0,
      "std_dev": 5684620.918576013
    }
  },
  "matrix2": {
    "base_native": {
      "mean": 194285749.25,
      "median": 194281837.0,
      "min": 194275650.0,
      "max": 194303673.0,
      "std_dev": 12744.596276461643
    },
    "wasmtime_app": {
      "mean": 260222057.66666666,
      "median": 257682819.0,
      "min": 257678044.0,
      "max": 265305310.0,
      "std_dev": 4402226.301930687
    }
  },
  "memmove": {
    "base_native": {
      "mean": 47336792.9,
      "median": 47336122.5,
      "min": 47323911.0,
      "max": 47349560.0,
      "std_dev": 8259.036834482175
    },
    "wasmtime_app": {
      "mean": 520389827.5,
      "median": 520389827.5,
      "min": 515243345.0,
      "max": 525536310.0,
      "std_dev": 7278225.350015792
    }
  },
  "minicsv": {
    "base_native": {
      "mean": 744604408.0,
      "median": 744604408.0,
      "min": 744604408.0,
      "max": 744604408.0,
      "std_dev": 0.0
    },
    "wasmtime_app": {
      "mean": 1107354394.0,
      "median": 1107354394.0,
      "min": 1107354394.0,
      "max": 1107354394.0,
      "std_dev": 0.0
    }
  },
  "nestedloop": {
    "base_native": {
      "mean": 1569435.9090909092,
      "median": 1572156.0,
      "min": 1547008.0,
      "max": 1593005.0,
      "std_dev": 14191.737183689285
    },
    "wasmtime_app": {
      "mean": 6306255.8,
      "median": 6215508.5,
      "min": 6178448.0,
      "max": 7135394.0,
      "std_dev": 292395.91023694037
    }
  },
  "nestedloop2": {
    "base_native": {
      "mean": 1570431.2727272727,
      "median": 1578756.0,
      "min": 1548157.0,
      "max": 1584330.0,
      "std_dev": 13739.706525911746
    },
    "wasmtime_app": {
      "mean": 6299836.1,
      "median": 6205871.5,
      "min": 6185148.0,
      "max": 7148518.0,
      "std_dev": 298646.76487614744
    }
  },
  "nestedloop3": {
    "base_native": {
      "mean": 2085114.0,
      "median": 2086125.0,
      "min": 2053102.0,
      "max": 2105299.0,
      "std_dev": 15076.625464605799
    },
    "wasmtime_app": {
      "mean": 6857999.5,
      "median": 6736216.0,
      "min": 6712593.0,
      "max": 7931448.0,
      "std_dev": 377618.90705084905
    }
  },
  "random": {
    "base_native": {
      "mean": 577697130.0,
      "median": 577697130.0,
      "min": 577645583.0,
      "max": 577748677.0,
      "std_dev": 72898.46649964593
    },
    "wasmtime_app": {
      "mean": 290713648.6666667,
      "median": 290437031.0,
      "min": 290435981.0,
      "max": 291267934.0,
      "std_dev": 480025.46670602105
    }
  },
  "random2": {
    "base_native": {
      "mean": 577696018.0,
      "median": 577696018.0,
      "min": 577622185.0,
      "max": 577769851.0,
      "std_dev": 104415.62995069273
    },
    "wasmtime_app": {
      "mean": 290699341.0,
      "median": 290383859.0,
      "min": 290364435.0,
      "max": 291349729.0,
      "std_dev": 563336.2546934113
    }
  },
  "ratelimit": {
    "base_native": {
      "mean": 25941217.3,
      "median": 25941582.0,
      "min": 25913659.0,
      "max": 25976005.0,
      "std_dev": 16337.285066511033
    },
    "wasmtime_app": {
      "mean": 39018387.9,
      "median": 38293497.0,
      "min": 38281672.0,
      "max": 45528660.0,
      "std_dev": 2287503.322720037
    }
  },
  "seqhash": {
    "base_native": {
      "mean": 7113241267.0,
      "median": 7113241267.0,
      "min": 7113241267.0,
      "max": 7113241267.0,
      "std_dev": 0.0
    },
    "wasmtime_app": {
      "mean": 9675310266.0,
      "median": 9675310266.0,
      "min": 9675310266.0,
      "max": 9675310266.0,
      "std_dev": 0.0
    }
  },
  "sieve": {
    "base_native": {
      "mean": 569306154.0,
      "median": 569306154.0,
      "min": 569302279.0,
      "max": 569310029.0,
      "std_dev": 5480.077554195744
    },
    "wasmtime_app": {
      "mean": 767058698.0,
      "median": 767058698.0,
      "min": 767058698.0,
      "max": 767058698.0,
      "std_dev": 0.0
    }
  },
  "strcat": {
    "base_native": {
      "mean": 65858384.1,
      "median": 65856559.0,
      "min": 65809987.0,
      "max": 65911431.0,
      "std_dev": 28864.59235599522
    },
    "wasmtime_app": {
      "mean": 348082215.0,
      "median": 348082215.0,
      "min": 343834169.0,
      "max": 352330261.0,
      "std_dev": 6007644.266784777
    }
  },
  "strcat2": {
    "base_native": {
      "mean": 2595084.0,
      "median": 2589946.0,
      "min": 2580921.0,
      "max": 2623819.0,
      "std_dev": 14802.829634904267
    },
    "wasmtime_app": {
      "mean": 9403827.1,
      "median": 8490229.0,
      "min": 8443319.0,
      "max": 17693268.0,
      "std_dev": 2912716.4905614387
    }
  },
  "strchr": {
    "base_native": {
      "mean": 154927064.2,
      "median": 155037683.0,
      "min": 154593034.0,
      "max": 155082205.0,
      "std_dev": 201305.25469718868
    },