{
  "ackermann": {
    "base_native": {
      "mean": 3165430.8,
      "median": 2858743.5,
      "min": 2822084.0,
      "max": 6025295.0,
      "std_dev": 1005000.2688802072
    },
    "wasmtime_app": {
      "mean": 9162229.0,
      "median": 8823522.5,
      "min": 8096801.0,
      "max": 12577902.0,
      "std_dev": 1231920.834715716
    }
  },
  "base64": {
    "base_native": {
      "mean": 249513119.66666666,
      "median": 249494379.0,
      "min": 249482855.0,
      "max": 249562125.0,
      "std_dev": 42829.22676553166
    },
    "wasmtime_app": {
      "mean": 358760631.5,
      "median": 358760631.5,
      "min": 352113175.0,
      "max": 365408088.0,
      "std_dev": 9400923.137585185
    }
  },
  "ctype": {
    "base_native": {
      "mean": 653917711.5,
      "median": 653917711.5,
      "min": 653690987.0,
      "max": 654144436.0,
      "std_dev": 320636.8628222588
    },
    "wasmtime_app": {
      "mean": 962238993.0,
      "median": 962238993.0,
      "min": 962238993.0,
      "max": 962238993.0,
      "std_dev": 0.0
    }
  },
  "ed25519": {
    "base_native": {
      "mean": 1433224901.0,
      "median": 1433224901.0,
      "min": 1433224901.0,
      "max": 1433224901.0,
      "std_dev": 0.0
    },
    "wasmtime_app": {
      "mean": 6797590623.0,
      "median": 6797590623.0,
      "min": 6797590623.0,
      "max": 6797590623.0,
      "std_dev": 0.0
    }
  },
  "fib2": {
    "base_native": {
      "mean": 6956095106.0,
      "median": 6956095106.0,
      "min": 6956095106.0,
      "max": 6956095106.0,
      "std_dev": 0.0
    },
    "wasmtime_app": {
      "mean": 10680882020.0,
      "median": 10680882020.0,
      "min": 10680882020.0,
      "max": 10680882020.0,
      "std_dev": 0.0
    }
  },
  "gimli": {
    "base_native": {
      "mean": 4144073.3,
      "median": 4142906.0,
      "min": 4129632.0,
      "max": 4162130.0,
      "std_dev": 9116.95725374791
    },
    "wasmtime_app": {
      "mean": 9564426.7,
      "median": 9386266.5,
      "min": 9357781.0,
      "max": 10980566.0,
      "std_dev": 502474.59299795
    }
  },
  "heapsort": {
    "base_native": {
      "mean": 1076359735.0,
      "median": 1076359735.0,
      "min": 1076359735.0,
      "max": 1076359735.0,
      "std_dev": 0.0
    },
    "wasmtime_app": {
      "mean": 1220451125.0,
      "median": 1220451125.0,
      "min": 1220451125.0,
      "max": 1220451125.0,
      "std_dev": 0.0
    }
  },
  "keccak": {
    "base_native": {
      "mean": 7487806.7,
      "median": 7486059.0,
      "min": 7478035.0,
      "max": 7503308.0,
      "std_dev": 8223.030166685649
    },
    "wasmtime_app": {
      "mean": 22804327.4,
      "median": 21156764.0,
      "min": 20993760.0,
      "max": 37343754.0,
      "std_dev": 5112548.580624045
    }
  },
  "matrix": {
    "base_native": {
      "mean": 377902204.0,
      "median": 377902204.0,
      "min": 377886430.0,
      "max": 377917978.0,
      "std_dev": 22307.804732873203
    },
    "wasmtime_app": {
      "mean": 533693806.0,
      "median": 533693806.0,
      "min": 529420543.0,
      "max": 537967069.0,
      "std_dev": 6043306.490187139
    }
  },
  "matrix2": {
    "base_native": {
      "mean": 194273170.0,
      "median": 194267226.5,
      "min": 194250978.0,
      "max": 194307249.0,
      "std_dev": 24735.28916346037
    },
    "wasmtime_app": {
      "mean": 260179639.33333334,
      "median": 257690336.0,
      "min": 257645438.0,
      "max": 265203144.0,
      "std_dev": 4350540.576711971
    }
  },
  "memmove": {
    "base_native": {
      "mean": 47330659.1,
      "median": 47326042.0,
      "min": 47307643.0,
      "max": 47358765.0,
      "std_dev": 15117.382044447304
    },
    "wasmtime_app": {
      "mean": 521064181.5,
      "median": 521064181.5,
      "min": 516335994.0,
      "max": 525792369.0,
      "std_dev": 6686666.887942938
    }
  },
  "minicsv": {
    "base_native": {
      "mean": 741056475.0,
      "median": 741056475.0,
      "min": 741056475.0,
      "max": 741056475.0,
      "std_dev": 0.0
    },
    "wasmtime_app": {
      "mean": 1106695508.0,
      "median": 1106695508.0,
      "min": 1106695508.0,
      "max": 1106695508.0,
      "std_dev": 0.0
    }
  },
  "nestedloop": {
    "base_native": {
      "mean": 1579708.8181818181,
      "median": 1585256.0,
      "min": 1548033.0,
      "max": 1596956.0,
      "std_dev": 15312.2602761198
    },
    "wasmtime_app": {
      "mean": 6277066.4,
      "median": 6185281.5,
      "min": 6107336.0,
      "max": 7107480.0,
      "std_dev": 293686.6596971072
    }
  },
  "nestedloop2": {
    "base_native": {
      "mean": 1596973.8181818181,
      "median": 1593981.0,
      "min": 1563033.0,
      "max": 1668951.0,
      "std_dev": 27604.10139750317
    },
    "wasmtime_app": {
      "mean": 6265437.1,
      "median": 6173307.0,
      "min": 6159683.0,
      "max": 7025735.0,
      "std_dev": 268093.6505147449
    }
  },
  "nestedloop3": {
    "base_native": {
      "mean": 2093233.3636363635,
      "median": 2089127.0,
      "min": 2069603.0,
      "max": 2138049.0,
      "std_dev": 18395.108302332592
    },
    "wasmtime_app": {
      "mean": 6841012.6,
      "median": 6724776.5,
      "min": 6693028.0,
      "max": 7907336.0,
      "std_dev": 375366.6857547282
    }
  },
  "random": {
    "base_native": {
      "mean": 577628435.0,
      "median": 577628435.0,
      "min": 577609636.0,
      "max": 577647234.0,
      "std_dev": 26585.800759051814
    },
    "wasmtime_app": {
      "mean": 290759802.0,
      "median": 290423945.0,
      "min": 290422171.0,
      "max": 291433290.0,
      "std_dev": 583258.3916044415
    }
  },
  "random2": {
    "base_native": {
      "mean": 577675744.5,
      "median": 577675744.5,
      "min": 577607286.0,
      "max": 577744203.0,
      "std_dev": 96814.93915971853
    },
    "wasmtime_app": {
      "mean": 290677423.0,
      "median": 290361124.0,
      "min": 290340550.0,
      "max": 291330595.0,
      "std_dev": 565757.0755695415
    }
  },
  "ratelimit": {
    "base_native": {
      "mean": 25930019.9,
      "median": 25926637.5,
      "min": 25917826.0,
      "max": 25958873.0,
      "std_dev": 12496.4757116201
    },
    "wasmtime_app": {
      "mean": 39061958.5,
      "median": 38339373.5,
      "min": 38307350.0,
      "max": 45614070.0,
      "std_dev": 2302248.1170302625
    }
  },
  "seqhash": {
    "base_native": {
      "mean": 7131193960.0,
      "median": 7131193960.0,
      "min": 7131193960.0,
      "max": 7131193960.0,
      "std_dev": 0.0
    },
    "wasmtime_app": {
      "mean": 9685465515.0,
      "median": 9685465515.0,
      "min": 9685465515.0,
      "max": 9685465515.0,
      "std_dev": 0.0
    }
  },
  "sieve": {
    "base_native": {
      "mean": 569271163.5,
      "median": 569271163.5,
      "min": 569256552.0,
      "max": 569285775.0,
      "std_dev": 20663.781466614477
    },
    "wasmtime_app": {
      "mean": 767424021.0,
      "median": 767424021.0,
      "min": 767424021.0,
      "max": 767424021.0,
      "std_dev": 0.0
    }
  },
  "strcat": {
    "base_native": {
      "mean": 65866531.5,
      "median": 65854377.0,
      "min": 65835878.0,
      "max": 65956621.0,
      "std_dev": 35299.90988420981
    },
    "wasmtime_app": {
      "mean": 352728340.5,
      "median": 352728340.5,
      "min": 350230929.0,
      "max": 355225752.0,
      "std_dev": 3531873.2141265348
    }
  },
  "strcat2": {
    "base_native": {
      "mean": 2599594.5454545454,
      "median": 2597472.0,
      "min": 2578023.0,
      "max": 2626845.0,
      "std_dev": 14005.183028890671
    },
    "wasmtime_app": {
      "mean": 9431321.6,
      "median": 8510303.0,
      "min": 8475405.0,
      "max": 17772489.0,
      "std_dev": 2930880.916181011
    }
  },
  "strchr": {
    "base_native": {
      "mean": 155121283.6,
      "median": 155117254.0,
      "min": 155094880.0,
      "max": 155160676.0,
      "std_dev": 26309.802979117878
    },