{
  "ackermann": {
    "base_native": {
      "mean": 3091842.9,
      "median": 2837343.5,
      "min": 2811732.0,
      "max": 5405274.0,
      "std_dev": 813067.4646030918
    },
    "wasmtime_app": {
      "mean": 9353332.7,
      "median": 9013734.0,
      "min": 8132421.0,
      "max": 12630595.0,
      "std_dev": 1223285.4673860017
    }
  },
  "base64": {
    "base_native": {
      "mean": 249572011.0,
      "median": 249545562.0,
      "min": 249535163.0,
      "max": 249635308.0,
      "std_dev": 55062.85006245136
    },
    "wasmtime_app": {
      "mean": 356444347.0,
      "median": 356444347.0,
      "min": 350412971.0,
      "max": 362475723.0,
      "std_dev": 8529653.73897159
    }
  },
  "ctype": {
    "base_native": {
      "mean": 654592061.5,
      "median": 654592061.5,
      "min": 654149530.0,
      "max": 655034593.0,
      "std_dev": 625834.0490773093
    },
    "wasmtime_app": {
      "mean": 992822450.0,
      "median": 992822450.0,
      "min": 992822450.0,
      "max": 992822450.0,
      "std_dev": 0.0
    }
  },
  "ed25519": {
    "base_native": {
      "mean": 1434201282.0,
      "median": 1434201282.0,
      "min": 1434201282.0,
      "max": 1434201282.0,
      "std_dev": 0.0
    },
    "wasmtime_app": {
      "mean": 6782606855.0,
      "median": 6782606855.0,
      "min": 6782606855.0,
      "max": 6782606855.0,
      "std_dev": 0.0
    }
  },
  "fib2": {
    "base_native": {
      "mean": 6956834376.0,
      "median": 6956834376.0,
      "min": 6956834376.0,
      "max": 6956834376.0,
      "std_dev": 0.0
    },
    "wasmtime_app": {
      "mean": 10699493493.0,
      "median": 10699493493.0,
      "min": 10699493493.0,
      "max": 10699493493.0,
      "std_dev": 0.0
    }
  },
  "gimli": {
    "base_native": {
      "mean": 4148658.9,
      "median": 4147301.0,
      "min": 4131502.0,
      "max": 4164751.0,
      "std_dev": 11120.923497324013
    },
    "wasmtime_app": {
      "mean": 9462484.0,
      "median": 9328141.5,
      "min": 9260858.0,
      "max": 10757824.0,
      "std_dev": 455849.42500493885
    }
  },
  "heapsort": {
    "base_native": {
      "mean": 1076764197.0,
      "median": 1076764197.0,
      "min": 1076764197.0,
      "max": 1076764197.0,
      "std_dev": 0.0
    },
    "wasmtime_app": {
      "mean": 1220290682.0,
      "median": 1220290682.0,
      "min": 1220290682.0,
      "max": 1220290682.0,
      "std_dev": 0.0
    }
  },
  "keccak": {
    "base_native": {
      "mean": 7489632.0,
      "median": 7486762.0,
      "min": 7475388.0,
      "max": 7514661.0,
      "std_dev": 11345.452843418028
    },
    "wasmtime_app": {
      "mean": 22863423.6,
      "median": 21288824.0,
      "min": 20974854.0,
      "max": 37188724.0,
      "std_dev": 5035485.22609433
    }
  },
  "matrix": {
    "base_native": {
      "mean": 377940192.5,
      "median": 377940192.5,
      "min": 377934055.0,
      "max": 377946330.0,
      "std_dev": 8679.73573906487
    },
    "wasmtime_app": {
      "mean": 534170717.5,
      "median": 534170717.5,
      "min": 529897731.0,
      "max": 538443704.0,
      "std_dev": 6042915.460137143
    }
  },
  "matrix2": {
    "base_native": {
      "mean": 194293767.75,
      "median": 194289243.0,
      "min": 194280543.0,
      "max": 194316042.0,
      "std_dev": 15996.189137312258
    },
    "wasmtime_app": {
      "mean": 260179581.33333334,
      "median": 257628149.0,
      "min": 257618899.0,
      "max": 265291696.0,
      "std_dev": 4427223.58419883
    }
  },
  "memmove": {
    "base_native": {
      "mean": 47354491.2,
      "median": 47352236.5,
      "min": 47332750.0,
      "max": 47399372.0,
      "std_dev": 19452.829196117807
    },
    "wasmtime_app": {
      "mean": 519614118.0,
      "median": 519614118.0,
      "min": 514246530.0,
      "max": 524981706.0,
      "std_dev": 7590915.746831076
    }
  },
  "minicsv": {
    "base_native": {
      "mean": 723992191.0,
      "median": 723992191.0,
      "min": 723992191.0,
      "max": 723992191.0,
      "std_dev": 0.0
    },
    "wasmtime_app": {
      "mean": 1106781241.0,
      "median": 1106781241.0,
      "min": 1106781241.0,
      "max": 1106781241.0,
      "std_dev": 0.0
    }
  },
  "nestedloop": {
    "base_native": {
      "mean": 1583771.8181818181,
      "median": 1585708.0,
      "min": 1557834.0,
      "max": 1618432.0,
      "std_dev": 17668.530367963158
    },
    "wasmtime_app": {
      "mean": 6265995.0,
      "median": 6174080.0,
      "min": 6126733.0,
      "max": 7111278.0,
      "std_dev": 298230.7016250637
    }
  },
  "nestedloop2": {
    "base_native": {
      "mean": 1595255.6363636365,
      "median": 1594308.0,
      "min": 1560559.0,
      "max": 1671605.0,
      "std_dev": 29429.059408254037
    },
    "wasmtime_app": {
      "mean": 6264600.1,
      "median": 6179292.0,
      "min": 6157006.0,
      "max": 7034582.0,
      "std_dev": 271225.3543693264
    }
  },
  "nestedloop3": {
    "base_native": {
      "mean": 2097861.909090909,
      "median": 2093087.0,
      "min": 2069338.0,
      "max": 2155435.0,
      "std_dev": 21056.673894300333
    },
    "wasmtime_app": {
      "mean": 6826551.2,
      "median": 6712512.5,
      "min": 6655078.0,
      "max": 7902034.0,
      "std_dev": 378610.1389341459
    }
  },
  "random": {
    "base_native": {
      "mean": 577672596.0,
      "median": 577672596.0,
      "min": 577665971.0,
      "max": 577679221.0,
      "std_dev": 9369.164850721754
    },
    "wasmtime_app": {
      "mean": 290693237.0,
      "median": 290410220.0,
      "min": 290396570.0,
      "max": 291272921.0,
      "std_dev": 502067.46112151106
    }
  },
  "random2": {
    "base_native": {
      "mean": 577876962.5,
      "median": 577876962.5,
      "min": 577809065.0,
      "max": 577944860.0,
      "std_dev": 96021.56535122723
    },
    "wasmtime_app": {
      "mean": 290695620.3333333,
      "median": 290402470.0,
      "min": 290400520.0,
      "max": 291283871.0,
      "std_dev": 509440.9541353476
    }
  },
  "ratelimit": {
    "base_native": {
      "mean": 25930360.2,
      "median": 25929743.0,
      "min": 25903744.0,
      "max": 25961966.0,
      "std_dev": 17422.441223255075
    },
    "wasmtime_app": {
      "mean": 39017514.9,
      "median": 38309412.0,
      "min": 38225092.0,
      "max": 45515660.0,
      "std_dev": 2283547.2768066814
    }
  },
  "seqhash": {
    "base_native": {
      "mean": 7133891738.0,
      "median": 7133891738.0,
      "min": 7133891738.0,
      "max": 7133891738.0,
      "std_dev": 0.0
    },
    "wasmtime_app": {
      "mean": 9678360547.0,
      "median": 9678360547.0,
      "min": 9678360547.0,
      "max": 9678360547.0,
      "std_dev": 0.0
    }
  },
  "sieve": {
    "base_native": {
      "mean": 569342843.5,
      "median": 569342843.5,
      "min": 569325919.0,
      "max": 569359768.0,
      "std_dev": 23934.85743638345
    },
    "wasmtime_app": {
      "mean": 767365206.0,
      "median": 767365206.0,
      "min": 767365206.0,
      "max": 767365206.0,
      "std_dev": 0.0
    }
  },
  "strcat": {
    "base_native": {
      "mean": 65882498.0,
      "median": 65874701.0,
      "min": 65855302.0,
      "max": 65963922.0,
      "std_dev": 30594.766625828164
    },
    "wasmtime_app": {
      "mean": 352723467.5,
      "median": 352723467.5,
      "min": 350177735.0,
      "max": 355269200.0,
      "std_dev": 3600209.427673965
    }
  },
  "strcat2": {
    "base_native": {
      "mean": 2593743.4545454546,
      "median": 2590641.0,
      "min": 2571217.0,
      "max": 2627315.0,
      "std_dev": 17117.330734455278
    },
    "wasmtime_app": {
      "mean": 9424418.6,
      "median": 8508624.5,
      "min": 8467852.0,
      "max": 17721236.0,
      "std_dev": 2915270.430608957
    }
  },
  "strchr": {
    "base_native": {
      "mean": 154652206.6,
      "median": 154588699.0,
      "min": 154569225.0,
      "max": 154878487.0,
      "std_dev": 130024.61484388253
    },