{
  "ackermann": {
    "base_native": {
      "mean": 3179057.9,
      "median": 2990046.5,
      "min": 2953311.0,
      "max": 4954367.0,
      "std_dev": 624031.7661284828
    },
    "wasmtime_app": {
      "mean": 9013669.6,
      "median": 8920094.0,
      "min": 8214667.0,
      "max": 12460606.0,
      "std_dev": 1260652.9358331384
    }
  },
  "base64": {
    "base_native": {
      "mean": 259785090.66666666,
      "median": 261641504.0,
      "min": 255930496.0,
      "max": 261783272.0,
      "std_dev": 3338929.4054647717
    },
    "wasmtime_app": {
      "mean": 362933467.5,
      "median": 362933467.5,
      "min": 354672040.0,
      "max": 371194895.0,
      "std_dev": 11683422.815062054
    }
  },
  "ctype": {
    "base_native": {
      "mean": 656997736.0,
      "median": 656997736.0,
      "min": 654335011.0,
      "max": 659660461.0,
      "std_dev": 3765661.8078698996
    },
    "wasmtime_app": {
      "mean": 986145712.0,
      "median": 986145712.0,
      "min": 986145712.0,
      "max": 986145712.0,
      "std_dev": 0.0
    }
  },
  "ed25519": {
    "base_native": {
      "mean": 1434160712.0,
      "median": 1434160712.0,
      "min": 1434160712.0,
      "max": 1434160712.0,
      "std_dev": 0.0
    },
    "wasmtime_app": {
      "mean": 6734206121.0,
      "median": 6734206121.0,
      "min": 6734206121.0,
      "max": 6734206121.0,
      "std_dev": 0.0
    }
  },
  "fib2": {
    "base_native": {
      "mean": 6956911895.0,
      "median": 6956911895.0,
      "min": 6956911895.0,
      "max": 6956911895.0,
      "std_dev": 0.0
    },
    "wasmtime_app": {
      "mean": 10680765649.0,
      "median": 10680765649.0,
      "min": 10680765649.0,
      "max": 10680765649.0,
      "std_dev": 0.0
    }
  },
  "gimli": {
    "base_native": {
      "mean": 4145795.1,
      "median": 4145767.5,
      "min": 4131306.0,
      "max": 4168104.0,
      "std_dev": 11031.502481026275
    },
    "wasmtime_app": {
      "mean": 9485226.0,
      "median": 9339473.5,
      "min": 9314712.0,
      "max": 10821187.0,
      "std_dev": 469630.0862683783
    }
  },
  "heapsort": {
    "base_native": {
      "mean": 1076795623.0,
      "median": 1076795623.0,
      "min": 1076795623.0,
      "max": 1076795623.0,
      "std_dev": 0.0
    },
    "wasmtime_app": {
      "mean": 1220928180.0,
      "median": 1220928180.0,
      "min": 1220928180.0,
      "max": 1220928180.0,
      "std_dev": 0.0
    }
  },
  "keccak": {
    "base_native": {
      "mean": 7487618.3,
      "median": 7487373.0,
      "min": 7469474.0,
      "max": 7499273.0,
      "std_dev": 9853.215956111882
    },
    "wasmtime_app": {
      "mean": 22841792.9,
      "median": 21218896.0,
      "min": 20957834.0,
      "max": 37292248.0,
      "std_dev": 5080863.14075336
    }
  },
  "matrix": {
    "base_native": {
      "mean": 377941274.0,
      "median": 377941274.0,
      "min": 377924900.0,
      "max": 377957648.0,
      "std_dev": 23156.332870297058
    },
    "wasmtime_app": {
      "mean": 533601018.5,
      "median": 533601018.5,
      "min": 529549207.0,
      "max": 537652830.0,
      "std_dev": 5730126.775479274
    }
  },
  "matrix2": {
    "base_native": {
      "mean": 194294487.25,
      "median": 194287912.5,
      "min": 194279488.0,
      "max": 194322636.0,
      "std_dev": 19312.37774718587
    },
    "wasmtime_app": {
      "mean": 260258810.66666666,
      "median": 257725028.0,
      "min": 257704629.0,
      "max": 265346775.0,
      "std_dev": 4406318.170849029
    }
  },
  "memmove": {
    "base_native": {
      "mean": 47357215.7,
      "median": 47360115.5,
      "min": 47337729.0,
      "max": 47381927.0,
      "std_dev": 13618.838529771912
    },
    "wasmtime_app": {
      "mean": 520464271.0,
      "median": 520464271.0,
      "min": 515258942.0,
      "max": 525669600.0,
      "std_dev": 7361446.86841398
    }
  },
  "minicsv": {
    "base_native": {
      "mean": 745476012.0,
      "median": 745476012.0,
      "min": 745476012.0,
      "max": 745476012.0,
      "std_dev": 0.0
    },
    "wasmtime_app": {
      "mean": 1107611082.0,
      "median": 1107611082.0,
      "min": 1107611082.0,
      "max": 1107611082.0,
      "std_dev": 0.0
    }
  },
  "nestedloop": {
    "base_native": {
      "mean": 1573441.5454545454,
      "median": 1574426.0,
      "min": 1547977.0,
      "max": 1599549.0,
      "std_dev": 15712.499567946765
    },
    "wasmtime_app": {
      "mean": 6270685.7,
      "median": 6181318.0,
      "min": 6162069.0,
      "max": 7078798.0,
      "std_dev": 284422.68102325377
    }
  },
  "nestedloop2": {
    "base_native": {
      "mean": 1577584.5454545454,
      "median": 1584925.0,
      "min": 1551777.0,
      "max": 1603274.0,
      "std_dev": 16627.48976462555
    },
    "wasmtime_app": {
      "mean": 6301284.3,
      "median": 6180693.0,
      "min": 6146769.0,
      "max": 7423856.0,
      "std_dev": 394812.3501274019
    }
  },
  "nestedloop3": {
    "base_native": {
      "mean": 2087885.7272727273,
      "median": 2084752.0,
      "min": 2062228.0,
      "max": 2136124.0,
      "std_dev": 17936.687191847377
    },
    "wasmtime_app": {
      "mean": 6838332.5,
      "median": 6713478.5,
      "min": 6681443.0,
      "max": 7938180.0,
      "std_dev": 387401.9409677901
    }
  },
  "random": {
    "base_native": {
      "mean": 577795588.5,
      "median": 577795588.5,
      "min": 577770252.0,
      "max": 577820925.0,
      "std_dev": 35831.221923065925
    },
    "wasmtime_app": {
      "mean": 290683725.3333333,
      "median": 290405406.0,
      "min": 290404256.0,
      "max": 291241514.0,
      "std_dev": 483059.49749625387
    }
  },
  "random2": {
    "base_native": {
      "mean": 577973205.0,
      "median": 577973205.0,
      "min": 577670157.0,
      "max": 578276253.0,
      "std_dev": 428574.5916500417
    },
    "wasmtime_app": {
      "mean": 290692058.3333333,
      "median": 290379682.0,
      "min": 290361083.0,
      "max": 291335410.0,
      "std_dev": 557236.4901478845
    }
  },
  "ratelimit": {
    "base_native": {
      "mean": 25925128.6,
      "median": 25922909.0,
      "min": 25904210.0,
      "max": 25955132.0,
      "std_dev": 16996.74272193221
    },
    "wasmtime_app": {
      "mean": 39021372.1,
      "median": 38294260.5,
      "min": 38280774.0,
      "max": 45545013.0,
      "std_dev": 2292213.65790066
    }
  },
  "seqhash": {
    "base_native": {
      "mean": 7131010955.0,
      "median": 7131010955.0,
      "min": 7131010955.0,
      "max": 7131010955.0,
      "std_dev": 0.0
    },
    "wasmtime_app": {
      "mean": 9694708932.0,
      "median": 9694708932.0,
      "min": 9694708932.0,
      "max": 9694708932.0,
      "std_dev": 0.0
    }
  },
  "sieve": {
    "base_native": {
      "mean": 569305324.0,
      "median": 569305324.0,
      "min": 569280750.0,
      "max": 569329898.0,
      "std_dev": 34752.884081756434
    },
    "wasmtime_app": {
      "mean": 767360675.0,
      "median": 767360675.0,
      "min": 767360675.0,
      "max": 767360675.0,
      "std_dev": 0.0
    }
  },
  "strcat": {
    "base_native": {
      "mean": 65880549.7,
      "median": 65868935.5,
      "min": 65847811.0,
      "max": 65973205.0,
      "std_dev": 38092.69734928789
    },
    "wasmtime_app": {
      "mean": 352488236.0,
      "median": 352488236.0,
      "min": 349675288.0,
      "max": 355301184.0,
      "std_dev": 3978109.211850273
    }
  },
  "strcat2": {
    "base_native": {
      "mean": 2592632.4545454546,
      "median": 2591853.0,
      "min": 2578329.0,
      "max": 2611427.0,
      "std_dev": 9399.319574986652
    },
    "wasmtime_app": {
      "mean": 9375291.5,
      "median": 8446905.0,
      "min": 8427256.0,
      "max": 17623999.0,
      "std_dev": 2898557.551386906
    }
  },
  "strchr": {
    "base_native": {
      "mean": 154631592.4,
      "median": 154626148.0,
      "min": 154608823.0,
      "max": 154658671.0,
      "std_dev": 18967.419916794166
    },