{
  "ackermann": {
    "base_native": {
      "mean": 3168517.8,
      "median": 2844475.0,
      "min": 2811277.0,
      "max": 6125874.0,
      "std_dev": 1039355.1899283839
    },
    "wasmtime_app": {
      "mean": 9275750.6,
      "median": 8989792.0,
      "min": 8048009.0,
      "max": 12784835.0,
      "std_dev": 1370185.4588539952
    }
  },
  "base64": {
    "base_native": {
      "mean": 249525039.0,
      "median": 249494874.0,
      "min": 249486800.0,
      "max": 249593443.0,
      "std_dev": 59376.997069572324
    },
    "wasmtime_app": {
      "mean": 356374317.0,
      "median": 356374317.0,
      "min": 350423961.0,
      "max": 362324673.0,
      "std_dev": 8415074.15614812
    }
  },
  "ctype": {
    "base_native": {
      "mean": 655030567.0,
      "median": 655030567.0,
      "min": 654825817.0,
      "max": 655235317.0,
      "std_dev": 289560.2268958912
    },
    "wasmtime_app": {
      "mean": 983892181.0,
      "median": 983892181.0,
      "min": 983892181.0,
      "max": 983892181.0,
      "std_dev": 0.0
    }
  },
  "ed25519": {
    "base_native": {
      "mean": 1433178210.0,
      "median": 1433178210.0,
      "min": 1433178210.0,
      "max": 1433178210.0,
      "std_dev": 0.0
    },
    "wasmtime_app": {
      "mean": 6765775144.0,
      "median": 6765775144.0,
      "min": 6765775144.0,
      "max": 6765775144.0,
      "std_dev": 0.0
    }
  },
  "fib2": {
    "base_native": {
      "mean": 6956040245.0,
      "median": 6956040245.0,
      "min": 6956040245.0,
      "max": 6956040245.0,
      "std_dev": 0.0
    },
    "wasmtime_app": {
      "mean": 10686404783.0,
      "median": 10686404783.0,
      "min": 10686404783.0,
      "max": 10686404783.0,
      "std_dev": 0.0
    }
  },
  "gimli": {
    "base_native": {
      "mean": 4151167.3,
      "median": 4147945.0,
      "min": 4142195.0,
      "max": 4178593.0,
      "std_dev": 10392.54998170431
    },
    "wasmtime_app": {
      "mean": 9523638.8,
      "median": 9373670.0,
      "min": 9332085.0,
      "max": 10924268.0,
      "std_dev": 492681.19715622277
    }
  },
  "heapsort": {
    "base_native": {
      "mean": 1076354917.0,
      "median": 1076354917.0,
      "min": 1076354917.0,
      "max": 1076354917.0,
      "std_dev": 0.0
    },
    "wasmtime_app": {
      "mean": 1220437328.0,
      "median": 1220437328.0,
      "min": 1220437328.0,
      "max": 1220437328.0,
      "std_dev": 0.0
    }
  },
  "keccak": {
    "base_native": {
      "mean": 7490480.1,
      "median": 7484178.0,
      "min": 7470966.0,
      "max": 7534112.0,
      "std_dev": 18512.36699224482
    },
    "wasmtime_app": {
      "mean": 22840883.8,
      "median": 21283031.5,
      "min": 20984136.0,
      "max": 37077181.0,
      "std_dev": 5005364.258666647
    }
  },
  "matrix": {
    "base_native": {
      "mean": 377872438.5,
      "median": 377872438.5,
      "min": 377872101.0,
      "max": 377872776.0,
      "std_dev": 477.29707730091957
    },
    "wasmtime_app": {
      "mean": 533763710.0,
      "median": 533763710.0,
      "min": 529839637.0,
      "max": 537687783.0,
      "std_dev": 5549477.256342079
    }
  },
  "matrix2": {
    "base_native": {
      "mean": 194268123.5,
      "median": 194261424.0,
      "min": 194254362.0,
      "max": 194295284.0,
      "std_dev": 18522.136134906254
    },
    "wasmtime_app": {
      "mean": 260273124.0,
      "median": 257749395.0,
      "min": 257675474.0,
      "max": 265394503.0,
      "std_dev": 4435398.316362467
    }
  },
  "memmove": {
    "base_native": {
      "mean": 47337004.1,
      "median": 47337909.0,
      "min": 47302999.0,
      "max": 47371869.0,
      "std_dev": 18768.802391498266
    },
    "wasmtime_app": {
      "mean": 520245728.5,
      "median": 520245728.5,
      "min": 515527589.0,
      "max": 524963868.0,
      "std_dev": 6672456.870068214
    }
  },
  "minicsv": {
    "base_native": {
      "mean": 758462362.0,
      "median": 758462362.0,
      "min": 758462362.0,
      "max": 758462362.0,
      "std_dev": 0.0
    },
    "wasmtime_app": {
      "mean": 1099086595.0,
      "median": 1099086595.0,
      "min": 1099086595.0,
      "max": 1099086595.0,
      "std_dev": 0.0
    }
  },
  "nestedloop": {
    "base_native": {
      "mean": 1584224.9090909092,
      "median": 1586227.0,
      "min": 1556554.0,
      "max": 1607001.0,
      "std_dev": 15382.551111272443
    },
    "wasmtime_app": {
      "mean": 6270941.9,
      "median": 6176592.0,
      "min": 6161068.0,
      "max": 7105714.0,
      "std_dev": 293636.09633030475
    }
  },
  "nestedloop2": {
    "base_native": {
      "mean": 1577375.4545454546,
      "median": 1585502.0,
      "min": 1552754.0,
      "max": 1612651.0,
      "std_dev": 22021.19279405017
    },
    "wasmtime_app": {
      "mean": 6230916.8,
      "median": 6134495.0,
      "min": 6095422.0,
      "max": 7059066.0,
      "std_dev": 292319.99538397795
    }
  },
  "nestedloop3": {
    "base_native": {
      "mean": 2101325.272727273,
      "median": 2096396.0,
      "min": 2074697.0,
      "max": 2149993.0,
      "std_dev": 21821.925708291234
    },
    "wasmtime_app": {
      "mean": 6795136.4,
      "median": 6681388.0,
      "min": 6662339.0,
      "max": 7826072.0,
      "std_dev": 362367.01236981025
    }
  },
  "random": {
    "base_native": {
      "mean": 577608540.0,
      "median": 577608540.0,
      "min": 577565955.0,
      "max": 577651125.0,
      "std_dev": 60224.28455365825
    },
    "wasmtime_app": {
      "mean": 290708431.0,
      "median": 290433255.0,
      "min": 290390858.0,
      "max": 291301180.0,
      "std_dev": 513773.20789722
    }
  },
  "random2": {
    "base_native": {
      "mean": 577781279.5,
      "median": 577781279.5,
      "min": 577733645.0,
      "max": 577828914.0,
      "std_dev": 67365.35593686119
    },
    "wasmtime_app": {
      "mean": 290758078.0,
      "median": 290500126.0,
      "min": 290414606.0,
      "max": 291359502.0,
      "std_dev": 522600.74476793467
    }
  },
  "ratelimit": {
    "base_native": {
      "mean": 25924204.6,
      "median": 25927572.0,
      "min": 25897036.0,
      "max": 25944333.0,
      "std_dev": 15140.09510611549
    },
    "wasmtime_app": {
      "mean": 39033447.3,
      "median": 38309596.5,
      "min": 38275236.0,
      "max": 45543441.0,
      "std_dev": 2287482.909384075
    }
  },
  "seqhash": {
    "base_native": {
      "mean": 7122305749.0,
      "median": 7122305749.0,
      "min": 7122305749.0,
      "max": 7122305749.0,
      "std_dev": 0.0
    },
    "wasmtime_app": {
      "mean": 9656232078.0,
      "median": 9656232078.0,
      "min": 9656232078.0,
      "max": 9656232078.0,
      "std_dev": 0.0
    }
  },
  "sieve": {
    "base_native": {
      "mean": 569261089.5,
      "median": 569261089.5,
      "min": 569231666.0,
      "max": 569290513.0,
      "std_dev": 41611.11275248476
    },
    "wasmtime_app": {
      "mean": 766952475.0,
      "median": 766952475.0,
      "min": 766952475.0,
      "max": 766952475.0,
      "std_dev": 0.0
    }
  },
  "strcat": {
    "base_native": {
      "mean": 65849443.9,
      "median": 65841937.0,
      "min": 65828188.0,
      "max": 65919807.0,
      "std_dev": 25872.460856413847
    },
    "wasmtime_app": {
      "mean": 352748089.0,
      "median": 352748089.0,
      "min": 350181800.0,
      "max": 355314378.0,
      "std_dev": 3629280.708768888
    }
  },
  "strcat2": {
    "base_native": {
      "mean": 2602267.1818181816,
      "median": 2599590.0,
      "min": 2582741.0,
      "max": 2639713.0,
      "std_dev": 16346.580785094979
    },
    "wasmtime_app": {
      "mean": 9355968.5,
      "median": 8439161.5,
      "min": 8420913.0,
      "max": 17560334.0,
      "std_dev": 2882818.648915955
    }
  },
  "strchr": {
    "base_native": {
      "mean": 155065440.2,
      "median": 155064290.0,
      "min": 155054716.0,
      "max": 155083364.0,
      "std_dev": 11912.471960092918
    },
    "wasmtime_app": {
      "mean": 406609275.0,