{
  "ackermann": {
    "base_native": {
      "mean": 3592022.1,
      "median": 3053339.0,
      "min": 3007055.0,
      "max": 8522902.0,
      "std_dev": 1732661.3081193562
    },
    "wasmtime_app": {
      "mean": 9233703.9,
      "median": 8435986.5,
      "min": 8044070.0,
      "max": 14764761.0,
      "std_dev": 2051051.7578390767
    }
  },
  "base64": {
    "base_native": {
      "mean": 262576664.66666666,
      "median": 264281607.0,
      "min": 257418708.0,
      "max": 266029679.0,
      "std_dev": 4551629.011760991
    },
    "wasmtime_app": {
      "mean": 359181344.0,
      "median": 359181344.0,
      "min": 353005299.0,
      "max": 365357389.0,
      "std_dev": 8734246.600826541
    }
  },
  "ctype": {
    "base_native": {
      "mean": 657390885.0,
      "median": 657390885.0,
      "min": 654078302.0,
      "max": 660703468.0,
      "std_dev": 4684699.805086554
    },
    "wasmtime_app": {
      "mean": 984891756.0,
      "median": 984891756.0,
      "min": 984891756.0,
      "max": 984891756.0,
      "std_dev": 0.0
    }
  },
  "ed25519": {
    "base_native": {
      "mean": 1433874102.0,
      "median": 1433874102.0,
      "min": 1433874102.0,
      "max": 1433874102.0,
      "std_dev": 0.0
    },
    "wasmtime_app": {
      "mean": 6770106926.0,
      "median": 6770106926.0,
      "min": 6770106926.0,
      "max": 6770106926.0,
      "std_dev": 0.0
    }
  },
  "fib2": {
    "base_native": {
      "mean": 6956604067.0,
      "median": 6956604067.0,
      "min": 6956604067.0,
      "max": 6956604067.0,
      "std_dev": 0.0
    },
    "wasmtime_app": {
      "mean": 10695623653.0,
      "median": 10695623653.0,
      "min": 10695623653.0,
      "max": 10695623653.0,
      "std_dev": 0.0
    }
  },
  "gimli": {
    "base_native": {
      "mean": 4169302.5,
      "median": 4168220.0,
      "min": 4138922.0,
      "max": 4219191.0,
      "std_dev": 23953.880679570713
    },
    "wasmtime_app": {
      "mean": 9514588.9,
      "median": 9353912.5,
      "min": 9312627.0,
      "max": 10912992.0,
      "std_dev": 492682.31010537274
    }
  },
  "heapsort": {
    "base_native": {
      "mean": 1076726548.0,
      "median": 1076726548.0,
      "min": 1076726548.0,
      "max": 1076726548.0,
      "std_dev": 0.0
    },
    "wasmtime_app": {
      "mean": 1220596970.0,
      "median": 1220596970.0,
      "min": 1220596970.0,
      "max": 1220596970.0,
      "std_dev": 0.0
    }
  },
  "keccak": {
    "base_native": {
      "mean": 7481061.0,
      "median": 7484253.0,
      "min": 7463980.0,
      "max": 7490528.0,
      "std_dev": 9418.918869311205
    },
    "wasmtime_app": {
      "mean": 22923942.9,
      "median": 21492951.5,
      "min": 21033551.0,
      "max": 37109468.0,
      "std_dev": 4988504.370708552
    }
  },
  "matrix": {
    "base_native": {
      "mean": 377863028.0,
      "median": 377863028.0,
      "min": 377858791.0,
      "max": 377867265.0,
      "std_dev": 5992.022863774804
    },
    "wasmtime_app": {
      "mean": 533845392.0,
      "median": 533845392.0,
      "min": 529800158.0,
      "max": 537890626.0,
      "std_dev": 5720824.785772765
    }
  },
  "matrix2": {
    "base_native": {
      "mean": 194290616.5,
      "median": 194282779.5,
      "min": 194269618.0,
      "max": 194327289.0,
      "std_dev": 26791.54071095327
    },
    "wasmtime_app": {
      "mean": 260215804.33333334,
      "median": 257677240.0,
      "min": 257672815.0,
      "max": 265297358.0,
      "std_dev": 4400755.122199636
    }
  },
  "memmove": {
    "base_native": {
      "mean": 47334863.9,
      "median": 47340031.0,
      "min": 47315770.0,
      "max": 47354193.0,
      "std_dev": 14497.204898799553
    },
    "wasmtime_app": {
      "mean": 520037467.0,
      "median": 520037467.0,
      "min": 515800631.0,
      "max": 524274303.0,
      "std_dev": 5991790.932750574
    }
  },
  "minicsv": {
    "base_native": {
      "mean": 720635218.0,
      "median": 720635218.0,
      "min": 720635218.0,
      "max": 720635218.0,
      "std_dev": 0.0
    },
    "wasmtime_app": {
      "mean": 1108478732.0,
      "median": 1108478732.0,
      "min": 1108478732.0,
      "max": 1108478732.0,
      "std_dev": 0.0
    }
  },
  "nestedloop": {
    "base_native": {
      "mean": 1587576.7272727273,
      "median": 1591133.0,
      "min": 1564535.0,
      "max": 1606507.0,
      "std_dev": 13450.053182726893
    },
    "wasmtime_app": {
      "mean": 6272159.6,
      "median": 6175282.0,
      "min": 6156171.0,
      "max": 7133719.0,
      "std_dev": 303213.8656732058
    }
  },
  "nestedloop2": {
    "base_native": {
      "mean": 1584129.3636363635,
      "median": 1574885.0,
      "min": 1566310.0,
      "max": 1609607.0,
      "std_dev": 16641.127757893857
    },
    "wasmtime_app": {
      "mean": 6279909.1,
      "median": 6189669.0,
      "min": 6167920.0,
      "max": 7063697.0,
      "std_dev": 276330.94975749234
    }
  },
  "nestedloop3": {
    "base_native": {
      "mean": 2102532.3636363638,
      "median": 2096496.0,
      "min": 2069648.0,
      "max": 2161717.0,
      "std_dev": 23733.975399299325
    },
    "wasmtime_app": {
      "mean": 6845474.1,
      "median": 6721428.5,
      "min": 6699992.0,
      "max": 7950675.0,
      "std_dev": 388603.9266481004
    }
  },
  "random": {
    "base_native": {
      "mean": 577722300.5,
      "median": 577722300.5,
      "min": 577649106.0,
      "max": 577795495.0,
      "std_dev": 103512.6545911175
    },
    "wasmtime_app": {
      "mean": 290736515.6666667,
      "median": 290414116.0,
      "min": 290406292.0,
      "max": 291389139.0,
      "std_dev": 565201.9242291496
    }
  },
  "random2": {
    "base_native": {
      "mean": 577729263.0,
      "median": 577729263.0,
      "min": 577724776.0,
      "max": 577733750.0,
      "std_dev": 6345.576254368078
    },
    "wasmtime_app": {
      "mean": 290837969.0,
      "median": 290634105.0,
      "min": 290514611.0,
      "max": 291365191.0,
      "std_dev": 460480.16458040837
    }
  },
  "ratelimit": {
    "base_native": {
      "mean": 25924296.8,
      "median": 25908395.5,
      "min": 25892509.0,
      "max": 26005276.0,
      "std_dev": 34987.79511899669
    },
    "wasmtime_app": {
      "mean": 39026255.5,
      "median": 38305704.0,
      "min": 38262306.0,
      "max": 45559642.0,
      "std_dev": 2295702.9637893415
    }
  },
  "seqhash": {
    "base_native": {
      "mean": 7130217394.0,
      "median": 7130217394.0,
      "min": 7130217394.0,
      "max": 7130217394.0,
      "std_dev": 0.0
    },
    "wasmtime_app": {
      "mean": 9718778942.0,
      "median": 9718778942.0,
      "min": 9718778942.0,
      "max": 9718778942.0,
      "std_dev": 0.0
    }
  },
  "sieve": {
    "base_native": {
      "mean": 569275580.0,
      "median": 569275580.0,
      "min": 569243995.0,
      "max": 569307165.0,
      "std_dev": 44667.93536755421
    },
    "wasmtime_app": {
      "mean": 767458642.0,
      "median": 767458642.0,
      "min": 767458642.0,
      "max": 767458642.0,
      "std_dev": 0.0
    }
  },
  "strcat": {
    "base_native": {
      "mean": 65854009.7,
      "median": 65844018.0,
      "min": 65826269.0,
      "max": 65945410.0,
      "std_dev": 34417.43729258308
    },
    "wasmtime_app": {
      "mean": 346776719.0,
      "median": 346776719.0,
      "min": 341227278.0,
      "max": 352326160.0,
      "std_dev": 7848094.725789311
    }
  },
  "strcat2": {
    "base_native": {
      "mean": 2587742.4545454546,
      "median": 2585686.0,
      "min": 2574687.0,
      "max": 2603559.0,
      "std_dev": 10495.577281537555
    },
    "wasmtime_app": {
      "mean": 9415659.2,
      "median": 8502570.5,
      "min": 8476847.0,
      "max": 17637958.0,
      "std_dev": 2889075.2575029493
    }
  },
  "strchr": {
    "base_native": {
      "mean": 155305687.4,
      "median": 155310462.0,
      "min": 155146849.0,
      "max": 155441477.0,
      "std_dev": 106519.55747795802
    },