{
  "ackermann": {
    "base_native": {
      "mean": 3144974.2,
      "median": 2845589.5,
      "min": 2814704.0,
      "max": 5896443.0,
      "std_dev": 966928.8315987089
    },
    "wasmtime_app": {
      "mean": 8977911.6,
      "median": 8675340.5,
      "min": 7966867.0,
      "max": 12448973.0,
      "std_dev": 1285946.989914108
    }
  },
  "base64": {
    "base_native": {
      "mean": 249529555.0,
      "median": 249513573.0,
      "min": 249490274.0,
      "max": 249584818.0,
      "std_dev": 49256.57546967714
    },
    "wasmtime_app": {
      "mean": 355184057.5,
      "median": 355184057.5,
      "min": 350659066.0,
      "max": 359709049.0,
      "std_dev": 6399304.348922975
    }
  },
  "ctype": {
    "base_native": {
      "mean": 653723558.0,
      "median": 653723558.0,
      "min": 653657212.0,
      "max": 653789904.0,
      "std_dev": 93827.41300920537
    },
    "wasmtime_app": {
      "mean": 983016598.0,
      "median": 983016598.0,
      "min": 983016598.0,
      "max": 983016598.0,
      "std_dev": 0.0
    }
  },
  "ed25519": {
    "base_native": {
      "mean": 1433109711.0,
      "median": 1433109711.0,
      "min": 1433109711.0,
      "max": 1433109711.0,
      "std_dev": 0.0
    },
    "wasmtime_app": {
      "mean": 6774564977.0,
      "median": 6774564977.0,
      "min": 6774564977.0,
      "max": 6774564977.0,
      "std_dev": 0.0
    }
  },
  "fib2": {
    "base_native": {
      "mean": 6956101606.0,
      "median": 6956101606.0,
      "min": 6956101606.0,
      "max": 6956101606.0,
      "std_dev": 0.0
    },
    "wasmtime_app": {
      "mean": 10676554029.0,
      "median": 10676554029.0,
      "min": 10676554029.0,
      "max": 10676554029.0,
      "std_dev": 0.0
    }
  },
  "gimli": {
    "base_native": {
      "mean": 4136991.7,
      "median": 4133199.0,
      "min": 4124425.0,
      "max": 4167822.0,
      "std_dev": 12602.49005421812
    },
    "wasmtime_app": {
      "mean": 9517054.6,
      "median": 9373815.0,
      "min": 9347091.0,
      "max": 10827636.0,
      "std_dev": 460860.14180544333
    }
  },
  "heapsort": {
    "base_native": {
      "mean": 1076397726.0,
      "median": 1076397726.0,
      "min": 1076397726.0,
      "max": 1076397726.0,
      "std_dev": 0.0
    },
    "wasmtime_app": {
      "mean": 1220452943.0,
      "median": 1220452943.0,
      "min": 1220452943.0,
      "max": 1220452943.0,
      "std_dev": 0.0
    }
  },
  "keccak": {
    "base_native": {
      "mean": 7476417.1,
      "median": 7478534.5,
      "min": 7454448.0,
      "max": 7486771.0,
      "std_dev": 9547.73162647082
    },
    "wasmtime_app": {
      "mean": 22815122.0,
      "median": 21237982.5,
      "min": 21020282.0,
      "max": 37358019.0,
      "std_dev": 5111419.433882965
    }
  },
  "matrix": {
    "base_native": {
      "mean": 377920601.0,
      "median": 377920601.0,
      "min": 377883878.0,
      "max": 377957324.0,
      "std_dev": 51934.16465102717
    },
    "wasmtime_app": {
      "mean": 533604235.5,
      "median": 533604235.5,
      "min": 529439374.0,
      "max": 537769097.0,
      "std_dev": 5890003.618705552
    }
  },
  "matrix2": {
    "base_native": {
      "mean": 194288284.25,
      "median": 194285915.5,
      "min": 194266767.0,
      "max": 194314539.0,
      "std_dev": 19936.55184788316
    },
    "wasmtime_app": {
      "mean": 260332550.33333334,
      "median": 257726942.0,
      "min": 257693769.0,
      "max": 265576940.0,
      "std_dev": 4541804.965414338
    }
  },
  "memmove": {
    "base_native": {
      "mean": 47327925.0,
      "median": 47326222.5,
      "min": 47312511.0,
      "max": 47351309.0,
      "std_dev": 12137.671403984832
    },
    "wasmtime_app": {
      "mean": 520030536.0,
      "median": 520030536.0,
      "min": 515065006.0,
      "max": 524996066.0,
      "std_dev": 7022319.870370475
    }
  },
  "minicsv": {
    "base_native": {
      "mean": 739032695.0,
      "median": 739032695.0,
      "min": 739032695.0,
      "max": 739032695.0,
      "std_dev": 0.0
    },
    "wasmtime_app": {
      "mean": 1107177049.0,
      "median": 1107177049.0,
      "min": 1107177049.0,
      "max": 1107177049.0,
      "std_dev": 0.0
    }
  },
  "nestedloop": {
    "base_native": {
      "mean": 1578431.1818181819,
      "median": 1583879.0,
      "min": 1556930.0,
      "max": 1590603.0,
      "std_dev": 12815.54029152249
    },
    "wasmtime_app": {
      "mean": 6279135.7,
      "median": 6184901.0,
      "min": 6158315.0,
      "max": 7135862.0,
      "std_dev": 301501.1689924085
    }
  },
  "nestedloop2": {
    "base_native": {
      "mean": 1578676.7272727273,
      "median": 1585279.0,
      "min": 1550906.0,
      "max": 1600103.0,
      "std_dev": 16081.850422702662
    },
    "wasmtime_app": {
      "mean": 6287790.3,
      "median": 6203925.0,
      "min": 6158290.0,
      "max": 7035817.0,
      "std_dev": 264291.914264869
    }
  },
  "nestedloop3": {
    "base_native": {
      "mean": 2083621.0909090908,
      "median": 2083198.0,
      "min": 2073274.0,
      "max": 2095748.0,
      "std_dev": 5671.91271890789
    },
    "wasmtime_app": {
      "mean": 6857641.9,
      "median": 6736333.5,
      "min": 6714410.0,
      "max": 7946968.0,
      "std_dev": 383309.1177996191
    }
  },
  "random": {
    "base_native": {
      "mean": 577574579.0,
      "median": 577574579.0,
      "min": 577565767.0,
      "max": 577583391.0,
      "std_dev": 12462.049911631713
    },
    "wasmtime_app": {
      "mean": 290686142.3333333,
      "median": 290400366.0,
      "min": 290384867.0,
      "max": 291273194.0,
      "std_dev": 508460.71554480324
    }
  },
  "random2": {
    "base_native": {
      "mean": 577663836.5,
      "median": 577663836.5,
      "min": 577603240.0,
      "max": 577724433.0,
      "std_dev": 85696.39213234125
    },
    "wasmtime_app": {
      "mean": 290686175.6666667,
      "median": 290403766.0,
      "min": 290342519.0,
      "max": 291312242.0,
      "std_dev": 543053.4863642193
    }
  },
  "ratelimit": {
    "base_native": {
      "mean": 25933784.8,
      "median": 25934867.5,
      "min": 25911456.0,
      "max": 25950529.0,
      "std_dev": 12569.980003519851
    },
    "wasmtime_app": {
      "mean": 39031395.6,
      "median": 38311479.5,
      "min": 38289618.0,
      "max": 45498402.0,
      "std_dev": 2272334.271865495
    }
  },
  "seqhash": {
    "base_native": {
      "mean": 7126711480.0,
      "median": 7126711480.0,
      "min": 7126711480.0,
      "max": 7126711480.0,
      "std_dev": 0.0
    },
    "wasmtime_app": {
      "mean": 9685005069.0,
      "median": 9685005069.0,
      "min": 9685005069.0,
      "max": 9685005069.0,
      "std_dev": 0.0
    }
  },
  "sieve": {
    "base_native": {
      "mean": 569277606.5,
      "median": 569277606.5,
      "min": 569275944.0,
      "max": 569279269.0,
      "std_dev": 2351.1300474452705
    },
    "wasmtime_app": {
      "mean": 767076734.0,
      "median": 767076734.0,
      "min": 767076734.0,
      "max": 767076734.0,
      "std_dev": 0.0
    }
  },
  "strcat": {
    "base_native": {
      "mean": 65861200.7,
      "median": 65850664.0,
      "min": 65839040.0,
      "max": 65966332.0,
      "std_dev": 37840.305977298274
    },
    "wasmtime_app": {
      "mean": 354226935.0,
      "median": 354226935.0,
      "min": 350222040.0,
      "max": 358231830.0,
      "std_dev": 5663776.824880197
    }
  },
  "strcat2": {
    "base_native": {
      "mean": 2605991.727272727,
      "median": 2601617.0,
      "min": 2580918.0,
      "max": 2637765.0,
      "std_dev": 16745.443888359063
    },
    "wasmtime_app": {
      "mean": 9406618.2,
      "median": 8506262.0,
      "min": 8463165.0,
      "max": 17576919.0,
      "std_dev": 2870817.317265079
    }
  },
  "strchr": {
    "base_native": {
      "mean": 155137730.0,
      "median": 155136560.0,
      "min": 155125686.0,
      "max": 155156784.0,
      "std_dev": 11608.558825280596
    },