{
  "ackermann": {
    "base_native": {
      "mean": 2846591.1818181816,
      "median": 2848607.0,
      "min": 2821658.0,
      "max": 2896079.0,
      "std_dev": 21227.46472765027
    },
    "wasmtime_app": {
      "mean": 8910672.1,
      "median": 8366648.0,
      "min": 8020543.0,
      "max": 12482639.0,
      "std_dev": 1376943.1797344475
    }
  },
  "base64": {
    "base_native": {
      "mean": 249514900.66666666,
      "median": 249503085.0,
      "min": 249478611.0,
      "max": 249563006.0,
      "std_dev": 43420.461655000094
    },
    "wasmtime_app": {
      "mean": 358535830.5,
      "median": 358535830.5,
      "min": 351733018.0,
      "max": 365338643.0,
      "std_dev": 9620629.69978122
    }
  },
  "ctype": {
    "base_native": {
      "mean": 653721624.0,
      "median": 653721624.0,
      "min": 653691463.0,
      "max": 653751785.0,
      "std_dev": 42654.09525473492
    },
    "wasmtime_app": {
      "mean": 982739282.0,
      "median": 982739282.0,
      "min": 982739282.0,
      "max": 982739282.0,
      "std_dev": 0.0
    }
  },
  "ed25519": {
    "base_native": {
      "mean": 1433184521.0,
      "median": 1433184521.0,
      "min": 1433184521.0,
      "max": 1433184521.0,
      "std_dev": 0.0
    },
    "wasmtime_app": {
      "mean": 6721111882.0,
      "median": 6721111882.0,
      "min": 6721111882.0,
      "max": 6721111882.0,
      "std_dev": 0.0
    }
  },
  "fib2": {
    "base_native": {
      "mean": 6955916195.0,
      "median": 6955916195.0,
      "min": 6955916195.0,
      "max": 6955916195.0,
      "std_dev": 0.0
    },
    "wasmtime_app": {
      "mean": 10689552379.0,
      "median": 10689552379.0,
      "min": 10689552379.0,
      "max": 10689552379.0,
      "std_dev": 0.0
    }
  },
  "gimli": {
    "base_native": {
      "mean": 4144835.6,
      "median": 4143393.5,
      "min": 4136856.0,
      "max": 4156055.0,
      "std_dev": 5994.070610936185
    },
    "wasmtime_app": {
      "mean": 9451036.2,
      "median": 9316344.0,
      "min": 9275671.0,
      "max": 10747887.0,
      "std_dev": 456050.0356595389
    }
  },
  "heapsort": {
    "base_native": {
      "mean": 1076428400.0,
      "median": 1076428400.0,
      "min": 1076428400.0,
      "max": 1076428400.0,
      "std_dev": 0.0
    },
    "wasmtime_app": {
      "mean": 1220466719.0,
      "median": 1220466719.0,
      "min": 1220466719.0,
      "max": 1220466719.0,
      "std_dev": 0.0
    }
  },
  "keccak": {
    "base_native": {
      "mean": 7477424.3,
      "median": 7481671.5,
      "min": 7450511.0,
      "max": 7489784.0,
      "std_dev": 12956.237940338495
    },
    "wasmtime_app": {
      "mean": 22865877.4,
      "median": 21306873.5,
      "min": 21000254.0,
      "max": 37150759.0,
      "std_dev": 5022505.3292753585
    }
  },
  "matrix": {
    "base_native": {
      "mean": 377895775.5,
      "median": 377895775.5,
      "min": 377888726.0,
      "max": 377902825.0,
      "std_dev": 9969.498507949134
    },
    "wasmtime_app": {
      "mean": 533560063.0,
      "median": 533560063.0,
      "min": 529395525.0,
      "max": 537724601.0,
      "std_dev": 5889546.1206181245
    }
  },
  "matrix2": {
    "base_native": {
      "mean": 194283242.25,
      "median": 194285736.0,
      "min": 194265362.0,
      "max": 194296135.0,
      "std_dev": 14140.900145205278
    },
    "wasmtime_app": {
      "mean": 260219755.33333334,
      "median": 257694699.0,
      "min": 257646952.0,
      "max": 265317615.0,
      "std_dev": 4414940.523922415
    }
  },
  "memmove": {
    "base_native": {
      "mean": 47393941.7,
      "median": 47387009.5,
      "min": 47382385.0,
      "max": 47427082.0,
      "std_dev": 14799.404237633651
    },
    "wasmtime_app": {
      "mean": 520760967.5,
      "median": 520760967.5,
      "min": 516187878.0,
      "max": 525334057.0,
      "std_dev": 6467325.1928459965
    }
  },
  "minicsv": {
    "base_native": {
      "mean": 743554148.0,
      "median": 743554148.0,
      "min": 743554148.0,
      "max": 743554148.0,
      "std_dev": 0.0
    },
    "wasmtime_app": {
      "mean": 1111185642.0,
      "median": 1111185642.0,
      "min": 1111185642.0,
      "max": 1111185642.0,
      "std_dev": 0.0
    }
  },
  "nestedloop": {
    "base_native": {
      "mean": 1565318.7272727273,
      "median": 1572182.0,
      "min": 1544684.0,
      "max": 1584731.0,
      "std_dev": 13947.350896072767
    },
    "wasmtime_app": {
      "mean": 6275102.2,
      "median": 6174935.5,
      "min": 6157549.0,
      "max": 7102345.0,
      "std_dev": 291916.9856798333
    }
  },
  "nestedloop2": {
    "base_native": {
      "mean": 1573906.8181818181,
      "median": 1575307.0,
      "min": 1549333.0,
      "max": 1620379.0,
      "std_dev": 23055.040597744268
    },
    "wasmtime_app": {
      "mean": 6245161.4,
      "median": 6158161.5,
      "min": 6139450.0,
      "max": 7017300.0,
      "std_dev": 271935.6586997904
    }
  },
  "nestedloop3": {
    "base_native": {
      "mean": 2075120.3636363635,
      "median": 2075052.0,
      "min": 2055004.0,
      "max": 2098851.0,
      "std_dev": 12663.628028908044
    },
    "wasmtime_app": {
      "mean": 6834087.6,
      "median": 6717691.5,
      "min": 6681844.0,
      "max": 7903274.0,
      "std_dev": 376397.8578759449
    }
  },
  "random": {
    "base_native": {
      "mean": 577593181.5,
      "median": 577593181.5,
      "min": 577590819.0,
      "max": 577595544.0,
      "std_dev": 3341.079541106437
    },
    "wasmtime_app": {
      "mean": 290711977.0,
      "median": 290438784.0,
      "min": 290406836.0,
      "max": 291290311.0,
      "std_dev": 501106.6057666772
    }
  },
  "random2": {
    "base_native": {
      "mean": 577701987.5,
      "median": 577701987.5,
      "min": 577643066.0,
      "max": 577760909.0,
      "std_dev": 83327.58441536632
    },
    "wasmtime_app": {
      "mean": 290670712.3333333,
      "median": 290380012.0,
      "min": 290364288.0,
      "max": 291267837.0,
      "std_dev": 517184.89121428644
    }
  },
  "ratelimit": {
    "base_native": {
      "mean": 25936872.4,
      "median": 25935597.5,
      "min": 25917049.0,
      "max": 25960871.0,
      "std_dev": 13935.79546986026
    },
    "wasmtime_app": {
      "mean": 39024304.8,
      "median": 38306518.0,
      "min": 38276145.0,
      "max": 45528207.0,
      "std_dev": 2285293.22624189
    }
  },
  "seqhash": {
    "base_native": {
      "mean": 7108742372.0,
      "median": 7108742372.0,
      "min": 7108742372.0,
      "max": 7108742372.0,
      "std_dev": 0.0
    },
    "wasmtime_app": {
      "mean": 9668956252.0,
      "median": 9668956252.0,
      "min": 9668956252.0,
      "max": 9668956252.0,
      "std_dev": 0.0
    }
  },
  "sieve": {
    "base_native": {
      "mean": 569276583.5,
      "median": 569276583.5,
      "min": 569246310.0,
      "max": 569306857.0,
      "std_dev": 42813.19428050189
    },
    "wasmtime_app": {
      "mean": 766993894.0,
      "median": 766993894.0,
      "min": 766993894.0,
      "max": 766993894.0,
      "std_dev": 0.0
    }
  },
  "strcat": {
    "base_native": {
      "mean": 65850989.9,
      "median": 65843435.5,
      "min": 65822399.0,
      "max": 65915969.0,
      "std_dev": 28879.085467398952
    },
    "wasmtime_app": {
      "mean": 351202361.0,
      "median": 351202361.0,
      "min": 347235299.0,
      "max": 355169423.0,
      "std_dev": 5610272.883174935
    }
  },
  "strcat2": {
    "base_native": {
      "mean": 2591260.3636363638,
      "median": 2588122.0,
      "min": 2582697.0,
      "max": 2607871.0,
      "std_dev": 8926.817117794308
    },
    "wasmtime_app": {
      "mean": 9357621.6,
      "median": 8455168.0,
      "min": 8423770.0,
      "max": 17520852.0,
      "std_dev": 2868331.214499322
    }
  },
  "strchr": {
    "base_native": {
      "mean": 154950911.8,
      "median": 155071545.0,
      "min": 154472030.0,
      "max": 155075769.0,
      "std_dev": 267756.9587400111
    },