{
  "ackermann": {
    "base_native": {
      "mean": 3374451.7,
      "median": 3065143.5,
      "min": 3036733.0,
      "max": 4734276.0,
      "std_dev": 665098.6640438396
    },
    "wasmtime_app": {
      "mean": 9475634.7,
      "median": 9334520.5,
      "min": 8366753.0,
      "max": 12982029.0,
      "std_dev": 1398886.1176846742
    }
  },
  "base64": {
    "base_native": {
      "mean": 264251291.66666666,
      "median": 261560545.0,
      "min": 260809117.0,
      "max": 270384213.0,
      "std_dev": 5324537.920837576
    },
    "wasmtime_app": {
      "mean": 366188191.5,
      "median": 366188191.5,
      "min": 355885153.0,
      "max": 376491230.0,
      "std_dev": 14570696.78035215
    }
  },
  "ctype": {
    "base_native": {
      "mean": 657320135.5,
      "median": 657320135.5,
      "min": 653627381.0,
      "max": 661012890.0,
      "std_dev": 5222343.496414278
    },
    "wasmtime_app": {
      "mean": 986910176.0,
      "median": 986910176.0,
      "min": 986910176.0,
      "max": 986910176.0,
      "std_dev": 0.0
    }
  },
  "ed25519": {
    "base_native": {
      "mean": 1432983278.0,
      "median": 1432983278.0,
      "min": 1432983278.0,
      "max": 1432983278.0,
      "std_dev": 0.0
    },
    "wasmtime_app": {
      "mean": 6757184536.0,
      "median": 6757184536.0,
      "min": 6757184536.0,
      "max": 6757184536.0,
      "std_dev": 0.0
    }
  },
  "fib2": {
    "base_native": {
      "mean": 6955852885.0,
      "median": 6955852885.0,
      "min": 6955852885.0,
      "max": 6955852885.0,
      "std_dev": 0.0
    },
    "wasmtime_app": {
      "mean": 10658117740.0,
      "median": 10658117740.0,
      "min": 10658117740.0,
      "max": 10658117740.0,
      "std_dev": 0.0
    }
  },
  "gimli": {
    "base_native": {
      "mean": 4145600.5,
      "median": 4144538.0,
      "min": 4122039.0,
      "max": 4181536.0,
      "std_dev": 15267.191470237376
    },
    "wasmtime_app": {
      "mean": 9525506.8,
      "median": 9379893.0,
      "min": 9367944.0,
      "max": 10849631.0,
      "std_dev": 465297.3951788015
    }
  },
  "heapsort": {
    "base_native": {
      "mean": 1076301685.0,
      "median": 1076301685.0,
      "min": 1076301685.0,
      "max": 1076301685.0,
      "std_dev": 0.0
    },
    "wasmtime_app": {
      "mean": 1220403494.0,
      "median": 1220403494.0,
      "min": 1220403494.0,
      "max": 1220403494.0,
      "std_dev": 0.0
    }
  },
  "keccak": {
    "base_native": {
      "mean": 7486869.7,
      "median": 7486077.0,
      "min": 7472228.0,
      "max": 7510051.0,
      "std_dev": 12507.872845620961
    },
    "wasmtime_app": {
      "mean": 22897735.6,
      "median": 21315109.5,
      "min": 21217165.0,
      "max": 37235940.0,
      "std_dev": 5038232.714352153
    }
  },
  "matrix": {
    "base_native": {
      "mean": 377874780.5,
      "median": 377874780.5,
      "min": 377862581.0,
      "max": 377886980.0,
      "std_dev": 17252.698354170574
    },
    "wasmtime_app": {
      "mean": 533537934.0,
      "median": 533537934.0,
      "min": 529460526.0,
      "max": 537615342.0,
      "std_dev": 5766325.692928556
    }
  },
  "matrix2": {
    "base_native": {
      "mean": 194267784.75,
      "median": 194268453.5,
      "min": 194252142.0,
      "max": 194282090.0,
      "std_dev": 12834.531165960056
    },
    "wasmtime_app": {
      "mean": 260185249.0,
      "median": 257610285.0,
      "min": 257596936.0,
      "max": 265348526.0,
      "std_dev": 4471534.030173202
    }
  },
  "memmove": {
    "base_native": {
      "mean": 47328525.6,
      "median": 47325075.5,
      "min": 47313189.0,
      "max": 47352762.0,
      "std_dev": 11719.224672875478
    },
    "wasmtime_app": {
      "mean": 521124458.5,
      "median": 521124458.5,
      "min": 516421175.0,
      "max": 525827742.0,
      "std_dev": 6651447.313385598
    }
  },
  "minicsv": {
    "base_native": {
      "mean": 715253167.0,
      "median": 715253167.0,
      "min": 715253167.0,
      "max": 715253167.0,
      "std_dev": 0.0
    },
    "wasmtime_app": {
      "mean": 1103838862.0,
      "median": 1103838862.0,
      "min": 1103838862.0,
      "max": 1103838862.0,
      "std_dev": 0.0
    }
  },
  "nestedloop": {
    "base_native": {
      "mean": 1571768.6363636365,
      "median": 1571175.0,
      "min": 1548377.0,
      "max": 1600324.0,
      "std_dev": 16317.427936244898
    },
    "wasmtime_app": {
      "mean": 6318791.9,
      "median": 6222230.0,
      "min": 6191757.0,
      "max": 7167674.0,
      "std_dev": 299766.4683414037
    }
  },
  "nestedloop2": {
    "base_native": {
      "mean": 1578624.7272727273,
      "median": 1587124.0,
      "min": 1553326.0,
      "max": 1602898.0,
      "std_dev": 18260.075756090988
    },
    "wasmtime_app": {
      "mean": 6297068.2,
      "median": 6212880.5,
      "min": 6178808.0,
      "max": 7057956.0,
      "std_dev": 268703.4043562199
    }
  },
  "nestedloop3": {
    "base_native": {
      "mean": 2091531.0909090908,
      "median": 2084368.0,
      "min": 2063644.0,
      "max": 2167938.0,
      "std_dev": 28181.07919670411
    },
    "wasmtime_app": {
      "mean": 6884313.4,
      "median": 6764573.0,
      "min": 6747699.0,
      "max": 7944528.0,
      "std_dev": 372807.4609798826
    }
  },
  "random": {
    "base_native": {
      "mean": 577583554.0,
      "median": 577583554.0,
      "min": 577561705.0,
      "max": 577605403.0,
      "std_dev": 30899.152124289754
    },
    "wasmtime_app": {
      "mean": 290681639.6666667,
      "median": 290429188.0,
      "min": 290378591.0,
      "max": 291237140.0,
      "std_dev": 481742.1295177881
    }
  },
  "random2": {
    "base_native": {
      "mean": 577697696.5,
      "median": 577697696.5,
      "min": 577643700.0,
      "max": 577751693.0,
      "std_dev": 76362.58262067883
    },
    "wasmtime_app": {
      "mean": 290705504.6666667,
      "median": 290412439.0,
      "min": 290402489.0,
      "max": 291301586.0,
      "std_dev": 516245.54970123793
    }
  },
  "ratelimit": {
    "base_native": {
      "mean": 25925983.7,
      "median": 25922501.5,
      "min": 25910140.0,
      "max": 25961511.0,
      "std_dev": 16754.91051105118
    },
    "wasmtime_app": {
      "mean": 39039925.0,
      "median": 38315938.0,
      "min": 38279853.0,
      "max": 45570520.0,
      "std_dev": 2294698.0316516594
    }
  },
  "seqhash": {
    "base_native": {
      "mean": 7115869263.0,
      "median": 7115869263.0,
      "min": 7115869263.0,
      "max": 7115869263.0,
      "std_dev": 0.0
    },
    "wasmtime_app": {
      "mean": 9697333913.0,
      "median": 9697333913.0,
      "min": 9697333913.0,
      "max": 9697333913.0,
      "std_dev": 0.0
    }
  },
  "sieve": {
    "base_native": {
      "mean": 569247092.5,
      "median": 569247092.5,
      "min": 569215232.0,
      "max": 569278953.0,
      "std_dev": 45057.551203988
    },
    "wasmtime_app": {
      "mean": 767406229.0,
      "median": 767406229.0,
      "min": 767406229.0,
      "max": 767406229.0,
      "std_dev": 0.0
    }
  },
  "strcat": {
    "base_native": {
      "mean": 65847731.9,
      "median": 65841320.0,
      "min": 65826971.0,
      "max": 65919290.0,
      "std_dev": 26202.639364299845
    },
    "wasmtime_app": {
      "mean": 349765016.0,
      "median": 349765016.0,
      "min": 347226892.0,
      "max": 352303140.0,
      "std_dev": 3589449.3837846494
    }
  },
  "strcat2": {
    "base_native": {
      "mean": 2586729.4545454546,
      "median": 2585186.0,
      "min": 2573337.0,
      "max": 2607660.0,
      "std_dev": 9742.629566637914
    },
    "wasmtime_app": {
      "mean": 9421512.7,
      "median": 8499270.0,
      "min": 8457048.0,
      "max": 17708598.0,
      "std_dev": 2911946.686425959
    }
  },
  "strchr": {
    "base_native": {
      "mean": 155190517.0,
      "median": 155187782.0,
      "min": 155144310.0,
      "max": 155281851.0,
      "std_dev": 55855.07430842788
    },