{
  "ackermann": {
    "base_native": {
      "mean": 3449584.8,
      "median": 2930131.5,
      "min": 2897496.0,
      "max": 8195924.0,
      "std_dev": 1667768.775439929
    },
    "wasmtime_app": {
      "mean": 8838934.5,
      "median": 8441684.0,
      "min": 8078379.0,
      "max": 12784594.0,
      "std_dev": 1428609.8763528636
    }
  },
  "base64": {
    "base_native": {
      "mean": 253890857.66666666,
      "median": 254638455.0,
      "min": 249512140.0,
      "max": 257521978.0,
      "std_dev": 4056914.1630266635
    },
    "wasmtime_app": {
      "mean": 359363693.0,
      "median": 359363693.0,
      "min": 353373211.0,
      "max": 365354175.0,
      "std_dev": 8471820.889551904
    }
  },
  "ctype": {
    "base_native": {
      "mean": 654130221.0,
      "median": 654130221.0,
      "min": 654111547.0,
      "max": 654148895.0,
      "std_dev": 26409.024063755176
    },
    "wasmtime_app": {
      "mean": 990564045.0,
      "median": 990564045.0,
      "min": 990564045.0,
      "max": 990564045.0,
      "std_dev": 0.0
    }
  },
  "ed25519": {
    "base_native": {
      "mean": 1433339340.0,
      "median": 1433339340.0,
      "min": 1433339340.0,
      "max": 1433339340.0,
      "std_dev": 0.0
    },
    "wasmtime_app": {
      "mean": 6739939367.0,
      "median": 6739939367.0,
      "min": 6739939367.0,
      "max": 6739939367.0,
      "std_dev": 0.0
    }
  },
  "fib2": {
    "base_native": {
      "mean": 6956067557.0,
      "median": 6956067557.0,
      "min": 6956067557.0,
      "max": 6956067557.0,
      "std_dev": 0.0
    },
    "wasmtime_app": {
      "mean": 10713768010.0,
      "median": 10713768010.0,
      "min": 10713768010.0,
      "max": 10713768010.0,
      "std_dev": 0.0
    }
  },
  "gimli": {
    "base_native": {
      "mean": 4150593.2,
      "median": 4148870.5,
      "min": 4142359.0,
      "max": 4168582.0,
      "std_dev": 8894.764787346669
    },
    "wasmtime_app": {
      "mean": 9505850.3,
      "median": 9342434.5,
      "min": 9305111.0,
      "max": 10964695.0,
      "std_dev": 513077.98839488765
    }
  },
  "heapsort": {
    "base_native": {
      "mean": 1076513655.0,
      "median": 1076513655.0,
      "min": 1076513655.0,
      "max": 1076513655.0,
      "std_dev": 0.0
    },
    "wasmtime_app": {
      "mean": 1220787423.0,
      "median": 1220787423.0,
      "min": 1220787423.0,
      "max": 1220787423.0,
      "std_dev": 0.0
    }
  },
  "keccak": {
    "base_native": {
      "mean": 7485741.5,
      "median": 7483699.0,
      "min": 7474725.0,
      "max": 7498423.0,
      "std_dev": 7292.327524338318
    },
    "wasmtime_app": {
      "mean": 22948641.4,
      "median": 21321036.0,
      "min": 21214655.0,
      "max": 37376038.0,
      "std_dev": 5070918.961469021
    }
  },
  "matrix": {
    "base_native": {
      "mean": 377923279.0,
      "median": 377923279.0,
      "min": 377895381.0,
      "max": 377951177.0,
      "std_dev": 39453.7299630846
    },
    "wasmtime_app": {
      "mean": 534337105.5,
      "median": 534337105.5,
      "min": 530614086.0,
      "max": 538060125.0,
      "std_dev": 5265144.669879499
    }
  },
  "matrix2": {
    "base_native": {
      "mean": 194271960.25,
      "median": 194271479.0,
      "min": 194242794.0,
      "max": 194302089.0,
      "std_dev": 25441.03382824684
    },
    "wasmtime_app": {
      "mean": 260178192.33333334,
      "median": 257646765.0,
      "min": 257642716.0,
      "max": 265245096.0,
      "std_dev": 4388067.760878395
    }
  },
  "memmove": {
    "base_native": {
      "mean": 47331158.1,
      "median": 47334078.0,
      "min": 47314079.0,
      "max": 47344302.0,
      "std_dev": 10400.47725881419
    },
    "wasmtime_app": {
      "mean": 520166374.5,
      "median": 520166374.5,
      "min": 515813002.0,
      "max": 524519747.0,
      "std_dev": 6156598.431562067
    }
  },
  "minicsv": {
    "base_native": {
      "mean": 719484935.0,
      "median": 719484935.0,
      "min": 719484935.0,
      "max": 719484935.0,
      "std_dev": 0.0
    },
    "wasmtime_app": {
      "mean": 1103750503.0,
      "median": 1103750503.0,
      "min": 1103750503.0,
      "max": 1103750503.0,
      "std_dev": 0.0
    }
  },
  "nestedloop": {
    "base_native": {
      "mean": 1573350.4545454546,
      "median": 1576664.0,
      "min": 1547841.0,
      "max": 1601637.0,
      "std_dev": 16423.027889908954
    },
    "wasmtime_app": {
      "mean": 6293242.4,
      "median": 6186420.5,
      "min": 6172134.0,
      "max": 7142156.0,
      "std_dev": 299258.3568933187
    }
  },
  "nestedloop2": {
    "base_native": {
      "mean": 1575720.6363636365,
      "median": 1582813.0,
      "min": 1542891.0,
      "max": 1602337.0,
      "std_dev": 17730.605484713302
    },
    "wasmtime_app": {
      "mean": 6267728.9,
      "median": 6184633.5,
      "min": 6158960.0,
      "max": 7055910.0,
      "std_dev": 277556.2242443261
    }
  },
  "nestedloop3": {
    "base_native": {
      "mean": 2090984.5454545454,
      "median": 2087078.0,
      "min": 2082228.0,
      "max": 2135875.0,
      "std_dev": 15321.241831938012
    },
    "wasmtime_app": {
      "mean": 6849414.2,
      "median": 6741465.0,
      "min": 6692305.0,
      "max": 7895789.0,
      "std_dev": 368660.888244287
    }
  },
  "random": {
    "base_native": {
      "mean": 577662937.0,
      "median": 577662937.0,
      "min": 577591192.0,
      "max": 577734682.0,
      "std_dev": 101462.7520324577
    },
    "wasmtime_app": {
      "mean": 290719333.0,
      "median": 290452406.0,
      "min": 290407434.0,
      "max": 291298159.0,
      "std_dev": 501782.09802961285
    }
  },
  "random2": {
    "base_native": {
      "mean": 577668324.0,
      "median": 577668324.0,
      "min": 577618890.0,
      "max": 577717758.0,
      "std_dev": 69910.23324235158
    },
    "wasmtime_app": {
      "mean": 290707292.0,
      "median": 290414808.0,
      "min": 290413383.0,
      "max": 291293685.0,
      "std_dev": 507831.7344288362
    }
  },
  "ratelimit": {
    "base_native": {
      "mean": 25956293.0,
      "median": 25944279.0,
      "min": 25929680.0,
      "max": 26011524.0,
      "std_dev": 26424.986988328554
    },
    "wasmtime_app": {
      "mean": 39050038.3,
      "median": 38334210.5,
      "min": 38310862.0,
      "max": 45548962.0,
      "std_dev": 2283513.380206234
    }
  },
  "seqhash": {
    "base_native": {
      "mean": 7120379677.0,
      "median": 7120379677.0,
      "min": 7120379677.0,
      "max": 7120379677.0,
      "std_dev": 0.0
    },
    "wasmtime_app": {
      "mean": 9689247338.0,
      "median": 9689247338.0,
      "min": 9689247338.0,
      "max": 9689247338.0,
      "std_dev": 0.0
    }
  },
  "sieve": {
    "base_native": {
      "mean": 569236828.5,
      "median": 569236828.5,
      "min": 569226904.0,
      "max": 569246753.0,
      "std_dev": 14035.362499771782
    },
    "wasmtime_app": {
      "mean": 767232262.0,
      "median": 767232262.0,
      "min": 767232262.0,
      "max": 767232262.0,
      "std_dev": 0.0
    }
  },
  "strcat": {
    "base_native": {
      "mean": 65864599.9,
      "median": 65855165.5,
      "min": 65841779.0,
      "max": 65967195.0,
      "std_dev": 36880.255101100134
    },
    "wasmtime_app": {
      "mean": 351134047.0,
      "median": 351134047.0,
      "min": 347160429.0,
      "max": 355107665.0,
      "std_dev": 5619544.467289853
    }
  },
  "strcat2": {
    "base_native": {
      "mean": 2588504.1818181816,
      "median": 2588493.0,
      "min": 2568894.0,
      "max": 2612291.0,
      "std_dev": 13160.139093628013
    },
    "wasmtime_app": {
      "mean": 9333002.2,
      "median": 8420685.0,
      "min": 8364713.0,
      "max": 17564056.0,
      "std_dev": 2892402.227129468
    }
  },
  "strchr": {
    "base_native": {
      "mean": 154575737.2,
      "median": 154591201.0,
      "min": 154528630.0,
      "max": 154598326.0,
      "std_dev": 29175.827935124653
    },