{
  "ackermann": {
    "base_native": {
      "mean": 3205370.3,
      "median": 2848756.5,
      "min": 2824609.0,
      "max": 6409171.0,
      "std_dev": 1125910.0142078702
    },
    "wasmtime_app": {
      "mean": 8932741.6,
      "median": 8677508.5,
      "min": 8056519.0,
      "max": 12598712.0,
      "std_dev": 1329973.0010269799
    }
  },
  "base64": {
    "base_native": {
      "mean": 249510583.0,
      "median": 249486060.0,
      "min": 249483386.0,
      "max": 249562303.0,
      "std_dev": 44810.78407035521
    },
    "wasmtime_app": {
      "mean": 359257424.5,
      "median": 359257424.5,
      "min": 353133046.0,
      "max": 365381803.0,
      "std_dev": 8661179.135806192
    }
  },
  "ctype": {
    "base_native": {
      "mean": 654106790.5,
      "median": 654106790.5,
      "min": 654024873.0,
      "max": 654188708.0,
      "std_dev": 115848.83949569802
    },
    "wasmtime_app": {
      "mean": 983354441.0,
      "median": 983354441.0,
      "min": 983354441.0,
      "max": 983354441.0,
      "std_dev": 0.0
    }
  },
  "ed25519": {
    "base_native": {
      "mean": 1433344175.0,
      "median": 1433344175.0,
      "min": 1433344175.0,
      "max": 1433344175.0,
      "std_dev": 0.0
    },
    "wasmtime_app": {
      "mean": 6724516160.0,
      "median": 6724516160.0,
      "min": 6724516160.0,
      "max": 6724516160.0,
      "std_dev": 0.0
    }
  },
  "fib2": {
    "base_native": {
      "mean": 6955785912.0,
      "median": 6955785912.0,
      "min": 6955785912.0,
      "max": 6955785912.0,
      "std_dev": 0.0
    },
    "wasmtime_app": {
      "mean": 10679070331.0,
      "median": 10679070331.0,
      "min": 10679070331.0,
      "max": 10679070331.0,
      "std_dev": 0.0
    }
  },
  "gimli": {
    "base_native": {
      "mean": 4135180.1,
      "median": 4132422.5,
      "min": 4118412.0,
      "max": 4165807.0,
      "std_dev": 12475.017376518737
    },
    "wasmtime_app": {
      "mean": 9511371.5,
      "median": 9371344.5,
      "min": 9339196.0,
      "max": 10827712.0,
      "std_dev": 462818.96462829947
    }
  },
  "heapsort": {
    "base_native": {
      "mean": 1076270994.0,
      "median": 1076270994.0,
      "min": 1076270994.0,
      "max": 1076270994.0,
      "std_dev": 0.0
    },
    "wasmtime_app": {
      "mean": 1220380556.0,
      "median": 1220380556.0,
      "min": 1220380556.0,
      "max": 1220380556.0,
      "std_dev": 0.0
    }
  },
  "keccak": {
    "base_native": {
      "mean": 7480525.4,
      "median": 7481557.5,
      "min": 7465897.0,
      "max": 7493869.0,
      "std_dev": 9262.606846887113
    },
    "wasmtime_app": {
      "mean": 22875797.8,
      "median": 21228673.5,
      "min": 21085307.0,
      "max": 37080027.0,
      "std_dev": 4993558.525218615
    }
  },
  "matrix": {
    "base_native": {
      "mean": 377863423.5,
      "median": 377863423.5,
      "min": 377858224.0,
      "max": 377868623.0,
      "std_dev": 7353.203417558908
    },
    "wasmtime_app": {
      "mean": 533520415.5,
      "median": 533520415.5,
      "min": 529351676.0,
      "max": 537689155.0,
      "std_dev": 5895487.938900435
    }
  },
  "matrix2": {
    "base_native": {
      "mean": 194277708.5,
      "median": 194266322.0,
      "min": 194262685.0,
      "max": 194315505.0,
      "std_dev": 25329.454639477208
    },
    "wasmtime_app": {
      "mean": 260219652.66666666,
      "median": 257692096.0,
      "min": 257670647.0,
      "max": 265296215.0,
      "std_dev": 4396445.025024688
    }
  },
  "memmove": {
    "base_native": {
      "mean": 47326898.6,
      "median": 47326743.5,
      "min": 47313695.0,
      "max": 47339892.0,
      "std_dev": 9690.297853466058
    },
    "wasmtime_app": {
      "mean": 520749388.0,
      "median": 520749388.0,
      "min": 515974208.0,
      "max": 525524568.0,
      "std_dev": 6753124.318772756
    }
  },
  "minicsv": {
    "base_native": {
      "mean": 752630714.0,
      "median": 752630714.0,
      "min": 752630714.0,
      "max": 752630714.0,
      "std_dev": 0.0
    },
    "wasmtime_app": {
      "mean": 1110278985.0,
      "median": 1110278985.0,
      "min": 1110278985.0,
      "max": 1110278985.0,
      "std_dev": 0.0
    }
  },
  "nestedloop": {
    "base_native": {
      "mean": 1580577.8181818181,
      "median": 1585125.0,
      "min": 1554528.0,
      "max": 1607573.0,
      "std_dev": 18164.697420095836
    },
    "wasmtime_app": {
      "mean": 6271352.1,
      "median": 6179025.0,
      "min": 6169975.0,
      "max": 7058175.0,
      "std_dev": 276907.3433252237
    }
  },
  "nestedloop2": {
    "base_native": {
      "mean": 1601666.7272727273,
      "median": 1595374.0,
      "min": 1561377.0,
      "max": 1670092.0,
      "std_dev": 34422.466137948075
    },
    "wasmtime_app": {
      "mean": 6263565.1,
      "median": 6168925.5,
      "min": 6154901.0,
      "max": 7031477.0,
      "std_dev": 270804.4105255673
    }
  },
  "nestedloop3": {
    "base_native": {
      "mean": 2088230.2727272727,
      "median": 2087428.0,
      "min": 2071130.0,
      "max": 2100552.0,
      "std_dev": 8189.717187924246
    },
    "wasmtime_app": {
      "mean": 6840827.6,
      "median": 6725694.0,
      "min": 6711995.0,
      "max": 7898028.0,
      "std_dev": 371521.46257254714
    }
  },
  "random": {
    "base_native": {
      "mean": 577578920.5,
      "median": 577578920.5,
      "min": 577566272.0,
      "max": 577591569.0,
      "std_dev": 17887.68024367609
    },
    "wasmtime_app": {
      "mean": 290716302.0,
      "median": 290433318.0,
      "min": 290416444.0,
      "max": 291299144.0,
      "std_dev": 504826.485727522
    }
  },
  "random2": {
    "base_native": {
      "mean": 577624391.5,
      "median": 577624391.5,
      "min": 577556673.0,
      "max": 577692110.0,
      "std_dev": 95768.42112356244
    },
    "wasmtime_app": {
      "mean": 290694195.3333333,
      "median": 290408320.0,
      "min": 290399270.0,
      "max": 291274996.0,
      "std_dev": 503008.4854406865
    }
  },
  "ratelimit": {
    "base_native": {
      "mean": 25936127.5,
      "median": 25938482.0,
      "min": 25914985.0,
      "max": 25951806.0,
      "std_dev": 11642.916131947166
    },
    "wasmtime_app": {
      "mean": 39068521.7,
      "median": 38340843.0,
      "min": 38304407.0,
      "max": 45609144.0,
      "std_dev": 2298270.277663523
    }
  },
  "seqhash": {
    "base_native": {
      "mean": 7122850408.0,
      "median": 7122850408.0,
      "min": 7122850408.0,
      "max": 7122850408.0,
      "std_dev": 0.0
    },
    "wasmtime_app": {
      "mean": 9697610382.0,
      "median": 9697610382.0,
      "min": 9697610382.0,
      "max": 9697610382.0,
      "std_dev": 0.0
    }
  },
  "sieve": {
    "base_native": {
      "mean": 569223082.0,
      "median": 569223082.0,
      "min": 569210858.0,
      "max": 569235306.0,
      "std_dev": 17287.346586448715
    },
    "wasmtime_app": {
      "mean": 766995307.0,
      "median": 766995307.0,
      "min": 766995307.0,
      "max": 766995307.0,
      "std_dev": 0.0
    }
  },
  "strcat": {
    "base_native": {
      "mean": 65849424.8,
      "median": 65843850.0,
      "min": 65828852.0,
      "max": 65913194.0,
      "std_dev": 23411.18843060585
    },
    "wasmtime_app": {
      "mean": 352749455.0,
      "median": 352749455.0,
      "min": 347243704.0,
      "max": 358255206.0,
      "std_dev": 7786307.735249231
    }
  },
  "strcat2": {
    "base_native": {
      "mean": 2592791.727272727,
      "median": 2587956.0,
      "min": 2571432.0,
      "max": 2622703.0,
      "std_dev": 13064.895430816956
    },
    "wasmtime_app": {
      "mean": 9414224.3,
      "median": 8499681.0,
      "min": 8455996.0,
      "max": 17690749.0,
      "std_dev": 2908140.0387247535
    }
  },
  "strchr": {
    "base_native": {
      "mean": 155163341.0,
      "median": 155171315.0,
      "min": 155081599.0,
      "max": 155245408.0,
      "std_dev": 58879.410734992925
    },