{
  "ackermann": {
    "base_native": {
      "mean": 2868979.5454545454,
      "median": 2840752.0,
      "min": 2820003.0,
      "max": 3117335.0,
      "std_dev": 83599.61592539004
    },
    "wasmtime_app": {
      "mean": 8390939.9,
      "median": 8183017.0,
      "min": 7956867.0,
      "max": 9446657.0,
      "std_dev": 518701.74827382463
    }
  },
  "base64": {
    "base_native": {
      "mean": 249521970.0,
      "median": 249498080.0,
      "min": 249492180.0,
      "max": 249575650.0,
      "std_dev": 46581.7485717314
    },
    "wasmtime_app": {
      "mean": 355059514.0,
      "median": 355059514.0,
      "min": 350436692.0,
      "max": 359682336.0,
      "std_dev": 6537657.568836716
    }
  },
  "ctype": {
    "base_native": {
      "mean": 653699355.0,
      "median": 653699355.0,
      "min": 653633159.0,
      "max": 653765551.0,
      "std_dev": 93615.2809748494
    },
    "wasmtime_app": {
      "mean": 985958981.0,
      "median": 985958981.0,
      "min": 985958981.0,
      "max": 985958981.0,
      "std_dev": 0.0
    }
  },
  "ed25519": {
    "base_native": {
      "mean": 1433218110.0,
      "median": 1433218110.0,
      "min": 1433218110.0,
      "max": 1433218110.0,
      "std_dev": 0.0
    },
    "wasmtime_app": {
      "mean": 6743852340.0,
      "median": 6743852340.0,
      "min": 6743852340.0,
      "max": 6743852340.0,
      "std_dev": 0.0
    }
  },
  "fib2": {
    "base_native": {
      "mean": 6955994350.0,
      "median": 6955994350.0,
      "min": 6955994350.0,
      "max": 6955994350.0,
      "std_dev": 0.0
    },
    "wasmtime_app": {
      "mean": 10680025457.0,
      "median": 10680025457.0,
      "min": 10680025457.0,
      "max": 10680025457.0,
      "std_dev": 0.0
    }
  },
  "gimli": {
    "base_native": {
      "mean": 4144602.7,
      "median": 4141710.5,
      "min": 4136298.0,
      "max": 4169946.0,
      "std_dev": 10467.120394093328
    },
    "wasmtime_app": {
      "mean": 9490069.3,
      "median": 9341413.0,
      "min": 9312639.0,
      "max": 10832402.0,
      "std_dev": 472057.3928633043
    }
  },
  "heapsort": {
    "base_native": {
      "mean": 1076345933.0,
      "median": 1076345933.0,
      "min": 1076345933.0,
      "max": 1076345933.0,
      "std_dev": 0.0
    },
    "wasmtime_app": {
      "mean": 1220395638.0,
      "median": 1220395638.0,
      "min": 1220395638.0,
      "max": 1220395638.0,
      "std_dev": 0.0
    }
  },
  "keccak": {
    "base_native": {
      "mean": 7482877.0,
      "median": 7483544.5,
      "min": 7459771.0,
      "max": 7508168.0,
      "std_dev": 15811.203475173335
    },
    "wasmtime_app": {
      "mean": 22890881.9,
      "median": 21319712.0,
      "min": 20999043.0,
      "max": 37298707.0,
      "std_dev": 5064266.051569335
    }
  },
  "matrix": {
    "base_native": {
      "mean": 377882061.5,
      "median": 377882061.5,
      "min": 377863225.0,
      "max": 377900898.0,
      "std_dev": 26638.833767640805
    },
    "wasmtime_app": {
      "mean": 533469826.5,
      "median": 533469826.5,
      "min": 529339789.0,
      "max": 537599864.0,
      "std_dev": 5840755.045609471
    }
  },
  "matrix2": {
    "base_native": {
      "mean": 194278087.5,
      "median": 194275087.5,
      "min": 194253789.0,
      "max": 194308386.0,
      "std_dev": 26832.7499460392
    },
    "wasmtime_app": {
      "mean": 260199967.66666666,
      "median": 257634773.0,
      "min": 257625949.0,
      "max": 265339181.0,
      "std_dev": 4450691.488957343
    }
  },
  "memmove": {
    "base_native": {
      "mean": 47337233.9,
      "median": 47334284.0,
      "min": 47314748.0,
      "max": 47380269.0,
      "std_dev": 19118.116983345637
    },
    "wasmtime_app": {
      "mean": 520767694.0,
      "median": 520767694.0,
      "min": 516561473.0,
      "max": 524973915.0,
      "std_dev": 5948494.784538522
    }
  },
  "minicsv": {
    "base_native": {
      "mean": 721607076.0,
      "median": 721607076.0,
      "min": 721607076.0,
      "max": 721607076.0,
      "std_dev": 0.0
    },
    "wasmtime_app": {
      "mean": 1099845638.0,
      "median": 1099845638.0,
      "min": 1099845638.0,
      "max": 1099845638.0,
      "std_dev": 0.0
    }
  },
  "nestedloop": {
    "base_native": {
      "mean": 1583223.8181818181,
      "median": 1583403.0,
      "min": 1556005.0,
      "max": 1637050.0,
      "std_dev": 22124.40243178641
    },
    "wasmtime_app": {
      "mean": 6264486.9,
      "median": 6171432.5,
      "min": 6144746.0,
      "max": 7120965.0,
      "std_dev": 301439.99297831516
    }
  },
  "nestedloop2": {
    "base_native": {
      "mean": 1580589.8181818181,
      "median": 1587903.0,
      "min": 1560555.0,
      "max": 1610927.0,
      "std_dev": 16881.264027425088
    },
    "wasmtime_app": {
      "mean": 6295780.2,
      "median": 6196018.5,
      "min": 6181944.0,
      "max": 7173337.0,
      "std_dev": 308748.3238694225
    }
  },
  "nestedloop3": {
    "base_native": {
      "mean": 2100087.909090909,
      "median": 2089097.0,
      "min": 2085423.0,
      "max": 2186017.0,
      "std_dev": 29213.89595878833
    },
    "wasmtime_app": {
      "mean": 6851938.6,
      "median": 6724226.0,
      "min": 6700115.0,
      "max": 7971592.0,
      "std_dev": 393965.1240453201
    }
  },
  "random": {
    "base_native": {
      "mean": 577660077.5,
      "median": 577660077.5,
      "min": 577632179.0,
      "max": 577687976.0,
      "std_dev": 39454.437069865795
    },
    "wasmtime_app": {
      "mean": 290654451.3333333,
      "median": 290382192.0,
      "min": 290377617.0,
      "max": 291203545.0,
      "std_dev": 475534.5662897002
    }
  },
  "random2": {
    "base_native": {
      "mean": 577679664.5,
      "median": 577679664.5,
      "min": 577580058.0,
      "max": 577779271.0,
      "std_dev": 140864.86320051568
    },
    "wasmtime_app": {
      "mean": 290681275.0,
      "median": 290415790.0,
      "min": 290371468.0,
      "max": 291256567.0,
      "std_dev": 498710.1100529244
    }
  },
  "ratelimit": {
    "base_native": {
      "mean": 25941589.7,
      "median": 25932935.5,
      "min": 25906374.0,
      "max": 26017968.0,
      "std_dev": 34089.860138072334
    },
    "wasmtime_app": {
      "mean": 39028322.3,
      "median": 38311511.0,
      "min": 38287750.0,
      "max": 45513010.0,
      "std_dev": 2278515.9005741263
    }
  },
  "seqhash": {
    "base_native": {
      "mean": 7121800869.0,
      "median": 7121800869.0,
      "min": 7121800869.0,
      "max": 7121800869.0,
      "std_dev": 0.0
    },
    "wasmtime_app": {
      "mean": 9685611561.0,
      "median": 9685611561.0,
      "min": 9685611561.0,
      "max": 9685611561.0,
      "std_dev": 0.0
    }
  },
  "sieve": {
    "base_native": {
      "mean": 569263700.5,
      "median": 569263700.5,
      "min": 569250364.0,
      "max": 569277037.0,
      "std_dev": 18860.65917458878
    },
    "wasmtime_app": {
      "mean": 767170651.0,
      "median": 767170651.0,
      "min": 767170651.0,
      "max": 767170651.0,
      "std_dev": 0.0
    }
  },
  "strcat": {
    "base_native": {
      "mean": 65861195.3,
      "median": 65845958.5,
      "min": 65835922.0,
      "max": 65967514.0,
      "std_dev": 39510.14855578248
    },
    "wasmtime_app": {
      "mean": 352697562.5,
      "median": 352697562.5,
      "min": 350147159.0,
      "max": 355247966.0,
      "std_dev": 3606815.21922381
    }
  },
  "strcat2": {
    "base_native": {
      "mean": 2593373.6363636362,
      "median": 2586592.0,
      "min": 2573818.0,
      "max": 2625365.0,
      "std_dev": 15364.858764549233
    },
    "wasmtime_app": {
      "mean": 9384527.7,
      "median": 8480574.5,
      "min": 8445939.0,
      "max": 17565440.0,
      "std_dev": 2874517.5805458035
    }
  },
  "strchr": {
    "base_native": {
      "mean": 155070501.2,
      "median": 155066521.0,
      "min": 155024624.0,
      "max": 155102169.0,
      "std_dev": 31188.200512373267
    },