{
  "ackermann": {
    "base_native": {
      "mean": 3359534.7,
      "median": 2845882.0,
      "min": 2812584.0,
      "max": 8024307.0,
      "std_dev": 1639162.8900845868
    },
    "wasmtime_app": {
      "mean": 9440834.7,
      "median": 9381034.5,
      "min": 7979528.0,
      "max": 13259816.0,
      "std_dev": 1544400.5286549104
    }
  },
  "base64": {
    "base_native": {
      "mean": 249544890.66666666,
      "median": 249520551.0,
      "min": 249496902.0,
      "max": 249617219.0,
      "std_dev": 63744.48723092322
    },
    "wasmtime_app": {
      "mean": 355125530.5,
      "median": 355125530.5,
      "min": 350487492.0,
      "max": 359763569.0,
      "std_dev": 6559176.949508566
    }
  },
  "ctype": {
    "base_native": {
      "mean": 653771813.0,
      "median": 653771813.0,
      "min": 653753589.0,
      "max": 653790037.0,
      "std_dev": 25772.627960687285
    },
    "wasmtime_app": {
      "mean": 1003963515.0,
      "median": 1003963515.0,
      "min": 1003963515.0,
      "max": 1003963515.0,
      "std_dev": 0.0
    }
  },
  "ed25519": {
    "base_native": {
      "mean": 1433202654.0,
      "median": 1433202654.0,
      "min": 1433202654.0,
      "max": 1433202654.0,
      "std_dev": 0.0
    },
    "wasmtime_app": {
      "mean": 6774841237.0,
      "median": 6774841237.0,
      "min": 6774841237.0,
      "max": 6774841237.0,
      "std_dev": 0.0
    }
  },
  "fib2": {
    "base_native": {
      "mean": 6956070695.0,
      "median": 6956070695.0,
      "min": 6956070695.0,
      "max": 6956070695.0,
      "std_dev": 0.0
    },
    "wasmtime_app": {
      "mean": 10655731781.0,
      "median": 10655731781.0,
      "min": 10655731781.0,
      "max": 10655731781.0,
      "std_dev": 0.0
    }
  },
  "gimli": {
    "base_native": {
      "mean": 4147281.4,
      "median": 4145219.0,
      "min": 4135095.0,
      "max": 4165968.0,
      "std_dev": 9294.086473547455
    },
    "wasmtime_app": {
      "mean": 9536498.0,
      "median": 9397383.5,
      "min": 9356873.0,
      "max": 10836638.0,
      "std_dev": 457192.0612774363
    }
  },
  "heapsort": {
    "base_native": {
      "mean": 1076342487.0,
      "median": 1076342487.0,
      "min": 1076342487.0,
      "max": 1076342487.0,
      "std_dev": 0.0
    },
    "wasmtime_app": {
      "mean": 1220542498.0,
      "median": 1220542498.0,
      "min": 1220542498.0,
      "max": 1220542498.0,
      "std_dev": 0.0
    }
  },
  "keccak": {
    "base_native": {
      "mean": 7485660.7,
      "median": 7486980.5,
      "min": 7469569.0,
      "max": 7494018.0,
      "std_dev": 6985.294824765015
    },
    "wasmtime_app": {
      "mean": 22937373.6,
      "median": 21535070.0,
      "min": 21078826.0,
      "max": 36969261.0,
      "std_dev": 4934452.050336563
    }
  },
  "matrix": {
    "base_native": {
      "mean": 377883207.5,
      "median": 377883207.5,
      "min": 377880645.0,
      "max": 377885770.0,
      "std_dev": 3623.922253581056
    },
    "wasmtime_app": {
      "mean": 533634371.0,
      "median": 533634371.0,
      "min": 529480038.0,
      "max": 537788704.0,
      "std_dev": 5875114.071214107
    }
  },
  "matrix2": {
    "base_native": {
      "mean": 194277130.25,
      "median": 194265337.0,
      "min": 194259138.0,
      "max": 194318709.0,
      "std_dev": 27879.061753401962
    },
    "wasmtime_app": {
      "mean": 260249791.33333334,
      "median": 257707952.0,
      "min": 257683703.0,
      "max": 265357719.0,
      "std_dev": 4423611.735835813
    }
  },
  "memmove": {
    "base_native": {
      "mean": 47357789.3,
      "median": 47355684.5,
      "min": 47330699.0,
      "max": 47395469.0,
      "std_dev": 21454.746701164084
    },
    "wasmtime_app": {
      "mean": 521016603.5,
      "median": 521016603.5,
      "min": 516249995.0,
      "max": 525783212.0,
      "std_dev": 6741002.387222875
    }
  },
  "minicsv": {
    "base_native": {
      "mean": 712169164.0,
      "median": 712169164.0,
      "min": 712169164.0,
      "max": 712169164.0,
      "std_dev": 0.0
    },
    "wasmtime_app": {
      "mean": 1108314815.0,
      "median": 1108314815.0,
      "min": 1108314815.0,
      "max": 1108314815.0,
      "std_dev": 0.0
    }
  },
  "nestedloop": {
    "base_native": {
      "mean": 1581785.7272727273,
      "median": 1589992.0,
      "min": 1554394.0,
      "max": 1602066.0,
      "std_dev": 16240.21230212776
    },
    "wasmtime_app": {
      "mean": 6316610.3,
      "median": 6216974.0,
      "min": 6195425.0,
      "max": 7175236.0,
      "std_dev": 302533.4766736292
    }
  },
  "nestedloop2": {
    "base_native": {
      "mean": 1601979.8181818181,
      "median": 1595492.0,
      "min": 1560419.0,
      "max": 1695910.0,
      "std_dev": 35312.305579834865
    },
    "wasmtime_app": {
      "mean": 6309265.7,
      "median": 6224761.5,
      "min": 6201175.0,
      "max": 7074540.0,
      "std_dev": 269430.8580285694
    }
  },
  "nestedloop3": {
    "base_native": {
      "mean": 2091599.0909090908,
      "median": 2095408.0,
      "min": 2066085.0,
      "max": 2110857.0,
      "std_dev": 14162.326210439762
    },
    "wasmtime_app": {
      "mean": 6861513.3,
      "median": 6733803.0,
      "min": 6707880.0,
      "max": 7956004.0,
      "std_dev": 385270.4228420604
    }
  },
  "random": {
    "base_native": {
      "mean": 577596652.0,
      "median": 577596652.0,
      "min": 577585615.0,
      "max": 577607689.0,
      "std_dev": 15608.67508791185
    },
    "wasmtime_app": {
      "mean": 290729147.6666667,
      "median": 290439384.0,
      "min": 290425960.0,
      "max": 291322099.0,
      "std_dev": 513554.7816156844
    }
  },
  "random2": {
    "base_native": {
      "mean": 577683108.5,
      "median": 577683108.5,
      "min": 577587340.0,
      "max": 577778877.0,
      "std_dev": 135437.11154812775
    },
    "wasmtime_app": {
      "mean": 290761896.3333333,
      "median": 290469858.0,
      "min": 290440184.0,
      "max": 291375647.0,
      "std_dev": 531730.7092827471
    }
  },
  "ratelimit": {
    "base_native": {
      "mean": 25928758.6,
      "median": 25926508.5,
      "min": 25916572.0,
      "max": 25950320.0,
      "std_dev": 11069.993939574775
    },
    "wasmtime_app": {
      "mean": 39067801.9,
      "median": 38346581.0,
      "min": 38319607.0,
      "max": 45582565.0,
      "std_dev": 2289101.4841251792
    }
  },
  "seqhash": {
    "base_native": {
      "mean": 7124141679.0,
      "median": 7124141679.0,
      "min": 7124141679.0,
      "max": 7124141679.0,
      "std_dev": 0.0
    },
    "wasmtime_app": {
      "mean": 9707563520.0,
      "median": 9707563520.0,
      "min": 9707563520.0,
      "max": 9707563520.0,
      "std_dev": 0.0
    }
  },
  "sieve": {
    "base_native": {
      "mean": 569322424.0,
      "median": 569322424.0,
      "min": 569313450.0,
      "max": 569331398.0,
      "std_dev": 12691.152508736155
    },
    "wasmtime_app": {
      "mean": 766958004.0,
      "median": 766958004.0,
      "min": 766958004.0,
      "max": 766958004.0,
      "std_dev": 0.0
    }
  },
  "strcat": {
    "base_native": {
      "mean": 65863663.0,
      "median": 65854621.0,
      "min": 65839422.0,
      "max": 65941165.0,
      "std_dev": 31126.475918598804
    },
    "wasmtime_app": {
      "mean": 349780821.0,
      "median": 349780821.0,
      "min": 347195725.0,
      "max": 352365917.0,
      "std_dev": 3655877.8232364384
    }
  },
  "strcat2": {
    "base_native": {
      "mean": 2608120.909090909,
      "median": 2601274.0,
      "min": 2580875.0,
      "max": 2689943.0,
      "std_dev": 29841.11704160736
    },
    "wasmtime_app": {
      "mean": 9439352.1,
      "median": 8535343.5,
      "min": 8480183.0,
      "max": 17671363.0,
      "std_dev": 2892547.5395307564
    }
  },
  "strchr": {
    "base_native": {
      "mean": 154775922.8,
      "median": 154774083.0,
      "min": 154750859.0,
      "max": 154798481.0,
      "std_dev": 20368.06039366537
    },