{
  "ackermann": {
    "base_native": {
      "mean": 3189669.2,
      "median": 2886661.0,
      "min": 2857213.0,
      "max": 5966412.0,
      "std_dev": 975825.7997356564
    },
    "wasmtime_app": {
      "mean": 9039697.6,
      "median": 8797561.5,
      "min": 8084698.0,
      "max": 13303267.0,
      "std_dev": 1554737.2669467125
    }
  },
  "base64": {
    "base_native": {
      "mean": 251983231.33333334,
      "median": 252940727.0,
      "min": 249499572.0,
      "max": 253509395.0,
      "std_dev": 2169624.065730359
    },
    "wasmtime_app": {
      "mean": 357199333.0,
      "median": 357199333.0,
      "min": 350464230.0,
      "max": 363934436.0,
      "std_dev": 9524874.00657972
    }
  },
  "ctype": {
    "base_native": {
      "mean": 655128730.5,
      "median": 655128730.5,
      "min": 655060197.0,
      "max": 655197264.0,
      "std_dev": 96921.0051768965
    },
    "wasmtime_app": {
      "mean": 985522013.0,
      "median": 985522013.0,
      "min": 985522013.0,
      "max": 985522013.0,
      "std_dev": 0.0
    }
  },
  "ed25519": {
    "base_native": {
      "mean": 1433167490.0,
      "median": 1433167490.0,
      "min": 1433167490.0,
      "max": 1433167490.0,
      "std_dev": 0.0
    },
    "wasmtime_app": {
      "mean": 6763196286.0,
      "median": 6763196286.0,
      "min": 6763196286.0,
      "max": 6763196286.0,
      "std_dev": 0.0
    }
  },
  "fib2": {
    "base_native": {
      "mean": 6956264422.0,
      "median": 6956264422.0,
      "min": 6956264422.0,
      "max": 6956264422.0,
      "std_dev": 0.0
    },
    "wasmtime_app": {
      "mean": 10663066995.0,
      "median": 10663066995.0,
      "min": 10663066995.0,
      "max": 10663066995.0,
      "std_dev": 0.0
    }
  },
  "gimli": {
    "base_native": {
      "mean": 4143995.4,
      "median": 4141553.0,
      "min": 4116392.0,
      "max": 4173414.0,
      "std_dev": 15403.823184882094
    },
    "wasmtime_app": {
      "mean": 9539495.8,
      "median": 9393671.0,
      "min": 9331713.0,
      "max": 10931603.0,
      "std_dev": 490299.5326518497
    }
  },
  "heapsort": {
    "base_native": {
      "mean": 1076238740.0,
      "median": 1076238740.0,
      "min": 1076238740.0,
      "max": 1076238740.0,
      "std_dev": 0.0
    },
    "wasmtime_app": {
      "mean": 1220382033.0,
      "median": 1220382033.0,
      "min": 1220382033.0,
      "max": 1220382033.0,
      "std_dev": 0.0
    }
  },
  "keccak": {
    "base_native": {
      "mean": 7484773.8,
      "median": 7484651.0,
      "min": 7469902.0,
      "max": 7504625.0,
      "std_dev": 10546.260693829934
    },
    "wasmtime_app": {
      "mean": 22917582.8,
      "median": 21226788.0,
      "min": 21181904.0,
      "max": 37344001.0,
      "std_dev": 5071322.79803309
    }
  },
  "matrix": {
    "base_native": {
      "mean": 377855304.0,
      "median": 377855304.0,
      "min": 377846592.0,
      "max": 377864016.0,
      "std_dev": 12320.628555394404
    },
    "wasmtime_app": {
      "mean": 533661864.5,
      "median": 533661864.5,
      "min": 529648126.0,
      "max": 537675603.0,
      "std_dev": 5676283.422519043
    }
  },
  "matrix2": {
    "base_native": {
      "mean": 194270568.5,
      "median": 194263919.0,
      "min": 194249620.0,
      "max": 194304816.0,
      "std_dev": 23825.22374151675
    },
    "wasmtime_app": {
      "mean": 260239229.66666666,
      "median": 257685437.0,
      "min": 257674138.0,
      "max": 265358114.0,
      "std_dev": 4433087.471546702
    }
  },
  "memmove": {
    "base_native": {
      "mean": 47318637.5,
      "median": 47318050.0,
      "min": 47285427.0,
      "max": 47360497.0,
      "std_dev": 23821.267189215607
    },
    "wasmtime_app": {
      "mean": 521257586.0,
      "median": 521257586.0,
      "min": 516237916.0,
      "max": 526277256.0,
      "std_dev": 7098885.392637354
    }
  },
  "minicsv": {
    "base_native": {
      "mean": 729153734.0,
      "median": 729153734.0,
      "min": 729153734.0,
      "max": 729153734.0,
      "std_dev": 0.0
    },
    "wasmtime_app": {
      "mean": 1108811673.0,
      "median": 1108811673.0,
      "min": 1108811673.0,
      "max": 1108811673.0,
      "std_dev": 0.0
    }
  },
  "nestedloop": {
    "base_native": {
      "mean": 1585680.3636363635,
      "median": 1589810.0,
      "min": 1558561.0,
      "max": 1629732.0,
      "std_dev": 19625.302108618493
    },
    "wasmtime_app": {
      "mean": 6265239.4,
      "median": 6173740.5,
      "min": 6086459.0,
      "max": 7101715.0,
      "std_dev": 296462.3190885779
    }
  },
  "nestedloop2": {
    "base_native": {
      "mean": 1614424.0909090908,
      "median": 1593259.0,
      "min": 1554487.0,
      "max": 1847020.0,
      "std_dev": 80129.9059258833
    },
    "wasmtime_app": {
      "mean": 6303874.2,
      "median": 6225462.0,
      "min": 6191902.0,
      "max": 7065492.0,
      "std_dev": 268151.0567587688
    }
  },
  "nestedloop3": {
    "base_native": {
      "mean": 2096628.5454545454,
      "median": 2092081.0,
      "min": 2062683.0,
      "max": 2146628.0,
      "std_dev": 23113.937736195607
    },
    "wasmtime_app": {
      "mean": 6857194.2,
      "median": 6748164.0,
      "min": 6643471.0,
      "max": 7954707.0,
      "std_dev": 387576.1092421576
    }
  },
  "random": {
    "base_native": {
      "mean": 577600200.5,
      "median": 577600200.5,
      "min": 577595151.0,
      "max": 577605250.0,
      "std_dev": 7141.071383202943
    },
    "wasmtime_app": {
      "mean": 290709117.0,
      "median": 290425178.0,
      "min": 290397130.0,
      "max": 291305043.0,
      "std_dev": 516277.5616691084
    }
  },
  "random2": {
    "base_native": {
      "mean": 577649260.5,
      "median": 577649260.5,
      "min": 577617425.0,
      "max": 577681096.0,
      "std_dev": 45022.19586492867
    },
    "wasmtime_app": {
      "mean": 290712391.6666667,
      "median": 290418253.0,
      "min": 290413704.0,
      "max": 291305218.0,
      "std_dev": 513407.702971365
    }
  },
  "ratelimit": {
    "base_native": {
      "mean": 25943650.4,
      "median": 25940183.0,
      "min": 25924959.0,
      "max": 25971481.0,
      "std_dev": 12709.647055157224
    },
    "wasmtime_app": {
      "mean": 39068193.0,
      "median": 38335358.0,
      "min": 38291436.0,
      "max": 45538891.0,
      "std_dev": 2274783.148181773
    }
  },
  "seqhash": {
    "base_native": {
      "mean": 7113680474.0,
      "median": 7113680474.0,
      "min": 7113680474.0,
      "max": 7113680474.0,
      "std_dev": 0.0
    },
    "wasmtime_app": {
      "mean": 9707782693.0,
      "median": 9707782693.0,
      "min": 9707782693.0,
      "max": 9707782693.0,
      "std_dev": 0.0
    }
  },
  "sieve": {
    "base_native": {
      "mean": 569252147.5,
      "median": 569252147.5,
      "min": 569228549.0,
      "max": 569275746.0,
      "std_dev": 33373.318751661485
    },
    "wasmtime_app": {
      "mean": 766918507.0,
      "median": 766918507.0,
      "min": 766918507.0,
      "max": 766918507.0,
      "std_dev": 0.0
    }
  },
  "strcat": {
    "base_native": {
      "mean": 65857234.4,
      "median": 65847215.0,
      "min": 65827929.0,
      "max": 65954896.0,
      "std_dev": 36819.25262142076
    },
    "wasmtime_app": {
      "mean": 351237427.5,
      "median": 351237427.5,
      "min": 347216052.0,
      "max": 355258803.0,
      "std_dev": 5687083.771494886
    }
  },
  "strcat2": {
    "base_native": {
      "mean": 2592175.727272727,
      "median": 2588053.0,
      "min": 2579954.0,
      "max": 2610027.0,
      "std_dev": 10872.602375612832
    },
    "wasmtime_app": {
      "mean": 9442087.6,
      "median": 8532592.0,
      "min": 8485445.0,
      "max": 17708141.0,
      "std_dev": 2904494.163543655
    }
  },
  "strchr": {
    "base_native": {
      "mean": 154661842.4,
      "median": 154653358.0,
      "min": 154592186.0,
      "max": 154771426.0,
      "std_dev": 66209.04860213595
    },