{
  "ackermann": {
    "base_native": {
      "mean": 2894962.8181818184,
      "median": 2890815.0,
      "min": 2877791.0,
      "max": 2957737.0,
      "std_dev": 23086.543456386804
    },
    "wasmtime_app": {
      "mean": 9271176.2,
      "median": 8668223.0,
      "min": 7935677.0,
      "max": 13818119.0,
      "std_dev": 1670681.760633784
    }
  },
  "base64": {
    "base_native": {
      "mean": 251782642.66666666,
      "median": 252305947.0,
      "min": 249520476.0,
      "max": 253521505.0,
      "std_dev": 2051205.4586692024
    },
    "wasmtime_app": {
      "mean": 355049607.0,
      "median": 355049607.0,
      "min": 350451167.0,
      "max": 359648047.0,
      "std_dev": 6503176.213758935
    }
  },
  "ctype": {
    "base_native": {
      "mean": 654373781.0,
      "median": 654373781.0,
      "min": 654232076.0,
      "max": 654515486.0,
      "std_dev": 200401.13285607944
    },
    "wasmtime_app": {
      "mean": 982520286.0,
      "median": 982520286.0,
      "min": 982520286.0,
      "max": 982520286.0,
      "std_dev": 0.0
    }
  },
  "ed25519": {
    "base_native": {
      "mean": 1432947869.0,
      "median": 1432947869.0,
      "min": 1432947869.0,
      "max": 1432947869.0,
      "std_dev": 0.0
    },
    "wasmtime_app": {
      "mean": 6756063770.0,
      "median": 6756063770.0,
      "min": 6756063770.0,
      "max": 6756063770.0,
      "std_dev": 0.0
    }
  },
  "fib2": {
    "base_native": {
      "mean": 6956074945.0,
      "median": 6956074945.0,
      "min": 6956074945.0,
      "max": 6956074945.0,
      "std_dev": 0.0
    },
    "wasmtime_app": {
      "mean": 10693155271.0,
      "median": 10693155271.0,
      "min": 10693155271.0,
      "max": 10693155271.0,
      "std_dev": 0.0
    }
  },
  "gimli": {
    "base_native": {
      "mean": 4146591.1,
      "median": 4148508.5,
      "min": 4123397.0,
      "max": 4170795.0,
      "std_dev": 12060.706690645362
    },
    "wasmtime_app": {
      "mean": 9503148.1,
      "median": 9334348.0,
      "min": 9306574.0,
      "max": 11057525.0,
      "std_dev": 546359.1778982537
    }
  },
  "heapsort": {
    "base_native": {
      "mean": 1076337218.0,
      "median": 1076337218.0,
      "min": 1076337218.0,
      "max": 1076337218.0,
      "std_dev": 0.0
    },
    "wasmtime_app": {
      "mean": 1220322462.0,
      "median": 1220322462.0,
      "min": 1220322462.0,
      "max": 1220322462.0,
      "std_dev": 0.0
    }
  },
  "keccak": {
    "base_native": {
      "mean": 7486557.0,
      "median": 7488424.5,
      "min": 7466863.0,
      "max": 7498361.0,
      "std_dev": 9307.249289308487
    },
    "wasmtime_app": {
      "mean": 22877305.7,
      "median": 21252787.5,
      "min": 21037962.0,
      "max": 37160802.0,
      "std_dev": 5022235.357412143
    }
  },
  "matrix": {
    "base_native": {
      "mean": 377862904.5,
      "median": 377862904.5,
      "min": 377850130.0,
      "max": 377875679.0,
      "std_dev": 18065.871152535103
    },
    "wasmtime_app": {
      "mean": 533796992.0,
      "median": 533796992.0,
      "min": 529685874.0,
      "max": 537908110.0,
      "std_dev": 5813998.832116154
    }
  },
  "matrix2": {
    "base_native": {
      "mean": 194275301.25,
      "median": 194264858.0,
      "min": 194242922.0,
      "max": 194328567.0,
      "std_dev": 37004.093614761056
    },
    "wasmtime_app": {
      "mean": 260217935.33333334,
      "median": 257676929.0,
      "min": 257660505.0,
      "max": 265316372.0,
      "std_dev": 4415383.309515985
    }
  },
  "memmove": {
    "base_native": {
      "mean": 47328011.8,
      "median": 47328604.5,
      "min": 47316592.0,
      "max": 47340566.0,
      "std_dev": 7727.044005741567
    },
    "wasmtime_app": {
      "mean": 521299947.0,
      "median": 521299947.0,
      "min": 516425197.0,
      "max": 526174697.0,
      "std_dev": 6893937.563178245
    }
  },
  "minicsv": {
    "base_native": {
      "mean": 732596283.0,
      "median": 732596283.0,
      "min": 732596283.0,
      "max": 732596283.0,
      "std_dev": 0.0
    },
    "wasmtime_app": {
      "mean": 1098400220.0,
      "median": 1098400220.0,
      "min": 1098400220.0,
      "max": 1098400220.0,
      "std_dev": 0.0
    }
  },
  "nestedloop": {
    "base_native": {
      "mean": 1570740.1818181819,
      "median": 1574713.0,
      "min": 1546664.0,
      "max": 1601261.0,
      "std_dev": 16176.459073716855
    },
    "wasmtime_app": {
      "mean": 6283169.7,
      "median": 6196849.5,
      "min": 6164152.0,
      "max": 7105198.0,
      "std_dev": 289350.0785258231
    }
  },
  "nestedloop2": {
    "base_native": {
      "mean": 1580496.4545454546,
      "median": 1577688.0,
      "min": 1545789.0,
      "max": 1661633.0,
      "std_dev": 34323.22115234419
    },
    "wasmtime_app": {
      "mean": 6272165.3,
      "median": 6189225.0,
      "min": 6160502.0,
      "max": 7020528.0,
      "std_dev": 263641.6593767002
    }
  },
  "nestedloop3": {
    "base_native": {
      "mean": 2085757.4545454546,
      "median": 2083360.0,
      "min": 2079435.0,
      "max": 2106508.0,
      "std_dev": 7946.606877952833
    },
    "wasmtime_app": {
      "mean": 6868444.1,
      "median": 6756593.0,
      "min": 6715795.0,
      "max": 7943101.0,
      "std_dev": 378632.0512530602
    }
  },
  "random": {
    "base_native": {
      "mean": 577592087.0,
      "median": 577592087.0,
      "min": 577584850.0,
      "max": 577599324.0,
      "std_dev": 10234.663550894089
    },
    "wasmtime_app": {
      "mean": 290684532.0,
      "median": 290404631.0,
      "min": 290404356.0,
      "max": 291244609.0,
      "std_dev": 485040.9295647121
    }
  },
  "random2": {
    "base_native": {
      "mean": 577632959.5,
      "median": 577632959.5,
      "min": 577578625.0,
      "max": 577687294.0,
      "std_dev": 76840.58680476094
    },
    "wasmtime_app": {
      "mean": 290691523.3333333,
      "median": 290402306.0,
      "min": 290390307.0,
      "max": 291281957.0,
      "std_dev": 511365.7497822213
    }
  },
  "ratelimit": {
    "base_native": {
      "mean": 25920178.7,
      "median": 25916596.5,
      "min": 25894498.0,
      "max": 25954644.0,
      "std_dev": 19730.707866166384
    },
    "wasmtime_app": {
      "mean": 39012267.3,
      "median": 38303762.5,
      "min": 38249240.0,
      "max": 45457408.0,
      "std_dev": 2264745.3977853204
    }
  },
  "seqhash": {
    "base_native": {
      "mean": 7115523734.0,
      "median": 7115523734.0,
      "min": 7115523734.0,
      "max": 7115523734.0,
      "std_dev": 0.0
    },
    "wasmtime_app": {
      "mean": 9739524503.0,
      "median": 9739524503.0,
      "min": 9739524503.0,
      "max": 9739524503.0,
      "std_dev": 0.0
    }
  },
  "sieve": {
    "base_native": {
      "mean": 569241859.5,
      "median": 569241859.5,
      "min": 569228285.0,
      "max": 569255434.0,
      "std_dev": 19197.242002433577
    },
    "wasmtime_app": {
      "mean": 767153169.0,
      "median": 767153169.0,
      "min": 767153169.0,
      "max": 767153169.0,
      "std_dev": 0.0
    }
  },
  "strcat": {
    "base_native": {
      "mean": 65850031.3,
      "median": 65841772.0,
      "min": 65823998.0,
      "max": 65931117.0,
      "std_dev": 30054.091076849345
    },
    "wasmtime_app": {
      "mean": 351219360.5,
      "median": 351219360.5,
      "min": 347218424.0,
      "max": 355220297.0,
      "std_dev": 5658178.660493542
    }
  },
  "strcat2": {
    "base_native": {
      "mean": 2589081.8181818184,
      "median": 2587207.0,
      "min": 2569558.0,
      "max": 2609081.0,
      "std_dev": 11678.470591804236
    },
    "wasmtime_app": {
      "mean": 9398279.0,
      "median": 8496582.5,
      "min": 8447773.0,
      "max": 17589732.0,
      "std_dev": 2878269.194724998
    }
  },
  "strchr": {
    "base_native": {
      "mean": 155204207.6,
      "median": 155198598.0,
      "min": 155166300.0,
      "max": 155246220.0,
      "std_dev": 28853.852442958116
    },