{
  "ackermann": {
    "base_native": {
      "mean": 2845002.8181818184,
      "median": 2836140.0,
      "min": 2827165.0,
      "max": 2899811.0,
      "std_dev": 21140.85810849778
    },
    "wasmtime_app": {
      "mean": 9744290.1,
      "median": 9924542.5,
      "min": 8464649.0,
      "max": 12916500.0,
      "std_dev": 1381331.9275704275
    }
  },
  "base64": {
    "base_native": {
      "mean": 249547312.33333334,
      "median": 249533038.0,
      "min": 249502490.0,
      "max": 249606409.0,
      "std_dev": 53409.803260575056
    },
    "wasmtime_app": {
      "mean": 376298592.0,
      "median": 376298592.0,
      "min": 369287773.0,
      "max": 383309411.0,
      "std_dev": 9914795.31314298
    }
  },
  "ctype": {
    "base_native": {
      "mean": 654693857.5,
      "median": 654693857.5,
      "min": 654657560.0,
      "max": 654730155.0,
      "std_dev": 51332.416780237414
    },
    "wasmtime_app": {
      "mean": 947291858.0,
      "median": 947291858.0,
      "min": 947291858.0,
      "max": 947291858.0,
      "std_dev": 0.0
    }
  },
  "ed25519": {
    "base_native": {
      "mean": 1433529870.0,
      "median": 1433529870.0,
      "min": 1433529870.0,
      "max": 1433529870.0,
      "std_dev": 0.0
    },
    "wasmtime_app": {
      "mean": 6751822678.0,
      "median": 6751822678.0,
      "min": 6751822678.0,
      "max": 6751822678.0,
      "std_dev": 0.0
    }
  },
  "fib2": {
    "base_native": {
      "mean": 6955899835.0,
      "median": 6955899835.0,
      "min": 6955899835.0,
      "max": 6955899835.0,
      "std_dev": 0.0
    },
    "wasmtime_app": {
      "mean": 10689589771.0,
      "median": 10689589771.0,
      "min": 10689589771.0,
      "max": 10689589771.0,
      "std_dev": 0.0
    }
  },
  "gimli": {
    "base_native": {
      "mean": 4121867.2,
      "median": 4121342.0,
      "min": 4099568.0,
      "max": 4144341.0,
      "std_dev": 14620.845300080598
    },
    "wasmtime_app": {
      "mean": 9494636.7,
      "median": 9346075.0,
      "min": 9317777.0,
      "max": 10819792.0,
      "std_dev": 466105.9705191157
    }
  },
  "heapsort": {
    "base_native": {
      "mean": 1076377821.0,
      "median": 1076377821.0,
      "min": 1076377821.0,
      "max": 1076377821.0,
      "std_dev": 0.0
    },
    "wasmtime_app": {
      "mean": 1220481425.0,
      "median": 1220481425.0,
      "min": 1220481425.0,
      "max": 1220481425.0,
      "std_dev": 0.0
    }
  },
  "keccak": {
    "base_native": {
      "mean": 7475263.4,
      "median": 7476628.0,
      "min": 7446205.0,
      "max": 7490052.0,
      "std_dev": 13432.302592382786
    },
    "wasmtime_app": {
      "mean": 22889457.3,
      "median": 21330252.0,
      "min": 21231483.0,
      "max": 36910628.0,
      "std_dev": 4926821.2085712375
    }
  },
  "matrix": {
    "base_native": {
      "mean": 377870144.0,
      "median": 377870144.0,
      "min": 377866407.0,
      "max": 377873881.0,
      "std_dev": 5284.916082588256
    },
    "wasmtime_app": {
      "mean": 533498507.0,
      "median": 533498507.0,
      "min": 529403712.0,
      "max": 537593302.0,
      "std_dev": 5790914.624137538
    }
  },
  "matrix2": {
    "base_native": {
      "mean": 194255978.0,
      "median": 194248266.0,
      "min": 194237354.0,
      "max": 194290026.0,
      "std_dev": 23548.25617039756
    },
    "wasmtime_app": {
      "mean": 260196437.33333334,
      "median": 257666188.0,
      "min": 257639764.0,
      "max": 265283360.0,
      "std_dev": 4405424.068058526
    }
  },
  "memmove": {
    "base_native": {
      "mean": 47322365.4,
      "median": 47323545.5,
      "min": 47309309.0,
      "max": 47334082.0,
      "std_dev": 10016.715653790363
    },
    "wasmtime_app": {
      "mean": 521243032.0,
      "median": 521243032.0,
      "min": 516587256.0,
      "max": 525898808.0,
      "std_dev": 6584261.562571159
    }
  },
  "minicsv": {
    "base_native": {
      "mean": 721917794.0,
      "median": 721917794.0,
      "min": 721917794.0,
      "max": 721917794.0,
      "std_dev": 0.0
    },
    "wasmtime_app": {
      "mean": 1106780781.0,
      "median": 1106780781.0,
      "min": 1106780781.0,
      "max": 1106780781.0,
      "std_dev": 0.0
    }
  },
  "nestedloop": {
    "base_native": {
      "mean": 1578228.8181818181,
      "median": 1587860.0,
      "min": 1552062.0,
      "max": 1611984.0,
      "std_dev": 21929.047684832014
    },
    "wasmtime_app": {
      "mean": 6294861.2,
      "median": 6198351.5,
      "min": 6169503.0,
      "max": 7141074.0,
      "std_dev": 298279.0900649181
    }
  },
  "nestedloop2": {
    "base_native": {
      "mean": 1589009.9090909092,
      "median": 1583235.0,
      "min": 1548787.0,
      "max": 1656206.0,
      "std_dev": 32018.97006293159
    },
    "wasmtime_app": {
      "mean": 6283381.9,
      "median": 6197464.5,
      "min": 6173378.0,
      "max": 7037280.0,
      "std_dev": 265790.6611905317
    }
  },
  "nestedloop3": {
    "base_native": {
      "mean": 2085725.0909090908,
      "median": 2085607.0,
      "min": 2061833.0,
      "max": 2106681.0,
      "std_dev": 14523.301294502882
    },
    "wasmtime_app": {
      "mean": 6864064.2,
      "median": 6739746.0,
      "min": 6708973.0,
      "max": 7953328.0,
      "std_dev": 383632.7898866021
    }
  },
  "random": {
    "base_native": {
      "mean": 577575640.5,
      "median": 577575640.5,
      "min": 577558704.0,
      "max": 577592577.0,
      "std_dev": 23951.827999131925
    },
    "wasmtime_app": {
      "mean": 290687617.6666667,
      "median": 290427799.0,
      "min": 290356053.0,
      "max": 291279001.0,
      "std_dev": 513407.78854370076
    }
  },
  "random2": {
    "base_native": {
      "mean": 577687697.0,
      "median": 577687697.0,
      "min": 577612326.0,
      "max": 577763068.0,
      "std_dev": 106590.69040962255
    },
    "wasmtime_app": {
      "mean": 290778421.3333333,
      "median": 290537493.0,
      "min": 290421750.0,
      "max": 291376021.0,
      "std_dev": 520762.068234941
    }
  },
  "ratelimit": {
    "base_native": {
      "mean": 25939062.8,
      "median": 25946349.5,
      "min": 25894065.0,
      "max": 25955837.0,
      "std_dev": 20388.697336187684
    },
    "wasmtime_app": {
      "mean": 39008100.2,
      "median": 38297550.0,
      "min": 38208280.0,
      "max": 45544343.0,
      "std_dev": 2296994.4255122608
    }
  },
  "seqhash": {
    "base_native": {
      "mean": 7103893595.0,
      "median": 7103893595.0,
      "min": 7103893595.0,
      "max": 7103893595.0,
      "std_dev": 0.0
    },
    "wasmtime_app": {
      "mean": 9669034550.0,
      "median": 9669034550.0,
      "min": 9669034550.0,
      "max": 9669034550.0,
      "std_dev": 0.0
    }
  },
  "sieve": {
    "base_native": {
      "mean": 569263021.5,
      "median": 569263021.5,
      "min": 569248822.0,
      "max": 569277221.0,
      "std_dev": 20081.12547891676
    },
    "wasmtime_app": {
      "mean": 766824111.0,
      "median": 766824111.0,
      "min": 766824111.0,
      "max": 766824111.0,
      "std_dev": 0.0
    }
  },
  "strcat": {
    "base_native": {
      "mean": 65849768.8,
      "median": 65843951.5,
      "min": 65823240.0,
      "max": 65940034.0,
      "std_dev": 33224.50760039777
    },
    "wasmtime_app": {
      "mean": 354042416.5,
      "median": 354042416.5,
      "min": 350070302.0,
      "max": 358014531.0,
      "std_dev": 5617418.197198825
    }
  },
  "strcat2": {
    "base_native": {
      "mean": 2577743.0,
      "median": 2572755.0,
      "min": 2565655.0,
      "max": 2607628.0,
      "std_dev": 14916.867807954859
    },
    "wasmtime_app": {
      "mean": 9305344.7,
      "median": 8370242.0,
      "min": 8325382.0,
      "max": 17607861.0,
      "std_dev": 2917756.9024465824
    }
  },
  "strchr": {
    "base_native": {
      "mean": 155079290.6,
      "median": 155086860.0,
      "min": 155022614.0,
      "max": 155138457.0,
      "std_dev": 44027.89754008247
    },