{
  "ackermann": {
    "base_native": {
      "mean": 3169190.8,
      "median": 2847748.0,
      "min": 2817975.0,
      "max": 6084648.0,
      "std_dev": 1024639.6776279509
    },
    "wasmtime_app": {
      "mean": 8894861.0,
      "median": 8255657.5,
      "min": 8181200.0,
      "max": 13058602.0,
      "std_dev": 1501985.7293924082
    }
  },
  "base64": {
    "base_native": {
      "mean": 249540144.66666666,
      "median": 249506355.0,
      "min": 249504355.0,
      "max": 249609724.0,
      "std_dev": 60265.7674001861
    },
    "wasmtime_app": {
      "mean": 360164018.5,
      "median": 360164018.5,
      "min": 350380891.0,
      "max": 369947146.0,
      "std_dev": 13835431.59292519
    }
  },
  "ctype": {
    "base_native": {
      "mean": 653673137.0,
      "median": 653673137.0,
      "min": 653659763.0,
      "max": 653686511.0,
      "std_dev": 18913.692183177773
    },
    "wasmtime_app": {
      "mean": 883752702.0,
      "median": 883752702.0,
      "min": 883752702.0,
      "max": 883752702.0,
      "std_dev": 0.0
    }
  },
  "ed25519": {
    "base_native": {
      "mean": 1433072092.0,
      "median": 1433072092.0,
      "min": 1433072092.0,
      "max": 1433072092.0,
      "std_dev": 0.0
    },
    "wasmtime_app": {
      "mean": 6806769706.0,
      "median": 6806769706.0,
      "min": 6806769706.0,
      "max": 6806769706.0,
      "std_dev": 0.0
    }
  },
  "fib2": {
    "base_native": {
      "mean": 6955993548.0,
      "median": 6955993548.0,
      "min": 6955993548.0,
      "max": 6955993548.0,
      "std_dev": 0.0
    },
    "wasmtime_app": {
      "mean": 10694838020.0,
      "median": 10694838020.0,
      "min": 10694838020.0,
      "max": 10694838020.0,
      "std_dev": 0.0
    }
  },
  "gimli": {
    "base_native": {
      "mean": 4143735.5,
      "median": 4143343.0,
      "min": 4116895.0,
      "max": 4182591.0,
      "std_dev": 18497.282306388206
    },
    "wasmtime_app": {
      "mean": 9487647.2,
      "median": 9337766.5,
      "min": 9301531.0,
      "max": 10825338.0,
      "std_dev": 470595.3768205171
    }
  },
  "heapsort": {
    "base_native": {
      "mean": 1076267179.0,
      "median": 1076267179.0,
      "min": 1076267179.0,
      "max": 1076267179.0,
      "std_dev": 0.0
    },
    "wasmtime_app": {
      "mean": 1220804233.0,
      "median": 1220804233.0,
      "min": 1220804233.0,
      "max": 1220804233.0,
      "std_dev": 0.0
    }
  },
  "keccak": {
    "base_native": {
      "mean": 7484156.1,
      "median": 7483086.0,
      "min": 7470812.0,
      "max": 7496735.0,
      "std_dev": 8586.385624929733
    },
    "wasmtime_app": {
      "mean": 22687080.6,
      "median": 21157181.5,
      "min": 20778880.0,
      "max": 36901145.0,
      "std_dev": 4997275.80749539
    }
  },
  "matrix": {
    "base_native": {
      "mean": 377882583.5,
      "median": 377882583.5,
      "min": 377870159.0,
      "max": 377895008.0,
      "std_dev": 17570.89640570452
    },
    "wasmtime_app": {
      "mean": 533626107.5,
      "median": 533626107.5,
      "min": 529455075.0,
      "max": 537797140.0,
      "std_dev": 5898730.730598956
    }
  },
  "matrix2": {
    "base_native": {
      "mean": 194270105.5,
      "median": 194261587.5,
      "min": 194258425.0,
      "max": 194298822.0,
      "std_dev": 19285.17922308908
    },
    "wasmtime_app": {
      "mean": 260152296.0,
      "median": 257636608.0,
      "min": 257605260.0,
      "max": 265215020.0,
      "std_dev": 4384475.612819394
    }
  },
  "memmove": {
    "base_native": {
      "mean": 47334309.4,
      "median": 47334007.0,
      "min": 47320445.0,
      "max": 47353368.0,
      "std_dev": 9354.110115048063
    },
    "wasmtime_app": {
      "mean": 520495972.0,
      "median": 520495972.0,
      "min": 516162412.0,
      "max": 524829532.0,
      "std_dev": 6128579.32535755
    }
  },
  "minicsv": {
    "base_native": {
      "mean": 747581999.0,
      "median": 747581999.0,
      "min": 747581999.0,
      "max": 747581999.0,
      "std_dev": 0.0
    },
    "wasmtime_app": {
      "mean": 1106189936.0,
      "median": 1106189936.0,
      "min": 1106189936.0,
      "max": 1106189936.0,
      "std_dev": 0.0
    }
  },
  "nestedloop": {
    "base_native": {
      "mean": 1573809.0,
      "median": 1577002.0,
      "min": 1546979.0,
      "max": 1596026.0,
      "std_dev": 16281.024672912943
    },
    "wasmtime_app": {
      "mean": 6253275.0,
      "median": 6171510.0,
      "min": 6134350.0,
      "max": 7066268.0,
      "std_dev": 286440.4399552859
    }
  },
  "nestedloop2": {
    "base_native": {
      "mean": 1571015.9090909092,
      "median": 1577702.0,
      "min": 1538629.0,
      "max": 1595476.0,
      "std_dev": 18028.806357907037
    },
    "wasmtime_app": {
      "mean": 6241100.7,
      "median": 6161910.5,
      "min": 6126575.0,
      "max": 6972748.0,
      "std_dev": 258658.68018772447
    }
  },
  "nestedloop3": {
    "base_native": {
      "mean": 2081266.1818181819,
      "median": 2080621.0,
      "min": 2060622.0,
      "max": 2101869.0,
      "std_dev": 9858.922109624174
    },
    "wasmtime_app": {
      "mean": 6819790.4,
      "median": 6706877.5,
      "min": 6650818.0,
      "max": 7860294.0,
      "std_dev": 366400.5107924023
    }
  },
  "random": {
    "base_native": {
      "mean": 577566085.5,
      "median": 577566085.5,
      "min": 577564473.0,
      "max": 577567698.0,
      "std_dev": 2280.4193693266157
    },
    "wasmtime_app": {
      "mean": 290642007.6666667,
      "median": 290415680.0,
      "min": 290315011.0,
      "max": 291195332.0,
      "std_dev": 481829.24909591506
    }
  },
  "random2": {
    "base_native": {
      "mean": 577625644.5,
      "median": 577625644.5,
      "min": 577575123.0,
      "max": 577676166.0,
      "std_dev": 71448.19049143232
    },
    "wasmtime_app": {
      "mean": 290681589.0,
      "median": 290413955.0,
      "min": 290355634.0,
      "max": 291275178.0,
      "std_dev": 514889.56141195947
    }
  },
  "ratelimit": {
    "base_native": {
      "mean": 25918970.0,
      "median": 25914420.0,
      "min": 25901196.0,
      "max": 25943644.0,
      "std_dev": 14619.983302924042
    },
    "wasmtime_app": {
      "mean": 38986252.4,
      "median": 38261874.5,
      "min": 38245038.0,
      "max": 45491320.0,
      "std_dev": 2285694.2672244003
    }
  },
  "seqhash": {
    "base_native": {
      "mean": 7110420189.0,
      "median": 7110420189.0,
      "min": 7110420189.0,
      "max": 7110420189.0,
      "std_dev": 0.0
    },
    "wasmtime_app": {
      "mean": 9690300197.0,
      "median": 9690300197.0,
      "min": 9690300197.0,
      "max": 9690300197.0,
      "std_dev": 0.0
    }
  },
  "sieve": {
    "base_native": {
      "mean": 569243676.0,
      "median": 569243676.0,
      "min": 569232214.0,
      "max": 569255138.0,
      "std_dev": 16209.715851920415
    },
    "wasmtime_app": {
      "mean": 767349664.0,
      "median": 767349664.0,
      "min": 767349664.0,
      "max": 767349664.0,
      "std_dev": 0.0
    }
  },
  "strcat": {
    "base_native": {
      "mean": 65855245.6,
      "median": 65846711.5,
      "min": 65835199.0,
      "max": 65931293.0,
      "std_dev": 28287.794184457405
    },
    "wasmtime_app": {
      "mean": 352730572.5,
      "median": 352730572.5,
      "min": 350223576.0,
      "max": 355237569.0,
      "std_dev": 3545428.451121881
    }
  },
  "strcat2": {
    "base_native": {
      "mean": 2591739.0,
      "median": 2588589.0,
      "min": 2566716.0,
      "max": 2625637.0,
      "std_dev": 19306.526399122136
    },
    "wasmtime_app": {
      "mean": 9378964.1,
      "median": 8469957.0,
      "min": 8411786.0,
      "max": 17650646.0,
      "std_dev": 2906479.262814164
    }
  },
  "strchr": {
    "base_native": {
      "mean": 155125572.2,
      "median": 155125547.0,
      "min": 155075600.0,
      "max": 155165095.0,
      "std_dev": 37219.05886370583
    },
    "wasmtime_app": {
      "mean": 406585132.5,