{
  "ackermann": {
    "base_native": {
      "mean": 3205212.4,
      "median": 2886318.5,
      "min": 2852633.0,
      "max": 6081444.0,
      "std_dev": 1010915.2821099194
    },
    "wasmtime_app": {
      "mean": 8756279.4,
      "median": 7994757.5,
      "min": 7937598.0,
      "max": 12374121.0,
      "std_dev": 1393687.9684206536
    }
  },
  "base64": {
    "base_native": {
      "mean": 252341760.66666666,
      "median": 253411232.0,
      "min": 250132023.0,
      "max": 253482027.0,
      "std_dev": 1914016.3007718436
    },
    "wasmtime_app": {
      "mean": 355112895.5,
      "median": 355112895.5,
      "min": 350456135.0,
      "max": 359769656.0,
      "std_dev": 6585653.855823316
    }
  },
  "ctype": {
    "base_native": {
      "mean": 655130456.0,
      "median": 655130456.0,
      "min": 654853622.0,
      "max": 655407290.0,
      "std_dev": 391502.3973259934
    },
    "wasmtime_app": {
      "mean": 957414619.0,
      "median": 957414619.0,
      "min": 957414619.0,
      "max": 957414619.0,
      "std_dev": 0.0
    }
  },
  "ed25519": {
    "base_native": {
      "mean": 1433004223.0,
      "median": 1433004223.0,
      "min": 1433004223.0,
      "max": 1433004223.0,
      "std_dev": 0.0
    },
    "wasmtime_app": {
      "mean": 6770644683.0,
      "median": 6770644683.0,
      "min": 6770644683.0,
      "max": 6770644683.0,
      "std_dev": 0.0
    }
  },
  "fib2": {
    "base_native": {
      "mean": 6956160584.0,
      "median": 6956160584.0,
      "min": 6956160584.0,
      "max": 6956160584.0,
      "std_dev": 0.0
    },
    "wasmtime_app": {
      "mean": 10698596327.0,
      "median": 10698596327.0,
      "min": 10698596327.0,
      "max": 10698596327.0,
      "std_dev": 0.0
    }
  },
  "gimli": {
    "base_native": {
      "mean": 4148892.3,
      "median": 4148094.5,
      "min": 4123859.0,
      "max": 4170781.0,
      "std_dev": 14252.654910966978
    },
    "wasmtime_app": {
      "mean": 9541194.7,
      "median": 9371279.5,
      "min": 9328094.0,
      "max": 11061071.0,
      "std_dev": 534565.0495843533
    }
  },
  "heapsort": {
    "base_native": {
      "mean": 1076368966.0,
      "median": 1076368966.0,
      "min": 1076368966.0,
      "max": 1076368966.0,
      "std_dev": 0.0
    },
    "wasmtime_app": {
      "mean": 1220387026.0,
      "median": 1220387026.0,
      "min": 1220387026.0,
      "max": 1220387026.0,
      "std_dev": 0.0
    }
  },
  "keccak": {
    "base_native": {
      "mean": 7484775.1,
      "median": 7486312.5,
      "min": 7468014.0,
      "max": 7496612.0,
      "std_dev": 8395.741757316953
    },
    "wasmtime_app": {
      "mean": 22854063.3,
      "median": 21225493.0,
      "min": 20994007.0,
      "max": 37056219.0,
      "std_dev": 4993421.688514201
    }
  },
  "matrix": {
    "base_native": {
      "mean": 377873154.0,
      "median": 377873154.0,
      "min": 377862717.0,
      "max": 377883591.0,
      "std_dev": 14760.146950487993
    },
    "wasmtime_app": {
      "mean": 534224567.0,
      "median": 534224567.0,
      "min": 530515228.0,
      "max": 537933906.0,
      "std_dev": 5245797.521239454
    }
  },
  "matrix2": {
    "base_native": {
      "mean": 194264646.75,
      "median": 194260934.5,
      "min": 194251610.0,
      "max": 194285108.0,
      "std_dev": 14382.043233954393
    },
    "wasmtime_app": {
      "mean": 260229378.66666666,
      "median": 257692181.0,
      "min": 257667283.0,
      "max": 265328672.0,
      "std_dev": 4416135.114796006
    }
  },
  "memmove": {
    "base_native": {
      "mean": 47329144.2,
      "median": 47323699.5,
      "min": 47310988.0,
      "max": 47369759.0,
      "std_dev": 17040.590983491937
    },
    "wasmtime_app": {
      "mean": 521274540.5,
      "median": 521274540.5,
      "min": 516466826.0,
      "max": 526082255.0,
      "std_dev": 6799135.049917784
    }
  },
  "minicsv": {
    "base_native": {
      "mean": 725477100.0,
      "median": 725477100.0,
      "min": 725477100.0,
      "max": 725477100.0,
      "std_dev": 0.0
    },
    "wasmtime_app": {
      "mean": 1106981495.0,
      "median": 1106981495.0,
      "min": 1106981495.0,
      "max": 1106981495.0,
      "std_dev": 0.0
    }
  },
  "nestedloop": {
    "base_native": {
      "mean": 1579886.9090909092,
      "median": 1580382.0,
      "min": 1551559.0,
      "max": 1606731.0,
      "std_dev": 17577.805024829155
    },
    "wasmtime_app": {
      "mean": 6226828.2,
      "median": 6136076.0,
      "min": 6099853.0,
      "max": 6999277.0,
      "std_dev": 273718.835215506
    }
  },
  "nestedloop2": {
    "base_native": {
      "mean": 1578961.9090909092,
      "median": 1582532.0,
      "min": 1551859.0,
      "max": 1591282.0,
      "std_dev": 13132.217409520339
    },
    "wasmtime_app": {
      "mean": 6215766.1,
      "median": 6147650.0,
      "min": 6082204.0,
      "max": 6916881.0,
      "std_dev": 248796.09138250366
    }
  },
  "nestedloop3": {
    "base_native": {
      "mean": 2090847.9090909092,
      "median": 2091452.0,
      "min": 2062579.0,
      "max": 2118626.0,
      "std_dev": 15270.929830593457
    },
    "wasmtime_app": {
      "mean": 6774357.0,
      "median": 6674820.0,
      "min": 6610374.0,
      "max": 7807406.0,
      "std_dev": 364866.9211025972
    }
  },
  "random": {
    "base_native": {
      "mean": 577600619.5,
      "median": 577600619.5,
      "min": 577576358.0,
      "max": 577624881.0,
      "std_dev": 34310.94234351484
    },
    "wasmtime_app": {
      "mean": 290670849.0,
      "median": 290377474.0,
      "min": 290360575.0,
      "max": 291274498.0,
      "std_dev": 522843.64818844263
    }
  },
  "random2": {
    "base_native": {
      "mean": 577642067.0,
      "median": 577642067.0,
      "min": 577568634.0,
      "max": 577715500.0,
      "std_dev": 103849.94452574349
    },
    "wasmtime_app": {
      "mean": 290689372.6666667,
      "median": 290422271.0,
      "min": 290390073.0,
      "max": 291255774.0,
      "std_dev": 490782.0601879548
    }
  },
  "ratelimit": {
    "base_native": {
      "mean": 25932160.9,
      "median": 25929423.5,
      "min": 25910187.0,
      "max": 25974658.0,
      "std_dev": 19117.49958342414
    },
    "wasmtime_app": {
      "mean": 38971039.9,
      "median": 38255188.0,
      "min": 38205153.0,
      "max": 45432668.0,
      "std_dev": 2270577.748720427
    }
  },
  "seqhash": {
    "base_native": {
      "mean": 7115386314.0,
      "median": 7115386314.0,
      "min": 7115386314.0,
      "max": 7115386314.0,
      "std_dev": 0.0
    },
    "wasmtime_app": {
      "mean": 9702476306.0,
      "median": 9702476306.0,
      "min": 9702476306.0,
      "max": 9702476306.0,
      "std_dev": 0.0
    }
  },
  "sieve": {
    "base_native": {
      "mean": 569263593.5,
      "median": 569263593.5,
      "min": 569251119.0,
      "max": 569276068.0,
      "std_dev": 17641.607083823175
    },
    "wasmtime_app": {
      "mean": 766877272.0,
      "median": 766877272.0,
      "min": 766877272.0,
      "max": 766877272.0,
      "std_dev": 0.0
    }
  },
  "strcat": {
    "base_native": {
      "mean": 65848715.6,
      "median": 65844406.0,
      "min": 65835006.0,
      "max": 65889203.0,
      "std_dev": 15499.208361146135
    },
    "wasmtime_app": {
      "mean": 351224803.5,
      "median": 351224803.5,
      "min": 347209244.0,
      "max": 355240363.0,
      "std_dev": 5678858.705416124
    }
  },
  "strcat2": {
    "base_native": {
      "mean": 2585034.8181818184,
      "median": 2589648.0,
      "min": 2546226.0,
      "max": 2612297.0,
      "std_dev": 20910.496062112838
    },
    "wasmtime_app": {
      "mean": 9420444.1,
      "median": 8508816.0,
      "min": 8449644.0,
      "max": 17694469.0,
      "std_dev": 2907356.842712732
    }
  },
  "strchr": {
    "base_native": {
      "mean": 154602749.2,
      "median": 154593375.0,
      "min": 154553752.0,
      "max": 154673345.0,
      "std_dev": 43879.12068056971
    },