{
  "ackermann": {
    "base_native": {
      "mean": 3112708.4,
      "median": 2890360.5,
      "min": 2852725.0,
      "max": 5188498.0,
      "std_dev": 729646.8206514101
    },
    "wasmtime_app": {
      "mean": 8957715.3,
      "median": 8561715.5,
      "min": 7803076.0,
      "max": 11560887.0,
      "std_dev": 1107272.1798958667
    }
  },
  "base64": {
    "base_native": {
      "mean": 253195334.66666666,
      "median": 253478497.0,
      "min": 252609535.0,
      "max": 253497972.0,
      "std_dev": 507410.83552318165
    },
    "wasmtime_app": {
      "mean": 355049776.0,
      "median": 355049776.0,
      "min": 350473931.0,
      "max": 359625621.0,
      "std_dev": 6471222.0583171155
    }
  },
  "ctype": {
    "base_native": {
      "mean": 654721913.5,
      "median": 654721913.5,
      "min": 653863226.0,
      "max": 655580601.0,
      "std_dev": 1214367.508340247
    },
    "wasmtime_app": {
      "mean": 890091389.0,
      "median": 890091389.0,
      "min": 890091389.0,
      "max": 890091389.0,
      "std_dev": 0.0
    }
  },
  "ed25519": {
    "base_native": {
      "mean": 1435308852.0,
      "median": 1435308852.0,
      "min": 1435308852.0,
      "max": 1435308852.0,
      "std_dev": 0.0
    },
    "wasmtime_app": {
      "mean": 6721712286.0,
      "median": 6721712286.0,
      "min": 6721712286.0,
      "max": 6721712286.0,
      "std_dev": 0.0
    }
  },
  "fib2": {
    "base_native": {
      "mean": 6957248668.0,
      "median": 6957248668.0,
      "min": 6957248668.0,
      "max": 6957248668.0,
      "std_dev": 0.0
    },
    "wasmtime_app": {
      "mean": 10702466890.0,
      "median": 10702466890.0,
      "min": 10702466890.0,
      "max": 10702466890.0,
      "std_dev": 0.0
    }
  },
  "gimli": {
    "base_native": {
      "mean": 4138818.8,
      "median": 4136394.0,
      "min": 4116370.0,
      "max": 4161543.0,
      "std_dev": 14605.086646629507
    },
    "wasmtime_app": {
      "mean": 9480192.1,
      "median": 9339291.0,
      "min": 9311355.0,
      "max": 10789486.0,
      "std_dev": 460465.36617485626
    }
  },
  "heapsort": {
    "base_native": {
      "mean": 1077320996.0,
      "median": 1077320996.0,
      "min": 1077320996.0,
      "max": 1077320996.0,
      "std_dev": 0.0
    },
    "wasmtime_app": {
      "mean": 1221740097.0,
      "median": 1221740097.0,
      "min": 1221740097.0,
      "max": 1221740097.0,
      "std_dev": 0.0
    }
  },
  "keccak": {
    "base_native": {
      "mean": 7474442.9,
      "median": 7475123.0,
      "min": 7456799.0,
      "max": 7486672.0,
      "std_dev": 8906.21158330896
    },
    "wasmtime_app": {
      "mean": 22909327.3,
      "median": 21323051.0,
      "min": 20989885.0,
      "max": 37620623.0,
      "std_dev": 5170732.427515426
    }
  },
  "matrix": {
    "base_native": {
      "mean": 377982794.5,
      "median": 377982794.5,
      "min": 377957758.0,
      "max": 378007831.0,
      "std_dev": 35406.957854354
    },
    "wasmtime_app": {
      "mean": 534183005.5,
      "median": 534183005.5,
      "min": 530230933.0,
      "max": 538135078.0,
      "std_dev": 5589074.528981743
    }
  },
  "matrix2": {
    "base_native": {
      "mean": 194310439.25,
      "median": 194308295.5,
      "min": 194273460.0,
      "max": 194351706.0,
      "std_dev": 32326.40162854505
    },
    "wasmtime_app": {
      "mean": 260264030.0,
      "median": 257726550.0,
      "min": 257686653.0,
      "max": 265378887.0,
      "std_dev": 4429641.0171129
    }
  },
  "memmove": {
    "base_native": {
      "mean": 47375151.7,
      "median": 47365229.5,
      "min": 47326606.0,
      "max": 47446851.0,
      "std_dev": 38634.80518924757
    },
    "wasmtime_app": {
      "mean": 520746238.0,
      "median": 520746238.0,
      "min": 516046113.0,
      "max": 525446363.0,
      "std_dev": 6646980.519848843
    }
  },
  "minicsv": {
    "base_native": {
      "mean": 738956682.0,
      "median": 738956682.0,
      "min": 738956682.0,
      "max": 738956682.0,
      "std_dev": 0.0
    },
    "wasmtime_app": {
      "mean": 1116406295.0,
      "median": 1116406295.0,
      "min": 1116406295.0,
      "max": 1116406295.0,
      "std_dev": 0.0
    }
  },
  "nestedloop": {
    "base_native": {
      "mean": 1568485.6363636365,
      "median": 1573981.0,
      "min": 1543432.0,
      "max": 1584630.0,
      "std_dev": 12856.479559138477
    },
    "wasmtime_app": {
      "mean": 6272356.6,
      "median": 6188967.0,
      "min": 6136558.0,
      "max": 7130094.0,
      "std_dev": 302738.15414946
    }
  },
  "nestedloop2": {
    "base_native": {
      "mean": 1569074.2727272727,
      "median": 1577006.0,
      "min": 1546057.0,
      "max": 1590680.0,
      "std_dev": 15942.8303139117
    },
    "wasmtime_app": {
      "mean": 6288503.2,
      "median": 6208116.0,
      "min": 6162856.0,
      "max": 7020001.0,
      "std_dev": 259497.58988339157
    }
  },
  "nestedloop3": {
    "base_native": {
      "mean": 2085372.0,
      "median": 2082334.0,
      "min": 2063959.0,
      "max": 2131981.0,
      "std_dev": 17464.67278250583
    },
    "wasmtime_app": {
      "mean": 6841498.0,
      "median": 6727220.5,
      "min": 6688173.0,
      "max": 7925319.0,
      "std_dev": 381393.839358856
    }
  },
  "random": {
    "base_native": {
      "mean": 577673255.0,
      "median": 577673255.0,
      "min": 577667005.0,
      "max": 577679505.0,
      "std_dev": 8838.834764831845
    },
    "wasmtime_app": {
      "mean": 290765516.3333333,
      "median": 290437662.0,
      "min": 290412789.0,
      "max": 291446098.0,
      "std_dev": 589532.204620183
    }
  },
  "random2": {
    "base_native": {
      "mean": 577743127.0,
      "median": 577743127.0,
      "min": 577700604.0,
      "max": 577785650.0,
      "std_dev": 60136.60331279112
    },
    "wasmtime_app": {
      "mean": 290705528.6666667,
      "median": 290409064.0,
      "min": 290399390.0,
      "max": 291308132.0,
      "std_dev": 521892.21068850346
    }
  },
  "ratelimit": {
    "base_native": {
      "mean": 25937071.1,
      "median": 25937778.5,
      "min": 25906717.0,
      "max": 25983039.0,
      "std_dev": 23734.458304096363
    },
    "wasmtime_app": {
      "mean": 39007339.7,
      "median": 38278481.0,
      "min": 38205386.0,
      "max": 45660935.0,
      "std_dev": 2338028.2881018
    }
  },
  "seqhash": {
    "base_native": {
      "mean": 7126538695.0,
      "median": 7126538695.0,
      "min": 7126538695.0,
      "max": 7126538695.0,
      "std_dev": 0.0
    },
    "wasmtime_app": {
      "mean": 9700068418.0,
      "median": 9700068418.0,
      "min": 9700068418.0,
      "max": 9700068418.0,
      "std_dev": 0.0
    }
  },
  "sieve": {
    "base_native": {
      "mean": 569316170.0,
      "median": 569316170.0,
      "min": 569295421.0,
      "max": 569336919.0,
      "std_dev": 29343.51720567935
    },
    "wasmtime_app": {
      "mean": 766831306.0,
      "median": 766831306.0,
      "min": 766831306.0,
      "max": 766831306.0,
      "std_dev": 0.0
    }
  },
  "strcat": {
    "base_native": {
      "mean": 65898149.7,
      "median": 65847534.5,
      "min": 65829873.0,
      "max": 66066887.0,
      "std_dev": 93658.93238299388
    },
    "wasmtime_app": {
      "mean": 351309714.5,
      "median": 351309714.5,
      "min": 347312707.0,
      "max": 355306722.0,
      "std_dev": 5652622.2154069785
    }
  },
  "strcat2": {
    "base_native": {
      "mean": 2596136.0,
      "median": 2593861.0,
      "min": 2562888.0,
      "max": 2652884.0,
      "std_dev": 27680.17939609496
    },
    "wasmtime_app": {
      "mean": 9358049.8,
      "median": 8442711.0,
      "min": 8431511.0,
      "max": 17552229.0,
      "std_dev": 2879173.5530530973
    }
  },
  "strchr": {
    "base_native": {
      "mean": 155113446.0,
      "median": 155104671.0,
      "min": 155040299.0,
      "max": 155213767.0,
      "std_dev": 65271.82102561564
    },
    "wasmtime_app": {
      "mean": 406668969.0,