{
  "ackermann": {
    "base_native": {
      "mean": 3038647.5454545454,
      "median": 3024498.0,
      "min": 3010999.0,
      "max": 3153241.0,
      "std_dev": 41125.68194781367
    },
    "wasmtime_app": {
      "mean": 9476819.2,
      "median": 9425084.5,
      "min": 8232150.0,
      "max": 12677657.0,
      "std_dev": 1255116.339595816
    }
  },
  "base64": {
    "base_native": {
      "mean": 260627109.66666666,
      "median": 258506716.0,
      "min": 257420180.0,
      "max": 265954433.0,
      "std_dev": 4645473.123722957
    },
    "wasmtime_app": {
      "mean": 360641290.5,
      "median": 360641290.5,
      "min": 350426799.0,
      "max": 370855782.0,
      "std_dev": 14445472.412044698
    }
  },
  "ctype": {
    "base_native": {
      "mean": 654244815.0,
      "median": 654244815.0,
      "min": 653645675.0,
      "max": 654843955.0,
      "std_dev": 847311.9137602162
    },
    "wasmtime_app": {
      "mean": 983855107.0,
      "median": 983855107.0,
      "min": 983855107.0,
      "max": 983855107.0,
      "std_dev": 0.0
    }
  },
  "ed25519": {
    "base_native": {
      "mean": 1433173167.0,
      "median": 1433173167.0,
      "min": 1433173167.0,
      "max": 1433173167.0,
      "std_dev": 0.0
    },
    "wasmtime_app": {
      "mean": 6755601131.0,
      "median": 6755601131.0,
      "min": 6755601131.0,
      "max": 6755601131.0,
      "std_dev": 0.0
    }
  },
  "fib2": {
    "base_native": {
      "mean": 6956028686.0,
      "median": 6956028686.0,
      "min": 6956028686.0,
      "max": 6956028686.0,
      "std_dev": 0.0
    },
    "wasmtime_app": {
      "mean": 10667197387.0,
      "median": 10667197387.0,
      "min": 10667197387.0,
      "max": 10667197387.0,
      "std_dev": 0.0
    }
  },
  "gimli": {
    "base_native": {
      "mean": 4149365.4,
      "median": 4147120.5,
      "min": 4133934.0,
      "max": 4177606.0,
      "std_dev": 11583.650990368567
    },
    "wasmtime_app": {
      "mean": 9495618.2,
      "median": 9343889.0,
      "min": 9324065.0,
      "max": 10813209.0,
      "std_dev": 463634.3677721822
    }
  },
  "heapsort": {
    "base_native": {
      "mean": 1076405974.0,
      "median": 1076405974.0,
      "min": 1076405974.0,
      "max": 1076405974.0,
      "std_dev": 0.0
    },
    "wasmtime_app": {
      "mean": 1220409804.0,
      "median": 1220409804.0,
      "min": 1220409804.0,
      "max": 1220409804.0,
      "std_dev": 0.0
    }
  },
  "keccak": {
    "base_native": {
      "mean": 7489103.4,
      "median": 7483514.0,
      "min": 7479114.0,
      "max": 7503737.0,
      "std_dev": 10451.828316402616
    },
    "wasmtime_app": {
      "mean": 22899855.4,
      "median": 21338808.5,
      "min": 20989952.0,
      "max": 37371082.0,
      "std_dev": 5088559.926326793
    }
  },
  "matrix": {
    "base_native": {
      "mean": 378082001.0,
      "median": 378082001.0,
      "min": 378061052.0,
      "max": 378102950.0,
      "std_dev": 29626.35991815397
    },
    "wasmtime_app": {
      "mean": 533579352.0,
      "median": 533579352.0,
      "min": 529346696.0,
      "max": 537812008.0,
      "std_dev": 5985879.520059855
    }
  },
  "matrix2": {
    "base_native": {
      "mean": 194288532.25,
      "median": 194269295.5,
      "min": 194264459.0,
      "max": 194351079.0,
      "std_dev": 41769.996068749315
    },
    "wasmtime_app": {
      "mean": 260348829.66666666,
      "median": 257660518.0,
      "min": 257651169.0,
      "max": 265734802.0,
      "std_dev": 4664391.207062754
    }
  },
  "memmove": {
    "base_native": {
      "mean": 47382749.6,
      "median": 47345579.5,
      "min": 47316843.0,
      "max": 47517607.0,
      "std_dev": 73206.86218776063
    },
    "wasmtime_app": {
      "mean": 521204003.0,
      "median": 521204003.0,
      "min": 516515847.0,
      "max": 525892159.0,
      "std_dev": 6630053.7977208
    }
  },
  "minicsv": {
    "base_native": {
      "mean": 746139137.0,
      "median": 746139137.0,
      "min": 746139137.0,
      "max": 746139137.0,
      "std_dev": 0.0
    },
    "wasmtime_app": {
      "mean": 1111775891.0,
      "median": 1111775891.0,
      "min": 1111775891.0,
      "max": 1111775891.0,
      "std_dev": 0.0
    }
  },
  "nestedloop": {
    "base_native": {
      "mean": 1576973.5454545454,
      "median": 1580832.0,
      "min": 1552209.0,
      "max": 1590307.0,
      "std_dev": 13016.340594526837
    },
    "wasmtime_app": {
      "mean": 6251290.3,
      "median": 6154300.5,
      "min": 6135414.0,
      "max": 7063413.0,
      "std_dev": 286129.9654555018
    }
  },
  "nestedloop2": {
    "base_native": {
      "mean": 1577025.6363636365,
      "median": 1579632.0,
      "min": 1550809.0,
      "max": 1605331.0,
      "std_dev": 17816.735510596365
    },
    "wasmtime_app": {
      "mean": 6266994.5,
      "median": 6184774.0,
      "min": 6167737.0,
      "max": 7015041.0,
      "std_dev": 263045.93003725924
    }
  },
  "nestedloop3": {
    "base_native": {
      "mean": 2090509.5454545454,
      "median": 2087828.0,
      "min": 2065779.0,
      "max": 2141275.0,
      "std_dev": 18741.334303424803
    },
    "wasmtime_app": {
      "mean": 6834211.2,
      "median": 6716557.5,
      "min": 6685809.0,
      "max": 7940866.0,
      "std_dev": 389217.20180005755
    }
  },
  "random": {
    "base_native": {
      "mean": 577607704.0,
      "median": 577607704.0,
      "min": 577587605.0,
      "max": 577627803.0,
      "std_dev": 28424.27839013684
    },
    "wasmtime_app": {
      "mean": 290681372.0,
      "median": 290407654.0,
      "min": 290396004.0,
      "max": 291240458.0,
      "std_dev": 484217.71670602885
    }
  },
  "random2": {
    "base_native": {
      "mean": 577679500.0,
      "median": 577679500.0,
      "min": 577574381.0,
      "max": 577784619.0,
      "std_dev": 148660.71546309738
    },
    "wasmtime_app": {
      "mean": 290681772.0,
      "median": 290400804.0,
      "min": 290398979.0,
      "max": 291245533.0,
      "std_dev": 488232.20038932294
    }
  },
  "ratelimit": {
    "base_native": {
      "mean": 25939791.0,
      "median": 25938951.0,
      "min": 25917165.0,
      "max": 25966012.0,
      "std_dev": 14745.042270388903
    },
    "wasmtime_app": {
      "mean": 39023614.4,
      "median": 38307868.5,
      "min": 38267633.0,
      "max": 45534736.0,
      "std_dev": 2287853.7165930187
    }
  },
  "seqhash": {
    "base_native": {
      "mean": 7122522863.0,
      "median": 7122522863.0,
      "min": 7122522863.0,
      "max": 7122522863.0,
      "std_dev": 0.0
    },
    "wasmtime_app": {
      "mean": 9709522524.0,
      "median": 9709522524.0,
      "min": 9709522524.0,
      "max": 9709522524.0,
      "std_dev": 0.0
    }
  },
  "sieve": {
    "base_native": {
      "mean": 569244828.5,
      "median": 569244828.5,
      "min": 569200394.0,
      "max": 569289263.0,
      "std_dev": 62839.87253726729
    },
    "wasmtime_app": {
      "mean": 767179473.0,
      "median": 767179473.0,
      "min": 767179473.0,
      "max": 767179473.0,
      "std_dev": 0.0
    }
  },
  "strcat": {
    "base_native": {
      "mean": 65853838.5,
      "median": 65837489.5,
      "min": 65824215.0,
      "max": 65984681.0,
      "std_dev": 47512.09742850294
    },
    "wasmtime_app": {
      "mean": 349745661.0,
      "median": 349745661.0,
      "min": 341277699.0,
      "max": 358213623.0,
      "std_dev": 11975506.706059998
    }
  },
  "strcat2": {
    "base_native": {
      "mean": 2596027.8181818184,
      "median": 2593823.0,
      "min": 2577324.0,
      "max": 2616097.0,
      "std_dev": 11288.07490955107
    },
    "wasmtime_app": {
      "mean": 9377789.5,
      "median": 8469699.0,
      "min": 8443563.0,
      "max": 17581639.0,
      "std_dev": 2882609.218663738
    }
  },
  "strchr": {
    "base_native": {
      "mean": 155051627.8,
      "median": 155102715.0,
      "min": 154911601.0,
      "max": 155149162.0,
      "std_dev": 105161.58290792318
    },