{
  "ackermann": {
    "base_native": {
      "mean": 3199202.2,
      "median": 2878549.0,
      "min": 2855101.0,
      "max": 6074280.0,
      "std_dev": 1010407.5410651332
    },
    "wasmtime_app": {
      "mean": 9392043.4,
      "median": 9195642.5,
      "min": 8495337.0,
      "max": 13431412.0,
      "std_dev": 1474011.0854321732
    }
  },
  "base64": {
    "base_native": {
      "mean": 251657811.33333334,
      "median": 251906521.0,
      "min": 249514042.0,
      "max": 253552871.0,
      "std_dev": 2030868.6064170506
    },
    "wasmtime_app": {
      "mean": 374949292.5,
      "median": 374949292.5,
      "min": 366490778.0,
      "max": 383407807.0,
      "std_dev": 11962145.923429478
    }
  },
  "ctype": {
    "base_native": {
      "mean": 653930195.5,
      "median": 653930195.5,
      "min": 653782492.0,
      "max": 654077899.0,
      "std_dev": 208884.29290997444
    },
    "wasmtime_app": {
      "mean": 994647994.0,
      "median": 994647994.0,
      "min": 994647994.0,
      "max": 994647994.0,
      "std_dev": 0.0
    }
  },
  "ed25519": {
    "base_native": {
      "mean": 1433484647.0,
      "median": 1433484647.0,
      "min": 1433484647.0,
      "max": 1433484647.0,
      "std_dev": 0.0
    },
    "wasmtime_app": {
      "mean": 6731078269.0,
      "median": 6731078269.0,
      "min": 6731078269.0,
      "max": 6731078269.0,
      "std_dev": 0.0
    }
  },
  "fib2": {
    "base_native": {
      "mean": 6956381254.0,
      "median": 6956381254.0,
      "min": 6956381254.0,
      "max": 6956381254.0,
      "std_dev": 0.0
    },
    "wasmtime_app": {
      "mean": 10670280693.0,
      "median": 10670280693.0,
      "min": 10670280693.0,
      "max": 10670280693.0,
      "std_dev": 0.0
    }
  },
  "gimli": {
    "base_native": {
      "mean": 4147264.5,
      "median": 4145922.0,
      "min": 4127898.0,
      "max": 4170896.0,
      "std_dev": 12002.12997994754
    },
    "wasmtime_app": {
      "mean": 9463372.6,
      "median": 9318149.0,
      "min": 9279476.0,
      "max": 10832655.0,
      "std_dev": 481500.42112620326
    }
  },
  "heapsort": {
    "base_native": {
      "mean": 1076898195.0,
      "median": 1076898195.0,
      "min": 1076898195.0,
      "max": 1076898195.0,
      "std_dev": 0.0
    },
    "wasmtime_app": {
      "mean": 1220408293.0,
      "median": 1220408293.0,
      "min": 1220408293.0,
      "max": 1220408293.0,
      "std_dev": 0.0
    }
  },
  "keccak": {
    "base_native": {
      "mean": 7493086.0,
      "median": 7484131.5,
      "min": 7453171.0,
      "max": 7562014.0,
      "std_dev": 31336.851267051916
    },
    "wasmtime_app": {
      "mean": 22850404.4,
      "median": 21309189.5,
      "min": 20974818.0,
      "max": 37008511.0,
      "std_dev": 4976828.6558992835
    }
  },
  "matrix": {
    "base_native": {
      "mean": 377919815.5,
      "median": 377919815.5,
      "min": 377907379.0,
      "max": 377932252.0,
      "std_dev": 17587.866968452996
    },
    "wasmtime_app": {
      "mean": 533582942.0,
      "median": 533582942.0,
      "min": 529516865.0,
      "max": 537649019.0,
      "std_dev": 5750301.239053307
    }
  },
  "matrix2": {
    "base_native": {
      "mean": 194285252.5,
      "median": 194274940.5,
      "min": 194263229.0,
      "max": 194327900.0,
      "std_dev": 29102.369943585923
    },
    "wasmtime_app": {
      "mean": 260179079.0,
      "median": 257636345.0,
      "min": 257621671.0,
      "max": 265279221.0,
      "std_dev": 4416858.6287872065
    }
  },
  "memmove": {
    "base_native": {
      "mean": 47348723.4,
      "median": 47346593.5,
      "min": 47326320.0,
      "max": 47375292.0,
      "std_dev": 16007.128163554025
    },
    "wasmtime_app": {
      "mean": 520537775.0,
      "median": 520537775.0,
      "min": 515641523.0,
      "max": 525434027.0,
      "std_dev": 6924345.983196392
    }
  },
  "minicsv": {
    "base_native": {
      "mean": 740295203.0,
      "median": 740295203.0,
      "min": 740295203.0,
      "max": 740295203.0,
      "std_dev": 0.0
    },
    "wasmtime_app": {
      "mean": 1104065427.0,
      "median": 1104065427.0,
      "min": 1104065427.0,
      "max": 1104065427.0,
      "std_dev": 0.0
    }
  },
  "nestedloop": {
    "base_native": {
      "mean": 1580142.0,
      "median": 1584828.0,
      "min": 1554330.0,
      "max": 1600277.0,
      "std_dev": 15009.60461171446
    },
    "wasmtime_app": {
      "mean": 6275428.1,
      "median": 6190204.5,
      "min": 6140769.0,
      "max": 7092776.0,
      "std_dev": 287780.19496076443
    }
  },
  "nestedloop2": {
    "base_native": {
      "mean": 1569358.3636363635,
      "median": 1575479.0,
      "min": 1546030.0,
      "max": 1596502.0,
      "std_dev": 17576.830495130383
    },
    "wasmtime_app": {
      "mean": 6295784.6,
      "median": 6181692.5,
      "min": 6141144.0,
      "max": 7299966.0,
      "std_dev": 353859.48056041804
    }
  },
  "nestedloop3": {
    "base_native": {
      "mean": 2083597.7272727273,
      "median": 2077648.0,
      "min": 2060399.0,
      "max": 2125620.0,
      "std_dev": 23176.044468765198
    },
    "wasmtime_app": {
      "mean": 6844529.7,
      "median": 6724792.5,
      "min": 6696244.0,
      "max": 7930588.0,
      "std_dev": 382091.1670647465
    }
  },
  "random": {
    "base_native": {
      "mean": 577674810.5,
      "median": 577674810.5,
      "min": 577599703.0,
      "max": 577749918.0,
      "std_dev": 106218.04513593724
    },
    "wasmtime_app": {
      "mean": 290679762.3333333,
      "median": 290394100.0,
      "min": 290381951.0,
      "max": 291263236.0,
      "std_dev": 505339.52875302895
    }
  },
  "random2": {
    "base_native": {
      "mean": 577694722.0,
      "median": 577694722.0,
      "min": 577642750.0,
      "max": 577746694.0,
      "std_dev": 73499.5072636545
    },
    "wasmtime_app": {
      "mean": 290711094.3333333,
      "median": 290405525.0,
      "min": 290384851.0,
      "max": 291342907.0,
      "std_dev": 547263.4538221362
    }
  },
  "ratelimit": {
    "base_native": {
      "mean": 25931946.6,
      "median": 25931246.5,
      "min": 25906998.0,
      "max": 25957995.0,
      "std_dev": 15135.209532741857
    },
    "wasmtime_app": {
      "mean": 39006930.0,
      "median": 38287090.5,
      "min": 38260654.0,
      "max": 45495199.0,
      "std_dev": 2279872.8330548517
    }
  },
  "seqhash": {
    "base_native": {
      "mean": 7109307373.0,
      "median": 7109307373.0,
      "min": 7109307373.0,
      "max": 7109307373.0,
      "std_dev": 0.0
    },
    "wasmtime_app": {
      "mean": 9668023121.0,
      "median": 9668023121.0,
      "min": 9668023121.0,
      "max": 9668023121.0,
      "std_dev": 0.0
    }
  },
  "sieve": {
    "base_native": {
      "mean": 569255298.0,
      "median": 569255298.0,
      "min": 569248836.0,
      "max": 569261760.0,
      "std_dev": 9138.64804005494
    },
    "wasmtime_app": {
      "mean": 766947833.0,
      "median": 766947833.0,
      "min": 766947833.0,
      "max": 766947833.0,
      "std_dev": 0.0
    }
  },
  "strcat": {
    "base_native": {
      "mean": 65869526.2,
      "median": 65853492.0,
      "min": 65829469.0,
      "max": 66000783.0,
      "std_dev": 48058.212668017986
    },
    "wasmtime_app": {
      "mean": 352668309.0,
      "median": 352668309.0,
      "min": 350160598.0,
      "max": 355176020.0,
      "std_dev": 3546438.906712197
    }
  },
  "strcat2": {
    "base_native": {
      "mean": 2600202.6363636362,
      "median": 2599141.0,
      "min": 2582842.0,
      "max": 2621915.0,
      "std_dev": 10961.834210320161
    },
    "wasmtime_app": {
      "mean": 9364282.2,
      "median": 8451276.5,
      "min": 8401366.0,
      "max": 17620971.0,
      "std_dev": 2901232.1479401663
    }
  },
  "strchr": {
    "base_native": {
      "mean": 154673237.6,
      "median": 154608692.0,
      "min": 154582318.0,
      "max": 154898199.0,
      "std_dev": 131628.82763019658
    },