{
  "ackermann": {
    "base_native": {
      "mean": 3240232.4,
      "median": 2853558.0,
      "min": 2821935.0,
      "max": 6778598.0,
      "std_dev": 1243413.0652765753
    },
    "wasmtime_app": {
      "mean": 10158069.0,
      "median": 9652559.5,
      "min": 8524876.0,
      "max": 15326449.0,
      "std_dev": 1940519.226225634
    }
  },
  "base64": {
    "base_native": {
      "mean": 249520381.66666666,
      "median": 249503757.0,
      "min": 249493783.0,
      "max": 249563605.0,
      "std_dev": 37763.24373426273
    },
    "wasmtime_app": {
      "mean": 382226092.5,
      "median": 382226092.5,
      "min": 374927180.0,
      "max": 389525005.0,
      "std_dev": 10322221.048074514
    }
  },
  "ctype": {
    "base_native": {
      "mean": 654499466.0,
      "median": 654499466.0,
      "min": 654194041.0,
      "max": 654804891.0,
      "std_dev": 431936.17728780257
    },
    "wasmtime_app": {
      "mean": 990743349.0,
      "median": 990743349.0,
      "min": 990743349.0,
      "max": 990743349.0,
      "std_dev": 0.0
    }
  },
  "ed25519": {
    "base_native": {
      "mean": 1433064152.0,
      "median": 1433064152.0,
      "min": 1433064152.0,
      "max": 1433064152.0,
      "std_dev": 0.0
    },
    "wasmtime_app": {
      "mean": 6771358275.0,
      "median": 6771358275.0,
      "min": 6771358275.0,
      "max": 6771358275.0,
      "std_dev": 0.0
    }
  },
  "fib2": {
    "base_native": {
      "mean": 6956219159.0,
      "median": 6956219159.0,
      "min": 6956219159.0,
      "max": 6956219159.0,
      "std_dev": 0.0
    },
    "wasmtime_app": {
      "mean": 10676594203.0,
      "median": 10676594203.0,
      "min": 10676594203.0,
      "max": 10676594203.0,
      "std_dev": 0.0
    }
  },
  "gimli": {
    "base_native": {
      "mean": 4151000.3,
      "median": 4150417.5,
      "min": 4139756.0,
      "max": 4167905.0,
      "std_dev": 8158.881541676598
    },
    "wasmtime_app": {
      "mean": 9477161.8,
      "median": 9328257.5,
      "min": 9317170.0,
      "max": 10809566.0,
      "std_dev": 468263.66966742143
    }
  },
  "heapsort": {
    "base_native": {
      "mean": 1076342564.0,
      "median": 1076342564.0,
      "min": 1076342564.0,
      "max": 1076342564.0,
      "std_dev": 0.0
    },
    "wasmtime_app": {
      "mean": 1220324258.0,
      "median": 1220324258.0,
      "min": 1220324258.0,
      "max": 1220324258.0,
      "std_dev": 0.0
    }
  },
  "keccak": {
    "base_native": {
      "mean": 7486346.9,
      "median": 7488969.0,
      "min": 7470395.0,
      "max": 7503144.0,
      "std_dev": 10831.994762943918
    },
    "wasmtime_app": {
      "mean": 22877251.1,
      "median": 21338314.5,
      "min": 20984726.0,
      "max": 37243685.0,
      "std_dev": 5050410.960956664
    }
  },
  "matrix": {
    "base_native": {
      "mean": 377908424.5,
      "median": 377908424.5,
      "min": 377893225.0,
      "max": 377923624.0,
      "std_dev": 21495.33904128986
    },
    "wasmtime_app": {
      "mean": 533845386.0,
      "median": 533845386.0,
      "min": 529679041.0,
      "max": 538011731.0,
      "std_dev": 5892101.604525332
    }
  },
  "matrix2": {
    "base_native": {
      "mean": 194280913.75,
      "median": 194270733.0,
      "min": 194260883.0,
      "max": 194321306.0,
      "std_dev": 27669.30547706851
    },
    "wasmtime_app": {
      "mean": 260176810.0,
      "median": 257651212.0,
      "min": 257600716.0,
      "max": 265278502.0,
      "std_dev": 4418267.014186897
    }
  },
  "memmove": {
    "base_native": {
      "mean": 47340680.4,
      "median": 47341270.0,
      "min": 47321546.0,
      "max": 47357120.0,
      "std_dev": 12286.50579746378
    },
    "wasmtime_app": {
      "mean": 519586612.0,
      "median": 519586612.0,
      "min": 514527780.0,
      "max": 524645444.0,
      "std_dev": 7154268.824167009
    }
  },
  "minicsv": {
    "base_native": {
      "mean": 723703259.0,
      "median": 723703259.0,
      "min": 723703259.0,
      "max": 723703259.0,
      "std_dev": 0.0
    },
    "wasmtime_app": {
      "mean": 1102268820.0,
      "median": 1102268820.0,
      "min": 1102268820.0,
      "max": 1102268820.0,
      "std_dev": 0.0
    }
  },
  "nestedloop": {
    "base_native": {
      "mean": 1577828.3636363635,
      "median": 1582185.0,
      "min": 1551586.0,
      "max": 1607034.0,
      "std_dev": 17360.454471428606
    },
    "wasmtime_app": {
      "mean": 6296319.8,
      "median": 6198239.5,
      "min": 6156042.0,
      "max": 7142023.0,
      "std_dev": 299599.2604036265
    }
  },
  "nestedloop2": {
    "base_native": {
      "mean": 1580703.4545454546,
      "median": 1589535.0,
      "min": 1559186.0,
      "max": 1600434.0,
      "std_dev": 15722.177516894002
    },
    "wasmtime_app": {
      "mean": 6265799.9,
      "median": 6198989.5,
      "min": 5612331.0,
      "max": 7447927.0,
      "std_dev": 454816.0570813094
    }
  },
  "nestedloop3": {
    "base_native": {
      "mean": 2097070.7272727273,
      "median": 2094814.0,
      "min": 2066965.0,
      "max": 2137087.0,
      "std_dev": 18857.71442720941
    },
    "wasmtime_app": {
      "mean": 6898497.6,
      "median": 6777573.5,
      "min": 6731102.0,
      "max": 7995288.0,
      "std_dev": 386973.1540878658
    }
  },
  "random": {
    "base_native": {
      "mean": 577668647.0,
      "median": 577668647.0,
      "min": 577598487.0,
      "max": 577738807.0,
      "std_dev": 99221.22353609635
    },
    "wasmtime_app": {
      "mean": 290675519.0,
      "median": 290404063.0,
      "min": 290385914.0,
      "max": 291236580.0,
      "std_dev": 485977.8090005757
    }
  },
  "random2": {
    "base_native": {
      "mean": 577658022.5,
      "median": 577658022.5,
      "min": 577591538.0,
      "max": 577724507.0,
      "std_dev": 94023.28158759404
    },
    "wasmtime_app": {
      "mean": 290703842.0,
      "median": 290422837.0,
      "min": 290370665.0,
      "max": 291318024.0,
      "std_dev": 532536.5022597043
    }
  },
  "ratelimit": {
    "base_native": {
      "mean": 25936794.9,
      "median": 25924355.5,
      "min": 25904969.0,
      "max": 25994340.0,
      "std_dev": 29349.568433132215
    },
    "wasmtime_app": {
      "mean": 39039154.0,
      "median": 38312097.5,
      "min": 38285137.0,
      "max": 45579500.0,
      "std_dev": 2298074.6188771445
    }
  },
  "seqhash": {
    "base_native": {
      "mean": 7130348488.0,
      "median": 7130348488.0,
      "min": 7130348488.0,
      "max": 7130348488.0,
      "std_dev": 0.0
    },
    "wasmtime_app": {
      "mean": 9687463840.0,
      "median": 9687463840.0,
      "min": 9687463840.0,
      "max": 9687463840.0,
      "std_dev": 0.0
    }
  },
  "sieve": {
    "base_native": {
      "mean": 569242453.0,
      "median": 569242453.0,
      "min": 569234803.0,
      "max": 569250103.0,
      "std_dev": 10818.733752154178
    },
    "wasmtime_app": {
      "mean": 767321684.0,
      "median": 767321684.0,
      "min": 767321684.0,
      "max": 767321684.0,
      "std_dev": 0.0
    }
  },
  "strcat": {
    "base_native": {
      "mean": 65858065.8,
      "median": 65848503.5,
      "min": 65837642.0,
      "max": 65946812.0,
      "std_dev": 32352.276010609625
    },
    "wasmtime_app": {
      "mean": 351187533.5,
      "median": 351187533.5,
      "min": 347172903.0,
      "max": 355202164.0,
      "std_dev": 5677544.90101668
    }
  },
  "strcat2": {
    "base_native": {
      "mean": 2601311.6363636362,
      "median": 2595594.0,
      "min": 2580169.0,
      "max": 2628142.0,
      "std_dev": 16274.749271633817
    },
    "wasmtime_app": {
      "mean": 9344641.0,
      "median": 8450794.0,
      "min": 8321190.0,
      "max": 17534194.0,
      "std_dev": 2877886.1958484584
    }
  },
  "strchr": {
    "base_native": {
      "mean": 155182475.6,
      "median": 155170201.0,
      "min": 155043581.0,
      "max": 155285797.0,
      "std_dev": 92950.08041846978
    },