{
  "ackermann": {
    "base_native": {
      "mean": 3198713.4,
      "median": 2895558.0,
      "min": 2861085.0,
      "max": 5989731.0,
      "std_dev": 980794.5203123391
    },
    "wasmtime_app": {
      "mean": 9822140.5,
      "median": 9347652.5,
      "min": 8351947.0,
      "max": 15809821.0,
      "std_dev": 2193480.65968731
    }
  },
  "base64": {
    "base_native": {
      "mean": 250231717.33333334,
      "median": 249552706.0,
      "min": 249511159.0,
      "max": 251631287.0,
      "std_dev": 1212240.8907442174
    },
    "wasmtime_app": {
      "mean": 371072980.5,
      "median": 371072980.5,
      "min": 364933794.0,
      "max": 377212167.0,
      "std_dev": 8682120.810237814
    }
  },
  "ctype": {
    "base_native": {
      "mean": 653854759.5,
      "median": 653854759.5,
      "min": 653754740.0,
      "max": 653954779.0,
      "std_dev": 141448.93340177578
    },
    "wasmtime_app": {
      "mean": 992164322.0,
      "median": 992164322.0,
      "min": 992164322.0,
      "max": 992164322.0,
      "std_dev": 0.0
    }
  },
  "ed25519": {
    "base_native": {
      "mean": 1434109992.0,
      "median": 1434109992.0,
      "min": 1434109992.0,
      "max": 1434109992.0,
      "std_dev": 0.0
    },
    "wasmtime_app": {
      "mean": 6719808737.0,
      "median": 6719808737.0,
      "min": 6719808737.0,
      "max": 6719808737.0,
      "std_dev": 0.0
    }
  },
  "fib2": {
    "base_native": {
      "mean": 6956610589.0,
      "median": 6956610589.0,
      "min": 6956610589.0,
      "max": 6956610589.0,
      "std_dev": 0.0
    },
    "wasmtime_app": {
      "mean": 10676425892.0,
      "median": 10676425892.0,
      "min": 10676425892.0,
      "max": 10676425892.0,
      "std_dev": 0.0
    }
  },
  "gimli": {
    "base_native": {
      "mean": 4151768.9,
      "median": 4146912.0,
      "min": 4142362.0,
      "max": 4179560.0,
      "std_dev": 12513.795981946398
    },
    "wasmtime_app": {
      "mean": 9536064.4,
      "median": 9372901.5,
      "min": 9310617.0,
      "max": 11096265.0,
      "std_dev": 548835.1418353036
    }
  },
  "heapsort": {
    "base_native": {
      "mean": 1076690024.0,
      "median": 1076690024.0,
      "min": 1076690024.0,
      "max": 1076690024.0,
      "std_dev": 0.0
    },
    "wasmtime_app": {
      "mean": 1220320708.0,
      "median": 1220320708.0,
      "min": 1220320708.0,
      "max": 1220320708.0,
      "std_dev": 0.0
    }
  },
  "keccak": {
    "base_native": {
      "mean": 7495807.1,
      "median": 7493357.5,
      "min": 7474071.0,
      "max": 7522918.0,
      "std_dev": 13938.618490845258
    },
    "wasmtime_app": {
      "mean": 22845583.8,
      "median": 21272583.5,
      "min": 21029298.0,
      "max": 37217847.0,
      "std_dev": 5052481.408685765
    }
  },
  "matrix": {
    "base_native": {
      "mean": 377902367.5,
      "median": 377902367.5,
      "min": 377893843.0,
      "max": 377910892.0,
      "std_dev": 12055.463512449449
    },
    "wasmtime_app": {
      "mean": 533855052.0,
      "median": 533855052.0,
      "min": 529558560.0,
      "max": 538151544.0,
      "std_dev": 6076157.257027504
    }
  },
  "matrix2": {
    "base_native": {
      "mean": 194316100.75,
      "median": 194301601.5,
      "min": 194262729.0,
      "max": 194398471.0,
      "std_dev": 57933.80643674296
    },
    "wasmtime_app": {
      "mean": 260314255.66666666,
      "median": 257655524.0,
      "min": 257649375.0,
      "max": 265637868.0,
      "std_dev": 4610384.545703789
    }
  },
  "memmove": {
    "base_native": {
      "mean": 47375756.3,
      "median": 47364569.5,
      "min": 47313735.0,
      "max": 47460401.0,
      "std_dev": 43768.4510427063
    },
    "wasmtime_app": {
      "mean": 521422825.0,
      "median": 521422825.0,
      "min": 516457884.0,
      "max": 526387766.0,
      "std_dev": 7021486.898582237
    }
  },
  "minicsv": {
    "base_native": {
      "mean": 739234461.0,
      "median": 739234461.0,
      "min": 739234461.0,
      "max": 739234461.0,
      "std_dev": 0.0
    },
    "wasmtime_app": {
      "mean": 1107483332.0,
      "median": 1107483332.0,
      "min": 1107483332.0,
      "max": 1107483332.0,
      "std_dev": 0.0
    }
  },
  "nestedloop": {
    "base_native": {
      "mean": 1579999.8181818181,
      "median": 1582259.0,
      "min": 1555335.0,
      "max": 1601083.0,
      "std_dev": 13391.62267851198
    },
    "wasmtime_app": {
      "mean": 6278880.7,
      "median": 6174534.5,
      "min": 6163322.0,
      "max": 7125317.0,
      "std_dev": 298174.6470871839
    }
  },
  "nestedloop2": {
    "base_native": {
      "mean": 1581465.4545454546,
      "median": 1586733.0,
      "min": 1557510.0,
      "max": 1594258.0,
      "std_dev": 13157.14093839263
    },
    "wasmtime_app": {
      "mean": 6303149.2,
      "median": 6194758.0,
      "min": 6163472.0,
      "max": 7234336.0,
      "std_dev": 328959.5544608283
    }
  },
  "nestedloop3": {
    "base_native": {
      "mean": 2086432.1818181819,
      "median": 2085530.0,
      "min": 2071531.0,
      "max": 2099154.0,
      "std_dev": 6943.328277104315
    },
    "wasmtime_app": {
      "mean": 6837178.7,
      "median": 6719890.5,
      "min": 6689542.0,
      "max": 7906123.0,
      "std_dev": 376053.9781184049
    }
  },
  "random": {
    "base_native": {
      "mean": 577648169.5,
      "median": 577648169.5,
      "min": 577635733.0,
      "max": 577660606.0,
      "std_dev": 17587.866968452996
    },
    "wasmtime_app": {
      "mean": 290667063.0,
      "median": 290383554.0,
      "min": 290357181.0,
      "max": 291260454.0,
      "std_dev": 514060.8358385221
    }
  },
  "random2": {
    "base_native": {
      "mean": 577655569.0,
      "median": 577655569.0,
      "min": 577635508.0,
      "max": 577675630.0,
      "std_dev": 28370.53827476666
    },
    "wasmtime_app": {
      "mean": 290733125.6666667,
      "median": 290447900.0,
      "min": 290425127.0,
      "max": 291326350.0,
      "std_dev": 513873.5103372554
    }
  },
  "ratelimit": {
    "base_native": {
      "mean": 25923589.5,
      "median": 25918287.0,
      "min": 25903813.0,
      "max": 25953760.0,
      "std_dev": 15695.487399957423
    },
    "wasmtime_app": {
      "mean": 39090060.4,
      "median": 38356682.0,
      "min": 38318485.0,
      "max": 45606118.0,
      "std_dev": 2290051.496790129
    }
  },
  "seqhash": {
    "base_native": {
      "mean": 7123797222.0,
      "median": 7123797222.0,
      "min": 7123797222.0,
      "max": 7123797222.0,
      "std_dev": 0.0
    },
    "wasmtime_app": {
      "mean": 9694110481.0,
      "median": 9694110481.0,
      "min": 9694110481.0,
      "max": 9694110481.0,
      "std_dev": 0.0
    }
  },
  "sieve": {
    "base_native": {
      "mean": 569297773.5,
      "median": 569297773.5,
      "min": 569223515.0,
      "max": 569372032.0,
      "std_dev": 105017.37782148249
    },
    "wasmtime_app": {
      "mean": 767363595.0,
      "median": 767363595.0,
      "min": 767363595.0,
      "max": 767363595.0,
      "std_dev": 0.0
    }
  },
  "strcat": {
    "base_native": {
      "mean": 65863903.2,
      "median": 65859771.0,
      "min": 65827573.0,
      "max": 65946291.0,
      "std_dev": 34593.36182885702
    },
    "wasmtime_app": {
      "mean": 352761552.0,
      "median": 352761552.0,
      "min": 350213810.0,
      "max": 355309294.0,
      "std_dev": 3603051.289827554
    }
  },
  "strcat2": {
    "base_native": {
      "mean": 2593032.5454545454,
      "median": 2589051.0,
      "min": 2557303.0,
      "max": 2625399.0,
      "std_dev": 21925.781556713715
    },
    "wasmtime_app": {
      "mean": 9394652.6,
      "median": 8485164.5,
      "min": 8435967.0,
      "max": 17662690.0,
      "std_dev": 2905195.7155376407
    }
  },
  "strchr": {
    "base_native": {
      "mean": 154788458.4,
      "median": 154780844.0,
      "min": 154742121.0,
      "max": 154879213.0,
      "std_dev": 55879.708712555046
    },