{
  "ackermann": {
    "base_native": {
      "mean": 3158709.3,
      "median": 2847879.0,
      "min": 2816293.0,
      "max": 5982993.0,
      "std_dev": 992481.827095987
    },
    "wasmtime_app": {
      "mean": 8683386.4,
      "median": 8103077.0,
      "min": 7915150.0,
      "max": 12392621.0,
      "std_dev": 1359245.5205397508
    }
  },
  "base64": {
    "base_native": {
      "mean": 249538854.0,
      "median": 249524438.0,
      "min": 249513164.0,
      "max": 249578960.0,
      "std_dev": 35187.27321063683
    },
    "wasmtime_app": {
      "mean": 355065316.0,
      "median": 355065316.0,
      "min": 350417480.0,
      "max": 359713152.0,
      "std_dev": 6573032.706885916
    }
  },
  "ctype": {
    "base_native": {
      "mean": 653780072.5,
      "median": 653780072.5,
      "min": 653718351.0,
      "max": 653841794.0,
      "std_dev": 87287.38239001099
    },
    "wasmtime_app": {
      "mean": 833056678.0,
      "median": 833056678.0,
      "min": 833056678.0,
      "max": 833056678.0,
      "std_dev": 0.0
    }
  },
  "ed25519": {
    "base_native": {
      "mean": 1433193079.0,
      "median": 1433193079.0,
      "min": 1433193079.0,
      "max": 1433193079.0,
      "std_dev": 0.0
    },
    "wasmtime_app": {
      "mean": 6759535177.0,
      "median": 6759535177.0,
      "min": 6759535177.0,
      "max": 6759535177.0,
      "std_dev": 0.0
    }
  },
  "fib2": {
    "base_native": {
      "mean": 6956007539.0,
      "median": 6956007539.0,
      "min": 6956007539.0,
      "max": 6956007539.0,
      "std_dev": 0.0
    },
    "wasmtime_app": {
      "mean": 10684136958.0,
      "median": 10684136958.0,
      "min": 10684136958.0,
      "max": 10684136958.0,
      "std_dev": 0.0
    }
  },
  "gimli": {
    "base_native": {
      "mean": 4145089.6,
      "median": 4138895.0,
      "min": 4124896.0,
      "max": 4174343.0,
      "std_dev": 15215.546751048196
    },
    "wasmtime_app": {
      "mean": 9454507.6,
      "median": 9307171.0,
      "min": 9283572.0,
      "max": 10771338.0,
      "std_dev": 462916.68871891935
    }
  },
  "heapsort": {
    "base_native": {
      "mean": 1076385839.0,
      "median": 1076385839.0,
      "min": 1076385839.0,
      "max": 1076385839.0,
      "std_dev": 0.0
    },
    "wasmtime_app": {
      "mean": 1220403561.0,
      "median": 1220403561.0,
      "min": 1220403561.0,
      "max": 1220403561.0,
      "std_dev": 0.0
    }
  },
  "keccak": {
    "base_native": {
      "mean": 7482984.6,
      "median": 7481897.5,
      "min": 7465061.0,
      "max": 7502458.0,
      "std_dev": 9935.660277785042
    },
    "wasmtime_app": {
      "mean": 22900114.2,
      "median": 21435382.5,
      "min": 21124000.0,
      "max": 37025697.0,
      "std_dev": 4965298.172220964
    }
  },
  "matrix": {
    "base_native": {
      "mean": 377891508.0,
      "median": 377891508.0,
      "min": 377886471.0,
      "max": 377896545.0,
      "std_dev": 7123.393713673279
    },
    "wasmtime_app": {
      "mean": 533519484.0,
      "median": 533519484.0,
      "min": 529411717.0,
      "max": 537627251.0,
      "std_dev": 5809259.802468642
    }
  },
  "matrix2": {
    "base_native": {
      "mean": 194274495.75,
      "median": 194272039.5,
      "min": 194262728.0,
      "max": 194291176.0,
      "std_dev": 12840.233912069774
    },
    "wasmtime_app": {
      "mean": 260164387.0,
      "median": 257631897.0,
      "min": 257621348.0,
      "max": 265239916.0,
      "std_dev": 4395540.216256814
    }
  },
  "memmove": {
    "base_native": {
      "mean": 47337504.5,
      "median": 47339762.0,
      "min": 47323200.0,
      "max": 47345749.0,
      "std_dev": 8503.028888447798
    },
    "wasmtime_app": {
      "mean": 520993332.5,
      "median": 520993332.5,
      "min": 516336584.0,
      "max": 525650081.0,
      "std_dev": 6585636.885260567
    }
  },
  "minicsv": {
    "base_native": {
      "mean": 756544774.0,
      "median": 756544774.0,
      "min": 756544774.0,
      "max": 756544774.0,
      "std_dev": 0.0
    },
    "wasmtime_app": {
      "mean": 1104774251.0,
      "median": 1104774251.0,
      "min": 1104774251.0,
      "max": 1104774251.0,
      "std_dev": 0.0
    }
  },
  "nestedloop": {
    "base_native": {
      "mean": 1562762.9090909092,
      "median": 1559863.0,
      "min": 1533864.0,
      "max": 1583262.0,
      "std_dev": 17521.076756036116
    },
    "wasmtime_app": {
      "mean": 6213586.7,
      "median": 6133688.5,
      "min": 6076155.0,
      "max": 7019801.0,
      "std_dev": 285189.2741079744
    }
  },
  "nestedloop2": {
    "base_native": {
      "mean": 1572641.9090909092,
      "median": 1570537.0,
      "min": 1548539.0,
      "max": 1601636.0,
      "std_dev": 17309.104237103347
    },
    "wasmtime_app": {
      "mean": 6262319.1,
      "median": 6162637.5,
      "min": 6070530.0,
      "max": 7256787.0,
      "std_dev": 351530.0531512838
    }
  },
  "nestedloop3": {
    "base_native": {
      "mean": 2066700.9090909092,
      "median": 2062135.0,
      "min": 2042311.0,
      "max": 2108508.0,
      "std_dev": 18081.117357367853
    },
    "wasmtime_app": {
      "mean": 6820542.3,
      "median": 6696207.0,
      "min": 6671596.0,
      "max": 7884602.0,
      "std_dev": 375171.66860816313
    }
  },
  "random": {
    "base_native": {
      "mean": 577617308.0,
      "median": 577617308.0,
      "min": 577612021.0,
      "max": 577622595.0,
      "std_dev": 7476.947104266554
    },
    "wasmtime_app": {
      "mean": 290660705.3333333,
      "median": 290393137.0,
      "min": 290361964.0,
      "max": 291227015.0,
      "std_dev": 490686.17048204376
    }
  },
  "random2": {
    "base_native": {
      "mean": 577720577.5,
      "median": 577720577.5,
      "min": 577651319.0,
      "max": 577789836.0,
      "std_dev": 97946.31000961701
    },
    "wasmtime_app": {
      "mean": 290669588.6666667,
      "median": 290370889.0,
      "min": 290349490.0,
      "max": 291288387.0,
      "std_dev": 536001.877144412
    }
  },
  "ratelimit": {
    "base_native": {
      "mean": 25949310.5,
      "median": 25950860.5,
      "min": 25930462.0,
      "max": 25970034.0,
      "std_dev": 10579.606201975994
    },
    "wasmtime_app": {
      "mean": 39034850.9,
      "median": 38320024.0,
      "min": 38282501.0,
      "max": 45527715.0,
      "std_dev": 2281485.061687791
    }
  },
  "seqhash": {
    "base_native": {
      "mean": 7113242370.0,
      "median": 7113242370.0,
      "min": 7113242370.0,
      "max": 7113242370.0,
      "std_dev": 0.0
    },
    "wasmtime_app": {
      "mean": 9663441083.0,
      "median": 9663441083.0,
      "min": 9663441083.0,
      "max": 9663441083.0,
      "std_dev": 0.0
    }
  },
  "sieve": {
    "base_native": {
      "mean": 569173864.0,
      "median": 569173864.0,
      "min": 569137891.0,
      "max": 569209837.0,
      "std_dev": 50873.50447924735
    },
    "wasmtime_app": {
      "mean": 766871110.0,
      "median": 766871110.0,
      "min": 766871110.0,
      "max": 766871110.0,
      "std_dev": 0.0
    }
  },
  "strcat": {
    "base_native": {
      "mean": 65856102.8,
      "median": 65846510.5,
      "min": 65831974.0,
      "max": 65964642.0,
      "std_dev": 39039.030767795564
    },
    "wasmtime_app": {
      "mean": 352849391.5,
      "median": 352849391.5,
      "min": 350088648.0,
      "max": 355610135.0,
      "std_dev": 3904280.8999333666
    }
  },
  "strcat2": {
    "base_native": {
      "mean": 2590473.909090909,
      "median": 2587256.0,
      "min": 2563257.0,
      "max": 2620404.0,
      "std_dev": 18672.78509732571
    },
    "wasmtime_app": {
      "mean": 9354323.5,
      "median": 8442932.5,
      "min": 8398948.0,
      "max": 17549428.0,
      "std_dev": 2879603.9417261784
    }
  },
  "strchr": {
    "base_native": {
      "mean": 154618196.0,
      "median": 154618126.0,
      "min": 154595802.0,
      "max": 154650449.0,
      "std_dev": 20741.674269450865
    },