{
  "ackermann": {
    "base_native": {
      "mean": 2847049.3636363638,
      "median": 2839566.0,
      "min": 2820417.0,
      "max": 2928436.0,
      "std_dev": 29082.643209559643
    },
    "wasmtime_app": {
      "mean": 9051941.1,
      "median": 8622880.0,
      "min": 8031822.0,
      "max": 13472625.0,
      "std_dev": 1644180.3829174417
    }
  },
  "base64": {
    "base_native": {
      "mean": 249572034.0,
      "median": 249509796.0,
      "min": 249504146.0,
      "max": 249702160.0,
      "std_dev": 112727.82501228346
    },
    "wasmtime_app": {
      "mean": 360350955.0,
      "median": 360350955.0,
      "min": 355350355.0,
      "max": 365351555.0,
      "std_dev": 7071916.340002899
    }
  },
  "ctype": {
    "base_native": {
      "mean": 653705978.5,
      "median": 653705978.5,
      "min": 653680917.0,
      "max": 653731040.0,
      "std_dev": 35442.31319341332
    },
    "wasmtime_app": {
      "mean": 985004750.0,
      "median": 985004750.0,
      "min": 985004750.0,
      "max": 985004750.0,
      "std_dev": 0.0
    }
  },
  "ed25519": {
    "base_native": {
      "mean": 1433076080.0,
      "median": 1433076080.0,
      "min": 1433076080.0,
      "max": 1433076080.0,
      "std_dev": 0.0
    },
    "wasmtime_app": {
      "mean": 6775555539.0,
      "median": 6775555539.0,
      "min": 6775555539.0,
      "max": 6775555539.0,
      "std_dev": 0.0
    }
  },
  "fib2": {
    "base_native": {
      "mean": 6955964012.0,
      "median": 6955964012.0,
      "min": 6955964012.0,
      "max": 6955964012.0,
      "std_dev": 0.0
    },
    "wasmtime_app": {
      "mean": 10743692384.0,
      "median": 10743692384.0,
      "min": 10743692384.0,
      "max": 10743692384.0,
      "std_dev": 0.0
    }
  },
  "gimli": {
    "base_native": {
      "mean": 4145482.7,
      "median": 4140743.0,
      "min": 4136268.0,
      "max": 4170091.0,
      "std_dev": 12106.549394164025
    },
    "wasmtime_app": {
      "mean": 9462528.2,
      "median": 9297284.0,
      "min": 9273685.0,
      "max": 10858056.0,
      "std_dev": 491324.3888151922
    }
  },
  "heapsort": {
    "base_native": {
      "mean": 1076367854.0,
      "median": 1076367854.0,
      "min": 1076367854.0,
      "max": 1076367854.0,
      "std_dev": 0.0
    },
    "wasmtime_app": {
      "mean": 1220338016.0,
      "median": 1220338016.0,
      "min": 1220338016.0,
      "max": 1220338016.0,
      "std_dev": 0.0
    }
  },
  "keccak": {
    "base_native": {
      "mean": 7477488.9,
      "median": 7478568.5,
      "min": 7464657.0,
      "max": 7487356.0,
      "std_dev": 7518.740326677069
    },
    "wasmtime_app": {
      "mean": 22906582.4,
      "median": 21330606.5,
      "min": 21164240.0,
      "max": 37152414.0,
      "std_dev": 5005874.830984984
    }
  },
  "matrix": {
    "base_native": {
      "mean": 377887303.5,
      "median": 377887303.5,
      "min": 377865217.0,
      "max": 377909390.0,
      "std_dev": 31235.027845353365
    },
    "wasmtime_app": {
      "mean": 533534132.5,
      "median": 533534132.5,
      "min": 529408939.0,
      "max": 537659326.0,
      "std_dev": 5833904.595113336
    }
  },
  "matrix2": {
    "base_native": {
      "mean": 194402465.0,
      "median": 194368067.0,
      "min": 194287609.0,
      "max": 194586117.0,
      "std_dev": 129526.89976731989
    },
    "wasmtime_app": {
      "mean": 260196195.33333334,
      "median": 257667822.0,
      "min": 257649398.0,
      "max": 265271366.0,
      "std_dev": 4395236.379626167
    }
  },
  "memmove": {
    "base_native": {
      "mean": 47332669.8,
      "median": 47333064.5,
      "min": 47313428.0,
      "max": 47350051.0,
      "std_dev": 14015.488105822229
    },
    "wasmtime_app": {
      "mean": 520746810.5,
      "median": 520746810.5,
      "min": 516209725.0,
      "max": 525283896.0,
      "std_dev": 6416407.847746315
    }
  },
  "minicsv": {
    "base_native": {
      "mean": 745005185.0,
      "median": 745005185.0,
      "min": 745005185.0,
      "max": 745005185.0,
      "std_dev": 0.0
    },
    "wasmtime_app": {
      "mean": 1102835600.0,
      "median": 1102835600.0,
      "min": 1102835600.0,
      "max": 1102835600.0,
      "std_dev": 0.0
    }
  },
  "nestedloop": {
    "base_native": {
      "mean": 1574252.4545454546,
      "median": 1578386.0,
      "min": 1548638.0,
      "max": 1591361.0,
      "std_dev": 14102.4308426855
    },
    "wasmtime_app": {
      "mean": 6269597.9,
      "median": 6183489.5,
      "min": 6139017.0,
      "max": 7096044.0,
      "std_dev": 291333.44231136405
    }
  },
  "nestedloop2": {
    "base_native": {
      "mean": 1572111.4545454546,
      "median": 1578336.0,
      "min": 1547463.0,
      "max": 1586661.0,
      "std_dev": 12640.65941605608
    },
    "wasmtime_app": {
      "mean": 6247099.2,
      "median": 6170265.5,
      "min": 6119893.0,
      "max": 7002449.0,
      "std_dev": 266537.5117713994
    }
  },
  "nestedloop3": {
    "base_native": {
      "mean": 2066920.1818181819,
      "median": 2065334.0,
      "min": 2041935.0,
      "max": 2098182.0,
      "std_dev": 19166.13644852912
    },
    "wasmtime_app": {
      "mean": 6841104.3,
      "median": 6719975.5,
      "min": 6693939.0,
      "max": 7956651.0,
      "std_dev": 392614.0641795281
    }
  },
  "random": {
    "base_native": {
      "mean": 577583073.0,
      "median": 577583073.0,
      "min": 577577198.0,
      "max": 577588948.0,
      "std_dev": 8308.504678941934
    },
    "wasmtime_app": {
      "mean": 290658303.0,
      "median": 290369809.0,
      "min": 290349235.0,
      "max": 291255865.0,
      "std_dev": 517606.1053078876
    }
  },
  "random2": {
    "base_native": {
      "mean": 577617208.5,
      "median": 577617208.5,
      "min": 577566674.0,
      "max": 577667743.0,
      "std_dev": 71466.57526774317
    },
    "wasmtime_app": {
      "mean": 290675069.0,
      "median": 290372584.0,
      "min": 290370109.0,
      "max": 291282514.0,
      "std_dev": 526064.2569354052
    }
  },
  "ratelimit": {
    "base_native": {
      "mean": 25935443.8,
      "median": 25932311.5,
      "min": 25915775.0,
      "max": 25966697.0,
      "std_dev": 16957.768424989048
    },
    "wasmtime_app": {
      "mean": 39001671.3,
      "median": 38285844.5,
      "min": 38257584.0,
      "max": 45493721.0,
      "std_dev": 2281111.5769128897
    }
  },
  "seqhash": {
    "base_native": {
      "mean": 7125218822.0,
      "median": 7125218822.0,
      "min": 7125218822.0,
      "max": 7125218822.0,
      "std_dev": 0.0
    },
    "wasmtime_app": {
      "mean": 9678522173.0,
      "median": 9678522173.0,
      "min": 9678522173.0,
      "max": 9678522173.0,
      "std_dev": 0.0
    }
  },
  "sieve": {
    "base_native": {
      "mean": 569288062.0,
      "median": 569288062.0,
      "min": 569257389.0,
      "max": 569318735.0,
      "std_dev": 43378.172598669946
    },
    "wasmtime_app": {
      "mean": 766730355.0,
      "median": 766730355.0,
      "min": 766730355.0,
      "max": 766730355.0,
      "std_dev": 0.0
    }
  },
  "strcat": {
    "base_native": {
      "mean": 65865293.5,
      "median": 65853879.5,
      "min": 65841742.0,
      "max": 65962836.0,
      "std_dev": 36152.52979391622
    },
    "wasmtime_app": {
      "mean": 351182414.5,
      "median": 351182414.5,
      "min": 347139092.0,
      "max": 355225737.0,
      "std_dev": 5718121.516548289
    }
  },
  "strcat2": {
    "base_native": {
      "mean": 2596767.909090909,
      "median": 2597204.0,
      "min": 2581380.0,
      "max": 2615803.0,
      "std_dev": 9762.114918956297
    },
    "wasmtime_app": {
      "mean": 9350023.9,
      "median": 8445676.5,
      "min": 8420903.0,
      "max": 17524297.0,
      "std_dev": 2872193.5382824065
    }
  },
  "strchr": {
    "base_native": {
      "mean": 155182820.8,
      "median": 155181896.0,
      "min": 155143773.0,
      "max": 155208644.0,
      "std_dev": 25946.787174908575
    },