{
  "ackermann": {
    "base_native": {
      "mean": 3164304.3,
      "median": 2843337.5,
      "min": 2815664.0,
      "max": 6091578.0,
      "std_dev": 1028700.3056407362
    },
    "wasmtime_app": {
      "mean": 9218691.5,
      "median": 8710036.0,
      "min": 8065366.0,
      "max": 13982185.0,
      "std_dev": 1749637.694403187
    }
  },
  "base64": {
    "base_native": {
      "mean": 249530901.0,
      "median": 249497978.0,
      "min": 249495278.0,
      "max": 249599447.0,
      "std_dev": 59377.925923696595
    },
    "wasmtime_app": {
      "mean": 358384326.0,
      "median": 358384326.0,
      "min": 351354860.0,
      "max": 365413792.0,
      "std_dev": 9941166.153440552
    }
  },
  "ctype": {
    "base_native": {
      "mean": 653731527.0,
      "median": 653731527.0,
      "min": 653693029.0,
      "max": 653770025.0,
      "std_dev": 54444.39372423942
    },
    "wasmtime_app": {
      "mean": 935766526.0,
      "median": 935766526.0,
      "min": 935766526.0,
      "max": 935766526.0,
      "std_dev": 0.0
    }
  },
  "ed25519": {
    "base_native": {
      "mean": 1433622726.0,
      "median": 1433622726.0,
      "min": 1433622726.0,
      "max": 1433622726.0,
      "std_dev": 0.0
    },
    "wasmtime_app": {
      "mean": 6765499563.0,
      "median": 6765499563.0,
      "min": 6765499563.0,
      "max": 6765499563.0,
      "std_dev": 0.0
    }
  },
  "fib2": {
    "base_native": {
      "mean": 6955994378.0,
      "median": 6955994378.0,
      "min": 6955994378.0,
      "max": 6955994378.0,
      "std_dev": 0.0
    },
    "wasmtime_app": {
      "mean": 10727764181.0,
      "median": 10727764181.0,
      "min": 10727764181.0,
      "max": 10727764181.0,
      "std_dev": 0.0
    }
  },
  "gimli": {
    "base_native": {
      "mean": 4148093.3,
      "median": 4148938.0,
      "min": 4130614.0,
      "max": 4167112.0,
      "std_dev": 10223.448125102737
    },
    "wasmtime_app": {
      "mean": 9520092.3,
      "median": 9376629.0,
      "min": 9360830.0,
      "max": 10815661.0,
      "std_dev": 455372.54551241396
    }
  },
  "heapsort": {
    "base_native": {
      "mean": 1076301433.0,
      "median": 1076301433.0,
      "min": 1076301433.0,
      "max": 1076301433.0,
      "std_dev": 0.0
    },
    "wasmtime_app": {
      "mean": 1220442553.0,
      "median": 1220442553.0,
      "min": 1220442553.0,
      "max": 1220442553.0,
      "std_dev": 0.0
    }
  },
  "keccak": {
    "base_native": {
      "mean": 7481698.8,
      "median": 7481936.5,
      "min": 7470299.0,
      "max": 7500223.0,
      "std_dev": 8983.452080847812
    },
    "wasmtime_app": {
      "mean": 22893984.4,
      "median": 21302487.5,
      "min": 21023851.0,
      "max": 37334301.0,
      "std_dev": 5075360.710639834
    }
  },
  "matrix": {
    "base_native": {
      "mean": 377891860.0,
      "median": 377891860.0,
      "min": 377886573.0,
      "max": 377897147.0,
      "std_dev": 7476.947104266554
    },
    "wasmtime_app": {
      "mean": 533775683.0,
      "median": 533775683.0,
      "min": 529783885.0,
      "max": 537767481.0,
      "std_dev": 5645254.869853796
    }
  },
  "matrix2": {
    "base_native": {
      "mean": 194265108.25,
      "median": 194258858.5,
      "min": 194249497.0,
      "max": 194293219.0,
      "std_dev": 19370.89272379223
    },
    "wasmtime_app": {
      "mean": 260230480.33333334,
      "median": 257680510.0,
      "min": 257673860.0,
      "max": 265337071.0,
      "std_dev": 4422438.494008744
    }
  },
  "memmove": {
    "base_native": {
      "mean": 47332728.8,
      "median": 47331556.0,
      "min": 47320932.0,
      "max": 47346530.0,
      "std_dev": 7792.311963296473
    },
    "wasmtime_app": {
      "mean": 520528574.5,
      "median": 520528574.5,
      "min": 515217252.0,
      "max": 525839897.0,
      "std_dev": 7511344.313637373
    }
  },
  "minicsv": {
    "base_native": {
      "mean": 732419850.0,
      "median": 732419850.0,
      "min": 732419850.0,
      "max": 732419850.0,
      "std_dev": 0.0
    },
    "wasmtime_app": {
      "mean": 1111684219.0,
      "median": 1111684219.0,
      "min": 1111684219.0,
      "max": 1111684219.0,
      "std_dev": 0.0
    }
  },
  "nestedloop": {
    "base_native": {
      "mean": 1583957.0,
      "median": 1586684.0,
      "min": 1552561.0,
      "max": 1621632.0,
      "std_dev": 19922.655811914236
    },
    "wasmtime_app": {
      "mean": 6317434.4,
      "median": 6226379.0,
      "min": 6186406.0,
      "max": 7170959.0,
      "std_dev": 300717.2292747975
    }
  },
  "nestedloop2": {
    "base_native": {
      "mean": 1606421.7272727273,
      "median": 1586234.0,
      "min": 1560286.0,
      "max": 1739975.0,
      "std_dev": 53182.840067245204
    },
    "wasmtime_app": {
      "mean": 6310264.8,
      "median": 6219266.5,
      "min": 6200305.0,
      "max": 7063839.0,
      "std_dev": 265851.4359866762
    }
  },
  "nestedloop3": {
    "base_native": {
      "mean": 2091405.5454545454,
      "median": 2089631.0,
      "min": 2072582.0,
      "max": 2110254.0,
      "std_dev": 10369.892751264464
    },
    "wasmtime_app": {
      "mean": 6887692.4,
      "median": 6769978.0,
      "min": 6740329.0,
      "max": 7972946.0,
      "std_dev": 381991.85606275254
    }
  },
  "random": {
    "base_native": {
      "mean": 577581010.0,
      "median": 577581010.0,
      "min": 577576260.0,
      "max": 577585760.0,
      "std_dev": 6717.514421272202
    },
    "wasmtime_app": {
      "mean": 290723190.3333333,
      "median": 290440254.0,
      "min": 290419330.0,
      "max": 291309987.0,
      "std_dev": 508288.5002164945
    }
  },
  "random2": {
    "base_native": {
      "mean": 577680992.0,
      "median": 577680992.0,
      "min": 577580360.0,
      "max": 577781624.0,
      "std_dev": 142315.1392087293
    },
    "wasmtime_app": {
      "mean": 290739131.3333333,
      "median": 290438804.0,
      "min": 290434704.0,
      "max": 291343886.0,
      "std_dev": 523736.9164392876
    }
  },
  "ratelimit": {
    "base_native": {
      "mean": 25934451.4,
      "median": 25932386.5,
      "min": 25921950.0,
      "max": 25957223.0,
      "std_dev": 10133.003121812737
    },
    "wasmtime_app": {
      "mean": 39007066.6,
      "median": 38295518.0,
      "min": 38208535.0,
      "max": 45538886.0,
      "std_dev": 2295257.3957517124
    }
  },
  "seqhash": {
    "base_native": {
      "mean": 7116974494.0,
      "median": 7116974494.0,
      "min": 7116974494.0,
      "max": 7116974494.0,
      "std_dev": 0.0
    },
    "wasmtime_app": {
      "mean": 9699913279.0,
      "median": 9699913279.0,
      "min": 9699913279.0,
      "max": 9699913279.0,
      "std_dev": 0.0
    }
  },
  "sieve": {
    "base_native": {
      "mean": 569257759.0,
      "median": 569257759.0,
      "min": 569206437.0,
      "max": 569309081.0,
      "std_dev": 72580.26844811198
    },
    "wasmtime_app": {
      "mean": 767346476.0,
      "median": 767346476.0,
      "min": 767346476.0,
      "max": 767346476.0,
      "std_dev": 0.0
    }
  },
  "strcat": {
    "base_native": {
      "mean": 65851075.1,
      "median": 65845328.0,
      "min": 65825404.0,
      "max": 65920624.0,
      "std_dev": 26542.684723332382
    },
    "wasmtime_app": {
      "mean": 349799396.5,
      "median": 349799396.5,
      "min": 344317594.0,
      "max": 355281199.0,
      "std_dev": 7752439.441750739
    }
  },
  "strcat2": {
    "base_native": {
      "mean": 2593597.3636363638,
      "median": 2588827.0,
      "min": 2567053.0,
      "max": 2624575.0,
      "std_dev": 17580.53930499703
    },
    "wasmtime_app": {
      "mean": 9413287.4,
      "median": 8498158.5,
      "min": 8473097.0,
      "max": 17621687.0,
      "std_dev": 2884178.768697914
    }
  },
  "strchr": {
    "base_native": {
      "mean": 155216122.8,
      "median": 155146847.0,
      "min": 154829965.0,
      "max": 155829983.0,
      "std_dev": 368855.0905060143
    },