{
  "ackermann": {
    "base_native": {
      "mean": 3303086.1,
      "median": 2972927.5,
      "min": 2945179.0,
      "max": 6256813.0,
      "std_dev": 1038155.9273775839
    },
    "wasmtime_app": {
      "mean": 8966240.7,
      "median": 8657723.0,
      "min": 7988873.0,
      "max": 12372701.0,
      "std_dev": 1259063.2149693281
    }
  },
  "base64": {
    "base_native": {
      "mean": 256370173.0,
      "median": 257434445.0,
      "min": 254149435.0,
      "max": 257526639.0,
      "std_dev": 1923767.8866983927
    },
    "wasmtime_app": {
      "mean": 355070459.5,
      "median": 355070459.5,
      "min": 350407510.0,
      "max": 359733409.0,
      "std_dev": 6594406.423560842
    }
  },
  "ctype": {
    "base_native": {
      "mean": 654101517.5,
      "median": 654101517.5,
      "min": 653671142.0,
      "max": 654531893.0,
      "std_dev": 608642.8690131019
    },
    "wasmtime_app": {
      "mean": 991278342.0,
      "median": 991278342.0,
      "min": 991278342.0,
      "max": 991278342.0,
      "std_dev": 0.0
    }
  },
  "ed25519": {
    "base_native": {
      "mean": 1433065143.0,
      "median": 1433065143.0,
      "min": 1433065143.0,
      "max": 1433065143.0,
      "std_dev": 0.0
    },
    "wasmtime_app": {
      "mean": 6790698445.0,
      "median": 6790698445.0,
      "min": 6790698445.0,
      "max": 6790698445.0,
      "std_dev": 0.0
    }
  },
  "fib2": {
    "base_native": {
      "mean": 6955981644.0,
      "median": 6955981644.0,
      "min": 6955981644.0,
      "max": 6955981644.0,
      "std_dev": 0.0
    },
    "wasmtime_app": {
      "mean": 10677648104.0,
      "median": 10677648104.0,
      "min": 10677648104.0,
      "max": 10677648104.0,
      "std_dev": 0.0
    }
  },
  "gimli": {
    "base_native": {
      "mean": 4152961.9,
      "median": 4154346.5,
      "min": 4133211.0,
      "max": 4170508.0,
      "std_dev": 11691.121032171759
    },
    "wasmtime_app": {
      "mean": 9487101.2,
      "median": 9353383.5,
      "min": 9272076.0,
      "max": 10809339.0,
      "std_dev": 466049.1959460456
    }
  },
  "heapsort": {
    "base_native": {
      "mean": 1076922003.0,
      "median": 1076922003.0,
      "min": 1076922003.0,
      "max": 1076922003.0,
      "std_dev": 0.0
    },
    "wasmtime_app": {
      "mean": 1220399277.0,
      "median": 1220399277.0,
      "min": 1220399277.0,
      "max": 1220399277.0,
      "std_dev": 0.0
    }
  },
  "keccak": {
    "base_native": {
      "mean": 7479967.1,
      "median": 7479979.5,
      "min": 7462168.0,
      "max": 7497966.0,
      "std_dev": 13533.59771868187
    },
    "wasmtime_app": {
      "mean": 22842234.5,
      "median": 21240412.5,
      "min": 21023612.0,
      "max": 37257120.0,
      "std_dev": 5067918.8945228625
    }
  },
  "matrix": {
    "base_native": {
      "mean": 377871033.5,
      "median": 377871033.5,
      "min": 377849985.0,
      "max": 377892082.0,
      "std_dev": 29767.07416761009
    },
    "wasmtime_app": {
      "mean": 533466572.0,
      "median": 533466572.0,
      "min": 529369703.0,
      "max": 537563441.0,
      "std_dev": 5793847.703065899
    }
  },
  "matrix2": {
    "base_native": {
      "mean": 194271076.5,
      "median": 194258746.0,
      "min": 194256221.0,
      "max": 194310593.0,
      "std_dev": 26378.800598207647
    },
    "wasmtime_app": {
      "mean": 260218670.0,
      "median": 257658573.0,
      "min": 257640824.0,
      "max": 265356613.0,
      "std_dev": 4449598.011077742
    }
  },
  "memmove": {
    "base_native": {
      "mean": 47332223.7,
      "median": 47332839.0,
      "min": 47321139.0,
      "max": 47347288.0,
      "std_dev": 8652.265355898933
    },
    "wasmtime_app": {
      "mean": 520715742.0,
      "median": 520715742.0,
      "min": 515631854.0,
      "max": 525799630.0,
      "std_dev": 7189703.35918583
    }
  },
  "minicsv": {
    "base_native": {
      "mean": 741043742.0,
      "median": 741043742.0,
      "min": 741043742.0,
      "max": 741043742.0,
      "std_dev": 0.0
    },
    "wasmtime_app": {
      "mean": 1117835545.0,
      "median": 1117835545.0,
      "min": 1117835545.0,
      "max": 1117835545.0,
      "std_dev": 0.0
    }
  },
  "nestedloop": {
    "base_native": {
      "mean": 1579381.0,
      "median": 1584983.0,
      "min": 1556160.0,
      "max": 1589133.0,
      "std_dev": 11367.851098602585
    },
    "wasmtime_app": {
      "mean": 6284027.1,
      "median": 6193737.5,
      "min": 6147927.0,
      "max": 7093749.0,
      "std_dev": 285412.6175663928
    }
  },
  "nestedloop2": {
    "base_native": {
      "mean": 1579842.2727272727,
      "median": 1587633.0,
      "min": 1557509.0,
      "max": 1610181.0,
      "std_dev": 16824.392298629446
    },
    "wasmtime_app": {
      "mean": 6254596.2,
      "median": 6172776.0,
      "min": 6086481.0,
      "max": 7089124.0,
      "std_dev": 294994.76358998497
    }
  },
  "nestedloop3": {
    "base_native": {
      "mean": 2088808.3636363635,
      "median": 2086129.0,
      "min": 2061955.0,
      "max": 2121577.0,
      "std_dev": 15441.898350091074
    },
    "wasmtime_app": {
      "mean": 6836735.9,
      "median": 6719795.0,
      "min": 6689522.0,
      "max": 7943126.0,
      "std_dev": 389035.87638315716
    }
  },
  "random": {
    "base_native": {
      "mean": 577659735.5,
      "median": 577659735.5,
      "min": 577631787.0,
      "max": 577687684.0,
      "std_dev": 39525.14774798445
    },
    "wasmtime_app": {
      "mean": 290647585.3333333,
      "median": 290369301.0,
      "min": 290352127.0,
      "max": 291221328.0,
      "std_dev": 496949.9192417012
    }
  },
  "random2": {
    "base_native": {
      "mean": 577665373.0,
      "median": 577665373.0,
      "min": 577622613.0,
      "max": 577708133.0,
      "std_dev": 60471.77192707355
    },
    "wasmtime_app": {
      "mean": 290661867.6666667,
      "median": 290366851.0,
      "min": 290348052.0,
      "max": 291270700.0,
      "std_dev": 527348.0427424883
    }
  },
  "ratelimit": {
    "base_native": {
      "mean": 25926485.8,
      "median": 25922863.5,
      "min": 25916252.0,
      "max": 25939825.0,
      "std_dev": 8880.537668907715
    },
    "wasmtime_app": {
      "mean": 39031910.2,
      "median": 38317835.5,
      "min": 38248039.0,
      "max": 45541953.0,
      "std_dev": 2287582.441299684
    }
  },
  "seqhash": {
    "base_native": {
      "mean": 7121971425.0,
      "median": 7121971425.0,
      "min": 7121971425.0,
      "max": 7121971425.0,
      "std_dev": 0.0
    },
    "wasmtime_app": {
      "mean": 9693836040.0,
      "median": 9693836040.0,
      "min": 9693836040.0,
      "max": 9693836040.0,
      "std_dev": 0.0
    }
  },
  "sieve": {
    "base_native": {
      "mean": 569218248.5,
      "median": 569218248.5,
      "min": 569206849.0,
      "max": 569229648.0,
      "std_dev": 16121.327504272096
    },
    "wasmtime_app": {
      "mean": 766818768.0,
      "median": 766818768.0,
      "min": 766818768.0,
      "max": 766818768.0,
      "std_dev": 0.0
    }
  },
  "strcat": {
    "base_native": {
      "mean": 65860508.0,
      "median": 65847306.5,
      "min": 65841319.0,
      "max": 65962237.0,
      "std_dev": 36404.03891206457
    },
    "wasmtime_app": {
      "mean": 351173692.0,
      "median": 351173692.0,
      "min": 350167924.0,
      "max": 352179460.0,
      "std_dev": 1422370.746200863
    }
  },
  "strcat2": {
    "base_native": {
      "mean": 2598035.8181818184,
      "median": 2592900.0,
      "min": 2570701.0,
      "max": 2620023.0,
      "std_dev": 16680.793757001986
    },
    "wasmtime_app": {
      "mean": 9407748.2,
      "median": 8499269.5,
      "min": 8457147.0,
      "max": 17650153.0,
      "std_dev": 2896164.3937763157
    }
  },
  "strchr": {
    "base_native": {
      "mean": 155052482.2,
      "median": 155063562.0,
      "min": 154989391.0,
      "max": 155122408.0,
      "std_dev": 51231.567531161876
    },