{
  "ackermann": {
    "base_native": {
      "mean": 3952918.6,
      "median": 2895081.5,
      "min": 2863095.0,
      "max": 13541913.0,
      "std_dev": 3369274.8761217706
    },
    "wasmtime_app": {
      "mean": 9487892.2,
      "median": 9128173.0,
      "min": 8590263.0,
      "max": 13195878.0,
      "std_dev": 1330042.3137130137
    }
  },
  "base64": {
    "base_native": {
      "mean": 251045731.66666666,
      "median": 250109507.0,
      "min": 249523134.0,
      "max": 253504554.0,
      "std_dev": 2149491.515209198
    },
    "wasmtime_app": {
      "mean": 380441516.5,
      "median": 380441516.5,
      "min": 371263821.0,
      "max": 389619212.0,
      "std_dev": 12979221.447430523
    }
  },
  "ctype": {
    "base_native": {
      "mean": 654004758.5,
      "median": 654004758.5,
      "min": 653698785.0,
      "max": 654310732.0,
      "std_dev": 432711.8734267642
    },
    "wasmtime_app": {
      "mean": 887137214.0,
      "median": 887137214.0,
      "min": 887137214.0,
      "max": 887137214.0,
      "std_dev": 0.0
    }
  },
  "ed25519": {
    "base_native": {
      "mean": 1433611697.0,
      "median": 1433611697.0,
      "min": 1433611697.0,
      "max": 1433611697.0,
      "std_dev": 0.0
    },
    "wasmtime_app": {
      "mean": 6747256152.0,
      "median": 6747256152.0,
      "min": 6747256152.0,
      "max": 6747256152.0,
      "std_dev": 0.0
    }
  },
  "fib2": {
    "base_native": {
      "mean": 6956192627.0,
      "median": 6956192627.0,
      "min": 6956192627.0,
      "max": 6956192627.0,
      "std_dev": 0.0
    },
    "wasmtime_app": {
      "mean": 10722893190.0,
      "median": 10722893190.0,
      "min": 10722893190.0,
      "max": 10722893190.0,
      "std_dev": 0.0
    }
  },
  "gimli": {
    "base_native": {
      "mean": 4148447.2,
      "median": 4145237.0,
      "min": 4137463.0,
      "max": 4171911.0,
      "std_dev": 10832.174110286243
    },
    "wasmtime_app": {
      "mean": 9491644.4,
      "median": 9342949.5,
      "min": 9316326.0,
      "max": 10821349.0,
      "std_dev": 467587.9840199299
    }
  },
  "heapsort": {
    "base_native": {
      "mean": 1076409350.0,
      "median": 1076409350.0,
      "min": 1076409350.0,
      "max": 1076409350.0,
      "std_dev": 0.0
    },
    "wasmtime_app": {
      "mean": 1220451040.0,
      "median": 1220451040.0,
      "min": 1220451040.0,
      "max": 1220451040.0,
      "std_dev": 0.0
    }
  },
  "keccak": {
    "base_native": {
      "mean": 7490348.8,
      "median": 7490236.0,
      "min": 7478812.0,
      "max": 7514335.0,
      "std_dev": 10200.120596236975
    },
    "wasmtime_app": {
      "mean": 22862514.5,
      "median": 21315228.0,
      "min": 21000932.0,
      "max": 37118937.0,
      "std_dev": 5013089.090134196
    }
  },
  "matrix": {
    "base_native": {
      "mean": 377912587.0,
      "median": 377912587.0,
      "min": 377889963.0,
      "max": 377935211.0,
      "std_dev": 31995.167635128902
    },
    "wasmtime_app": {
      "mean": 533560655.5,
      "median": 533560655.5,
      "min": 529387280.0,
      "max": 537734031.0,
      "std_dev": 5902044.232975597
    }
  },
  "matrix2": {
    "base_native": {
      "mean": 194289639.75,
      "median": 194285527.5,
      "min": 194270028.0,
      "max": 194317476.0,
      "std_dev": 20054.549382039644
    },
    "wasmtime_app": {
      "mean": 260203093.0,
      "median": 257683721.0,
      "min": 257603300.0,
      "max": 265322258.0,
      "std_dev": 4433509.2880503815
    }
  },
  "memmove": {
    "base_native": {
      "mean": 47347306.7,
      "median": 47346787.0,
      "min": 47321038.0,
      "max": 47373286.0,
      "std_dev": 16972.00644230899
    },
    "wasmtime_app": {
      "mean": 521096664.0,
      "median": 521096664.0,
      "min": 516148928.0,
      "max": 526044400.0,
      "std_dev": 6997155.354241608
    }
  },
  "minicsv": {
    "base_native": {
      "mean": 740595737.0,
      "median": 740595737.0,
      "min": 740595737.0,
      "max": 740595737.0,
      "std_dev": 0.0
    },
    "wasmtime_app": {
      "mean": 1104701925.0,
      "median": 1104701925.0,
      "min": 1104701925.0,
      "max": 1104701925.0,
      "std_dev": 0.0
    }
  },
  "nestedloop": {
    "base_native": {
      "mean": 1578762.3636363635,
      "median": 1583478.0,
      "min": 1557504.0,
      "max": 1588453.0,
      "std_dev": 11468.211231684976
    },
    "wasmtime_app": {
      "mean": 6261256.0,
      "median": 6175285.5,
      "min": 6131088.0,
      "max": 7103013.0,
      "std_dev": 296466.51386998536
    }
  },
  "nestedloop2": {
    "base_native": {
      "mean": 1586087.1818181819,
      "median": 1591303.0,
      "min": 1561829.0,
      "max": 1597877.0,
      "std_dev": 12642.956646435057
    },
    "wasmtime_app": {
      "mean": 6249746.7,
      "median": 6165723.5,
      "min": 6149137.0,
      "max": 7001943.0,
      "std_dev": 264657.1647874745
    }
  },
  "nestedloop3": {
    "base_native": {
      "mean": 2093855.0,
      "median": 2093555.0,
      "min": 2068481.0,
      "max": 2110479.0,
      "std_dev": 11001.714648180983
    },
    "wasmtime_app": {
      "mean": 6831849.6,
      "median": 6712033.0,
      "min": 6680285.0,
      "max": 7939846.0,
      "std_dev": 389882.2729041849
    }
  },
  "random": {
    "base_native": {
      "mean": 577619145.0,
      "median": 577619145.0,
      "min": 577598521.0,
      "max": 577639769.0,
      "std_dev": 29166.74051038271
    },
    "wasmtime_app": {
      "mean": 290810387.0,
      "median": 290442281.0,
      "min": 290414757.0,
      "max": 291574123.0,
      "std_dev": 661557.9346633218
    }
  },
  "random2": {
    "base_native": {
      "mean": 577671780.0,
      "median": 577671780.0,
      "min": 577630769.0,
      "max": 577712791.0,
      "std_dev": 57998.312406483004
    },
    "wasmtime_app": {
      "mean": 290684276.6666667,
      "median": 290376559.0,
      "min": 290375434.0,
      "max": 291300837.0,
      "std_dev": 533957.2079168267
    }
  },
  "ratelimit": {
    "base_native": {
      "mean": 25952752.6,
      "median": 25942828.0,
      "min": 25924054.0,
      "max": 26035099.0,
      "std_dev": 31733.059029626784
    },
    "wasmtime_app": {
      "mean": 38994139.0,
      "median": 38273703.5,
      "min": 38231505.0,
      "max": 45531559.0,
      "std_dev": 2297140.1837511887
    }
  },
  "seqhash": {
    "base_native": {
      "mean": 7138212259.0,
      "median": 7138212259.0,
      "min": 7138212259.0,
      "max": 7138212259.0,
      "std_dev": 0.0
    },
    "wasmtime_app": {
      "mean": 9674981552.0,
      "median": 9674981552.0,
      "min": 9674981552.0,
      "max": 9674981552.0,
      "std_dev": 0.0
    }
  },
  "sieve": {
    "base_native": {
      "mean": 569262535.0,
      "median": 569262535.0,
      "min": 569234924.0,
      "max": 569290146.0,
      "std_dev": 39047.850670683525
    },
    "wasmtime_app": {
      "mean": 766936501.0,
      "median": 766936501.0,
      "min": 766936501.0,
      "max": 766936501.0,
      "std_dev": 0.0
    }
  },
  "strcat": {
    "base_native": {
      "mean": 65874260.2,
      "median": 65858826.0,
      "min": 65835752.0,
      "max": 65952422.0,
      "std_dev": 35315.06898950267
    },
    "wasmtime_app": {
      "mean": 354192326.5,
      "median": 354192326.5,
      "min": 350183243.0,
      "max": 358201410.0,
      "std_dev": 5669700.258386197
    }
  },
  "strcat2": {
    "base_native": {
      "mean": 2599704.6363636362,
      "median": 2597457.0,
      "min": 2583658.0,
      "max": 2626281.0,
      "std_dev": 12467.762495915033
    },
    "wasmtime_app": {
      "mean": 9388311.9,
      "median": 8474968.5,
      "min": 8440695.0,
      "max": 17603579.0,
      "std_dev": 2886684.7219988247
    }
  },
  "strchr": {
    "base_native": {
      "mean": 155040044.4,
      "median": 155092047.0,
      "min": 154787786.0,
      "max": 155132595.0,
      "std_dev": 142057.90579126528
    },