{
  "ackermann": {
    "base_native": {
      "mean": 3340139.1,
      "median": 2852833.5,
      "min": 2818749.0,
      "max": 7786745.0,
      "std_dev": 1562475.9416610016
    },
    "wasmtime_app": {
      "mean": 9797650.1,
      "median": 9403133.0,
      "min": 8684113.0,
      "max": 14012375.0,
      "std_dev": 1567516.9991249393
    }
  },
  "base64": {
    "base_native": {
      "mean": 249529741.33333334,
      "median": 249508609.0,
      "min": 249502510.0,
      "max": 249578105.0,
      "std_dev": 41995.03113861607
    },
    "wasmtime_app": {
      "mean": 378297315.0,
      "median": 378297315.0,
      "min": 367488889.0,
      "max": 389105741.0,
      "std_dev": 15285422.637105983
    }
  },
  "ctype": {
    "base_native": {
      "mean": 654552907.5,
      "median": 654552907.5,
      "min": 654455552.0,
      "max": 654650263.0,
      "std_dev": 137681.46847161386
    },
    "wasmtime_app": {
      "mean": 993762167.0,
      "median": 993762167.0,
      "min": 993762167.0,
      "max": 993762167.0,
      "std_dev": 0.0
    }
  },
  "ed25519": {
    "base_native": {
      "mean": 1433117637.0,
      "median": 1433117637.0,
      "min": 1433117637.0,
      "max": 1433117637.0,
      "std_dev": 0.0
    },
    "wasmtime_app": {
      "mean": 6753845617.0,
      "median": 6753845617.0,
      "min": 6753845617.0,
      "max": 6753845617.0,
      "std_dev": 0.0
    }
  },
  "fib2": {
    "base_native": {
      "mean": 6956143522.0,
      "median": 6956143522.0,
      "min": 6956143522.0,
      "max": 6956143522.0,
      "std_dev": 0.0
    },
    "wasmtime_app": {
      "mean": 10675833110.0,
      "median": 10675833110.0,
      "min": 10675833110.0,
      "max": 10675833110.0,
      "std_dev": 0.0
    }
  },
  "gimli": {
    "base_native": {
      "mean": 4154386.2,
      "median": 4150204.0,
      "min": 4122456.0,
      "max": 4195151.0,
      "std_dev": 18662.19075385667
    },
    "wasmtime_app": {
      "mean": 9537965.6,
      "median": 9374098.0,
      "min": 9320826.0,
      "max": 11106221.0,
      "std_dev": 551482.165013158
    }
  },
  "heapsort": {
    "base_native": {
      "mean": 1076328715.0,
      "median": 1076328715.0,
      "min": 1076328715.0,
      "max": 1076328715.0,
      "std_dev": 0.0
    },
    "wasmtime_app": {
      "mean": 1220776501.0,
      "median": 1220776501.0,
      "min": 1220776501.0,
      "max": 1220776501.0,
      "std_dev": 0.0
    }
  },
  "keccak": {
    "base_native": {
      "mean": 7488463.8,
      "median": 7489491.0,
      "min": 7473317.0,
      "max": 7502115.0,
      "std_dev": 8295.10351954694
    },
    "wasmtime_app": {
      "mean": 22839407.2,
      "median": 21289383.5,
      "min": 21045160.0,
      "max": 37208734.0,
      "std_dev": 5049896.647092246
    }
  },
  "matrix": {
    "base_native": {
      "mean": 377899655.5,
      "median": 377899655.5,
      "min": 377888394.0,
      "max": 377910917.0,
      "std_dev": 15926.16603266461
    },
    "wasmtime_app": {
      "mean": 533694703.0,
      "median": 533694703.0,
      "min": 529583020.0,
      "max": 537806386.0,
      "std_dev": 5814797.862778895
    }
  },
  "matrix2": {
    "base_native": {
      "mean": 194262624.25,
      "median": 194257106.0,
      "min": 194242844.0,
      "max": 194293441.0,
      "std_dev": 21690.231862522814
    },
    "wasmtime_app": {
      "mean": 260318590.0,
      "median": 257779323.0,
      "min": 257745275.0,
      "max": 265431172.0,
      "std_dev": 4427658.619024168
    }
  },
  "memmove": {
    "base_native": {
      "mean": 47335359.1,
      "median": 47336054.0,
      "min": 47313881.0,
      "max": 47362677.0,
      "std_dev": 14566.472931205946
    },
    "wasmtime_app": {
      "mean": 520563788.5,
      "median": 520563788.5,
      "min": 516181434.0,
      "max": 524946143.0,
      "std_dev": 6197585.169026764
    }
  },
  "minicsv": {
    "base_native": {
      "mean": 756021146.0,
      "median": 756021146.0,
      "min": 756021146.0,
      "max": 756021146.0,
      "std_dev": 0.0
    },
    "wasmtime_app": {
      "mean": 1098495301.0,
      "median": 1098495301.0,
      "min": 1098495301.0,
      "max": 1098495301.0,
      "std_dev": 0.0
    }
  },
  "nestedloop": {
    "base_native": {
      "mean": 1575723.6363636365,
      "median": 1579212.0,
      "min": 1546289.0,
      "max": 1597386.0,
      "std_dev": 14491.483169591214
    },
    "wasmtime_app": {
      "mean": 6306480.8,
      "median": 6219746.0,
      "min": 6189860.0,
      "max": 7148204.0,
      "std_dev": 296316.3765128977
    }
  },
  "nestedloop2": {
    "base_native": {
      "mean": 1600476.3636363635,
      "median": 1588436.0,
      "min": 1561213.0,
      "max": 1782098.0,
      "std_dev": 61295.78978897772
    },
    "wasmtime_app": {
      "mean": 6302528.4,
      "median": 6207846.5,
      "min": 6189385.0,
      "max": 7144829.0,
      "std_dev": 296403.8450456104
    }
  },
  "nestedloop3": {
    "base_native": {
      "mean": 2080537.7272727273,
      "median": 2081126.0,
      "min": 2060978.0,
      "max": 2091501.0,
      "std_dev": 9885.210003747105
    },
    "wasmtime_app": {
      "mean": 6880551.9,
      "median": 6759114.5,
      "min": 6727328.0,
      "max": 7985379.0,
      "std_dev": 388487.0325965276
    }
  },
  "random": {
    "base_native": {
      "mean": 577588613.0,
      "median": 577588613.0,
      "min": 577583551.0,
      "max": 577593675.0,
      "std_dev": 7158.749052732607
    },
    "wasmtime_app": {
      "mean": 290755573.0,
      "median": 290484097.0,
      "min": 290460749.0,
      "max": 291321873.0,
      "std_dev": 490569.1080530856
    }
  },
  "random2": {
    "base_native": {
      "mean": 577641009.0,
      "median": 577641009.0,
      "min": 577593350.0,
      "max": 577688668.0,
      "std_dev": 67400.00416913934
    },
    "wasmtime_app": {
      "mean": 290788071.0,
      "median": 290496697.0,
      "min": 290487022.0,
      "max": 291380494.0,
      "std_dev": 513076.1732949602
    }
  },
  "ratelimit": {
    "base_native": {
      "mean": 25938202.7,
      "median": 25932778.0,
      "min": 25922504.0,
      "max": 25959126.0,
      "std_dev": 13739.835079472794
    },
    "wasmtime_app": {
      "mean": 39080163.7,
      "median": 38362566.0,
      "min": 38313919.0,
      "max": 45595715.0,
      "std_dev": 2289461.31283686
    }
  },
  "seqhash": {
    "base_native": {
      "mean": 7134482999.0,
      "median": 7134482999.0,
      "min": 7134482999.0,
      "max": 7134482999.0,
      "std_dev": 0.0
    },
    "wasmtime_app": {
      "mean": 9701736560.0,
      "median": 9701736560.0,
      "min": 9701736560.0,
      "max": 9701736560.0,
      "std_dev": 0.0
    }
  },
  "sieve": {
    "base_native": {
      "mean": 569283291.5,
      "median": 569283291.5,
      "min": 569271767.0,
      "max": 569294816.0,
      "std_dev": 16298.104199568734
    },
    "wasmtime_app": {
      "mean": 766785880.0,
      "median": 766785880.0,
      "min": 766785880.0,
      "max": 766785880.0,
      "std_dev": 0.0
    }
  },
  "strcat": {
    "base_native": {
      "mean": 65859087.7,
      "median": 65854073.5,
      "min": 65828588.0,
      "max": 65943679.0,
      "std_dev": 31128.533448875773
    },
    "wasmtime_app": {
      "mean": 354360349.0,
      "median": 354360349.0,
      "min": 350307875.0,
      "max": 358412823.0,
      "std_dev": 5731063.691964346
    }
  },
  "strcat2": {
    "base_native": {
      "mean": 2599187.1818181816,
      "median": 2597715.0,
      "min": 2584016.0,
      "max": 2624863.0,
      "std_dev": 12327.113813202035
    },
    "wasmtime_app": {
      "mean": 9402040.9,
      "median": 8487537.5,
      "min": 8460726.0,
      "max": 17681983.0,
      "std_dev": 2909325.8054180588
    }
  },
  "strchr": {
    "base_native": {
      "mean": 154658522.8,
      "median": 154627590.0,
      "min": 154563195.0,
      "max": 154885972.0,
      "std_dev": 130819.46009176158
    },