{
  "ackermann": {
    "base_native": {
      "mean": 3227853.7,
      "median": 2923264.5,
      "min": 2885629.0,
      "max": 6001295.0,
      "std_dev": 974762.4008451209
    },
    "wasmtime_app": {
      "mean": 9276324.6,
      "median": 8944380.5,
      "min": 7956791.0,
      "max": 14188140.0,
      "std_dev": 1815304.2024345975
    }
  },
  "base64": {
    "base_native": {
      "mean": 253256038.33333334,
      "median": 252754393.0,
      "min": 249492386.0,
      "max": 257521336.0,
      "std_dev": 4037913.5151667544
    },
    "wasmtime_app": {
      "mean": 355099312.0,
      "median": 355099312.0,
      "min": 350425300.0,
      "max": 359773324.0,
      "std_dev": 6610051.161094595
    }
  },
  "ctype": {
    "base_native": {
      "mean": 653960229.0,
      "median": 653960229.0,
      "min": 653714781.0,
      "max": 654205677.0,
      "std_dev": 347115.89045735146
    },
    "wasmtime_app": {
      "mean": 954009142.0,
      "median": 954009142.0,
      "min": 954009142.0,
      "max": 954009142.0,
      "std_dev": 0.0
    }
  },
  "ed25519": {
    "base_native": {
      "mean": 1433351124.0,
      "median": 1433351124.0,
      "min": 1433351124.0,
      "max": 1433351124.0,
      "std_dev": 0.0
    },
    "wasmtime_app": {
      "mean": 6751462135.0,
      "median": 6751462135.0,
      "min": 6751462135.0,
      "max": 6751462135.0,
      "std_dev": 0.0
    }
  },
  "fib2": {
    "base_native": {
      "mean": 6956303656.0,
      "median": 6956303656.0,
      "min": 6956303656.0,
      "max": 6956303656.0,
      "std_dev": 0.0
    },
    "wasmtime_app": {
      "mean": 10678840412.0,
      "median": 10678840412.0,
      "min": 10678840412.0,
      "max": 10678840412.0,
      "std_dev": 0.0
    }
  },
  "gimli": {
    "base_native": {
      "mean": 4151339.2,
      "median": 4149804.0,
      "min": 4138255.0,
      "max": 4181252.0,
      "std_dev": 13128.616190088987
    },
    "wasmtime_app": {
      "mean": 9545431.6,
      "median": 9377672.0,
      "min": 9332074.0,
      "max": 11095364.0,
      "std_dev": 545399.1896828515
    }
  },
  "heapsort": {
    "base_native": {
      "mean": 1076479756.0,
      "median": 1076479756.0,
      "min": 1076479756.0,
      "max": 1076479756.0,
      "std_dev": 0.0
    },
    "wasmtime_app": {
      "mean": 1220529539.0,
      "median": 1220529539.0,
      "min": 1220529539.0,
      "max": 1220529539.0,
      "std_dev": 0.0
    }
  },
  "keccak": {
    "base_native": {
      "mean": 7489859.4,
      "median": 7489569.5,
      "min": 7475408.0,
      "max": 7502356.0,
      "std_dev": 8338.152076116412
    },
    "wasmtime_app": {
      "mean": 22926156.3,
      "median": 21343232.5,
      "min": 21094307.0,
      "max": 37197656.0,
      "std_dev": 5017117.611774914
    }
  },
  "matrix": {
    "base_native": {
      "mean": 377901612.5,
      "median": 377901612.5,
      "min": 377901525.0,
      "max": 377901700.0,
      "std_dev": 123.74368670764582
    },
    "wasmtime_app": {
      "mean": 533905951.5,
      "median": 533905951.5,
      "min": 530102485.0,
      "max": 537709418.0,
      "std_dev": 5378913.908331728
    }
  },
  "matrix2": {
    "base_native": {
      "mean": 194273085.25,
      "median": 194268248.0,
      "min": 194257799.0,
      "max": 194298046.0,
      "std_dev": 18135.7056176483
    },
    "wasmtime_app": {
      "mean": 260261773.66666666,
      "median": 257740670.0,
      "min": 257664449.0,
      "max": 265380202.0,
      "std_dev": 4432852.790564146
    }
  },
  "memmove": {
    "base_native": {
      "mean": 47341030.4,
      "median": 47342178.0,
      "min": 47327029.0,
      "max": 47349827.0,
      "std_dev": 7970.245865439507
    },
    "wasmtime_app": {
      "mean": 520987987.5,
      "median": 520987987.5,
      "min": 516071812.0,
      "max": 525904163.0,
      "std_dev": 6952522.067106332
    }
  },
  "minicsv": {
    "base_native": {
      "mean": 753812443.0,
      "median": 753812443.0,
      "min": 753812443.0,
      "max": 753812443.0,
      "std_dev": 0.0
    },
    "wasmtime_app": {
      "mean": 1111581818.0,
      "median": 1111581818.0,
      "min": 1111581818.0,
      "max": 1111581818.0,
      "std_dev": 0.0
    }
  },
  "nestedloop": {
    "base_native": {
      "mean": 1575545.0909090908,
      "median": 1580631.0,
      "min": 1547458.0,
      "max": 1606955.0,
      "std_dev": 18918.300211459515
    },
    "wasmtime_app": {
      "mean": 6288648.8,
      "median": 6193376.0,
      "min": 6170227.0,
      "max": 7160354.0,
      "std_dev": 306532.10694433516
    }
  },
  "nestedloop2": {
    "base_native": {
      "mean": 1583758.2727272727,
      "median": 1584181.0,
      "min": 1555433.0,
      "max": 1649977.0,
      "std_dev": 25703.93946884761
    },
    "wasmtime_app": {
      "mean": 6258272.6,
      "median": 6180013.5,
      "min": 6146203.0,
      "max": 6968663.0,
      "std_dev": 250388.63299332635
    }
  },
  "nestedloop3": {
    "base_native": {
      "mean": 2087971.5454545454,
      "median": 2082751.0,
      "min": 2060528.0,
      "max": 2138748.0,
      "std_dev": 19976.569897575693
    },
    "wasmtime_app": {
      "mean": 6839529.5,
      "median": 6719912.5,
      "min": 6706826.0,
      "max": 7883069.0,
      "std_dev": 366878.6218202448
    }
  },
  "random": {
    "base_native": {
      "mean": 577588878.0,
      "median": 577588878.0,
      "min": 577571279.0,
      "max": 577606477.0,
      "std_dev": 24888.7444842041
    },
    "wasmtime_app": {
      "mean": 290696480.6666667,
      "median": 290424894.0,
      "min": 290416669.0,
      "max": 291247879.0,
      "std_dev": 477542.6726045886
    }
  },
  "random2": {
    "base_native": {
      "mean": 577646425.0,
      "median": 577646425.0,
      "min": 577581079.0,
      "max": 577711771.0,
      "std_dev": 92413.19944683227
    },
    "wasmtime_app": {
      "mean": 290716946.3333333,
      "median": 290427644.0,
      "min": 290399570.0,
      "max": 291323625.0,
      "std_dev": 525586.6158972594
    }
  },
  "ratelimit": {
    "base_native": {
      "mean": 25925548.0,
      "median": 25925968.0,
      "min": 25908344.0,
      "max": 25943342.0,
      "std_dev": 12571.212290166945
    },
    "wasmtime_app": {
      "mean": 39051066.3,
      "median": 38332663.5,
      "min": 38314327.0,
      "max": 45542953.0,
      "std_dev": 2281031.0919154305
    }
  },
  "seqhash": {
    "base_native": {
      "mean": 7125446439.0,
      "median": 7125446439.0,
      "min": 7125446439.0,
      "max": 7125446439.0,
      "std_dev": 0.0
    },
    "wasmtime_app": {
      "mean": 9699932595.0,
      "median": 9699932595.0,
      "min": 9699932595.0,
      "max": 9699932595.0,
      "std_dev": 0.0
    }
  },
  "sieve": {
    "base_native": {
      "mean": 569237559.0,
      "median": 569237559.0,
      "min": 569196699.0,
      "max": 569278419.0,
      "std_dev": 57784.766158564664
    },
    "wasmtime_app": {
      "mean": 767150629.0,
      "median": 767150629.0,
      "min": 767150629.0,
      "max": 767150629.0,
      "std_dev": 0.0
    }
  },
  "strcat": {
    "base_native": {
      "mean": 65872135.8,
      "median": 65867208.5,
      "min": 65846235.0,
      "max": 65909106.0,
      "std_dev": 21824.70303628946
    },
    "wasmtime_app": {
      "mean": 352771287.5,
      "median": 352771287.5,
      "min": 350250259.0,
      "max": 355292316.0,
      "std_dev": 3565272.6958291004
    }
  },
  "strcat2": {
    "base_native": {
      "mean": 2591167.0,
      "median": 2585872.0,
      "min": 2571048.0,
      "max": 2626944.0,
      "std_dev": 19819.75225879476
    },
    "wasmtime_app": {
      "mean": 9408773.3,
      "median": 8504314.0,
      "min": 8429618.0,
      "max": 17671797.0,
      "std_dev": 2903458.3712407914
    }
  },
  "strchr": {
    "base_native": {
      "mean": 155070103.6,
      "median": 155076788.0,
      "min": 154977944.0,
      "max": 155117336.0,
      "std_dev": 56351.14640182576
    },