{
  "ackermann": {
    "base_native": {
      "mean": 3194972.0,
      "median": 2841352.0,
      "min": 2808804.0,
      "max": 6443826.0,
      "std_dev": 1141611.5307323728
    },
    "wasmtime_app": {
      "mean": 9317639.1,
      "median": 8811200.5,
      "min": 8085681.0,
      "max": 13338259.0,
      "std_dev": 1526951.4497324727
    }
  },
  "base64": {
    "base_native": {
      "mean": 249539377.33333334,
      "median": 249510996.0,
      "min": 249509196.0,
      "max": 249597940.0,
      "std_dev": 50724.74194447255
    },
    "wasmtime_app": {
      "mean": 357807232.0,
      "median": 357807232.0,
      "min": 350412208.0,
      "max": 365202256.0,
      "std_dev": 10458143.234874535
    }
  },
  "ctype": {
    "base_native": {
      "mean": 653864545.5,
      "median": 653864545.5,
      "min": 653767740.0,
      "max": 653961351.0,
      "std_dev": 136903.65101230866
    },
    "wasmtime_app": {
      "mean": 980828388.0,
      "median": 980828388.0,
      "min": 980828388.0,
      "max": 980828388.0,
      "std_dev": 0.0
    }
  },
  "ed25519": {
    "base_native": {
      "mean": 1434120238.0,
      "median": 1434120238.0,
      "min": 1434120238.0,
      "max": 1434120238.0,
      "std_dev": 0.0
    },
    "wasmtime_app": {
      "mean": 6737712727.0,
      "median": 6737712727.0,
      "min": 6737712727.0,
      "max": 6737712727.0,
      "std_dev": 0.0
    }
  },
  "fib2": {
    "base_native": {
      "mean": 6956317317.0,
      "median": 6956317317.0,
      "min": 6956317317.0,
      "max": 6956317317.0,
      "std_dev": 0.0
    },
    "wasmtime_app": {
      "mean": 10690876939.0,
      "median": 10690876939.0,
      "min": 10690876939.0,
      "max": 10690876939.0,
      "std_dev": 0.0
    }
  },
  "gimli": {
    "base_native": {
      "mean": 4138478.6,
      "median": 4136836.0,
      "min": 4117363.0,
      "max": 4164259.0,
      "std_dev": 11629.085596994384
    },
    "wasmtime_app": {
      "mean": 9533160.1,
      "median": 9382776.5,
      "min": 9349078.0,
      "max": 10917486.0,
      "std_dev": 486822.59148926334
    }
  },
  "heapsort": {
    "base_native": {
      "mean": 1076795426.0,
      "median": 1076795426.0,
      "min": 1076795426.0,
      "max": 1076795426.0,
      "std_dev": 0.0
    },
    "wasmtime_app": {
      "mean": 1220959975.0,
      "median": 1220959975.0,
      "min": 1220959975.0,
      "max": 1220959975.0,
      "std_dev": 0.0
    }
  },
  "keccak": {
    "base_native": {
      "mean": 7482765.9,
      "median": 7484403.0,
      "min": 7462730.0,
      "max": 7501927.0,
      "std_dev": 11836.596352461762
    },
    "wasmtime_app": {
      "mean": 22880981.3,
      "median": 21343406.5,
      "min": 21067831.0,
      "max": 37267543.0,
      "std_dev": 5056496.357903982
    }
  },
  "matrix": {
    "base_native": {
      "mean": 377883305.0,
      "median": 377883305.0,
      "min": 377872056.0,
      "max": 377894554.0,
      "std_dev": 15908.488363134946
    },
    "wasmtime_app": {
      "mean": 534062804.0,
      "median": 534062804.0,
      "min": 530348124.0,
      "max": 537777484.0,
      "std_dev": 5253350.835876089
    }
  },
  "matrix2": {
    "base_native": {
      "mean": 194288261.25,
      "median": 194278780.5,
      "min": 194267369.0,
      "max": 194328115.0,
      "std_dev": 27108.51374722217
    },
    "wasmtime_app": {
      "mean": 260268240.66666666,
      "median": 257702366.0,
      "min": 257688467.0,
      "max": 265413889.0,
      "std_dev": 4456267.594445191
    }
  },
  "memmove": {
    "base_native": {
      "mean": 47340552.3,
      "median": 47341402.0,
      "min": 47298530.0,
      "max": 47374675.0,
      "std_dev": 22739.59865301057
    },
    "wasmtime_app": {
      "mean": 520786892.5,
      "median": 520786892.5,
      "min": 515502979.0,
      "max": 526070806.0,
      "std_dev": 7472582.134106289
    }
  },
  "minicsv": {
    "base_native": {
      "mean": 726268490.0,
      "median": 726268490.0,
      "min": 726268490.0,
      "max": 726268490.0,
      "std_dev": 0.0
    },
    "wasmtime_app": {
      "mean": 1103644027.0,
      "median": 1103644027.0,
      "min": 1103644027.0,
      "max": 1103644027.0,
      "std_dev": 0.0
    }
  },
  "nestedloop": {
    "base_native": {
      "mean": 1580430.2727272727,
      "median": 1569190.0,
      "min": 1554091.0,
      "max": 1610562.0,
      "std_dev": 22675.346718808552
    },
    "wasmtime_app": {
      "mean": 6273305.8,
      "median": 6179437.0,
      "min": 6154988.0,
      "max": 7086324.0,
      "std_dev": 286412.86277051177
    }
  },
  "nestedloop2": {
    "base_native": {
      "mean": 1589627.3636363635,
      "median": 1585914.0,
      "min": 1560566.0,
      "max": 1619462.0,
      "std_dev": 20544.348873949388
    },
    "wasmtime_app": {
      "mean": 6233930.0,
      "median": 6177025.0,
      "min": 6080667.0,
      "max": 7029126.0,
      "std_dev": 283881.40744410234
    }
  },
  "nestedloop3": {
    "base_native": {
      "mean": 2097696.5454545454,
      "median": 2105878.0,
      "min": 2064706.0,
      "max": 2130351.0,
      "std_dev": 21728.81082049193
    },
    "wasmtime_app": {
      "mean": 6749060.7,
      "median": 6630893.0,
      "min": 6604669.0,
      "max": 7835042.0,
      "std_dev": 381843.01529236685
    }
  },
  "random": {
    "base_native": {
      "mean": 577639829.5,
      "median": 577639829.5,
      "min": 577629493.0,
      "max": 577650166.0,
      "std_dev": 14618.018487469497
    },
    "wasmtime_app": {
      "mean": 290666401.0,
      "median": 290378780.0,
      "min": 290352056.0,
      "max": 291268367.0,
      "std_dev": 521489.06212019443
    }
  },
  "random2": {
    "base_native": {
      "mean": 577736722.5,
      "median": 577736722.5,
      "min": 577637367.0,
      "max": 577836078.0,
      "std_dev": 140509.89559636003
    },
    "wasmtime_app": {
      "mean": 290710799.3333333,
      "median": 290429053.0,
      "min": 290424628.0,
      "max": 291278717.0,
      "std_dev": 491836.1030265401
    }
  },
  "ratelimit": {
    "base_native": {
      "mean": 25915612.0,
      "median": 25917669.5,
      "min": 25892096.0,
      "max": 25929943.0,
      "std_dev": 13109.699733827281
    },
    "wasmtime_app": {
      "mean": 39052902.6,
      "median": 38354234.5,
      "min": 38295100.0,
      "max": 45448571.0,
      "std_dev": 2247372.7765649282
    }
  },
  "seqhash": {
    "base_native": {
      "mean": 7086085804.0,
      "median": 7086085804.0,
      "min": 7086085804.0,
      "max": 7086085804.0,
      "std_dev": 0.0
    },
    "wasmtime_app": {
      "mean": 9686186938.0,
      "median": 9686186938.0,
      "min": 9686186938.0,
      "max": 9686186938.0,
      "std_dev": 0.0
    }
  },
  "sieve": {
    "base_native": {
      "mean": 569260013.0,
      "median": 569260013.0,
      "min": 569254501.0,
      "max": 569265525.0,
      "std_dev": 7795.1451558005
    },
    "wasmtime_app": {
      "mean": 767015409.0,
      "median": 767015409.0,
      "min": 767015409.0,
      "max": 767015409.0,
      "std_dev": 0.0
    }
  },
  "strcat": {
    "base_native": {
      "mean": 65863004.6,
      "median": 65857937.5,
      "min": 65832389.0,
      "max": 65947456.0,
      "std_dev": 31845.495712196967
    },
    "wasmtime_app": {
      "mean": 351340019.0,
      "median": 351340019.0,
      "min": 347314015.0,
      "max": 355366023.0,
      "std_dev": 5693629.45896833
    }
  },
  "strcat2": {
    "base_native": {
      "mean": 2584860.272727273,
      "median": 2585044.0,
      "min": 2558846.0,
      "max": 2613617.0,
      "std_dev": 17403.8444953459
    },
    "wasmtime_app": {
      "mean": 9429024.6,
      "median": 8512163.5,
      "min": 8488364.0,
      "max": 17654476.0,
      "std_dev": 2890190.4217875106
    }
  },
  "strchr": {
    "base_native": {
      "mean": 154661652.4,
      "median": 154614581.0,
      "min": 154403545.0,
      "max": 155054975.0,
      "std_dev": 266686.15449962905
    },