{
  "ackermann": {
    "base_native": {
      "mean": 3315679.5,
      "median": 2855191.5,
      "min": 2815269.0,
      "max": 7484695.0,
      "std_dev": 1465024.3763669562
    },
    "wasmtime_app": {
      "mean": 9013254.2,
      "median": 8343732.5,
      "min": 7978776.0,
      "max": 15339483.0,
      "std_dev": 2250785.807463686
    }
  },
  "base64": {
    "base_native": {
      "mean": 249593692.0,
      "median": 249537329.0,
      "min": 249485532.0,
      "max": 249758215.0,
      "std_dev": 144815.72928725663
    },
    "wasmtime_app": {
      "mean": 355145485.0,
      "median": 355145485.0,
      "min": 350461994.0,
      "max": 359828976.0,
      "std_dev": 6623456.491452329
    }
  },
  "ctype": {
    "base_native": {
      "mean": 654555717.5,
      "median": 654555717.5,
      "min": 654193491.0,
      "max": 654917944.0,
      "std_dev": 512265.62895093794
    },
    "wasmtime_app": {
      "mean": 942502671.0,
      "median": 942502671.0,
      "min": 942502671.0,
      "max": 942502671.0,
      "std_dev": 0.0
    }
  },
  "ed25519": {
    "base_native": {
      "mean": 1434414654.0,
      "median": 1434414654.0,
      "min": 1434414654.0,
      "max": 1434414654.0,
      "std_dev": 0.0
    },
    "wasmtime_app": {
      "mean": 6742447289.0,
      "median": 6742447289.0,
      "min": 6742447289.0,
      "max": 6742447289.0,
      "std_dev": 0.0
    }
  },
  "fib2": {
    "base_native": {
      "mean": 6957385131.0,
      "median": 6957385131.0,
      "min": 6957385131.0,
      "max": 6957385131.0,
      "std_dev": 0.0
    },
    "wasmtime_app": {
      "mean": 10678096779.0,
      "median": 10678096779.0,
      "min": 10678096779.0,
      "max": 10678096779.0,
      "std_dev": 0.0
    }
  },
  "gimli": {
    "base_native": {
      "mean": 4149481.0,
      "median": 4146171.5,
      "min": 4136584.0,
      "max": 4182106.0,
      "std_dev": 13207.974636559537
    },
    "wasmtime_app": {
      "mean": 9513794.4,
      "median": 9367757.0,
      "min": 9330858.0,
      "max": 10859607.0,
      "std_dev": 473056.241833698
    }
  },
  "heapsort": {
    "base_native": {
      "mean": 1076784178.0,
      "median": 1076784178.0,
      "min": 1076784178.0,
      "max": 1076784178.0,
      "std_dev": 0.0
    },
    "wasmtime_app": {
      "mean": 1221815820.0,
      "median": 1221815820.0,
      "min": 1221815820.0,
      "max": 1221815820.0,
      "std_dev": 0.0
    }
  },
  "keccak": {
    "base_native": {
      "mean": 7494489.1,
      "median": 7497206.5,
      "min": 7462221.0,
      "max": 7529542.0,
      "std_dev": 19376.966632519594
    },
    "wasmtime_app": {
      "mean": 22904867.9,
      "median": 21377044.0,
      "min": 21071447.0,
      "max": 37111646.0,
      "std_dev": 4997149.08304515
    }
  },
  "matrix": {
    "base_native": {
      "mean": 377936398.5,
      "median": 377936398.5,
      "min": 377912750.0,
      "max": 377960047.0,
      "std_dev": 33444.02942978014
    },
    "wasmtime_app": {
      "mean": 533633407.0,
      "median": 533633407.0,
      "min": 529560173.0,
      "max": 537706641.0,
      "std_dev": 5760422.765519211
    }
  },
  "matrix2": {
    "base_native": {
      "mean": 194385439.0,
      "median": 194402038.0,
      "min": 194291095.0,
      "max": 194446585.0,
      "std_dev": 66344.35985573052
    },
    "wasmtime_app": {
      "mean": 260269949.0,
      "median": 257726301.0,
      "min": 257679878.0,
      "max": 265403668.0,
      "std_dev": 4445991.66125545
    }
  },
  "memmove": {
    "base_native": {
      "mean": 47421742.4,
      "median": 47419660.0,
      "min": 47392537.0,
      "max": 47483506.0,
      "std_dev": 24253.238043609763
    },
    "wasmtime_app": {
      "mean": 520228077.0,
      "median": 520228077.0,
      "min": 514951228.0,
      "max": 525504926.0,
      "std_dev": 7462591.422394904
    }
  },
  "minicsv": {
    "base_native": {
      "mean": 729086015.0,
      "median": 729086015.0,
      "min": 729086015.0,
      "max": 729086015.0,
      "std_dev": 0.0
    },
    "wasmtime_app": {
      "mean": 1102802140.0,
      "median": 1102802140.0,
      "min": 1102802140.0,
      "max": 1102802140.0,
      "std_dev": 0.0
    }
  },
  "nestedloop": {
    "base_native": {
      "mean": 1581418.5454545454,
      "median": 1583973.0,
      "min": 1558075.0,
      "max": 1600322.0,
      "std_dev": 12566.911270185976
    },
    "wasmtime_app": {
      "mean": 6310234.5,
      "median": 6222601.5,
      "min": 6194690.0,
      "max": 7143993.0,
      "std_dev": 293261.62405047513
    }
  },
  "nestedloop2": {
    "base_native": {
      "mean": 1581305.0909090908,
      "median": 1588548.0,
      "min": 1557100.0,
      "max": 1594847.0,
      "std_dev": 12551.158237027732
    },
    "wasmtime_app": {
      "mean": 6302289.6,
      "median": 6219214.0,
      "min": 6189365.0,
      "max": 7067396.0,
      "std_dev": 269424.79148495436
    }
  },
  "nestedloop3": {
    "base_native": {
      "mean": 2090751.9090909092,
      "median": 2092765.0,
      "min": 2063692.0,
      "max": 2108889.0,
      "std_dev": 15305.021486130267
    },
    "wasmtime_app": {
      "mean": 6883575.6,
      "median": 6760412.0,
      "min": 6742013.0,
      "max": 7954252.0,
      "std_dev": 376580.73215305817
    }
  },
  "random": {
    "base_native": {
      "mean": 577753665.5,
      "median": 577753665.5,
      "min": 577599275.0,
      "max": 577908056.0,
      "std_dev": 218341.13900156334
    },
    "wasmtime_app": {
      "mean": 290694221.3333333,
      "median": 290429018.0,
      "min": 290402494.0,
      "max": 291251152.0,
      "std_dev": 482498.4002557245
    }
  },
  "random2": {
    "base_native": {
      "mean": 577693256.5,
      "median": 577693256.5,
      "min": 577583076.0,
      "max": 577803437.0,
      "std_dev": 155818.7574090488
    },
    "wasmtime_app": {
      "mean": 290719194.6666667,
      "median": 290427843.0,
      "min": 290398269.0,
      "max": 291331472.0,
      "std_dev": 530453.867036836
    }
  },
  "ratelimit": {
    "base_native": {
      "mean": 25935007.0,
      "median": 25932699.5,
      "min": 25914388.0,
      "max": 25973260.0,
      "std_dev": 16725.48939659332
    },
    "wasmtime_app": {
      "mean": 39073310.3,
      "median": 38353971.5,
      "min": 38336110.0,
      "max": 45580448.0,
      "std_dev": 2286393.211249546
    }
  },
  "seqhash": {
    "base_native": {
      "mean": 7128990756.0,
      "median": 7128990756.0,
      "min": 7128990756.0,
      "max": 7128990756.0,
      "std_dev": 0.0
    },
    "wasmtime_app": {
      "mean": 9683316918.0,
      "median": 9683316918.0,
      "min": 9683316918.0,
      "max": 9683316918.0,
      "std_dev": 0.0
    }
  },
  "sieve": {
    "base_native": {
      "mean": 569224499.5,
      "median": 569224499.5,
      "min": 569210813.0,
      "max": 569238186.0,
      "std_dev": 19355.633921419365
    },
    "wasmtime_app": {
      "mean": 767002638.0,
      "median": 767002638.0,
      "min": 767002638.0,
      "max": 767002638.0,
      "std_dev": 0.0
    }
  },
  "strcat": {
    "base_native": {
      "mean": 65865720.0,
      "median": 65852778.0,
      "min": 65832630.0,
      "max": 65999394.0,
      "std_dev": 47955.801956940864
    },
    "wasmtime_app": {
      "mean": 350024903.5,
      "median": 350024903.5,
      "min": 344361374.0,
      "max": 355688433.0,
      "std_dev": 8009440.2298001135
    }
  },
  "strcat2": {
    "base_native": {
      "mean": 2601671.272727273,
      "median": 2600508.0,
      "min": 2591058.0,
      "max": 2621331.0,
      "std_dev": 7991.463058675915
    },
    "wasmtime_app": {
      "mean": 9457084.6,
      "median": 8533598.0,
      "min": 8506250.0,
      "max": 17780636.0,
      "std_dev": 2924667.0889528305
    }
  },
  "strchr": {
    "base_native": {
      "mean": 155214690.2,
      "median": 155222200.0,
      "min": 155192477.0,
      "max": 155236249.0,
      "std_dev": 19351.005314970073
    },