{
  "ackermann": {
    "base_native": {
      "mean": 3157616.6,
      "median": 2854655.5,
      "min": 2822295.0,
      "max": 5943599.0,
      "std_dev": 979074.1039514152
    },
    "wasmtime_app": {
      "mean": 9272974.4,
      "median": 8714271.0,
      "min": 8323880.0,
      "max": 13549011.0,
      "std_dev": 1602774.8731448497
    }
  },
  "base64": {
    "base_native": {
      "mean": 249516688.33333334,
      "median": 249489440.0,
      "min": 249486940.0,
      "max": 249573685.0,
      "std_dev": 49376.38614088047
    },
    "wasmtime_app": {
      "mean": 363181834.0,
      "median": 363181834.0,
      "min": 355253881.0,
      "max": 371109787.0,
      "std_dev": 11211818.654456466
    }
  },
  "ctype": {
    "base_native": {
      "mean": 654438819.0,
      "median": 654438819.0,
      "min": 654095638.0,
      "max": 654782000.0,
      "std_dev": 485331.22454876115
    },
    "wasmtime_app": {
      "mean": 958528286.0,
      "median": 958528286.0,
      "min": 958528286.0,
      "max": 958528286.0,
      "std_dev": 0.0
    }
  },
  "ed25519": {
    "base_native": {
      "mean": 1433042990.0,
      "median": 1433042990.0,
      "min": 1433042990.0,
      "max": 1433042990.0,
      "std_dev": 0.0
    },
    "wasmtime_app": {
      "mean": 6739117350.0,
      "median": 6739117350.0,
      "min": 6739117350.0,
      "max": 6739117350.0,
      "std_dev": 0.0
    }
  },
  "fib2": {
    "base_native": {
      "mean": 6955975135.0,
      "median": 6955975135.0,
      "min": 6955975135.0,
      "max": 6955975135.0,
      "std_dev": 0.0
    },
    "wasmtime_app": {
      "mean": 10699204774.0,
      "median": 10699204774.0,
      "min": 10699204774.0,
      "max": 10699204774.0,
      "std_dev": 0.0
    }
  },
  "gimli": {
    "base_native": {
      "mean": 4139957.8,
      "median": 4138960.5,
      "min": 4113574.0,
      "max": 4172546.0,
      "std_dev": 15241.212577890396
    },
    "wasmtime_app": {
      "mean": 9466948.5,
      "median": 9325674.0,
      "min": 9300425.0,
      "max": 10736220.0,
      "std_dev": 446490.30537297844
    }
  },
  "heapsort": {
    "base_native": {
      "mean": 1076466088.0,
      "median": 1076466088.0,
      "min": 1076466088.0,
      "max": 1076466088.0,
      "std_dev": 0.0
    },
    "wasmtime_app": {
      "mean": 1220363057.0,
      "median": 1220363057.0,
      "min": 1220363057.0,
      "max": 1220363057.0,
      "std_dev": 0.0
    }
  },
  "keccak": {
    "base_native": {
      "mean": 7490549.3,
      "median": 7489539.0,
      "min": 7473340.0,
      "max": 7510938.0,
      "std_dev": 10577.080273980255
    },
    "wasmtime_app": {
      "mean": 22840805.0,
      "median": 21335722.5,
      "min": 21027590.0,
      "max": 36914919.0,
      "std_dev": 4946445.4387104185
    }
  },
  "matrix": {
    "base_native": {
      "mean": 377895134.5,
      "median": 377895134.5,
      "min": 377888635.0,
      "max": 377901634.0,
      "std_dev": 9191.681048643932
    },
    "wasmtime_app": {
      "mean": 533703575.5,
      "median": 533703575.5,
      "min": 529503012.0,
      "max": 537904139.0,
      "std_dev": 5940493.871309397
    }
  },
  "matrix2": {
    "base_native": {
      "mean": 194291999.25,
      "median": 194287812.0,
      "min": 194272013.0,
      "max": 194320360.0,
      "std_dev": 20595.05162856683
    },
    "wasmtime_app": {
      "mean": 260242243.0,
      "median": 257704478.0,
      "min": 257698103.0,
      "max": 265324148.0,
      "std_dev": 4401059.983904446
    }
  },
  "memmove": {
    "base_native": {
      "mean": 47339910.1,
      "median": 47335833.0,
      "min": 47318609.0,
      "max": 47365881.0,
      "std_dev": 14672.465478272938
    },
    "wasmtime_app": {
      "mean": 521466827.5,
      "median": 521466827.5,
      "min": 516586240.0,
      "max": 526347415.0,
      "std_dev": 6902193.034848598
    }
  },
  "minicsv": {
    "base_native": {
      "mean": 747091771.0,
      "median": 747091771.0,
      "min": 747091771.0,
      "max": 747091771.0,
      "std_dev": 0.0
    },
    "wasmtime_app": {
      "mean": 1103942642.0,
      "median": 1103942642.0,
      "min": 1103942642.0,
      "max": 1103942642.0,
      "std_dev": 0.0
    }
  },
  "nestedloop": {
    "base_native": {
      "mean": 1580088.1818181819,
      "median": 1584213.0,
      "min": 1551090.0,
      "max": 1604962.0,
      "std_dev": 20488.477521856923
    },
    "wasmtime_app": {
      "mean": 6276403.5,
      "median": 6191738.5,
      "min": 6140129.0,
      "max": 7162621.0,
      "std_dev": 312130.6932126171
    }
  },
  "nestedloop2": {
    "base_native": {
      "mean": 1593137.1818181819,
      "median": 1581413.0,
      "min": 1562614.0,
      "max": 1667658.0,
      "std_dev": 32269.35904792093
    },
    "wasmtime_app": {
      "mean": 6281173.1,
      "median": 6189176.0,
      "min": 6174302.0,
      "max": 7061652.0,
      "std_dev": 274923.14276638196
    }
  },
  "nestedloop3": {
    "base_native": {
      "mean": 2094966.6363636365,
      "median": 2092110.0,
      "min": 2060987.0,
      "max": 2127358.0,
      "std_dev": 21350.79519958321
    },
    "wasmtime_app": {
      "mean": 6852173.4,
      "median": 6729545.0,
      "min": 6720696.0,
      "max": 7952726.0,
      "std_dev": 386751.2779693602
    }
  },
  "random": {
    "base_native": {
      "mean": 577579139.5,
      "median": 577579139.5,
      "min": 577554778.0,
      "max": 577603501.0,
      "std_dev": 34452.36369975215
    },
    "wasmtime_app": {
      "mean": 290683503.0,
      "median": 290402735.0,
      "min": 290379662.0,
      "max": 291268112.0,
      "std_dev": 506417.66654906503
    }
  },
  "random2": {
    "base_native": {
      "mean": 577636011.5,
      "median": 577636011.5,
      "min": 577556728.0,
      "max": 577715295.0,
      "std_dev": 112123.80097240728
    },
    "wasmtime_app": {
      "mean": 290687819.3333333,
      "median": 290406310.0,
      "min": 290377162.0,
      "max": 291279986.0,
      "std_dev": 513038.4218646137
    }
  },
  "ratelimit": {
    "base_native": {
      "mean": 25929619.9,
      "median": 25924817.5,
      "min": 25913506.0,
      "max": 25968528.0,
      "std_dev": 16311.255612476789
    },
    "wasmtime_app": {
      "mean": 39053866.3,
      "median": 38333289.5,
      "min": 38305141.0,
      "max": 45579906.0,
      "std_dev": 2293044.333168708
    }
  },
  "seqhash": {
    "base_native": {
      "mean": 7138791301.0,
      "median": 7138791301.0,
      "min": 7138791301.0,
      "max": 7138791301.0,
      "std_dev": 0.0
    },
    "wasmtime_app": {
      "mean": 9678831147.0,
      "median": 9678831147.0,
      "min": 9678831147.0,
      "max": 9678831147.0,
      "std_dev": 0.0
    }
  },
  "sieve": {
    "base_native": {
      "mean": 569251970.5,
      "median": 569251970.5,
      "min": 569229809.0,
      "max": 569274132.0,
      "std_dev": 31341.093862531347
    },
    "wasmtime_app": {
      "mean": 766703071.0,
      "median": 766703071.0,
      "min": 766703071.0,
      "max": 766703071.0,
      "std_dev": 0.0
    }
  },
  "strcat": {
    "base_native": {
      "mean": 65859548.6,
      "median": 65848769.0,
      "min": 65819646.0,
      "max": 65929315.0,
      "std_dev": 29654.53864906498
    },
    "wasmtime_app": {
      "mean": 351211209.0,
      "median": 351211209.0,
      "min": 347217434.0,
      "max": 355204984.0,
      "std_dev": 5648050.770066608
    }
  },
  "strcat2": {
    "base_native": {
      "mean": 2599161.727272727,
      "median": 2597207.0,
      "min": 2587058.0,
      "max": 2613206.0,
      "std_dev": 9089.289071109017
    },
    "wasmtime_app": {
      "mean": 9439010.1,
      "median": 8514307.0,
      "min": 8469872.0,
      "max": 17745700.0,
      "std_dev": 2918902.6895827916
    }
  },
  "strchr": {
    "base_native": {
      "mean": 155201967.2,
      "median": 155199502.0,
      "min": 155192978.0,
      "max": 155221101.0,
      "std_dev": 11409.911511488599
    },