{
  "ackermann": {
    "base_native": {
      "mean": 3155541.7,
      "median": 2845876.5,
      "min": 2810266.0,
      "max": 5847620.0,
      "std_dev": 947485.4569905956
    },
    "wasmtime_app": {
      "mean": 9010064.9,
      "median": 8646535.5,
      "min": 7949650.0,
      "max": 12315128.0,
      "std_dev": 1336963.8705476134
    }
  },
  "base64": {
    "base_native": {
      "mean": 249525486.66666666,
      "median": 249505096.0,
      "min": 249495372.0,
      "max": 249575992.0,
      "std_dev": 44008.30109574026
    },
    "wasmtime_app": {
      "mean": 355132833.0,
      "median": 355132833.0,
      "min": 350519944.0,
      "max": 359745722.0,
      "std_dev": 6523610.185521664
    }
  },
  "ctype": {
    "base_native": {
      "mean": 654903387.0,
      "median": 654903387.0,
      "min": 654549782.0,
      "max": 655256992.0,
      "std_dev": 500072.98672293825
    },
    "wasmtime_app": {
      "mean": 984156946.0,
      "median": 984156946.0,
      "min": 984156946.0,
      "max": 984156946.0,
      "std_dev": 0.0
    }
  },
  "ed25519": {
    "base_native": {
      "mean": 1433217224.0,
      "median": 1433217224.0,
      "min": 1433217224.0,
      "max": 1433217224.0,
      "std_dev": 0.0
    },
    "wasmtime_app": {
      "mean": 6770216624.0,
      "median": 6770216624.0,
      "min": 6770216624.0,
      "max": 6770216624.0,
      "std_dev": 0.0
    }
  },
  "fib2": {
    "base_native": {
      "mean": 6955946231.0,
      "median": 6955946231.0,
      "min": 6955946231.0,
      "max": 6955946231.0,
      "std_dev": 0.0
    },
    "wasmtime_app": {
      "mean": 10674818247.0,
      "median": 10674818247.0,
      "min": 10674818247.0,
      "max": 10674818247.0,
      "std_dev": 0.0
    }
  },
  "gimli": {
    "base_native": {
      "mean": 4144053.4,
      "median": 4139391.0,
      "min": 4123492.0,
      "max": 4194213.0,
      "std_dev": 19309.349486712388
    },
    "wasmtime_app": {
      "mean": 9525583.1,
      "median": 9381806.5,
      "min": 9342421.0,
      "max": 10844161.0,
      "std_dev": 463765.85748760233
    }
  },
  "heapsort": {
    "base_native": {
      "mean": 1076275453.0,
      "median": 1076275453.0,
      "min": 1076275453.0,
      "max": 1076275453.0,
      "std_dev": 0.0
    },
    "wasmtime_app": {
      "mean": 1220505399.0,
      "median": 1220505399.0,
      "min": 1220505399.0,
      "max": 1220505399.0,
      "std_dev": 0.0
    }
  },
  "keccak": {
    "base_native": {
      "mean": 7488442.6,
      "median": 7492215.0,
      "min": 7468779.0,
      "max": 7501002.0,
      "std_dev": 9837.987172181105
    },
    "wasmtime_app": {
      "mean": 22868173.1,
      "median": 21256459.0,
      "min": 21060333.0,
      "max": 37128799.0,
      "std_dev": 5013303.251749964
    }
  },
  "matrix": {
    "base_native": {
      "mean": 378487606.0,
      "median": 378487606.0,
      "min": 377896889.0,
      "max": 379078323.0,
      "std_dev": 835399.9929243476
    },
    "wasmtime_app": {
      "mean": 533989039.5,
      "median": 533989039.5,
      "min": 529614462.0,
      "max": 538363617.0,
      "std_dev": 6186586.830152188
    }
  },
  "matrix2": {
    "base_native": {
      "mean": 194265082.75,
      "median": 194262583.0,
      "min": 194252333.0,
      "max": 194282832.0,
      "std_dev": 12841.868383663388
    },
    "wasmtime_app": {
      "mean": 260560900.0,
      "median": 257950131.0,
      "min": 257788715.0,
      "max": 265943854.0,
      "std_dev": 4662473.496530677
    }
  },
  "memmove": {
    "base_native": {
      "mean": 47336778.3,
      "median": 47332883.5,
      "min": 47326484.0,
      "max": 47372931.0,
      "std_dev": 13776.252869420705
    },
    "wasmtime_app": {
      "mean": 520836008.5,
      "median": 520836008.5,
      "min": 516476630.0,
      "max": 525195387.0,
      "std_dev": 6165092.19821768
    }
  },
  "minicsv": {
    "base_native": {
      "mean": 761697847.0,
      "median": 761697847.0,
      "min": 761697847.0,
      "max": 761697847.0,
      "std_dev": 0.0
    },
    "wasmtime_app": {
      "mean": 1106729836.0,
      "median": 1106729836.0,
      "min": 1106729836.0,
      "max": 1106729836.0,
      "std_dev": 0.0
    }
  },
  "nestedloop": {
    "base_native": {
      "mean": 1582235.3636363635,
      "median": 1585085.0,
      "min": 1557112.0,
      "max": 1596235.0,
      "std_dev": 11788.370135627125
    },
    "wasmtime_app": {
      "mean": 6307260.2,
      "median": 6227059.5,
      "min": 6185475.0,
      "max": 7098673.0,
      "std_dev": 278627.204233263
    }
  },
  "nestedloop2": {
    "base_native": {
      "mean": 1581833.1818181819,
      "median": 1588085.0,
      "min": 1555137.0,
      "max": 1609509.0,
      "std_dev": 18761.575364655186
    },
    "wasmtime_app": {
      "mean": 6296833.2,
      "median": 6210935.5,
      "min": 6180950.0,
      "max": 7054700.0,
      "std_dev": 267337.56402088766
    }
  },
  "nestedloop3": {
    "base_native": {
      "mean": 2096808.7272727273,
      "median": 2094382.0,
      "min": 2059908.0,
      "max": 2141029.0,
      "std_dev": 19653.237789692106
    },
    "wasmtime_app": {
      "mean": 6852914.3,
      "median": 6740305.5,
      "min": 6713720.0,
      "max": 7930201.0,
      "std_dev": 378881.9495996815
    }
  },
  "random": {
    "base_native": {
      "mean": 577580229.5,
      "median": 577580229.5,
      "min": 577562768.0,
      "max": 577597691.0,
      "std_dev": 24694.290119377798
    },
    "wasmtime_app": {
      "mean": 290760658.3333333,
      "median": 290516389.0,
      "min": 290439143.0,
      "max": 291326443.0,
      "std_dev": 491503.7669289355
    }
  },
  "random2": {
    "base_native": {
      "mean": 577636626.5,
      "median": 577636626.5,
      "min": 577582392.0,
      "max": 577690861.0,
      "std_dev": 76699.16544852362
    },
    "wasmtime_app": {
      "mean": 290722527.0,
      "median": 290467016.0,
      "min": 290407920.0,
      "max": 291292645.0,
      "std_dev": 494620.0407858541
    }
  },
  "ratelimit": {
    "base_native": {
      "mean": 25932911.4,
      "median": 25931539.0,
      "min": 25916015.0,
      "max": 25967012.0,
      "std_dev": 14361.391778731693
    },
    "wasmtime_app": {
      "mean": 39089585.4,
      "median": 38367716.5,
      "min": 38350255.0,
      "max": 45562122.0,
      "std_dev": 2274272.8962199083
    }
  },
  "seqhash": {
    "base_native": {
      "mean": 7136159730.0,
      "median": 7136159730.0,
      "min": 7136159730.0,
      "max": 7136159730.0,
      "std_dev": 0.0
    },
    "wasmtime_app": {
      "mean": 9700847749.0,
      "median": 9700847749.0,
      "min": 9700847749.0,
      "max": 9700847749.0,
      "std_dev": 0.0
    }
  },
  "sieve": {
    "base_native": {
      "mean": 569207226.5,
      "median": 569207226.5,
      "min": 569118869.0,
      "max": 569295584.0,
      "std_dev": 124956.37483738075
    },
    "wasmtime_app": {
      "mean": 767055153.0,
      "median": 767055153.0,
      "min": 767055153.0,
      "max": 767055153.0,
      "std_dev": 0.0
    }
  },
  "strcat": {
    "base_native": {
      "mean": 65863637.2,
      "median": 65854090.0,
      "min": 65837741.0,
      "max": 65951135.0,
      "std_dev": 33017.62807888471
    },
    "wasmtime_app": {
      "mean": 352750867.5,
      "median": 352750867.5,
      "min": 350200712.0,
      "max": 355301023.0,
      "std_dev": 3606464.4942603414
    }
  },
  "strcat2": {
    "base_native": {
      "mean": 2591846.727272727,
      "median": 2588979.0,
      "min": 2578129.0,
      "max": 2622277.0,
      "std_dev": 13692.20600261995
    },
    "wasmtime_app": {
      "mean": 9417924.2,
      "median": 8501093.5,
      "min": 8463796.0,
      "max": 17617303.0,
      "std_dev": 2881127.510975436
    }
  },
  "strchr": {
    "base_native": {
      "mean": 155207312.4,
      "median": 155200858.0,
      "min": 155166035.0,
      "max": 155263904.0,
      "std_dev": 35420.8178519356
    },