{
  "ackermann": {
    "base_native": {
      "mean": 3471712.9,
      "median": 3030280.5,
      "min": 2998420.0,
      "max": 7505963.0,
      "std_dev": 1417564.792071048
    },
    "wasmtime_app": {
      "mean": 9191541.2,
      "median": 8949858.0,
      "min": 8196890.0,
      "max": 12734872.0,
      "std_dev": 1341048.8777559153
    }
  },
  "base64": {
    "base_native": {
      "mean": 264400932.33333334,
      "median": 265889347.0,
      "min": 261369581.0,
      "max": 265943869.0,
      "std_dev": 2625368.801082494
    },
    "wasmtime_app": {
      "mean": 366238817.0,
      "median": 366238817.0,
      "min": 361305046.0,
      "max": 371172588.0,
      "std_dev": 6977405.861843067
    }
  },
  "ctype": {
    "base_native": {
      "mean": 659232656.0,
      "median": 659232656.0,
      "min": 653643512.0,
      "max": 664821800.0,
      "std_dev": 7904243.24685621
    },
    "wasmtime_app": {
      "mean": 910668529.0,
      "median": 910668529.0,
      "min": 910668529.0,
      "max": 910668529.0,
      "std_dev": 0.0
    }
  },
  "ed25519": {
    "base_native": {
      "mean": 1433032303.0,
      "median": 1433032303.0,
      "min": 1433032303.0,
      "max": 1433032303.0,
      "std_dev": 0.0
    },
    "wasmtime_app": {
      "mean": 6738259068.0,
      "median": 6738259068.0,
      "min": 6738259068.0,
      "max": 6738259068.0,
      "std_dev": 0.0
    }
  },
  "fib2": {
    "base_native": {
      "mean": 6955754341.0,
      "median": 6955754341.0,
      "min": 6955754341.0,
      "max": 6955754341.0,
      "std_dev": 0.0
    },
    "wasmtime_app": {
      "mean": 10676465095.0,
      "median": 10676465095.0,
      "min": 10676465095.0,
      "max": 10676465095.0,
      "std_dev": 0.0
    }
  },
  "gimli": {
    "base_native": {
      "mean": 4139894.6,
      "median": 4138442.0,
      "min": 4106620.0,
      "max": 4161091.0,
      "std_dev": 14109.679571131303
    },
    "wasmtime_app": {
      "mean": 9524971.6,
      "median": 9387545.0,
      "min": 9336773.0,
      "max": 10854308.0,
      "std_dev": 467575.03611843474
    }
  },
  "heapsort": {
    "base_native": {
      "mean": 1076367618.0,
      "median": 1076367618.0,
      "min": 1076367618.0,
      "max": 1076367618.0,
      "std_dev": 0.0
    },
    "wasmtime_app": {
      "mean": 1220394449.0,
      "median": 1220394449.0,
      "min": 1220394449.0,
      "max": 1220394449.0,
      "std_dev": 0.0
    }
  },
  "keccak": {
    "base_native": {
      "mean": 7477249.6,
      "median": 7479252.0,
      "min": 7461066.0,
      "max": 7490239.0,
      "std_dev": 8429.514513501554
    },
    "wasmtime_app": {
      "mean": 22912922.7,
      "median": 21346012.5,
      "min": 21161349.0,
      "max": 37125605.0,
      "std_dev": 4996210.82248302
    }
  },
  "matrix": {
    "base_native": {
      "mean": 377858389.0,
      "median": 377858389.0,
      "min": 377857739.0,
      "max": 377859039.0,
      "std_dev": 919.2388155425118
    },
    "wasmtime_app": {
      "mean": 533540130.0,
      "median": 533540130.0,
      "min": 529388813.0,
      "max": 537691447.0,
      "std_dev": 5870848.8031099895
    }
  },
  "matrix2": {
    "base_native": {
      "mean": 194258993.25,
      "median": 194253693.5,
      "min": 194243807.0,
      "max": 194284779.0,
      "std_dev": 17811.088351080627
    },
    "wasmtime_app": {
      "mean": 260300590.66666666,
      "median": 257884884.0,
      "min": 257686120.0,
      "max": 265330768.0,
      "std_dev": 4357394.839294384
    }
  },
  "memmove": {
    "base_native": {
      "mean": 47328210.5,
      "median": 47329035.5,
      "min": 47315674.0,
      "max": 47336672.0,
      "std_dev": 7219.864699409385
    },
    "wasmtime_app": {
      "mean": 521199346.5,
      "median": 521199346.5,
      "min": 516638991.0,
      "max": 525759702.0,
      "std_dev": 6449316.597342737
    }
  },
  "minicsv": {
    "base_native": {
      "mean": 733743702.0,
      "median": 733743702.0,
      "min": 733743702.0,
      "max": 733743702.0,
      "std_dev": 0.0
    },
    "wasmtime_app": {
      "mean": 1110729305.0,
      "median": 1110729305.0,
      "min": 1110729305.0,
      "max": 1110729305.0,
      "std_dev": 0.0
    }
  },
  "nestedloop": {
    "base_native": {
      "mean": 1578221.3636363635,
      "median": 1581842.0,
      "min": 1555243.0,
      "max": 1605240.0,
      "std_dev": 18340.563804162222
    },
    "wasmtime_app": {
      "mean": 6292002.7,
      "median": 6208233.0,
      "min": 6183109.0,
      "max": 7081756.0,
      "std_dev": 277715.77740522573
    }
  },
  "nestedloop2": {
    "base_native": {
      "mean": 1599679.1818181819,
      "median": 1596591.0,
      "min": 1566393.0,
      "max": 1651887.0,
      "std_dev": 32053.15209715944
    },
    "wasmtime_app": {
      "mean": 6275643.7,
      "median": 6187484.0,
      "min": 6142012.0,
      "max": 7072132.0,
      "std_dev": 280860.2380746418
    }
  },
  "nestedloop3": {
    "base_native": {
      "mean": 2095906.5454545454,
      "median": 2091907.0,
      "min": 2087257.0,
      "max": 2120155.0,
      "std_dev": 10904.134797072496
    },
    "wasmtime_app": {
      "mean": 6849887.2,
      "median": 6739076.0,
      "min": 6695804.0,
      "max": 7897308.0,
      "std_dev": 368846.6725962007
    }
  },
  "random": {
    "base_native": {
      "mean": 577565974.0,
      "median": 577565974.0,
      "min": 577562774.0,
      "max": 577569174.0,
      "std_dev": 4525.483399593904
    },
    "wasmtime_app": {
      "mean": 290693286.0,
      "median": 290428660.0,
      "min": 290412211.0,
      "max": 291238987.0,
      "std_dev": 472662.4889400469
    }
  },
  "random2": {
    "base_native": {
      "mean": 577673004.0,
      "median": 577673004.0,
      "min": 577574373.0,
      "max": 577771635.0,
      "std_dev": 139485.29787042073
    },
    "wasmtime_app": {
      "mean": 290689411.6666667,
      "median": 290399037.0,
      "min": 290386713.0,
      "max": 291282485.0,
      "std_dev": 513653.5352524436
    }
  },
  "ratelimit": {
    "base_native": {
      "mean": 25922407.2,
      "median": 25921169.5,
      "min": 25901984.0,
      "max": 25948755.0,
      "std_dev": 13466.383914523354
    },
    "wasmtime_app": {
      "mean": 39068247.9,
      "median": 38346533.0,
      "min": 38326459.0,
      "max": 45603579.0,
      "std_dev": 2296312.5108626974
    }
  },
  "seqhash": {
    "base_native": {
      "mean": 7130530351.0,
      "median": 7130530351.0,
      "min": 7130530351.0,
      "max": 7130530351.0,
      "std_dev": 0.0
    },
    "wasmtime_app": {
      "mean": 9683660870.0,
      "median": 9683660870.0,
      "min": 9683660870.0,
      "max": 9683660870.0,
      "std_dev": 0.0
    }
  },
  "sieve": {
    "base_native": {
      "mean": 569158810.0,
      "median": 569158810.0,
      "min": 569136274.0,
      "max": 569181346.0,
      "std_dev": 31870.71684164007
    },
    "wasmtime_app": {
      "mean": 766507049.0,
      "median": 766507049.0,
      "min": 766507049.0,
      "max": 766507049.0,
      "std_dev": 0.0
    }
  },
  "strcat": {
    "base_native": {
      "mean": 65850545.1,
      "median": 65843585.5,
      "min": 65817287.0,
      "max": 65933454.0,
      "std_dev": 32957.756768492465
    },
    "wasmtime_app": {
      "mean": 351170907.5,
      "median": 351170907.5,
      "min": 347196455.0,
      "max": 355145360.0,
      "std_dev": 5620724.628507653
    }
  },
  "strcat2": {
    "base_native": {
      "mean": 2600465.4545454546,
      "median": 2596722.0,
      "min": 2576199.0,
      "max": 2631045.0,
      "std_dev": 17481.22856302518
    },
    "wasmtime_app": {
      "mean": 9368483.4,
      "median": 8459724.5,
      "min": 8425877.0,
      "max": 17564036.0,
      "std_dev": 2879704.7138524926
    }
  },
  "strchr": {
    "base_native": {
      "mean": 154597884.6,
      "median": 154603709.0,
      "min": 154561687.0,
      "max": 154641032.0,
      "std_dev": 30218.369269369912
    },