{
  "ackermann": {
    "base_native": {
      "mean": 3171967.0,
      "median": 2940287.5,
      "min": 2908827.0,
      "max": 5322089.0,
      "std_dev": 755609.7230027034
    },
    "wasmtime_app": {
      "mean": 10009687.4,
      "median": 8862939.0,
      "min": 8455845.0,
      "max": 19998051.0,
      "std_dev": 3545917.3918996914
    }
  },
  "base64": {
    "base_native": {
      "mean": 255658397.0,
      "median": 257456475.0,
      "min": 252029968.0,
      "max": 257488748.0,
      "std_dev": 3142353.1218917775
    },
    "wasmtime_app": {
      "mean": 377922958.5,
      "median": 377922958.5,
      "min": 372555612.0,
      "max": 383290305.0,
      "std_dev": 7590574.214255763
    }
  },
  "ctype": {
    "base_native": {
      "mean": 653677971.5,
      "median": 653677971.5,
      "min": 653649023.0,
      "max": 653706920.0,
      "std_dev": 40939.36131035754
    },
    "wasmtime_app": {
      "mean": 939788280.0,
      "median": 939788280.0,
      "min": 939788280.0,
      "max": 939788280.0,
      "std_dev": 0.0
    }
  },
  "ed25519": {
    "base_native": {
      "mean": 1433081447.0,
      "median": 1433081447.0,
      "min": 1433081447.0,
      "max": 1433081447.0,
      "std_dev": 0.0
    },
    "wasmtime_app": {
      "mean": 6830009636.0,
      "median": 6830009636.0,
      "min": 6830009636.0,
      "max": 6830009636.0,
      "std_dev": 0.0
    }
  },
  "fib2": {
    "base_native": {
      "mean": 6955759623.0,
      "median": 6955759623.0,
      "min": 6955759623.0,
      "max": 6955759623.0,
      "std_dev": 0.0
    },
    "wasmtime_app": {
      "mean": 10707104058.0,
      "median": 10707104058.0,
      "min": 10707104058.0,
      "max": 10707104058.0,
      "std_dev": 0.0
    }
  },
  "gimli": {
    "base_native": {
      "mean": 4149130.8,
      "median": 4148593.0,
      "min": 4134744.0,
      "max": 4174492.0,
      "std_dev": 11428.583520668206
    },
    "wasmtime_app": {
      "mean": 9494170.6,
      "median": 9357216.5,
      "min": 9324181.0,
      "max": 10767291.0,
      "std_dev": 447606.7012265716
    }
  },
  "heapsort": {
    "base_native": {
      "mean": 1076365649.0,
      "median": 1076365649.0,
      "min": 1076365649.0,
      "max": 1076365649.0,
      "std_dev": 0.0
    },
    "wasmtime_app": {
      "mean": 1220327951.0,
      "median": 1220327951.0,
      "min": 1220327951.0,
      "max": 1220327951.0,
      "std_dev": 0.0
    }
  },
  "keccak": {
    "base_native": {
      "mean": 7480427.6,
      "median": 7477755.5,
      "min": 7466268.0,
      "max": 7496341.0,
      "std_dev": 9554.012736948689
    },
    "wasmtime_app": {
      "mean": 22892808.5,
      "median": 21321179.0,
      "min": 20994756.0,
      "max": 37357171.0,
      "std_dev": 5086105.012732047
    }
  },
  "matrix": {
    "base_native": {
      "mean": 377870202.0,
      "median": 377870202.0,
      "min": 377861540.0,
      "max": 377878864.0,
      "std_dev": 12249.91787727575
    },
    "wasmtime_app": {
      "mean": 533564154.0,
      "median": 533564154.0,
      "min": 529380167.0,
      "max": 537748141.0,
      "std_dev": 5917051.160192719
    }
  },
  "matrix2": {
    "base_native": {
      "mean": 194265708.0,
      "median": 194264545.5,
      "min": 194239810.0,
      "max": 194293931.0,
      "std_dev": 22137.805205876513
    },
    "wasmtime_app": {
      "mean": 260737927.33333334,
      "median": 259325299.0,
      "min": 257629675.0,
      "max": 265258808.0,
      "std_dev": 4005940.175417543
    }
  },
  "memmove": {
    "base_native": {
      "mean": 47335648.8,
      "median": 47332779.0,
      "min": 47320317.0,
      "max": 47354565.0,
      "std_dev": 10416.21744951379
    },
    "wasmtime_app": {
      "mean": 520383171.0,
      "median": 520383171.0,
      "min": 515215378.0,
      "max": 525550964.0,
      "std_dev": 7308362.948136744
    }
  },
  "minicsv": {
    "base_native": {
      "mean": 721244342.0,
      "median": 721244342.0,
      "min": 721244342.0,
      "max": 721244342.0,
      "std_dev": 0.0
    },
    "wasmtime_app": {
      "mean": 1111052810.0,
      "median": 1111052810.0,
      "min": 1111052810.0,
      "max": 1111052810.0,
      "std_dev": 0.0
    }
  },
  "nestedloop": {
    "base_native": {
      "mean": 1590432.7272727273,
      "median": 1570443.0,
      "min": 1562319.0,
      "max": 1650888.0,
      "std_dev": 30844.72677489917
    },
    "wasmtime_app": {
      "mean": 6258615.9,
      "median": 6174109.5,
      "min": 6134724.0,
      "max": 7092206.0,
      "std_dev": 293356.3365584403
    }
  },
  "nestedloop2": {
    "base_native": {
      "mean": 1605168.0909090908,
      "median": 1608490.0,
      "min": 1561269.0,
      "max": 1735282.0,
      "std_dev": 51114.67607342248
    },
    "wasmtime_app": {
      "mean": 6281407.4,
      "median": 6196271.0,
      "min": 6166522.0,
      "max": 7032859.0,
      "std_dev": 264854.9111676051
    }
  },
  "nestedloop3": {
    "base_native": {
      "mean": 2095639.3636363635,
      "median": 2085083.0,
      "min": 2066209.0,
      "max": 2173177.0,
      "std_dev": 30229.472083623055
    },
    "wasmtime_app": {
      "mean": 6846836.7,
      "median": 6726447.0,
      "min": 6671875.0,
      "max": 7946942.0,
      "std_dev": 387583.5296182546
    }
  },
  "random": {
    "base_native": {
      "mean": 577546093.5,
      "median": 577546093.5,
      "min": 577545406.0,
      "max": 577546781.0,
      "std_dev": 972.2718241315029
    },
    "wasmtime_app": {
      "mean": 290679074.0,
      "median": 290428277.0,
      "min": 290381304.0,
      "max": 291227641.0,
      "std_dev": 475653.16229265206
    }
  },
  "random2": {
    "base_native": {
      "mean": 577719582.0,
      "median": 577719582.0,
      "min": 577597603.0,
      "max": 577841561.0,
      "std_dev": 172504.35612470776
    },
    "wasmtime_app": {
      "mean": 290687365.3333333,
      "median": 290385379.0,
      "min": 290364580.0,
      "max": 291312137.0,
      "std_dev": 541168.0665027578
    }
  },
  "ratelimit": {
    "base_native": {
      "mean": 25925794.9,
      "median": 25923267.5,
      "min": 25908469.0,
      "max": 25953441.0,
      "std_dev": 14715.653422650168
    },
    "wasmtime_app": {
      "mean": 39020551.5,
      "median": 38305153.5,
      "min": 38265555.0,
      "max": 45497906.0,
      "std_dev": 2276008.401576626
    }
  },
  "seqhash": {
    "base_native": {
      "mean": 7104932363.0,
      "median": 7104932363.0,
      "min": 7104932363.0,
      "max": 7104932363.0,
      "std_dev": 0.0
    },
    "wasmtime_app": {
      "mean": 9672171302.0,
      "median": 9672171302.0,
      "min": 9672171302.0,
      "max": 9672171302.0,
      "std_dev": 0.0
    }
  },
  "sieve": {
    "base_native": {
      "mean": 569218958.0,
      "median": 569218958.0,
      "min": 569216021.0,
      "max": 569221895.0,
      "std_dev": 4153.54523268978
    },
    "wasmtime_app": {
      "mean": 766371770.0,
      "median": 766371770.0,
      "min": 766371770.0,
      "max": 766371770.0,
      "std_dev": 0.0
    }
  },
  "strcat": {
    "base_native": {
      "mean": 65838659.8,
      "median": 65834000.0,
      "min": 65801890.0,
      "max": 65939905.0,
      "std_dev": 39267.412490936214
    },
    "wasmtime_app": {
      "mean": 350325123.5,
      "median": 350325123.5,
      "min": 347188477.0,
      "max": 353461770.0,
      "std_dev": 4435888.0206701
    }
  },
  "strcat2": {
    "base_native": {
      "mean": 2589187.5454545454,
      "median": 2584374.0,
      "min": 2569250.0,
      "max": 2617747.0,
      "std_dev": 15754.739422558763
    },
    "wasmtime_app": {
      "mean": 9341112.3,
      "median": 8466044.0,
      "min": 8328475.0,
      "max": 17494764.0,
      "std_dev": 2865535.0828109668
    }
  },
  "strchr": {
    "base_native": {
      "mean": 154639398.6,
      "median": 154585372.0,
      "min": 154577548.0,
      "max": 154852579.0,
      "std_dev": 119505.41236613512
    },