{
  "ackermann": {
    "base_native": {
      "mean": 3513021.2,
      "median": 2937635.5,
      "min": 2906400.0,
      "max": 8775548.0,
      "std_dev": 1849123.6646661577
    },
    "wasmtime_app": {
      "mean": 8994197.4,
      "median": 8374087.5,
      "min": 8328553.0,
      "max": 13279963.0,
      "std_dev": 1535162.882028643
    }
  },
  "base64": {
    "base_native": {
      "mean": 257177640.66666666,
      "median": 257420687.0,
      "min": 256587504.0,
      "max": 257524731.0,
      "std_dev": 513714.1739258645
    },
    "wasmtime_app": {
      "mean": 370237754.5,
      "median": 370237754.5,
      "min": 363295493.0,
      "max": 377180016.0,
      "std_dev": 9817840.366840586
    }
  },
  "ctype": {
    "base_native": {
      "mean": 654038803.0,
      "median": 654038803.0,
      "min": 653715082.0,
      "max": 654362524.0,
      "std_dev": 457810.6286249807
    },
    "wasmtime_app": {
      "mean": 963847055.0,
      "median": 963847055.0,
      "min": 963847055.0,
      "max": 963847055.0,
      "std_dev": 0.0
    }
  },
  "ed25519": {
    "base_native": {
      "mean": 1433155124.0,
      "median": 1433155124.0,
      "min": 1433155124.0,
      "max": 1433155124.0,
      "std_dev": 0.0
    },
    "wasmtime_app": {
      "mean": 6750086925.0,
      "median": 6750086925.0,
      "min": 6750086925.0,
      "max": 6750086925.0,
      "std_dev": 0.0
    }
  },
  "fib2": {
    "base_native": {
      "mean": 6956062984.0,
      "median": 6956062984.0,
      "min": 6956062984.0,
      "max": 6956062984.0,
      "std_dev": 0.0
    },
    "wasmtime_app": {
      "mean": 10705018343.0,
      "median": 10705018343.0,
      "min": 10705018343.0,
      "max": 10705018343.0,
      "std_dev": 0.0
    }
  },
  "gimli": {
    "base_native": {
      "mean": 4149228.5,
      "median": 4149761.0,
      "min": 4129337.0,
      "max": 4162860.0,
      "std_dev": 10609.077174759357
    },
    "wasmtime_app": {
      "mean": 9493780.3,
      "median": 9346795.5,
      "min": 9300861.0,
      "max": 10827206.0,
      "std_dev": 469328.97993247287
    }
  },
  "heapsort": {
    "base_native": {
      "mean": 1076387596.0,
      "median": 1076387596.0,
      "min": 1076387596.0,
      "max": 1076387596.0,
      "std_dev": 0.0
    },
    "wasmtime_app": {
      "mean": 1220525916.0,
      "median": 1220525916.0,
      "min": 1220525916.0,
      "max": 1220525916.0,
      "std_dev": 0.0
    }
  },
  "keccak": {
    "base_native": {
      "mean": 7489564.4,
      "median": 7485727.0,
      "min": 7465116.0,
      "max": 7517638.0,
      "std_dev": 16515.36156431339
    },
    "wasmtime_app": {
      "mean": 22870725.1,
      "median": 21313074.5,
      "min": 21012333.0,
      "max": 37083905.0,
      "std_dev": 4995787.885074885
    }
  },
  "matrix": {
    "base_native": {
      "mean": 377882942.0,
      "median": 377882942.0,
      "min": 377878842.0,
      "max": 377887042.0,
      "std_dev": 5798.27560572969
    },
    "wasmtime_app": {
      "mean": 533606631.0,
      "median": 533606631.0,
      "min": 529367697.0,
      "max": 537845565.0,
      "std_dev": 5994757.952804433
    }
  },
  "matrix2": {
    "base_native": {
      "mean": 194281733.5,
      "median": 194282008.5,
      "min": 194259785.0,
      "max": 194303132.0,
      "std_dev": 17915.513807870542
    },
    "wasmtime_app": {
      "mean": 260158621.0,
      "median": 257647743.0,
      "min": 257595472.0,
      "max": 265232648.0,
      "std_dev": 4394314.003562672
    }
  },
  "memmove": {
    "base_native": {
      "mean": 47337092.6,
      "median": 47335477.5,
      "min": 47314716.0,
      "max": 47366264.0,
      "std_dev": 18241.922609442485
    },
    "wasmtime_app": {
      "mean": 520462320.0,
      "median": 520462320.0,
      "min": 515896946.0,
      "max": 525027694.0,
      "std_dev": 6456413.8281055065
    }
  },
  "minicsv": {
    "base_native": {
      "mean": 727414842.0,
      "median": 727414842.0,
      "min": 727414842.0,
      "max": 727414842.0,
      "std_dev": 0.0
    },
    "wasmtime_app": {
      "mean": 1106358626.0,
      "median": 1106358626.0,
      "min": 1106358626.0,
      "max": 1106358626.0,
      "std_dev": 0.0
    }
  },
  "nestedloop": {
    "base_native": {
      "mean": 1575277.3636363635,
      "median": 1577868.0,
      "min": 1549695.0,
      "max": 1623841.0,
      "std_dev": 20125.989164623574
    },
    "wasmtime_app": {
      "mean": 6309769.1,
      "median": 6216248.0,
      "min": 6170251.0,
      "max": 7182107.0,
      "std_dev": 308890.3486217327
    }
  },
  "nestedloop2": {
    "base_native": {
      "mean": 1579386.4545454546,
      "median": 1581543.0,
      "min": 1558394.0,
      "max": 1607592.0,
      "std_dev": 16794.13263829744
    },
    "wasmtime_app": {
      "mean": 6315693.6,
      "median": 6210035.5,
      "min": 6162227.0,
      "max": 7352170.0,
      "std_dev": 365758.8143654839
    }
  },
  "nestedloop3": {
    "base_native": {
      "mean": 2086592.1818181819,
      "median": 2081817.0,
      "min": 2058894.0,
      "max": 2109741.0,
      "std_dev": 14288.011609864976
    },
    "wasmtime_app": {
      "mean": 6867368.2,
      "median": 6755773.5,
      "min": 6712439.0,
      "max": 7914356.0,
      "std_dev": 368145.3037323413
    }
  },
  "random": {
    "base_native": {
      "mean": 577699304.0,
      "median": 577699304.0,
      "min": 577597372.0,
      "max": 577801236.0,
      "std_dev": 144153.61683981432
    },
    "wasmtime_app": {
      "mean": 290666677.6666667,
      "median": 290383672.0,
      "min": 290371723.0,
      "max": 291244638.0,
      "std_dev": 500563.98674927995
    }
  },
  "random2": {
    "base_native": {
      "mean": 577679992.5,
      "median": 577679992.5,
      "min": 577591472.0,
      "max": 577768513.0,
      "std_dev": 125186.89164804756
    },
    "wasmtime_app": {
      "mean": 290723540.3333333,
      "median": 290385697.0,
      "min": 290360723.0,
      "max": 291424201.0,
      "std_dev": 606918.406813744
    }
  },
  "ratelimit": {
    "base_native": {
      "mean": 25935060.6,
      "median": 25933091.0,
      "min": 25916517.0,
      "max": 25963364.0,
      "std_dev": 14780.87903866193
    },
    "wasmtime_app": {
      "mean": 39037603.0,
      "median": 38305158.5,
      "min": 38287047.0,
      "max": 45612269.0,
      "std_dev": 2310135.817476636
    }
  },
  "seqhash": {
    "base_native": {
      "mean": 7121476553.0,
      "median": 7121476553.0,
      "min": 7121476553.0,
      "max": 7121476553.0,
      "std_dev": 0.0
    },
    "wasmtime_app": {
      "mean": 9675074273.0,
      "median": 9675074273.0,
      "min": 9675074273.0,
      "max": 9675074273.0,
      "std_dev": 0.0
    }
  },
  "sieve": {
    "base_native": {
      "mean": 569281099.5,
      "median": 569281099.5,
      "min": 569251001.0,
      "max": 569311198.0,
      "std_dev": 42565.7069070866
    },
    "wasmtime_app": {
      "mean": 766900646.0,
      "median": 766900646.0,
      "min": 766900646.0,
      "max": 766900646.0,
      "std_dev": 0.0
    }
  },
  "strcat": {
    "base_native": {
      "mean": 65854820.6,
      "median": 65850513.0,
      "min": 65821240.0,
      "max": 65929809.0,
      "std_dev": 28921.27997859016
    },
    "wasmtime_app": {
      "mean": 348238564.0,
      "median": 348238564.0,
      "min": 341240782.0,
      "max": 355236346.0,
      "std_dev": 9896358.210930321
    }
  },
  "strcat2": {
    "base_native": {
      "mean": 2602083.8181818184,
      "median": 2600516.0,
      "min": 2587716.0,
      "max": 2619315.0,
      "std_dev": 9799.93475302955
    },
    "wasmtime_app": {
      "mean": 9393205.0,
      "median": 8475780.5,
      "min": 8428346.0,
      "max": 17713784.0,
      "std_dev": 2923643.9992554574
    }
  },
  "strchr": {
    "base_native": {
      "mean": 154966390.4,
      "median": 155005378.0,
      "min": 154809163.0,
      "max": 155099649.0,
      "std_dev": 112013.38612326654
    },