{
  "ackermann": {
    "base_native": {
      "mean": 2889469.8181818184,
      "median": 2886313.0,
      "min": 2869689.0,
      "max": 2951134.0,
      "std_dev": 23956.151163399278
    },
    "wasmtime_app": {
      "mean": 9439269.9,
      "median": 8757799.0,
      "min": 8487089.0,
      "max": 13230768.0,
      "std_dev": 1505770.353099661
    }
  },
  "base64": {
    "base_native": {
      "mean": 252342370.66666666,
      "median": 253403478.0,
      "min": 250117412.0,
      "max": 253506222.0,
      "std_dev": 1927555.4164965877
    },
    "wasmtime_app": {
      "mean": 373613988.0,
      "median": 373613988.0,
      "min": 364901461.0,
      "max": 382326515.0,
      "std_dev": 12321373.845941775
    }
  },
  "ctype": {
    "base_native": {
      "mean": 653679880.0,
      "median": 653679880.0,
      "min": 653610221.0,
      "max": 653749539.0,
      "std_dev": 98512.70254134743
    },
    "wasmtime_app": {
      "mean": 949506986.0,
      "median": 949506986.0,
      "min": 949506986.0,
      "max": 949506986.0,
      "std_dev": 0.0
    }
  },
  "ed25519": {
    "base_native": {
      "mean": 1433183074.0,
      "median": 1433183074.0,
      "min": 1433183074.0,
      "max": 1433183074.0,
      "std_dev": 0.0
    },
    "wasmtime_app": {
      "mean": 6743489615.0,
      "median": 6743489615.0,
      "min": 6743489615.0,
      "max": 6743489615.0,
      "std_dev": 0.0
    }
  },
  "fib2": {
    "base_native": {
      "mean": 6956048307.0,
      "median": 6956048307.0,
      "min": 6956048307.0,
      "max": 6956048307.0,
      "std_dev": 0.0
    },
    "wasmtime_app": {
      "mean": 10702111406.0,
      "median": 10702111406.0,
      "min": 10702111406.0,
      "max": 10702111406.0,
      "std_dev": 0.0
    }
  },
  "gimli": {
    "base_native": {
      "mean": 4141757.8,
      "median": 4138455.5,
      "min": 4132143.0,
      "max": 4167091.0,
      "std_dev": 9895.33511644081
    },
    "wasmtime_app": {
      "mean": 9506358.5,
      "median": 9368551.5,
      "min": 9343590.0,
      "max": 10805007.0,
      "std_dev": 456482.8578261912
    }
  },
  "heapsort": {
    "base_native": {
      "mean": 1076477972.0,
      "median": 1076477972.0,
      "min": 1076477972.0,
      "max": 1076477972.0,
      "std_dev": 0.0
    },
    "wasmtime_app": {
      "mean": 1220526466.0,
      "median": 1220526466.0,
      "min": 1220526466.0,
      "max": 1220526466.0,
      "std_dev": 0.0
    }
  },
  "keccak": {
    "base_native": {
      "mean": 7479081.3,
      "median": 7479543.5,
      "min": 7464182.0,
      "max": 7490681.0,
      "std_dev": 8159.0825471440785
    },
    "wasmtime_app": {
      "mean": 22852315.4,
      "median": 21221048.5,
      "min": 21016948.0,
      "max": 37064105.0,
      "std_dev": 4997842.812933356
    }
  },
  "matrix": {
    "base_native": {
      "mean": 377880479.0,
      "median": 377880479.0,
      "min": 377875767.0,
      "max": 377885191.0,
      "std_dev": 6663.774305902024
    },
    "wasmtime_app": {
      "mean": 533538469.5,
      "median": 533538469.5,
      "min": 529470802.0,
      "max": 537606137.0,
      "std_dev": 5752550.545724262
    }
  },
  "matrix2": {
    "base_native": {
      "mean": 194264616.5,
      "median": 194258960.5,
      "min": 194254761.0,
      "max": 194285784.0,
      "std_dev": 14378.397094252196
    },
    "wasmtime_app": {
      "mean": 260232312.66666666,
      "median": 257709640.0,
      "min": 257679292.0,
      "max": 265308006.0,
      "std_dev": 4395705.55893014
    }
  },
  "memmove": {
    "base_native": {
      "mean": 47342959.3,
      "median": 47339289.5,
      "min": 47317778.0,
      "max": 47377625.0,
      "std_dev": 21267.917163078182
    },
    "wasmtime_app": {
      "mean": 520791660.5,
      "median": 520791660.5,
      "min": 515338485.0,
      "max": 526244836.0,
      "std_dev": 7711954.750100683
    }
  },
  "minicsv": {
    "base_native": {
      "mean": 725544348.0,
      "median": 725544348.0,
      "min": 725544348.0,
      "max": 725544348.0,
      "std_dev": 0.0
    },
    "wasmtime_app": {
      "mean": 1101786230.0,
      "median": 1101786230.0,
      "min": 1101786230.0,
      "max": 1101786230.0,
      "std_dev": 0.0
    }
  },
  "nestedloop": {
    "base_native": {
      "mean": 1575356.8181818181,
      "median": 1581586.0,
      "min": 1550563.0,
      "max": 1594360.0,
      "std_dev": 15364.574896938619
    },
    "wasmtime_app": {
      "mean": 6291057.2,
      "median": 6194332.5,
      "min": 6157697.0,
      "max": 7150841.0,
      "std_dev": 303080.4898437964
    }
  },
  "nestedloop2": {
    "base_native": {
      "mean": 1582515.7272727273,
      "median": 1578361.0,
      "min": 1555063.0,
      "max": 1639208.0,
      "std_dev": 23805.57218842223
    },
    "wasmtime_app": {
      "mean": 6468769.8,
      "median": 6213269.5,
      "min": 6181496.0,
      "max": 7236111.0,
      "std_dev": 433737.2521822655
    }
  },
  "nestedloop3": {
    "base_native": {
      "mean": 2084651.0,
      "median": 2084583.0,
      "min": 2061709.0,
      "max": 2104482.0,
      "std_dev": 12983.493528322799
    },
    "wasmtime_app": {
      "mean": 6870946.7,
      "median": 6753488.5,
      "min": 6723590.0,
      "max": 7934871.0,
      "std_dev": 374264.2270577329
    }
  },
  "random": {
    "base_native": {
      "mean": 577593148.0,
      "median": 577593148.0,
      "min": 577592948.0,
      "max": 577593348.0,
      "std_dev": 282.842712474619
    },
    "wasmtime_app": {
      "mean": 290702761.6666667,
      "median": 290433219.0,
      "min": 290409670.0,
      "max": 291265396.0,
      "std_dev": 487397.8699526018
    }
  },
  "random2": {
    "base_native": {
      "mean": 577680305.5,
      "median": 577680305.5,
      "min": 577605647.0,
      "max": 577754964.0,
      "std_dev": 105583.06324643172
    },
    "wasmtime_app": {
      "mean": 290716794.3333333,
      "median": 290417845.0,
      "min": 290393471.0,
      "max": 291339067.0,
      "std_dev": 539041.7207687484
    }
  },
  "ratelimit": {
    "base_native": {
      "mean": 25934129.1,
      "median": 25933761.5,
      "min": 25922325.0,
      "max": 25945473.0,
      "std_dev": 7677.267619407311
    },
    "wasmtime_app": {
      "mean": 39055619.0,
      "median": 38334433.0,
      "min": 38292385.0,
      "max": 45546595.0,
      "std_dev": 2280839.62309833
    }
  },
  "seqhash": {
    "base_native": {
      "mean": 7121792813.0,
      "median": 7121792813.0,
      "min": 7121792813.0,
      "max": 7121792813.0,
      "std_dev": 0.0
    },
    "wasmtime_app": {
      "mean": 9678978704.0,
      "median": 9678978704.0,
      "min": 9678978704.0,
      "max": 9678978704.0,
      "std_dev": 0.0
    }
  },
  "sieve": {
    "base_native": {
      "mean": 569220666.0,
      "median": 569220666.0,
      "min": 569199492.0,
      "max": 569241840.0,
      "std_dev": 29944.557969687914
    },
    "wasmtime_app": {
      "mean": 767122839.0,
      "median": 767122839.0,
      "min": 767122839.0,
      "max": 767122839.0,
      "std_dev": 0.0
    }
  },
  "strcat": {
    "base_native": {
      "mean": 65856278.7,
      "median": 65840654.5,
      "min": 65827193.0,
      "max": 65982284.0,
      "std_dev": 45536.96547751069
    },
    "wasmtime_app": {
      "mean": 352798153.0,
      "median": 352798153.0,
      "min": 350297096.0,
      "max": 355299210.0,
      "std_dev": 3537028.729668166
    }
  },
  "strcat2": {
    "base_native": {
      "mean": 2589920.727272727,
      "median": 2588955.0,
      "min": 2573381.0,
      "max": 2613178.0,
      "std_dev": 12286.902832617414
    },
    "wasmtime_app": {
      "mean": 9424588.1,
      "median": 8512125.0,
      "min": 8474215.0,
      "max": 17615667.0,
      "std_dev": 2878180.103892638
    }
  },
  "strchr": {
    "base_native": {
      "mean": 155049608.6,
      "median": 155094876.0,
      "min": 154918811.0,
      "max": 155165772.0,
      "std_dev": 101077.22685056213
    },