{
  "ackermann": {
    "base_native": {
      "mean": 3650821.4,
      "median": 2935027.5,
      "min": 2903316.0,
      "max": 10124257.0,
      "std_dev": 2274639.1589836446
    },
    "wasmtime_app": {
      "mean": 9562944.2,
      "median": 9446828.5,
      "min": 8076608.0,
      "max": 13065194.0,
      "std_dev": 1314273.3426545635
    }
  },
  "base64": {
    "base_native": {
      "mean": 256082025.66666666,
      "median": 257431553.0,
      "min": 253299548.0,
      "max": 257514976.0,
      "std_dev": 2410057.3278153227
    },
    "wasmtime_app": {
      "mean": 360589420.0,
      "median": 360589420.0,
      "min": 355870580.0,
      "max": 365308260.0,
      "std_dev": 6673447.526668656
    }
  },
  "ctype": {
    "base_native": {
      "mean": 659452487.0,
      "median": 659452487.0,
      "min": 658534301.0,
      "max": 660370673.0,
      "std_dev": 1298511.0939811026
    },
    "wasmtime_app": {
      "mean": 986588475.0,
      "median": 986588475.0,
      "min": 986588475.0,
      "max": 986588475.0,
      "std_dev": 0.0
    }
  },
  "ed25519": {
    "base_native": {
      "mean": 1434258039.0,
      "median": 1434258039.0,
      "min": 1434258039.0,
      "max": 1434258039.0,
      "std_dev": 0.0
    },
    "wasmtime_app": {
      "mean": 6758307694.0,
      "median": 6758307694.0,
      "min": 6758307694.0,
      "max": 6758307694.0,
      "std_dev": 0.0
    }
  },
  "fib2": {
    "base_native": {
      "mean": 6957285835.0,
      "median": 6957285835.0,
      "min": 6957285835.0,
      "max": 6957285835.0,
      "std_dev": 0.0
    },
    "wasmtime_app": {
      "mean": 10677725077.0,
      "median": 10677725077.0,
      "min": 10677725077.0,
      "max": 10677725077.0,
      "std_dev": 0.0
    }
  },
  "gimli": {
    "base_native": {
      "mean": 4151312.0,
      "median": 4147904.5,
      "min": 4139930.0,
      "max": 4171604.0,
      "std_dev": 10926.919561848668
    },
    "wasmtime_app": {
      "mean": 9495798.1,
      "median": 9343746.5,
      "min": 9315511.0,
      "max": 10844798.0,
      "std_dev": 474500.3922839849
    }
  },
  "heapsort": {
    "base_native": {
      "mean": 1076444713.0,
      "median": 1076444713.0,
      "min": 1076444713.0,
      "max": 1076444713.0,
      "std_dev": 0.0
    },
    "wasmtime_app": {
      "mean": 1220420034.0,
      "median": 1220420034.0,
      "min": 1220420034.0,
      "max": 1220420034.0,
      "std_dev": 0.0
    }
  },
  "keccak": {
    "base_native": {
      "mean": 7496485.3,
      "median": 7495733.0,
      "min": 7474658.0,
      "max": 7528682.0,
      "std_dev": 14202.625047269723
    },
    "wasmtime_app": {
      "mean": 22820025.4,
      "median": 21272269.5,
      "min": 20663680.0,
      "max": 37272370.0,
      "std_dev": 5082683.421712943
    }
  },
  "matrix": {
    "base_native": {
      "mean": 377878432.0,
      "median": 377878432.0,
      "min": 377860420.0,
      "max": 377896444.0,
      "std_dev": 25472.81468546419
    },
    "wasmtime_app": {
      "mean": 533568996.5,
      "median": 533568996.5,
      "min": 529516393.0,
      "max": 537621600.0,
      "std_dev": 5731246.832620673
    }
  },
  "matrix2": {
    "base_native": {
      "mean": 194295711.0,
      "median": 194265318.0,
      "min": 194255256.0,
      "max": 194396952.0,
      "std_dev": 67862.71311012158
    },
    "wasmtime_app": {
      "mean": 260142871.33333334,
      "median": 257640658.0,
      "min": 257612709.0,
      "max": 265175247.0,
      "std_dev": 4358187.573349079
    }
  },
  "memmove": {
    "base_native": {
      "mean": 47336577.8,
      "median": 47333955.0,
      "min": 47317481.0,
      "max": 47369604.0,
      "std_dev": 16718.410117126703
    },
    "wasmtime_app": {
      "mean": 521149889.5,
      "median": 521149889.5,
      "min": 516398002.0,
      "max": 525901777.0,
      "std_dev": 6720183.74937118
    }
  },
  "minicsv": {
    "base_native": {
      "mean": 742355277.0,
      "median": 742355277.0,
      "min": 742355277.0,
      "max": 742355277.0,
      "std_dev": 0.0
    },
    "wasmtime_app": {
      "mean": 1112822728.0,
      "median": 1112822728.0,
      "min": 1112822728.0,
      "max": 1112822728.0,
      "std_dev": 0.0
    }
  },
  "nestedloop": {
    "base_native": {
      "mean": 1574845.0,
      "median": 1579579.0,
      "min": 1553430.0,
      "max": 1591028.0,
      "std_dev": 14209.178765854133
    },
    "wasmtime_app": {
      "mean": 6296420.5,
      "median": 6199616.0,
      "min": 6185967.0,
      "max": 7128037.0,
      "std_dev": 292660.8611649896
    }
  },
  "nestedloop2": {
    "base_native": {
      "mean": 1577369.8181818181,
      "median": 1585954.0,
      "min": 1556554.0,
      "max": 1611503.0,
      "std_dev": 18145.06358114064
    },
    "wasmtime_app": {
      "mean": 6274669.3,
      "median": 6184379.5,
      "min": 6161243.0,
      "max": 7039193.0,
      "std_dev": 270256.1817778128
    }
  },
  "nestedloop3": {
    "base_native": {
      "mean": 2098516.0,
      "median": 2089214.0,
      "min": 2078389.0,
      "max": 2173537.0,
      "std_dev": 27461.524786508122
    },
    "wasmtime_app": {
      "mean": 6852653.3,
      "median": 6732060.0,
      "min": 6697937.0,
      "max": 7953065.0,
      "std_dev": 387114.14846299967
    }
  },
  "random": {
    "base_native": {
      "mean": 577588517.5,
      "median": 577588517.5,
      "min": 577576943.0,
      "max": 577600092.0,
      "std_dev": 16368.81487768739
    },
    "wasmtime_app": {
      "mean": 290669582.0,
      "median": 290385390.0,
      "min": 290347892.0,
      "max": 291275464.0,
      "std_dev": 525044.0680971455
    }
  },
  "random2": {
    "base_native": {
      "mean": 577656716.0,
      "median": 577656716.0,
      "min": 577592043.0,
      "max": 577721389.0,
      "std_dev": 91461.43371935518
    },
    "wasmtime_app": {
      "mean": 290681931.3333333,
      "median": 290394465.0,
      "min": 290382140.0,
      "max": 291269189.0,
      "std_dev": 508617.3922511236
    }
  },
  "ratelimit": {
    "base_native": {
      "mean": 25918539.8,
      "median": 25914112.5,
      "min": 25906125.0,
      "max": 25945349.0,
      "std_dev": 12620.486262862898
    },
    "wasmtime_app": {
      "mean": 39022974.0,
      "median": 38314085.0,
      "min": 38245364.0,
      "max": 45485620.0,
      "std_dev": 2270895.128422564
    }
  },
  "seqhash": {
    "base_native": {
      "mean": 7127247144.0,
      "median": 7127247144.0,
      "min": 7127247144.0,
      "max": 7127247144.0,
      "std_dev": 0.0
    },
    "wasmtime_app": {
      "mean": 9674102636.0,
      "median": 9674102636.0,
      "min": 9674102636.0,
      "max": 9674102636.0,
      "std_dev": 0.0
    }
  },
  "sieve": {
    "base_native": {
      "mean": 569250971.5,
      "median": 569250971.5,
      "min": 569241959.0,
      "max": 569259984.0,
      "std_dev": 12745.59973088752
    },
    "wasmtime_app": {
      "mean": 766933396.0,
      "median": 766933396.0,
      "min": 766933396.0,
      "max": 766933396.0,
      "std_dev": 0.0
    }
  },
  "strcat": {
    "base_native": {
      "mean": 65863189.4,
      "median": 65851382.5,
      "min": 65823196.0,
      "max": 65968966.0,
      "std_dev": 41267.824776964226
    },
    "wasmtime_app": {
      "mean": 352651878.5,
      "median": 352651878.5,
      "min": 350123962.0,
      "max": 355179795.0,
      "std_dev": 3575013.7988467263
    }
  },
  "strcat2": {
    "base_native": {
      "mean": 2589901.909090909,
      "median": 2592425.0,
      "min": 2572300.0,
      "max": 2605174.0,
      "std_dev": 10974.731836856383
    },
    "wasmtime_app": {
      "mean": 9381634.7,
      "median": 8476872.0,
      "min": 8441887.0,
      "max": 17565634.0,
      "std_dev": 2875663.7082848293
    }
  },
  "strchr": {
    "base_native": {
      "mean": 154650806.0,
      "median": 154612977.0,
      "min": 154576053.0,
      "max": 154761048.0,
      "std_dev": 81826.33816809842
    },