{
  "ackermann": {
    "base_native": {
      "mean": 3632378.3,
      "median": 2841525.5,
      "min": 2810940.0,
      "max": 10823938.0,
      "std_dev": 2526891.8640334522
    },
    "wasmtime_app": {
      "mean": 9581473.1,
      "median": 8835535.0,
      "min": 8784787.0,
      "max": 14519924.0,
      "std_dev": 1764020.917226793
    }
  },
  "base64": {
    "base_native": {
      "mean": 249570304.66666666,
      "median": 249586570.0,
      "min": 249527824.0,
      "max": 249596520.0,
      "std_dev": 37124.19568601229
    },
    "wasmtime_app": {
      "mean": 356069479.5,
      "median": 356069479.5,
      "min": 350558285.0,
      "max": 361580674.0,
      "std_dev": 7794006.006776009
    }
  },
  "ctype": {
    "base_native": {
      "mean": 654076335.5,
      "median": 654076335.5,
      "min": 653715659.0,
      "max": 654437012.0,
      "std_dev": 510073.5979292596
    },
    "wasmtime_app": {
      "mean": 985274732.0,
      "median": 985274732.0,
      "min": 985274732.0,
      "max": 985274732.0,
      "std_dev": 0.0
    }
  },
  "ed25519": {
    "base_native": {
      "mean": 1433092160.0,
      "median": 1433092160.0,
      "min": 1433092160.0,
      "max": 1433092160.0,
      "std_dev": 0.0
    },
    "wasmtime_app": {
      "mean": 6752900173.0,
      "median": 6752900173.0,
      "min": 6752900173.0,
      "max": 6752900173.0,
      "std_dev": 0.0
    }
  },
  "fib2": {
    "base_native": {
      "mean": 6956122408.0,
      "median": 6956122408.0,
      "min": 6956122408.0,
      "max": 6956122408.0,
      "std_dev": 0.0
    },
    "wasmtime_app": {
      "mean": 10678167098.0,
      "median": 10678167098.0,
      "min": 10678167098.0,
      "max": 10678167098.0,
      "std_dev": 0.0
    }
  },
  "gimli": {
    "base_native": {
      "mean": 4150619.2,
      "median": 4148327.0,
      "min": 4129128.0,
      "max": 4173125.0,
      "std_dev": 12613.39048436665
    },
    "wasmtime_app": {
      "mean": 9499198.0,
      "median": 9337068.5,
      "min": 9300270.0,
      "max": 10993689.0,
      "std_dev": 525871.2065786113
    }
  },
  "heapsort": {
    "base_native": {
      "mean": 1076452975.0,
      "median": 1076452975.0,
      "min": 1076452975.0,
      "max": 1076452975.0,
      "std_dev": 0.0
    },
    "wasmtime_app": {
      "mean": 1220658892.0,
      "median": 1220658892.0,
      "min": 1220658892.0,
      "max": 1220658892.0,
      "std_dev": 0.0
    }
  },
  "keccak": {
    "base_native": {
      "mean": 7490074.8,
      "median": 7496569.5,
      "min": 7471808.0,
      "max": 7502956.0,
      "std_dev": 12731.3740272691
    },
    "wasmtime_app": {
      "mean": 22954309.7,
      "median": 21344537.5,
      "min": 21109733.0,
      "max": 37495471.0,
      "std_dev": 5111851.710094255
    }
  },
  "matrix": {
    "base_native": {
      "mean": 377919023.5,
      "median": 377919023.5,
      "min": 377916661.0,
      "max": 377921386.0,
      "std_dev": 3341.079541106437
    },
    "wasmtime_app": {
      "mean": 533717382.0,
      "median": 533717382.0,
      "min": 529632816.0,
      "max": 537801948.0,
      "std_dev": 5776448.633608024
    }
  },
  "matrix2": {
    "base_native": {
      "mean": 194301966.25,
      "median": 194309178.5,
      "min": 194264556.0,
      "max": 194324952.0,
      "std_dev": 26052.849548242
    },
    "wasmtime_app": {
      "mean": 260334658.66666666,
      "median": 257844599.0,
      "min": 257707603.0,
      "max": 265451774.0,
      "std_dev": 4432081.224095552
    }
  },
  "memmove": {
    "base_native": {
      "mean": 47358661.7,
      "median": 47343737.5,
      "min": 47311565.0,
      "max": 47459480.0,
      "std_dev": 45882.10270549703
    },
    "wasmtime_app": {
      "mean": 521032823.0,
      "median": 521032823.0,
      "min": 515905341.0,
      "max": 526160305.0,
      "std_dev": 7251354.5852239225
    }
  },
  "minicsv": {
    "base_native": {
      "mean": 709691305.0,
      "median": 709691305.0,
      "min": 709691305.0,
      "max": 709691305.0,
      "std_dev": 0.0
    },
    "wasmtime_app": {
      "mean": 1106537733.0,
      "median": 1106537733.0,
      "min": 1106537733.0,
      "max": 1106537733.0,
      "std_dev": 0.0
    }
  },
  "nestedloop": {
    "base_native": {
      "mean": 1585245.4545454546,
      "median": 1585045.0,
      "min": 1558572.0,
      "max": 1611944.0,
      "std_dev": 17748.195854022102
    },
    "wasmtime_app": {
      "mean": 6282113.7,
      "median": 6188022.0,
      "min": 6168022.0,
      "max": 7100142.0,
      "std_dev": 287989.77182148135
    }
  },
  "nestedloop2": {
    "base_native": {
      "mean": 1591865.2727272727,
      "median": 1589845.0,
      "min": 1566072.0,
      "max": 1642242.0,
      "std_dev": 20909.611603714253
    },
    "wasmtime_app": {
      "mean": 6291713.2,
      "median": 6202196.0,
      "min": 6150223.0,
      "max": 7227238.0,
      "std_dev": 329500.53750413086
    }
  },
  "nestedloop3": {
    "base_native": {
      "mean": 2102472.5454545454,
      "median": 2094087.0,
      "min": 2073238.0,
      "max": 2175956.0,
      "std_dev": 26922.583907803633
    },
    "wasmtime_app": {
      "mean": 6847495.2,
      "median": 6732116.5,
      "min": 6704055.0,
      "max": 7909590.0,
      "std_dev": 373581.8201991216
    }
  },
  "random": {
    "base_native": {
      "mean": 578077655.5,
      "median": 578077655.5,
      "min": 577583588.0,
      "max": 578571723.0,
      "std_dev": 698716.9592277692
    },
    "wasmtime_app": {
      "mean": 290749486.6666667,
      "median": 290445905.0,
      "min": 290408831.0,
      "max": 291393724.0,
      "std_dev": 558233.7562476255
    }
  },
  "random2": {
    "base_native": {
      "mean": 577664720.0,
      "median": 577664720.0,
      "min": 577615511.0,
      "max": 577713929.0,
      "std_dev": 69592.03519081764
    },
    "wasmtime_app": {
      "mean": 290753095.0,
      "median": 290523128.0,
      "min": 290405981.0,
      "max": 291330176.0,
      "std_dev": 503187.5548172868
    }
  },
  "ratelimit": {
    "base_native": {
      "mean": 25951478.7,
      "median": 25943469.0,
      "min": 25917796.0,
      "max": 26031739.0,
      "std_dev": 31635.090211310886
    },
    "wasmtime_app": {
      "mean": 39055067.0,
      "median": 38314044.0,
      "min": 38274720.0,
      "max": 45739875.0,
      "std_dev": 2348999.557313472
    }
  },
  "seqhash": {
    "base_native": {
      "mean": 7120180101.0,
      "median": 7120180101.0,
      "min": 7120180101.0,
      "max": 7120180101.0,
      "std_dev": 0.0
    },
    "wasmtime_app": {
      "mean": 9697870302.0,
      "median": 9697870302.0,
      "min": 9697870302.0,
      "max": 9697870302.0,
      "std_dev": 0.0
    }
  },
  "sieve": {
    "base_native": {
      "mean": 569260309.5,
      "median": 569260309.5,
      "min": 569222162.0,
      "max": 569298457.0,
      "std_dev": 53948.711870627645
    },
    "wasmtime_app": {
      "mean": 767302451.0,
      "median": 767302451.0,
      "min": 767302451.0,
      "max": 767302451.0,
      "std_dev": 0.0
    }
  },
  "strcat": {
    "base_native": {
      "mean": 65867845.3,
      "median": 65858283.5,
      "min": 65845372.0,
      "max": 65948590.0,
      "std_dev": 29984.568875969817
    },
    "wasmtime_app": {
      "mean": 352977380.5,
      "median": 352977380.5,
      "min": 350551285.0,
      "max": 355403476.0,
      "std_dev": 3431017.159712335
    }
  },
  "strcat2": {
    "base_native": {
      "mean": 2600851.4545454546,
      "median": 2598579.0,
      "min": 2585380.0,
      "max": 2632077.0,
      "std_dev": 13220.193685144226
    },
    "wasmtime_app": {
      "mean": 9398996.4,
      "median": 8477821.5,
      "min": 8430998.0,
      "max": 17777717.0,
      "std_dev": 2944059.4665459306
    }
  },
  "strchr": {
    "base_native": {
      "mean": 154868195.6,
      "median": 154859346.0,
      "min": 154680608.0,
      "max": 155074407.0,
      "std_dev": 149423.1869466717
    },