{
  "ackermann": {
    "base_native": {
      "mean": 3311439.3,
      "median": 2985433.5,
      "min": 2955948.0,
      "max": 6271850.0,
      "std_dev": 1040328.3078728402
    },
    "wasmtime_app": {
      "mean": 9666591.1,
      "median": 9152256.0,
      "min": 8450759.0,
      "max": 15918201.0,
      "std_dev": 2254923.2905753604
    }
  },
  "base64": {
    "base_native": {
      "mean": 260359421.0,
      "median": 261575715.0,
      "min": 257835888.0,
      "max": 261666660.0,
      "std_dev": 2185916.7069728435
    },
    "wasmtime_app": {
      "mean": 375380130.5,
      "median": 375380130.5,
      "min": 367370133.0,
      "max": 383390128.0,
      "std_dev": 11327847.099074585
    }
  },
  "ctype": {
    "base_native": {
      "mean": 656989668.5,
      "median": 656989668.5,
      "min": 654028895.0,
      "max": 659950442.0,
      "std_dev": 4187166.038814857
    },
    "wasmtime_app": {
      "mean": 993198519.0,
      "median": 993198519.0,
      "min": 993198519.0,
      "max": 993198519.0,
      "std_dev": 0.0
    }
  },
  "ed25519": {
    "base_native": {
      "mean": 1433113103.0,
      "median": 1433113103.0,
      "min": 1433113103.0,
      "max": 1433113103.0,
      "std_dev": 0.0
    },
    "wasmtime_app": {
      "mean": 6778554924.0,
      "median": 6778554924.0,
      "min": 6778554924.0,
      "max": 6778554924.0,
      "std_dev": 0.0
    }
  },
  "fib2": {
    "base_native": {
      "mean": 6956338480.0,
      "median": 6956338480.0,
      "min": 6956338480.0,
      "max": 6956338480.0,
      "std_dev": 0.0
    },
    "wasmtime_app": {
      "mean": 10686140761.0,
      "median": 10686140761.0,
      "min": 10686140761.0,
      "max": 10686140761.0,
      "std_dev": 0.0
    }
  },
  "gimli": {
    "base_native": {
      "mean": 4146592.0,
      "median": 4147414.5,
      "min": 4126778.0,
      "max": 4162101.0,
      "std_dev": 9235.609538928957
    },
    "wasmtime_app": {
      "mean": 9683042.5,
      "median": 9357219.0,
      "min": 9328258.0,
      "max": 10878818.0,
      "std_dev": 572633.7154024474
    }
  },
  "heapsort": {
    "base_native": {
      "mean": 1076391516.0,
      "median": 1076391516.0,
      "min": 1076391516.0,
      "max": 1076391516.0,
      "std_dev": 0.0
    },
    "wasmtime_app": {
      "mean": 1220519054.0,
      "median": 1220519054.0,
      "min": 1220519054.0,
      "max": 1220519054.0,
      "std_dev": 0.0
    }
  },
  "keccak": {
    "base_native": {
      "mean": 7485027.8,
      "median": 7483765.5,
      "min": 7469129.0,
      "max": 7499377.0,
      "std_dev": 9516.619693987986
    },
    "wasmtime_app": {
      "mean": 22903015.6,
      "median": 21311113.0,
      "min": 21230343.0,
      "max": 37344333.0,
      "std_dev": 5074479.337206707
    }
  },
  "matrix": {
    "base_native": {
      "mean": 377909523.0,
      "median": 377909523.0,
      "min": 377878425.0,
      "max": 377940621.0,
      "std_dev": 43979.21336267851
    },
    "wasmtime_app": {
      "mean": 533600537.5,
      "median": 533600537.5,
      "min": 529529599.0,
      "max": 537671476.0,
      "std_dev": 5757176.438286784
    }
  },
  "matrix2": {
    "base_native": {
      "mean": 194274712.5,
      "median": 194265782.0,
      "min": 194258282.0,
      "max": 194309004.0,
      "std_dev": 23166.262919743156
    },
    "wasmtime_app": {
      "mean": 260212267.33333334,
      "median": 257692322.0,
      "min": 257641575.0,
      "max": 265302905.0,
      "std_dev": 4408694.557855685
    }
  },
  "memmove": {
    "base_native": {
      "mean": 47335092.1,
      "median": 47333875.0,
      "min": 47325225.0,
      "max": 47345199.0,
      "std_dev": 7801.42476232529
    },
    "wasmtime_app": {
      "mean": 520373030.0,
      "median": 520373030.0,
      "min": 515794596.0,
      "max": 524951464.0,
      "std_dev": 6474883.4572300995
    }
  },
  "minicsv": {
    "base_native": {
      "mean": 717637050.0,
      "median": 717637050.0,
      "min": 717637050.0,
      "max": 717637050.0,
      "std_dev": 0.0
    },
    "wasmtime_app": {
      "mean": 1110279201.0,
      "median": 1110279201.0,
      "min": 1110279201.0,
      "max": 1110279201.0,
      "std_dev": 0.0
    }
  },
  "nestedloop": {
    "base_native": {
      "mean": 1574728.0909090908,
      "median": 1579805.0,
      "min": 1533333.0,
      "max": 1622478.0,
      "std_dev": 22841.836950887053
    },
    "wasmtime_app": {
      "mean": 6290387.1,
      "median": 6196927.5,
      "min": 6148943.0,
      "max": 7147585.0,
      "std_dev": 302261.4062799322
    }
  },
  "nestedloop2": {
    "base_native": {
      "mean": 1578473.5454545454,
      "median": 1582705.0,
      "min": 1554907.0,
      "max": 1604779.0,
      "std_dev": 17438.297160925067
    },
    "wasmtime_app": {
      "mean": 6252619.2,
      "median": 6169891.5,
      "min": 6155492.0,
      "max": 6976170.0,
      "std_dev": 254716.57416639905
    }
  },
  "nestedloop3": {
    "base_native": {
      "mean": 2089193.0909090908,
      "median": 2088325.0,
      "min": 2080525.0,
      "max": 2106224.0,
      "std_dev": 6786.575358080767
    },
    "wasmtime_app": {
      "mean": 6849629.5,
      "median": 6727196.5,
      "min": 6695236.0,
      "max": 7964087.0,
      "std_dev": 392027.039404526
    }
  },
  "random": {
    "base_native": {
      "mean": 577611968.0,
      "median": 577611968.0,
      "min": 577580582.0,
      "max": 577643354.0,
      "std_dev": 44386.50686864196
    },
    "wasmtime_app": {
      "mean": 290667225.0,
      "median": 290379150.0,
      "min": 290377850.0,
      "max": 291244675.0,
      "std_dev": 500086.7918421761
    }
  },
  "random2": {
    "base_native": {
      "mean": 577623505.0,
      "median": 577623505.0,
      "min": 577551534.0,
      "max": 577695476.0,
      "std_dev": 101782.36429755403
    },
    "wasmtime_app": {
      "mean": 290791851.6666667,
      "median": 290421798.0,
      "min": 290390275.0,
      "max": 291563482.0,
      "std_dev": 668437.3219474907
    }
  },
  "ratelimit": {
    "base_native": {
      "mean": 25947786.0,
      "median": 25933577.0,
      "min": 25918153.0,
      "max": 26052895.0,
      "std_dev": 39690.88455384519
    },
    "wasmtime_app": {
      "mean": 39030794.8,
      "median": 38311251.5,
      "min": 38251780.0,
      "max": 45555606.0,
      "std_dev": 2292823.974575788
    }
  },
  "seqhash": {
    "base_native": {
      "mean": 7114367600.0,
      "median": 7114367600.0,
      "min": 7114367600.0,
      "max": 7114367600.0,
      "std_dev": 0.0
    },
    "wasmtime_app": {
      "mean": 9696779394.0,
      "median": 9696779394.0,
      "min": 9696779394.0,
      "max": 9696779394.0,
      "std_dev": 0.0
    }
  },
  "sieve": {
    "base_native": {
      "mean": 569185208.5,
      "median": 569185208.5,
      "min": 569147086.0,
      "max": 569223331.0,
      "std_dev": 53913.356531568315
    },
    "wasmtime_app": {
      "mean": 767054641.0,
      "median": 767054641.0,
      "min": 767054641.0,
      "max": 767054641.0,
      "std_dev": 0.0
    }
  },
  "strcat": {
    "base_native": {
      "mean": 65855884.5,
      "median": 65846495.0,
      "min": 65828546.0,
      "max": 65965038.0,
      "std_dev": 39452.56835816339
    },
    "wasmtime_app": {
      "mean": 352812527.5,
      "median": 352812527.5,
      "min": 350217028.0,
      "max": 355408027.0,
      "std_dev": 3670590.594032587
    }
  },
  "strcat2": {
    "base_native": {
      "mean": 2606364.4545454546,
      "median": 2604494.0,
      "min": 2588770.0,
      "max": 2617493.0,
      "std_dev": 8878.812007961835
    },
    "wasmtime_app": {
      "mean": 9383530.1,
      "median": 8479320.0,
      "min": 8387013.0,
      "max": 17660325.0,
      "std_dev": 2908400.575354451
    }
  },
  "strchr": {
    "base_native": {
      "mean": 155146736.0,
      "median": 155141366.0,
      "min": 155079270.0,
      "max": 155231286.0,
      "std_dev": 54426.687254507786
    },