{
  "ackermann": {
    "base_native": {
      "mean": 3410538.9,
      "median": 2886537.5,
      "min": 2857427.0,
      "max": 8173410.0,
      "std_dev": 1673560.7940872295
    },
    "wasmtime_app": {
      "mean": 8848114.6,
      "median": 8631434.0,
      "min": 7927630.0,
      "max": 13140188.0,
      "std_dev": 1543546.271492745
    }
  },
  "base64": {
    "base_native": {
      "mean": 253012768.0,
      "median": 253410557.0,
      "min": 252152744.0,
      "max": 253475003.0,
      "std_dev": 745499.350878993
    },
    "wasmtime_app": {
      "mean": 355062550.5,
      "median": 355062550.5,
      "min": 350418805.0,
      "max": 359706296.0,
      "std_dev": 6567247.866309029
    }
  },
  "ctype": {
    "base_native": {
      "mean": 655207183.0,
      "median": 655207183.0,
      "min": 655050594.0,
      "max": 655363772.0,
      "std_dev": 221450.28751844057
    },
    "wasmtime_app": {
      "mean": 910013548.0,
      "median": 910013548.0,
      "min": 910013548.0,
      "max": 910013548.0,
      "std_dev": 0.0
    }
  },
  "ed25519": {
    "base_native": {
      "mean": 1433008418.0,
      "median": 1433008418.0,
      "min": 1433008418.0,
      "max": 1433008418.0,
      "std_dev": 0.0
    },
    "wasmtime_app": {
      "mean": 6768834927.0,
      "median": 6768834927.0,
      "min": 6768834927.0,
      "max": 6768834927.0,
      "std_dev": 0.0
    }
  },
  "fib2": {
    "base_native": {
      "mean": 6956103609.0,
      "median": 6956103609.0,
      "min": 6956103609.0,
      "max": 6956103609.0,
      "std_dev": 0.0
    },
    "wasmtime_app": {
      "mean": 10729685744.0,
      "median": 10729685744.0,
      "min": 10729685744.0,
      "max": 10729685744.0,
      "std_dev": 0.0
    }
  },
  "gimli": {
    "base_native": {
      "mean": 4147857.8,
      "median": 4146188.0,
      "min": 4136064.0,
      "max": 4179961.0,
      "std_dev": 12367.13447273323
    },
    "wasmtime_app": {
      "mean": 9493054.7,
      "median": 9357686.0,
      "min": 9311139.0,
      "max": 10812041.0,
      "std_dev": 463882.68396846723
    }
  },
  "heapsort": {
    "base_native": {
      "mean": 1076287276.0,
      "median": 1076287276.0,
      "min": 1076287276.0,
      "max": 1076287276.0,
      "std_dev": 0.0
    },
    "wasmtime_app": {
      "mean": 1220327407.0,
      "median": 1220327407.0,
      "min": 1220327407.0,
      "max": 1220327407.0,
      "std_dev": 0.0
    }
  },
  "keccak": {
    "base_native": {
      "mean": 7483687.1,
      "median": 7482019.5,
      "min": 7467133.0,
      "max": 7506781.0,
      "std_dev": 14874.716045469015
    },
    "wasmtime_app": {
      "mean": 22814469.1,
      "median": 21257169.0,
      "min": 20991973.0,
      "max": 36984200.0,
      "std_dev": 4981497.3502671635
    }
  },
  "matrix": {
    "base_native": {
      "mean": 377887653.0,
      "median": 377887653.0,
      "min": 377863955.0,
      "max": 377911351.0,
      "std_dev": 33514.033001117605
    },
    "wasmtime_app": {
      "mean": 533788922.0,
      "median": 533788922.0,
      "min": 530104926.0,
      "max": 537472918.0,
      "std_dev": 5209957.106928233
    }
  },
  "matrix2": {
    "base_native": {
      "mean": 194268727.0,
      "median": 194253896.5,
      "min": 194240348.0,
      "max": 194326767.0,
      "std_dev": 39305.1799046046
    },
    "wasmtime_app": {
      "mean": 260203951.66666666,
      "median": 257678509.0,
      "min": 257642686.0,
      "max": 265290660.0,
      "std_dev": 4405255.051995778
    }
  },
  "memmove": {
    "base_native": {
      "mean": 47333499.9,
      "median": 47335177.0,
      "min": 47323203.0,
      "max": 47343202.0,
      "std_dev": 6576.615432305925
    },
    "wasmtime_app": {
      "mean": 519623625.5,
      "median": 519623625.5,
      "min": 514513898.0,
      "max": 524733353.0,
      "std_dev": 7226245.930530769
    }
  },
  "minicsv": {
    "base_native": {
      "mean": 761102863.0,
      "median": 761102863.0,
      "min": 761102863.0,
      "max": 761102863.0,
      "std_dev": 0.0
    },
    "wasmtime_app": {
      "mean": 1100826740.0,
      "median": 1100826740.0,
      "min": 1100826740.0,
      "max": 1100826740.0,
      "std_dev": 0.0
    }
  },
  "nestedloop": {
    "base_native": {
      "mean": 1584112.7272727273,
      "median": 1586990.0,
      "min": 1559692.0,
      "max": 1610563.0,
      "std_dev": 19118.913243649124
    },
    "wasmtime_app": {
      "mean": 6271313.4,
      "median": 6181581.5,
      "min": 6122348.0,
      "max": 7098884.0,
      "std_dev": 292445.9757464046
    }
  },
  "nestedloop2": {
    "base_native": {
      "mean": 1577847.3636363635,
      "median": 1571816.0,
      "min": 1557367.0,
      "max": 1615063.0,
      "std_dev": 19366.92695949839
    },
    "wasmtime_app": {
      "mean": 6284570.1,
      "median": 6196780.5,
      "min": 6159746.0,
      "max": 7003815.0,
      "std_dev": 254419.7102935969
    }
  },
  "nestedloop3": {
    "base_native": {
      "mean": 2095281.9090909092,
      "median": 2093005.0,
      "min": 2069031.0,
      "max": 2113353.0,
      "std_dev": 12881.006338439132
    },
    "wasmtime_app": {
      "mean": 6855102.6,
      "median": 6740545.5,
      "min": 6712509.0,
      "max": 7898632.0,
      "std_dev": 367052.096729606
    }
  },
  "random": {
    "base_native": {
      "mean": 577598823.0,
      "median": 577598823.0,
      "min": 577557626.0,
      "max": 577640020.0,
      "std_dev": 58261.35612908439
    },
    "wasmtime_app": {
      "mean": 290764048.3333333,
      "median": 290445986.0,
      "min": 290362116.0,
      "max": 291484043.0,
      "std_dev": 624942.2247266809
    }
  },
  "random2": {
    "base_native": {
      "mean": 577654131.5,
      "median": 577654131.5,
      "min": 577570200.0,
      "max": 577738063.0,
      "std_dev": 118697.06561031743
    },
    "wasmtime_app": {
      "mean": 290689611.3333333,
      "median": 290398989.0,
      "min": 290379865.0,
      "max": 291289980.0,
      "std_dev": 520022.4358432368
    }
  },
  "ratelimit": {
    "base_native": {
      "mean": 25949823.1,
      "median": 25942293.5,
      "min": 25925382.0,
      "max": 26012176.0,
      "std_dev": 26856.867710347593
    },
    "wasmtime_app": {
      "mean": 39028788.6,
      "median": 38306551.0,
      "min": 38265466.0,
      "max": 45535965.0,
      "std_dev": 2286476.165235696
    }
  },
  "seqhash": {
    "base_native": {
      "mean": 7119823792.0,
      "median": 7119823792.0,
      "min": 7119823792.0,
      "max": 7119823792.0,
      "std_dev": 0.0
    },
    "wasmtime_app": {
      "mean": 9686342460.0,
      "median": 9686342460.0,
      "min": 9686342460.0,
      "max": 9686342460.0,
      "std_dev": 0.0
    }
  },
  "sieve": {
    "base_native": {
      "mean": 569259274.5,
      "median": 569259274.5,
      "min": 569242076.0,
      "max": 569276473.0,
      "std_dev": 24322.351952473677
    },
    "wasmtime_app": {
      "mean": 766495656.0,
      "median": 766495656.0,
      "min": 766495656.0,
      "max": 766495656.0,
      "std_dev": 0.0
    }
  },
  "strcat": {
    "base_native": {
      "mean": 65867141.3,
      "median": 65856872.0,
      "min": 65841998.0,
      "max": 65983063.0,
      "std_dev": 42170.33048918003
    },
    "wasmtime_app": {
      "mean": 346741233.0,
      "median": 346741233.0,
      "min": 344138291.0,
      "max": 349344175.0,
      "std_dev": 3681115.878470549
    }
  },
  "strcat2": {
    "base_native": {
      "mean": 2615673.1818181816,
      "median": 2611869.0,
      "min": 2580346.0,
      "max": 2649391.0,
      "std_dev": 18319.945348271005
    },
    "wasmtime_app": {
      "mean": 9406160.4,
      "median": 8504329.5,
      "min": 8473544.0,
      "max": 17597171.0,
      "std_dev": 2878068.0588184
    }
  },
  "strchr": {
    "base_native": {
      "mean": 155132865.8,
      "median": 155140350.0,
      "min": 155026158.0,
      "max": 155231769.0,
      "std_dev": 96352.99865702157
    },