{
  "ackermann": {
    "base_native": {
      "mean": 3190607.5,
      "median": 2891572.0,
      "min": 2861261.0,
      "max": 5957960.0,
      "std_dev": 972470.5375183182
    },
    "wasmtime_app": {
      "mean": 8586033.3,
      "median": 8489006.5,
      "min": 8095166.0,
      "max": 9706300.0,
      "std_dev": 544108.801279885
    }
  },
  "base64": {
    "base_native": {
      "mean": 251179467.66666666,
      "median": 250534313.0,
      "min": 249513246.0,
      "max": 253490844.0,
      "std_dev": 2065790.3742496073
    },
    "wasmtime_app": {
      "mean": 358319697.5,
      "median": 358319697.5,
      "min": 351258260.0,
      "max": 365381135.0,
      "std_dev": 9986380.682349963
    }
  },
  "ctype": {
    "base_native": {
      "mean": 654775761.0,
      "median": 654775761.0,
      "min": 654753887.0,
      "max": 654797635.0,
      "std_dev": 30934.50746334908
    },
    "wasmtime_app": {
      "mean": 936950145.0,
      "median": 936950145.0,
      "min": 936950145.0,
      "max": 936950145.0,
      "std_dev": 0.0
    }
  },
  "ed25519": {
    "base_native": {
      "mean": 1433191922.0,
      "median": 1433191922.0,
      "min": 1433191922.0,
      "max": 1433191922.0,
      "std_dev": 0.0
    },
    "wasmtime_app": {
      "mean": 6768221349.0,
      "median": 6768221349.0,
      "min": 6768221349.0,
      "max": 6768221349.0,
      "std_dev": 0.0
    }
  },
  "fib2": {
    "base_native": {
      "mean": 6955983535.0,
      "median": 6955983535.0,
      "min": 6955983535.0,
      "max": 6955983535.0,
      "std_dev": 0.0
    },
    "wasmtime_app": {
      "mean": 10722473364.0,
      "median": 10722473364.0,
      "min": 10722473364.0,
      "max": 10722473364.0,
      "std_dev": 0.0
    }
  },
  "gimli": {
    "base_native": {
      "mean": 4146150.6,
      "median": 4146438.0,
      "min": 4128914.0,
      "max": 4162112.0,
      "std_dev": 9748.038209472372
    },
    "wasmtime_app": {
      "mean": 9551223.8,
      "median": 9396267.5,
      "min": 9351270.0,
      "max": 10980253.0,
      "std_dev": 502976.7262384126
    }
  },
  "heapsort": {
    "base_native": {
      "mean": 1076387169.0,
      "median": 1076387169.0,
      "min": 1076387169.0,
      "max": 1076387169.0,
      "std_dev": 0.0
    },
    "wasmtime_app": {
      "mean": 1220603033.0,
      "median": 1220603033.0,
      "min": 1220603033.0,
      "max": 1220603033.0,
      "std_dev": 0.0
    }
  },
  "keccak": {
    "base_native": {
      "mean": 7487872.6,
      "median": 7488135.0,
      "min": 7468799.0,
      "max": 7501897.0,
      "std_dev": 10192.589924929669
    },
    "wasmtime_app": {
      "mean": 22905717.6,
      "median": 21242259.5,
      "min": 21148352.0,
      "max": 37105273.0,
      "std_dev": 4991884.980346519
    }
  },
  "matrix": {
    "base_native": {
      "mean": 377887350.5,
      "median": 377887350.5,
      "min": 377877201.0,
      "max": 377897500.0,
      "std_dev": 14353.560551305729
    },
    "wasmtime_app": {
      "mean": 534196213.0,
      "median": 534196213.0,
      "min": 529960415.0,
      "max": 538432011.0,
      "std_dev": 5990322.979072832
    }
  },
  "matrix2": {
    "base_native": {
      "mean": 194276177.0,
      "median": 194277558.0,
      "min": 194260122.0,
      "max": 194289470.0,
      "std_dev": 15324.119702830132
    },
    "wasmtime_app": {
      "mean": 260288327.33333334,
      "median": 257735105.0,
      "min": 257719756.0,
      "max": 265410121.0,
      "std_dev": 4435610.0674969535
    }
  },
  "memmove": {
    "base_native": {
      "mean": 47352696.7,
      "median": 47354299.0,
      "min": 47323676.0,
      "max": 47384897.0,
      "std_dev": 18226.629584514823
    },
    "wasmtime_app": {
      "mean": 520250553.0,
      "median": 520250553.0,
      "min": 514958365.0,
      "max": 525542741.0,
      "std_dev": 7484284.044228145
    }
  },
  "minicsv": {
    "base_native": {
      "mean": 748426295.0,
      "median": 748426295.0,
      "min": 748426295.0,
      "max": 748426295.0,
      "std_dev": 0.0
    },
    "wasmtime_app": {
      "mean": 1104994629.0,
      "median": 1104994629.0,
      "min": 1104994629.0,
      "max": 1104994629.0,
      "std_dev": 0.0
    }
  },
  "nestedloop": {
    "base_native": {
      "mean": 1580493.3636363635,
      "median": 1581134.0,
      "min": 1558861.0,
      "max": 1607808.0,
      "std_dev": 16154.407585997867
    },
    "wasmtime_app": {
      "mean": 6277056.5,
      "median": 6192323.5,
      "min": 6153826.0,
      "max": 7073374.0,
      "std_dev": 280590.0202502854
    }
  },
  "nestedloop2": {
    "base_native": {
      "mean": 1578955.0,
      "median": 1585984.0,
      "min": 1557761.0,
      "max": 1592734.0,
      "std_dev": 13880.485164431393
    },
    "wasmtime_app": {
      "mean": 6330231.1,
      "median": 6237246.5,
      "min": 6219422.0,
      "max": 7085298.0,
      "std_dev": 267077.86180872837
    }
  },
  "nestedloop3": {
    "base_native": {
      "mean": 2091536.9090909092,
      "median": 2088180.0,
      "min": 2077331.0,
      "max": 2138778.0,
      "std_dev": 16083.492024150386
    },
    "wasmtime_app": {
      "mean": 6860938.6,
      "median": 6741855.5,
      "min": 6708995.0,
      "max": 7950924.0,
      "std_dev": 383651.99131481413
    }
  },
  "random": {
    "base_native": {
      "mean": 577593912.5,
      "median": 577593912.5,
      "min": 577582788.0,
      "max": 577605037.0,
      "std_dev": 15732.418774619497
    },
    "wasmtime_app": {
      "mean": 290733512.0,
      "median": 290454678.0,
      "min": 290436029.0,
      "max": 291309829.0,
      "std_dev": 499192.2572185991
    }
  },
  "random2": {
    "base_native": {
      "mean": 577648796.5,
      "median": 577648796.5,
      "min": 577591937.0,
      "max": 577705656.0,
      "std_dev": 80411.476049753
    },
    "wasmtime_app": {
      "mean": 290723828.6666667,
      "median": 290443228.0,
      "min": 290406330.0,
      "max": 291321928.0,
      "std_dev": 518297.6702642347
    }
  },
  "ratelimit": {
    "base_native": {
      "mean": 25943052.6,
      "median": 25943732.5,
      "min": 25929321.0,
      "max": 25956444.0,
      "std_dev": 7769.903834668741
    },
    "wasmtime_app": {
      "mean": 39080836.6,
      "median": 38358452.5,
      "min": 38345528.0,
      "max": 45585893.0,
      "std_dev": 2285662.789144404
    }
  },
  "seqhash": {
    "base_native": {
      "mean": 7130730520.0,
      "median": 7130730520.0,
      "min": 7130730520.0,
      "max": 7130730520.0,
      "std_dev": 0.0
    },
    "wasmtime_app": {
      "mean": 9733828696.0,
      "median": 9733828696.0,
      "min": 9733828696.0,
      "max": 9733828696.0,
      "std_dev": 0.0
    }
  },
  "sieve": {
    "base_native": {
      "mean": 569246551.0,
      "median": 569246551.0,
      "min": 569220165.0,
      "max": 569272937.0,
      "std_dev": 37315.439056776486
    },
    "wasmtime_app": {
      "mean": 766977319.0,
      "median": 766977319.0,
      "min": 766977319.0,
      "max": 766977319.0,
      "std_dev": 0.0
    }
  },
  "strcat": {
    "base_native": {
      "mean": 65860521.2,
      "median": 65851394.0,
      "min": 65832495.0,
      "max": 65980387.0,
      "std_dev": 43049.269679700206
    },
    "wasmtime_app": {
      "mean": 349847052.0,
      "median": 349847052.0,
      "min": 344305878.0,
      "max": 355388226.0,
      "std_dev": 7836403.422269173
    }
  },
  "strcat2": {
    "base_native": {
      "mean": 2592579.090909091,
      "median": 2590402.0,
      "min": 2585577.0,
      "max": 2609676.0,
      "std_dev": 7876.182951843431
    },
    "wasmtime_app": {
      "mean": 9431103.0,
      "median": 8516542.0,
      "min": 8488344.0,
      "max": 17679673.0,
      "std_dev": 2898317.0929799937
    }
  },
  "strchr": {
    "base_native": {
      "mean": 154632631.6,
      "median": 154635931.0,
      "min": 154606958.0,
      "max": 154665480.0,
      "std_dev": 24872.24184306674
    },