{
  "ackermann": {
    "base_native": {
      "mean": 3291899.9,
      "median": 2996511.0,
      "min": 2959438.0,
      "max": 6033346.0,
      "std_dev": 963488.7774765263
    },
    "wasmtime_app": {
      "mean": 8980552.8,
      "median": 8695401.0,
      "min": 7976871.0,
      "max": 12659901.0,
      "std_dev": 1397953.698201911
    }
  },
  "base64": {
    "base_native": {
      "mean": 253026534.66666666,
      "median": 253437416.0,
      "min": 250400106.0,
      "max": 255242082.0,
      "std_dev": 2446998.2629142455
    },
    "wasmtime_app": {
      "mean": 355068294.5,
      "median": 355068294.5,
      "min": 350431162.0,
      "max": 359705427.0,
      "std_dev": 6557895.6720210565
    }
  },
  "ctype": {
    "base_native": {
      "mean": 653849279.5,
      "median": 653849279.5,
      "min": 653808194.0,
      "max": 653890365.0,
      "std_dev": 58103.671316879794
    },
    "wasmtime_app": {
      "mean": 992363206.0,
      "median": 992363206.0,
      "min": 992363206.0,
      "max": 992363206.0,
      "std_dev": 0.0
    }
  },
  "ed25519": {
    "base_native": {
      "mean": 1434655318.0,
      "median": 1434655318.0,
      "min": 1434655318.0,
      "max": 1434655318.0,
      "std_dev": 0.0
    },
    "wasmtime_app": {
      "mean": 6756748099.0,
      "median": 6756748099.0,
      "min": 6756748099.0,
      "max": 6756748099.0,
      "std_dev": 0.0
    }
  },
  "fib2": {
    "base_native": {
      "mean": 6957069083.0,
      "median": 6957069083.0,
      "min": 6957069083.0,
      "max": 6957069083.0,
      "std_dev": 0.0
    },
    "wasmtime_app": {
      "mean": 10680218328.0,
      "median": 10680218328.0,
      "min": 10680218328.0,
      "max": 10680218328.0,
      "std_dev": 0.0
    }
  },
  "gimli": {
    "base_native": {
      "mean": 4150212.9,
      "median": 4148470.5,
      "min": 4125584.0,
      "max": 4172357.0,
      "std_dev": 12795.306052958986
    },
    "wasmtime_app": {
      "mean": 9525905.9,
      "median": 9381820.0,
      "min": 9351234.0,
      "max": 10830541.0,
      "std_dev": 458970.9089743779
    }
  },
  "heapsort": {
    "base_native": {
      "mean": 1076905446.0,
      "median": 1076905446.0,
      "min": 1076905446.0,
      "max": 1076905446.0,
      "std_dev": 0.0
    },
    "wasmtime_app": {
      "mean": 1221033427.0,
      "median": 1221033427.0,
      "min": 1221033427.0,
      "max": 1221033427.0,
      "std_dev": 0.0
    }
  },
  "keccak": {
    "base_native": {
      "mean": 7487973.5,
      "median": 7489166.0,
      "min": 7476479.0,
      "max": 7497653.0,
      "std_dev": 7937.697346628092
    },
    "wasmtime_app": {
      "mean": 22927345.2,
      "median": 21317417.0,
      "min": 21207561.0,
      "max": 37251574.0,
      "std_dev": 5034711.262491685
    }
  },
  "matrix": {
    "base_native": {
      "mean": 377945426.0,
      "median": 377945426.0,
      "min": 377942239.0,
      "max": 377948613.0,
      "std_dev": 4507.098623283054
    },
    "wasmtime_app": {
      "mean": 533777943.0,
      "median": 533777943.0,
      "min": 529742323.0,
      "max": 537813563.0,
      "std_dev": 5707228.53658411
    }
  },
  "matrix2": {
    "base_native": {
      "mean": 194308997.5,
      "median": 194300260.5,
      "min": 194277274.0,
      "max": 194358195.0,
      "std_dev": 34983.73483492007
    },
    "wasmtime_app": {
      "mean": 260285408.66666666,
      "median": 257752585.0,
      "min": 257725687.0,
      "max": 265377954.0,
      "std_dev": 4410294.134708289
    }
  },
  "memmove": {
    "base_native": {
      "mean": 47354081.8,
      "median": 47351937.0,
      "min": 47329963.0,
      "max": 47379336.0,
      "std_dev": 16054.180084257738
    },
    "wasmtime_app": {
      "mean": 520498931.0,
      "median": 520498931.0,
      "min": 515617389.0,
      "max": 525380473.0,
      "std_dev": 6903542.901693883
    }
  },
  "minicsv": {
    "base_native": {
      "mean": 732273343.0,
      "median": 732273343.0,
      "min": 732273343.0,
      "max": 732273343.0,
      "std_dev": 0.0
    },
    "wasmtime_app": {
      "mean": 1109752799.0,
      "median": 1109752799.0,
      "min": 1109752799.0,
      "max": 1109752799.0,
      "std_dev": 0.0
    }
  },
  "nestedloop": {
    "base_native": {
      "mean": 1585353.4545454546,
      "median": 1588376.0,
      "min": 1553953.0,
      "max": 1616825.0,
      "std_dev": 19493.238614266415
    },
    "wasmtime_app": {
      "mean": 6256904.5,
      "median": 6181834.0,
      "min": 6078566.0,
      "max": 7105376.0,
      "std_dev": 301890.8628068723
    }
  },
  "nestedloop2": {
    "base_native": {
      "mean": 1579296.9090909092,
      "median": 1587851.0,
      "min": 1561177.0,
      "max": 1594726.0,
      "std_dev": 13492.241737046854
    },
    "wasmtime_app": {
      "mean": 6191071.3,
      "median": 6097040.0,
      "min": 6079066.0,
      "max": 6928762.0,
      "std_dev": 262095.76134986745
    }
  },
  "nestedloop3": {
    "base_native": {
      "mean": 2089334.8181818181,
      "median": 2087678.0,
      "min": 2061054.0,
      "max": 2127801.0,
      "std_dev": 20589.12983502791
    },
    "wasmtime_app": {
      "mean": 6843767.6,
      "median": 6717575.5,
      "min": 6707326.0,
      "max": 7913300.0,
      "std_dev": 376380.09707835387
    }
  },
  "random": {
    "base_native": {
      "mean": 577685523.0,
      "median": 577685523.0,
      "min": 577677736.0,
      "max": 577693310.0,
      "std_dev": 11012.481010199292
    },
    "wasmtime_app": {
      "mean": 290699131.0,
      "median": 290463496.0,
      "min": 290413199.0,
      "max": 291220698.0,
      "std_dev": 452389.81936931337
    }
  },
  "random2": {
    "base_native": {
      "mean": 577764081.5,
      "median": 577764081.5,
      "min": 577668186.0,
      "max": 577859977.0,
      "std_dev": 135616.71667054913
    },
    "wasmtime_app": {
      "mean": 290672483.0,
      "median": 290431748.0,
      "min": 290321655.0,
      "max": 291264046.0,
      "std_dev": 515257.41565648525
    }
  },
  "ratelimit": {
    "base_native": {
      "mean": 25934876.5,
      "median": 25935176.5,
      "min": 25917202.0,
      "max": 25950226.0,
      "std_dev": 11208.307447305919
    },
    "wasmtime_app": {
      "mean": 39042013.4,
      "median": 38318444.5,
      "min": 38306207.0,
      "max": 45556175.0,
      "std_dev": 2288867.7121576564
    }
  },
  "seqhash": {
    "base_native": {
      "mean": 7131000547.0,
      "median": 7131000547.0,
      "min": 7131000547.0,
      "max": 7131000547.0,
      "std_dev": 0.0
    },
    "wasmtime_app": {
      "mean": 9686545353.0,
      "median": 9686545353.0,
      "min": 9686545353.0,
      "max": 9686545353.0,
      "std_dev": 0.0
    }
  },
  "sieve": {
    "base_native": {
      "mean": 569234551.0,
      "median": 569234551.0,
      "min": 569230101.0,
      "max": 569239001.0,
      "std_dev": 6293.250352560273
    },
    "wasmtime_app": {
      "mean": 767337830.0,
      "median": 767337830.0,
      "min": 767337830.0,
      "max": 767337830.0,
      "std_dev": 0.0
    }
  },
  "strcat": {
    "base_native": {
      "mean": 65887423.0,
      "median": 65874993.5,
      "min": 65859257.0,
      "max": 65970977.0,
      "std_dev": 32335.130455211645
    },
    "wasmtime_app": {
      "mean": 349924031.5,
      "median": 349924031.5,
      "min": 347371180.0,
      "max": 352476883.0,
      "std_dev": 3610277.214024499
    }
  },
  "strcat2": {
    "base_native": {
      "mean": 2593868.3636363638,
      "median": 2593330.0,
      "min": 2579355.0,
      "max": 2609279.0,
      "std_dev": 10177.946445847781
    },
    "wasmtime_app": {
      "mean": 9411263.2,
      "median": 8502350.5,
      "min": 8457491.0,
      "max": 17643536.0,
      "std_dev": 2892651.714508402
    }
  },
  "strchr": {
    "base_native": {
      "mean": 155181700.0,
      "median": 155182355.0,
      "min": 155176080.0,
      "max": 155187555.0,
      "std_dev": 4293.068541265094
    },