{
  "ackermann": {
    "base_native": {
      "mean": 3252793.9,
      "median": 2949693.5,
      "min": 2907034.0,
      "max": 4973991.0,
      "std_dev": 693499.5893574768
    },
    "wasmtime_app": {
      "mean": 9102225.0,
      "median": 8374554.5,
      "min": 8347318.0,
      "max": 12867908.0,
      "std_dev": 1489692.4878982387
    }
  },
  "base64": {
    "base_native": {
      "mean": 252312349.0,
      "median": 249933210.0,
      "min": 249494485.0,
      "max": 257509352.0,
      "std_dev": 4506079.231761577
    },
    "wasmtime_app": {
      "mean": 359632451.0,
      "median": 359632451.0,
      "min": 352953311.0,
      "max": 366311591.0,
      "std_dev": 9445730.372988634
    }
  },
  "ctype": {
    "base_native": {
      "mean": 655056237.5,
      "median": 655056237.5,
      "min": 654802777.0,
      "max": 655309698.0,
      "std_dev": 358447.27662586584
    },
    "wasmtime_app": {
      "mean": 983615544.0,
      "median": 983615544.0,
      "min": 983615544.0,
      "max": 983615544.0,
      "std_dev": 0.0
    }
  },
  "ed25519": {
    "base_native": {
      "mean": 1433114604.0,
      "median": 1433114604.0,
      "min": 1433114604.0,
      "max": 1433114604.0,
      "std_dev": 0.0
    },
    "wasmtime_app": {
      "mean": 6754833427.0,
      "median": 6754833427.0,
      "min": 6754833427.0,
      "max": 6754833427.0,
      "std_dev": 0.0
    }
  },
  "fib2": {
    "base_native": {
      "mean": 6956013610.0,
      "median": 6956013610.0,
      "min": 6956013610.0,
      "max": 6956013610.0,
      "std_dev": 0.0
    },
    "wasmtime_app": {
      "mean": 10666648309.0,
      "median": 10666648309.0,
      "min": 10666648309.0,
      "max": 10666648309.0,
      "std_dev": 0.0
    }
  },
  "gimli": {
    "base_native": {
      "mean": 4164596.8,
      "median": 4164487.0,
      "min": 4141213.0,
      "max": 4195160.0,
      "std_dev": 14212.248620272741
    },
    "wasmtime_app": {
      "mean": 9533835.1,
      "median": 9400508.0,
      "min": 9346436.0,
      "max": 10866098.0,
      "std_dev": 469014.39529707155
    }
  },
  "heapsort": {
    "base_native": {
      "mean": 1076453911.0,
      "median": 1076453911.0,
      "min": 1076453911.0,
      "max": 1076453911.0,
      "std_dev": 0.0
    },
    "wasmtime_app": {
      "mean": 1220637385.0,
      "median": 1220637385.0,
      "min": 1220637385.0,
      "max": 1220637385.0,
      "std_dev": 0.0
    }
  },
  "keccak": {
    "base_native": {
      "mean": 7497056.6,
      "median": 7492672.0,
      "min": 7483972.0,
      "max": 7516196.0,
      "std_dev": 10757.09240145
    },
    "wasmtime_app": {
      "mean": 22833551.2,
      "median": 21244963.0,
      "min": 21029788.0,
      "max": 37229929.0,
      "std_dev": 5060860.073003245
    }
  },
  "matrix": {
    "base_native": {
      "mean": 377874095.0,
      "median": 377874095.0,
      "min": 377866708.0,
      "max": 377881482.0,
      "std_dev": 10446.795585250053
    },
    "wasmtime_app": {
      "mean": 534132183.0,
      "median": 534132183.0,
      "min": 529422817.0,
      "max": 538841549.0,
      "std_dev": 6660049.2673787335
    }
  },
  "matrix2": {
    "base_native": {
      "mean": 194265293.0,
      "median": 194259424.5,
      "min": 194253013.0,
      "max": 194289310.0,
      "std_dev": 16491.094424971718
    },
    "wasmtime_app": {
      "mean": 260240786.66666666,
      "median": 257697500.0,
      "min": 257689925.0,
      "max": 265334935.0,
      "std_dev": 4411663.4931347985
    }
  },
  "memmove": {
    "base_native": {
      "mean": 47326880.9,
      "median": 47322973.5,
      "min": 47315299.0,
      "max": 47354822.0,
      "std_dev": 11831.338596663054
    },
    "wasmtime_app": {
      "mean": 519432667.0,
      "median": 519432667.0,
      "min": 513668474.0,
      "max": 525196860.0,
      "std_dev": 8151799.916736058
    }
  },
  "minicsv": {
    "base_native": {
      "mean": 743113961.0,
      "median": 743113961.0,
      "min": 743113961.0,
      "max": 743113961.0,
      "std_dev": 0.0
    },
    "wasmtime_app": {
      "mean": 1109685079.0,
      "median": 1109685079.0,
      "min": 1109685079.0,
      "max": 1109685079.0,
      "std_dev": 0.0
    }
  },
  "nestedloop": {
    "base_native": {
      "mean": 1591324.4545454546,
      "median": 1597458.0,
      "min": 1564610.0,
      "max": 1611932.0,
      "std_dev": 16785.320404232003
    },
    "wasmtime_app": {
      "mean": 6289959.5,
      "median": 6193992.5,
      "min": 6168394.0,
      "max": 7147413.0,
      "std_dev": 302228.3364353846
    }
  },
  "nestedloop2": {
    "base_native": {
      "mean": 1598940.0,
      "median": 1596908.0,
      "min": 1569360.0,
      "max": 1624482.0,
      "std_dev": 19152.879151709803
    },
    "wasmtime_app": {
      "mean": 6290104.4,
      "median": 6211641.5,
      "min": 6179518.0,
      "max": 7039869.0,
      "std_dev": 264268.2968765729
    }
  },
  "nestedloop3": {
    "base_native": {
      "mean": 2101763.5454545454,
      "median": 2103254.0,
      "min": 2085755.0,
      "max": 2119354.0,
      "std_dev": 9525.665870306773
    },
    "wasmtime_app": {
      "mean": 6856574.3,
      "median": 6736223.5,
      "min": 6716487.0,
      "max": 7920268.0,
      "std_dev": 374008.38557326794
    }
  },
  "random": {
    "base_native": {
      "mean": 577599208.0,
      "median": 577599208.0,
      "min": 577576109.0,
      "max": 577622307.0,
      "std_dev": 32666.919077256123
    },
    "wasmtime_app": {
      "mean": 290738295.6666667,
      "median": 290476136.0,
      "min": 290434238.0,
      "max": 291304513.0,
      "std_dev": 490805.88018720126
    }
  },
  "random2": {
    "base_native": {
      "mean": 577678416.0,
      "median": 577678416.0,
      "min": 577604258.0,
      "max": 577752574.0,
      "std_dev": 104875.24935846399
    },
    "wasmtime_app": {
      "mean": 290740895.3333333,
      "median": 290500959.0,
      "min": 290421464.0,
      "max": 291300263.0,
      "std_dev": 486054.52743528003
    }
  },
  "ratelimit": {
    "base_native": {
      "mean": 25914000.4,
      "median": 25911745.5,
      "min": 25903021.0,
      "max": 25933269.0,
      "std_dev": 11468.694173463884
    },
    "wasmtime_app": {
      "mean": 39082509.9,
      "median": 38351602.0,
      "min": 38327616.0,
      "max": 45603547.0,
      "std_dev": 2291474.337102035
    }
  },
  "seqhash": {
    "base_native": {
      "mean": 7124279931.0,
      "median": 7124279931.0,
      "min": 7124279931.0,
      "max": 7124279931.0,
      "std_dev": 0.0
    },
    "wasmtime_app": {
      "mean": 9684999826.0,
      "median": 9684999826.0,
      "min": 9684999826.0,
      "max": 9684999826.0,
      "std_dev": 0.0
    }
  },
  "sieve": {
    "base_native": {
      "mean": 569267346.0,
      "median": 569267346.0,
      "min": 569247785.0,
      "max": 569286907.0,
      "std_dev": 27663.431493580112
    },
    "wasmtime_app": {
      "mean": 766995751.0,
      "median": 766995751.0,
      "min": 766995751.0,
      "max": 766995751.0,
      "std_dev": 0.0
    }
  },
  "strcat": {
    "base_native": {
      "mean": 65863337.7,
      "median": 65846316.0,
      "min": 65827567.0,
      "max": 65962460.0,
      "std_dev": 42407.1130303239
    },
    "wasmtime_app": {
      "mean": 354202676.0,
      "median": 354202676.0,
      "min": 350181870.0,
      "max": 358223482.0,
      "std_dev": 5686278.376871115
    }
  },
  "strcat2": {
    "base_native": {
      "mean": 2586345.1818181816,
      "median": 2582802.0,
      "min": 2570653.0,
      "max": 2621125.0,
      "std_dev": 15510.540195739039
    },
    "wasmtime_app": {
      "mean": 9401225.3,
      "median": 8492597.5,
      "min": 8469911.0,
      "max": 17595011.0,
      "std_dev": 2879040.911920652
    }
  },
  "strchr": {
    "base_native": {
      "mean": 155205346.0,
      "median": 155079473.0,
      "min": 154983554.0,
      "max": 155747810.0,
      "std_dev": 310612.3048166315
    },