{
  "ackermann": {
    "base_native": {
      "mean": 2845316.5454545454,
      "median": 2835624.0,
      "min": 2821925.0,
      "max": 2910244.0,
      "std_dev": 24482.621989336178
    },
    "wasmtime_app": {
      "mean": 9172009.3,
      "median": 8349766.0,
      "min": 8267507.0,
      "max": 13259025.0,
      "std_dev": 1558329.1999436843
    }
  },
  "base64": {
    "base_native": {
      "mean": 249516906.66666666,
      "median": 249489650.0,
      "min": 249486850.0,
      "max": 249574220.0,
      "std_dev": 49654.54292744354
    },
    "wasmtime_app": {
      "mean": 370350711.0,
      "median": 370350711.0,
      "min": 363594254.0,
      "max": 377107168.0,
      "std_dev": 9555073.122990634
    }
  },
  "ctype": {
    "base_native": {
      "mean": 653900506.5,
      "median": 653900506.5,
      "min": 653652247.0,
      "max": 654148766.0,
      "std_dev": 351091.9518879634
    },
    "wasmtime_app": {
      "mean": 976682116.0,
      "median": 976682116.0,
      "min": 976682116.0,
      "max": 976682116.0,
      "std_dev": 0.0
    }
  },
  "ed25519": {
    "base_native": {
      "mean": 1433150352.0,
      "median": 1433150352.0,
      "min": 1433150352.0,
      "max": 1433150352.0,
      "std_dev": 0.0
    },
    "wasmtime_app": {
      "mean": 6734227716.0,
      "median": 6734227716.0,
      "min": 6734227716.0,
      "max": 6734227716.0,
      "std_dev": 0.0
    }
  },
  "fib2": {
    "base_native": {
      "mean": 6956197662.0,
      "median": 6956197662.0,
      "min": 6956197662.0,
      "max": 6956197662.0,
      "std_dev": 0.0
    },
    "wasmtime_app": {
      "mean": 10688893020.0,
      "median": 10688893020.0,
      "min": 10688893020.0,
      "max": 10688893020.0,
      "std_dev": 0.0
    }
  },
  "gimli": {
    "base_native": {
      "mean": 4148572.5,
      "median": 4149492.5,
      "min": 4134093.0,
      "max": 4160167.0,
      "std_dev": 8127.314388324514
    },
    "wasmtime_app": {
      "mean": 9482986.6,
      "median": 9336987.5,
      "min": 9321938.0,
      "max": 10745704.0,
      "std_dev": 444059.7866364393
    }
  },
  "heapsort": {
    "base_native": {
      "mean": 1076275701.0,
      "median": 1076275701.0,
      "min": 1076275701.0,
      "max": 1076275701.0,
      "std_dev": 0.0
    },
    "wasmtime_app": {
      "mean": 1221266728.0,
      "median": 1221266728.0,
      "min": 1221266728.0,
      "max": 1221266728.0,
      "std_dev": 0.0
    }
  },
  "keccak": {
    "base_native": {
      "mean": 7482296.2,
      "median": 7478736.0,
      "min": 7468887.0,
      "max": 7504185.0,
      "std_dev": 12239.853238045334
    },
    "wasmtime_app": {
      "mean": 22818171.2,
      "median": 21228257.0,
      "min": 20965080.0,
      "max": 37269455.0,
      "std_dev": 5081244.62878478
    }
  },
  "matrix": {
    "base_native": {
      "mean": 377879774.5,
      "median": 377879774.5,
      "min": 377873300.0,
      "max": 377886249.0,
      "std_dev": 9156.325709584604
    },
    "wasmtime_app": {
      "mean": 533522785.0,
      "median": 533522785.0,
      "min": 529403356.0,
      "max": 537642214.0,
      "std_dev": 5825752.361033036
    }
  },
  "matrix2": {
    "base_native": {
      "mean": 194257395.0,
      "median": 194259420.0,
      "min": 194238271.0,
      "max": 194272469.0,
      "std_dev": 15296.776370638794
    },
    "wasmtime_app": {
      "mean": 260189539.66666666,
      "median": 257682544.0,
      "min": 257577623.0,
      "max": 265308452.0,
      "std_dev": 4433418.512990211
    }
  },
  "memmove": {
    "base_native": {
      "mean": 47316556.8,
      "median": 47315794.0,
      "min": 47304320.0,
      "max": 47334268.0,
      "std_dev": 10291.572018997984
    },
    "wasmtime_app": {
      "mean": 520819524.0,
      "median": 520819524.0,
      "min": 516328623.0,
      "max": 525310425.0,
      "std_dev": 6351093.101474895
    }
  },
  "minicsv": {
    "base_native": {
      "mean": 733569723.0,
      "median": 733569723.0,
      "min": 733569723.0,
      "max": 733569723.0,
      "std_dev": 0.0
    },
    "wasmtime_app": {
      "mean": 1109604556.0,
      "median": 1109604556.0,
      "min": 1109604556.0,
      "max": 1109604556.0,
      "std_dev": 0.0
    }
  },
  "nestedloop": {
    "base_native": {
      "mean": 1576306.3636363635,
      "median": 1582152.0,
      "min": 1550503.0,
      "max": 1601075.0,
      "std_dev": 17351.64387758536
    },
    "wasmtime_app": {
      "mean": 6285079.1,
      "median": 6195980.5,
      "min": 6169569.0,
      "max": 7106405.0,
      "std_dev": 289072.4022756813
    }
  },
  "nestedloop2": {
    "base_native": {
      "mean": 1583042.6363636365,
      "median": 1562953.0,
      "min": 1549779.0,
      "max": 1656022.0,
      "std_dev": 39321.13362880762
    },
    "wasmtime_app": {
      "mean": 6296551.0,
      "median": 6207367.0,
      "min": 6182643.0,
      "max": 7107705.0,
      "std_dev": 285486.80750566704
    }
  },
  "nestedloop3": {
    "base_native": {
      "mean": 2084295.5454545454,
      "median": 2080871.0,
      "min": 2055572.0,
      "max": 2136042.0,
      "std_dev": 19313.36652872117
    },
    "wasmtime_app": {
      "mean": 6874222.1,
      "median": 6758419.0,
      "min": 6724921.0,
      "max": 7947370.0,
      "std_dev": 377845.670977936
    }
  },
  "random": {
    "base_native": {
      "mean": 577642716.5,
      "median": 577642716.5,
      "min": 577622155.0,
      "max": 577663278.0,
      "std_dev": 29078.352162734394
    },
    "wasmtime_app": {
      "mean": 290694467.3333333,
      "median": 290444536.0,
      "min": 290397913.0,
      "max": 291240953.0,
      "std_dev": 473844.24016372015
    }
  },
  "random2": {
    "base_native": {
      "mean": 577650066.0,
      "median": 577650066.0,
      "min": 577611606.0,
      "max": 577688526.0,
      "std_dev": 54390.65360886924
    },
    "wasmtime_app": {
      "mean": 290614337.0,
      "median": 290301991.0,
      "min": 290274618.0,
      "max": 291266402.0,
      "std_dev": 564870.6873710124
    }
  },
  "ratelimit": {
    "base_native": {
      "mean": 25927801.3,
      "median": 25924469.0,
      "min": 25917495.0,
      "max": 25956317.0,
      "std_dev": 11687.690334041385
    },
    "wasmtime_app": {
      "mean": 38992118.1,
      "median": 38264113.0,
      "min": 38222890.0,
      "max": 45550336.0,
      "std_dev": 2304544.195120272
    }
  },
  "seqhash": {
    "base_native": {
      "mean": 7106622122.0,
      "median": 7106622122.0,
      "min": 7106622122.0,
      "max": 7106622122.0,
      "std_dev": 0.0
    },
    "wasmtime_app": {
      "mean": 9682350441.0,
      "median": 9682350441.0,
      "min": 9682350441.0,
      "max": 9682350441.0,
      "std_dev": 0.0
    }
  },
  "sieve": {
    "base_native": {
      "mean": 569264097.5,
      "median": 569264097.5,
      "min": 569241399.0,
      "max": 569286796.0,
      "std_dev": 32100.5265455257
    },
    "wasmtime_app": {
      "mean": 767154426.0,
      "median": 767154426.0,
      "min": 767154426.0,
      "max": 767154426.0,
      "std_dev": 0.0
    }
  },
  "strcat": {
    "base_native": {
      "mean": 65873762.8,
      "median": 65868508.0,
      "min": 65836598.0,
      "max": 65939141.0,
      "std_dev": 25989.54883025098
    },
    "wasmtime_app": {
      "mean": 349863985.0,
      "median": 349863985.0,
      "min": 344419048.0,
      "max": 355308922.0,
      "std_dev": 7700303.751667073
    }
  },
  "strcat2": {
    "base_native": {
      "mean": 2588734.5454545454,
      "median": 2583740.0,
      "min": 2568140.0,
      "max": 2623762.0,
      "std_dev": 18953.170174741936
    },
    "wasmtime_app": {
      "mean": 9383223.1,
      "median": 8470023.5,
      "min": 8430350.0,
      "max": 17603020.0,
      "std_dev": 2888261.9663162464
    }
  },
  "strchr": {
    "base_native": {
      "mean": 155220142.4,
      "median": 155109194.0,
      "min": 155050648.0,
      "max": 155682784.0,
      "std_dev": 261314.92193960145
    },