{
  "ackermann": {
    "base_native": {
      "mean": 3319260.9,
      "median": 2852729.0,
      "min": 2819956.0,
      "max": 7591720.0,
      "std_dev": 1501268.7598529935
    },
    "wasmtime_app": {
      "mean": 9270254.5,
      "median": 8689208.5,
      "min": 8008760.0,
      "max": 12634267.0,
      "std_dev": 1293574.3319795264
    }
  },
  "base64": {
    "base_native": {
      "mean": 249518664.0,
      "median": 249497824.0,
      "min": 249491825.0,
      "max": 249566343.0,
      "std_dev": 41400.027548300015
    },
    "wasmtime_app": {
      "mean": 355111787.0,
      "median": 355111787.0,
      "min": 350417259.0,
      "max": 359806315.0,
      "std_dev": 6639065.166540241
    }
  },
  "ctype": {
    "base_native": {
      "mean": 653859965.5,
      "median": 653859965.5,
      "min": 653826131.0,
      "max": 653893800.0,
      "std_dev": 47849.208776112486
    },
    "wasmtime_app": {
      "mean": 984878876.0,
      "median": 984878876.0,
      "min": 984878876.0,
      "max": 984878876.0,
      "std_dev": 0.0
    }
  },
  "ed25519": {
    "base_native": {
      "mean": 1433095802.0,
      "median": 1433095802.0,
      "min": 1433095802.0,
      "max": 1433095802.0,
      "std_dev": 0.0
    },
    "wasmtime_app": {
      "mean": 6748197948.0,
      "median": 6748197948.0,
      "min": 6748197948.0,
      "max": 6748197948.0,
      "std_dev": 0.0
    }
  },
  "fib2": {
    "base_native": {
      "mean": 6955736139.0,
      "median": 6955736139.0,
      "min": 6955736139.0,
      "max": 6955736139.0,
      "std_dev": 0.0
    },
    "wasmtime_app": {
      "mean": 10722597857.0,
      "median": 10722597857.0,
      "min": 10722597857.0,
      "max": 10722597857.0,
      "std_dev": 0.0
    }
  },
  "gimli": {
    "base_native": {
      "mean": 4160470.9,
      "median": 4154603.5,
      "min": 4144717.0,
      "max": 4203537.0,
      "std_dev": 17470.87475040802
    },
    "wasmtime_app": {
      "mean": 9511675.5,
      "median": 9345282.5,
      "min": 9300010.0,
      "max": 11089257.0,
      "std_dev": 554949.1167452001
    }
  },
  "heapsort": {
    "base_native": {
      "mean": 1076585025.0,
      "median": 1076585025.0,
      "min": 1076585025.0,
      "max": 1076585025.0,
      "std_dev": 0.0
    },
    "wasmtime_app": {
      "mean": 1220426020.0,
      "median": 1220426020.0,
      "min": 1220426020.0,
      "max": 1220426020.0,
      "std_dev": 0.0
    }
  },
  "keccak": {
    "base_native": {
      "mean": 7488544.3,
      "median": 7489316.5,
      "min": 7479330.0,
      "max": 7504728.0,
      "std_dev": 7260.596961223872
    },
    "wasmtime_app": {
      "mean": 22870538.6,
      "median": 21331175.5,
      "min": 21001632.0,
      "max": 37315486.0,
      "std_dev": 5077267.123874071
    }
  },
  "matrix": {
    "base_native": {
      "mean": 377870786.5,
      "median": 377870786.5,
      "min": 377848563.0,
      "max": 377893010.0,
      "std_dev": 31428.77510339848
    },
    "wasmtime_app": {
      "mean": 533662585.0,
      "median": 533662585.0,
      "min": 529472203.0,
      "max": 537852967.0,
      "std_dev": 5926095.055924095
    }
  },
  "matrix2": {
    "base_native": {
      "mean": 194272307.75,
      "median": 194269495.5,
      "min": 194235261.0,
      "max": 194314979.0,
      "std_dev": 32717.847192574678
    },
    "wasmtime_app": {
      "mean": 260240470.33333334,
      "median": 257685085.0,
      "min": 257675836.0,
      "max": 265360490.0,
      "std_dev": 4434069.510764387
    }
  },
  "memmove": {
    "base_native": {
      "mean": 47335395.5,
      "median": 47328633.5,
      "min": 47308673.0,
      "max": 47377592.0,
      "std_dev": 21663.490491556935
    },
    "wasmtime_app": {
      "mean": 520722773.0,
      "median": 520722773.0,
      "min": 515629131.0,
      "max": 525816415.0,
      "std_dev": 7203497.598273217
    }
  },
  "minicsv": {
    "base_native": {
      "mean": 751327054.0,
      "median": 751327054.0,
      "min": 751327054.0,
      "max": 751327054.0,
      "std_dev": 0.0
    },
    "wasmtime_app": {
      "mean": 1103345608.0,
      "median": 1103345608.0,
      "min": 1103345608.0,
      "max": 1103345608.0,
      "std_dev": 0.0
    }
  },
  "nestedloop": {
    "base_native": {
      "mean": 1568903.0,
      "median": 1573939.0,
      "min": 1545516.0,
      "max": 1577464.0,
      "std_dev": 11722.223986940362
    },
    "wasmtime_app": {
      "mean": 6309178.7,
      "median": 6231276.0,
      "min": 6159142.0,
      "max": 7134886.0,
      "std_dev": 293001.5223980358
    }
  },
  "nestedloop2": {
    "base_native": {
      "mean": 1564785.0909090908,
      "median": 1573964.0,
      "min": 1541717.0,
      "max": 1580213.0,
      "std_dev": 15084.212445166273
    },
    "wasmtime_app": {
      "mean": 6300129.3,
      "median": 6211527.0,
      "min": 6172942.0,
      "max": 7072889.0,
      "std_dev": 272677.2659676026
    }
  },
  "nestedloop3": {
    "base_native": {
      "mean": 2080147.5454545454,
      "median": 2074346.0,
      "min": 2069846.0,
      "max": 2131466.0,
      "std_dev": 17608.924943696227
    },
    "wasmtime_app": {
      "mean": 6871446.2,
      "median": 6756733.0,
      "min": 6725985.0,
      "max": 7928690.0,
      "std_dev": 371874.43695473345
    }
  },
  "random": {
    "base_native": {
      "mean": 577567265.0,
      "median": 577567265.0,
      "min": 577547179.0,
      "max": 577587351.0,
      "std_dev": 28405.89361382599
    },
    "wasmtime_app": {
      "mean": 290714078.6666667,
      "median": 290456160.0,
      "min": 290409038.0,
      "max": 291277038.0,
      "std_dev": 488106.06322943105
    }
  },
  "random2": {
    "base_native": {
      "mean": 577622360.5,
      "median": 577622360.5,
      "min": 577554554.0,
      "max": 577690167.0,
      "std_dev": 95892.87191705126
    },
    "wasmtime_app": {
      "mean": 290731311.0,
      "median": 290443661.0,
      "min": 290400039.0,
      "max": 291350233.0,
      "std_dev": 536445.7580072752
    }
  },
  "ratelimit": {
    "base_native": {
      "mean": 25924677.8,
      "median": 25921116.0,
      "min": 25912591.0,
      "max": 25941114.0,
      "std_dev": 10166.618008626729
    },
    "wasmtime_app": {
      "mean": 39061254.9,
      "median": 38346389.0,
      "min": 38304929.0,
      "max": 45581307.0,
      "std_dev": 2290977.7548237373
    }
  },
  "seqhash": {
    "base_native": {
      "mean": 7111629855.0,
      "median": 7111629855.0,
      "min": 7111629855.0,
      "max": 7111629855.0,
      "std_dev": 0.0
    },
    "wasmtime_app": {
      "mean": 9742649044.0,
      "median": 9742649044.0,
      "min": 9742649044.0,
      "max": 9742649044.0,
      "std_dev": 0.0
    }
  },
  "sieve": {
    "base_native": {
      "mean": 569261531.0,
      "median": 569261531.0,
      "min": 569225247.0,
      "max": 569297815.0,
      "std_dev": 51313.32489714538
    },
    "wasmtime_app": {
      "mean": 767097177.0,
      "median": 767097177.0,
      "min": 767097177.0,
      "max": 767097177.0,
      "std_dev": 0.0
    }
  },
  "strcat": {
    "base_native": {
      "mean": 65867890.7,
      "median": 65835626.0,
      "min": 65824702.0,
      "max": 66017010.0,
      "std_dev": 60018.42614480989
    },
    "wasmtime_app": {
      "mean": 351265647.0,
      "median": 351265647.0,
      "min": 347239018.0,
      "max": 355292276.0,
      "std_dev": 5694513.342444813
    }
  },
  "strcat2": {
    "base_native": {
      "mean": 2588969.5454545454,
      "median": 2588501.0,
      "min": 2547155.0,
      "max": 2645272.0,
      "std_dev": 25370.08526341067
    },
    "wasmtime_app": {
      "mean": 9431820.2,
      "median": 8515331.0,
      "min": 8478183.0,
      "max": 17752345.0,
      "std_dev": 2923584.6280591455
    }
  },
  "strchr": {
    "base_native": {
      "mean": 154723196.0,
      "median": 154720766.0,
      "min": 154689919.0,
      "max": 154755913.0,
      "std_dev": 29553.072496781107
    },