{
  "ackermann": {
    "base_native": {
      "mean": 3480920.6,
      "median": 2991313.0,
      "min": 2956240.0,
      "max": 7960286.0,
      "std_dev": 1574012.0896493355
    },
    "wasmtime_app": {
      "mean": 9271475.8,
      "median": 8945259.5,
      "min": 8192646.0,
      "max": 12287870.0,
      "std_dev": 1214820.9278526793
    }
  },
  "base64": {
    "base_native": {
      "mean": 261281063.66666666,
      "median": 261637556.0,
      "min": 260511857.0,
      "max": 261693778.0,
      "std_dev": 666745.3789523654
    },
    "wasmtime_app": {
      "mean": 362187842.5,
      "median": 362187842.5,
      "min": 353223071.0,
      "max": 371152614.0,
      "std_dev": 12678101.438875794
    }
  },
  "ctype": {
    "base_native": {
      "mean": 658085695.5,
      "median": 658085695.5,
      "min": 654796008.0,
      "max": 661375383.0,
      "std_dev": 4652320.678469241
    },
    "wasmtime_app": {
      "mean": 984159779.0,
      "median": 984159779.0,
      "min": 984159779.0,
      "max": 984159779.0,
      "std_dev": 0.0
    }
  },
  "ed25519": {
    "base_native": {
      "mean": 1434013912.0,
      "median": 1434013912.0,
      "min": 1434013912.0,
      "max": 1434013912.0,
      "std_dev": 0.0
    },
    "wasmtime_app": {
      "mean": 6763525484.0,
      "median": 6763525484.0,
      "min": 6763525484.0,
      "max": 6763525484.0,
      "std_dev": 0.0
    }
  },
  "fib2": {
    "base_native": {
      "mean": 6956609080.0,
      "median": 6956609080.0,
      "min": 6956609080.0,
      "max": 6956609080.0,
      "std_dev": 0.0
    },
    "wasmtime_app": {
      "mean": 10679455820.0,
      "median": 10679455820.0,
      "min": 10679455820.0,
      "max": 10679455820.0,
      "std_dev": 0.0
    }
  },
  "gimli": {
    "base_native": {
      "mean": 4145762.6,
      "median": 4144935.0,
      "min": 4130411.0,
      "max": 4161310.0,
      "std_dev": 7928.455141661164
    },
    "wasmtime_app": {
      "mean": 9490890.1,
      "median": 9346140.0,
      "min": 9295667.0,
      "max": 10836941.0,
      "std_dev": 473454.78388013877
    }
  },
  "heapsort": {
    "base_native": {
      "mean": 1076833892.0,
      "median": 1076833892.0,
      "min": 1076833892.0,
      "max": 1076833892.0,
      "std_dev": 0.0
    },
    "wasmtime_app": {
      "mean": 1220361408.0,
      "median": 1220361408.0,
      "min": 1220361408.0,
      "max": 1220361408.0,
      "std_dev": 0.0
    }
  },
  "keccak": {
    "base_native": {
      "mean": 7491350.0,
      "median": 7491295.0,
      "min": 7470458.0,
      "max": 7505407.0,
      "std_dev": 11777.665727978529
    },
    "wasmtime_app": {
      "mean": 22805390.1,
      "median": 21210893.5,
      "min": 20990292.0,
      "max": 36989555.0,
      "std_dev": 4986974.675905099
    }
  },
  "matrix": {
    "base_native": {
      "mean": 377905973.0,
      "median": 377905973.0,
      "min": 377887624.0,
      "max": 377924322.0,
      "std_dev": 25949.404655983923
    },
    "wasmtime_app": {
      "mean": 533619495.5,
      "median": 533619495.5,
      "min": 529566795.0,
      "max": 537672196.0,
      "std_dev": 5731384.011336223
    }
  },
  "matrix2": {
    "base_native": {
      "mean": 194328209.5,
      "median": 194322053.5,
      "min": 194286705.0,
      "max": 194382026.0,
      "std_dev": 48209.79972647331
    },
    "wasmtime_app": {
      "mean": 260219763.66666666,
      "median": 257672972.0,
      "min": 257661673.0,
      "max": 265324646.0,
      "std_dev": 4420961.3937167935
    }
  },
  "memmove": {
    "base_native": {
      "mean": 47338981.0,
      "median": 47331489.0,
      "min": 47318089.0,
      "max": 47363712.0,
      "std_dev": 16217.335861492307
    },
    "wasmtime_app": {
      "mean": 520853023.5,
      "median": 520853023.5,
      "min": 516588933.0,
      "max": 525117114.0,
      "std_dev": 6030334.616286272
    }
  },
  "minicsv": {
    "base_native": {
      "mean": 761340019.0,
      "median": 761340019.0,
      "min": 761340019.0,
      "max": 761340019.0,
      "std_dev": 0.0
    },
    "wasmtime_app": {
      "mean": 1108594632.0,
      "median": 1108594632.0,
      "min": 1108594632.0,
      "max": 1108594632.0,
      "std_dev": 0.0
    }
  },
  "nestedloop": {
    "base_native": {
      "mean": 1581222.7272727273,
      "median": 1583577.0,
      "min": 1550604.0,
      "max": 1609226.0,
      "std_dev": 19264.86156239338
    },
    "wasmtime_app": {
      "mean": 6260964.0,
      "median": 6172746.0,
      "min": 6136448.0,
      "max": 7098325.0,
      "std_dev": 295347.11366872105
    }
  },
  "nestedloop2": {
    "base_native": {
      "mean": 1583938.6363636365,
      "median": 1590027.0,
      "min": 1559753.0,
      "max": 1613201.0,
      "std_dev": 17524.975014377207
    },
    "wasmtime_app": {
      "mean": 6261008.9,
      "median": 6177170.5,
      "min": 6142072.0,
      "max": 7019129.0,
      "std_dev": 267608.74954324646
    }
  },
  "nestedloop3": {
    "base_native": {
      "mean": 2093394.9090909092,
      "median": 2089679.0,
      "min": 2067130.0,
      "max": 2124703.0,
      "std_dev": 17327.941438350637
    },
    "wasmtime_app": {
      "mean": 6850730.0,
      "median": 6726668.5,
      "min": 6706545.0,
      "max": 7966558.0,
      "std_dev": 392346.2567390074
    }
  },
  "random": {
    "base_native": {
      "mean": 577710052.0,
      "median": 577710052.0,
      "min": 577614531.0,
      "max": 577805573.0,
      "std_dev": 135087.09369144042
    },
    "wasmtime_app": {
      "mean": 290658849.0,
      "median": 290397662.0,
      "min": 290349114.0,
      "max": 291229771.0,
      "std_dev": 495028.4584132512
    }
  },
  "random2": {
    "base_native": {
      "mean": 577793873.5,
      "median": 577793873.5,
      "min": 577779399.0,
      "max": 577808348.0,
      "std_dev": 20470.034208569363
    },
    "wasmtime_app": {
      "mean": 290673273.3333333,
      "median": 290393362.0,
      "min": 290367163.0,
      "max": 291259295.0,
      "std_dev": 507678.68012388836
    }
  },
  "ratelimit": {
    "base_native": {
      "mean": 25936640.6,
      "median": 25931916.0,
      "min": 25924291.0,
      "max": 25975714.0,
      "std_dev": 15154.904062895139
    },
    "wasmtime_app": {
      "mean": 39041018.6,
      "median": 38320739.0,
      "min": 38280766.0,
      "max": 45557083.0,
      "std_dev": 2289612.3374222694
    }
  },
  "seqhash": {
    "base_native": {
      "mean": 7124653084.0,
      "median": 7124653084.0,
      "min": 7124653084.0,
      "max": 7124653084.0,
      "std_dev": 0.0
    },
    "wasmtime_app": {
      "mean": 9697323666.0,
      "median": 9697323666.0,
      "min": 9697323666.0,
      "max": 9697323666.0,
      "std_dev": 0.0
    }
  },
  "sieve": {
    "base_native": {
      "mean": 569293373.5,
      "median": 569293373.5,
      "min": 569275787.0,
      "max": 569310960.0,
      "std_dev": 24871.066814674436
    },
    "wasmtime_app": {
      "mean": 766994938.0,
      "median": 766994938.0,
      "min": 766994938.0,
      "max": 766994938.0,
      "std_dev": 0.0
    }
  },
  "strcat": {
    "base_native": {
      "mean": 65863238.0,
      "median": 65859305.5,
      "min": 65823920.0,
      "max": 65954589.0,
      "std_dev": 34513.15195689898
    },
    "wasmtime_app": {
      "mean": 349747192.0,
      "median": 349747192.0,
      "min": 344257412.0,
      "max": 355236972.0,
      "std_dev": 7763721.33044457
    }
  },
  "strcat2": {
    "base_native": {
      "mean": 2595142.6363636362,
      "median": 2598481.0,
      "min": 2582607.0,
      "max": 2620155.0,
      "std_dev": 12856.094829089643
    },
    "wasmtime_app": {
      "mean": 9383820.3,
      "median": 8478245.0,
      "min": 8431060.0,
      "max": 17590834.0,
      "std_dev": 2883771.2814093153
    }
  },
  "strchr": {
    "base_native": {
      "mean": 155026622.6,
      "median": 155134218.0,
      "min": 154643565.0,
      "max": 155191365.0,
      "std_dev": 231949.97415671338
    },