{
  "ackermann": {
    "base_native": {
      "mean": 2987387.2,
      "median": 2936977.5,
      "min": 2901055.0,
      "max": 3507144.0,
      "std_dev": 183438.39224582553
    },
    "wasmtime_app": {
      "mean": 9195499.2,
      "median": 8777443.0,
      "min": 8042646.0,
      "max": 13214030.0,
      "std_dev": 1472174.1565231413
    }
  },
  "base64": {
    "base_native": {
      "mean": 251451235.33333334,
      "median": 249515990.0,
      "min": 249484792.0,
      "max": 255352924.0,
      "std_dev": 3378997.5092469854
    },
    "wasmtime_app": {
      "mean": 359768235.5,
      "median": 359768235.5,
      "min": 354277895.0,
      "max": 365258576.0,
      "std_dev": 7764513.99714628
    }
  },
  "ctype": {
    "base_native": {
      "mean": 654388210.0,
      "median": 654388210.0,
      "min": 654210945.0,
      "max": 654565475.0,
      "std_dev": 250690.5671340667
    },
    "wasmtime_app": {
      "mean": 982213301.0,
      "median": 982213301.0,
      "min": 982213301.0,
      "max": 982213301.0,
      "std_dev": 0.0
    }
  },
  "ed25519": {
    "base_native": {
      "mean": 1433469845.0,
      "median": 1433469845.0,
      "min": 1433469845.0,
      "max": 1433469845.0,
      "std_dev": 0.0
    },
    "wasmtime_app": {
      "mean": 6747982219.0,
      "median": 6747982219.0,
      "min": 6747982219.0,
      "max": 6747982219.0,
      "std_dev": 0.0
    }
  },
  "fib2": {
    "base_native": {
      "mean": 6956188790.0,
      "median": 6956188790.0,
      "min": 6956188790.0,
      "max": 6956188790.0,
      "std_dev": 0.0
    },
    "wasmtime_app": {
      "mean": 10683774286.0,
      "median": 10683774286.0,
      "min": 10683774286.0,
      "max": 10683774286.0,
      "std_dev": 0.0
    }
  },
  "gimli": {
    "base_native": {
      "mean": 4147376.7,
      "median": 4142457.0,
      "min": 4133133.0,
      "max": 4178655.0,
      "std_dev": 14563.764493884584
    },
    "wasmtime_app": {
      "mean": 9487830.0,
      "median": 9343273.0,
      "min": 9316650.0,
      "max": 10804791.0,
      "std_dev": 463140.22437390505
    }
  },
  "heapsort": {
    "base_native": {
      "mean": 1076553817.0,
      "median": 1076553817.0,
      "min": 1076553817.0,
      "max": 1076553817.0,
      "std_dev": 0.0
    },
    "wasmtime_app": {
      "mean": 1220362138.0,
      "median": 1220362138.0,
      "min": 1220362138.0,
      "max": 1220362138.0,
      "std_dev": 0.0
    }
  },
  "keccak": {
    "base_native": {
      "mean": 7484068.8,
      "median": 7484573.5,
      "min": 7468512.0,
      "max": 7501485.0,
      "std_dev": 11536.22276715101
    },
    "wasmtime_app": {
      "mean": 22882928.3,
      "median": 21338798.0,
      "min": 21042339.0,
      "max": 37227628.0,
      "std_dev": 5043695.120511197
    }
  },
  "matrix": {
    "base_native": {
      "mean": 377925184.5,
      "median": 377925184.5,
      "min": 377908323.0,
      "max": 377942046.0,
      "std_dev": 23845.761981953943
    },
    "wasmtime_app": {
      "mean": 533882441.0,
      "median": 533882441.0,
      "min": 529650417.0,
      "max": 538114465.0,
      "std_dev": 5984985.737088435
    }
  },
  "matrix2": {
    "base_native": {
      "mean": 194284380.5,
      "median": 194289299.0,
      "min": 194254101.0,
      "max": 194304823.0,
      "std_dev": 23915.794035183808
    },
    "wasmtime_app": {
      "mean": 260185136.33333334,
      "median": 257669361.0,
      "min": 257623464.0,
      "max": 265262584.0,
      "std_dev": 4397258.54817025
    }
  },
  "memmove": {
    "base_native": {
      "mean": 47391269.7,
      "median": 47390912.0,
      "min": 47369251.0,
      "max": 47414798.0,
      "std_dev": 16849.67698371561
    },
    "wasmtime_app": {
      "mean": 520884735.5,
      "median": 520884735.5,
      "min": 516183500.0,
      "max": 525585971.0,
      "std_dev": 6648551.004009859
    }
  },
  "minicsv": {
    "base_native": {
      "mean": 754333708.0,
      "median": 754333708.0,
      "min": 754333708.0,
      "max": 754333708.0,
      "std_dev": 0.0
    },
    "wasmtime_app": {
      "mean": 1113140602.0,
      "median": 1113140602.0,
      "min": 1113140602.0,
      "max": 1113140602.0,
      "std_dev": 0.0
    }
  },
  "nestedloop": {
    "base_native": {
      "mean": 1580804.7272727273,
      "median": 1581082.0,
      "min": 1551184.0,
      "max": 1625229.0,
      "std_dev": 24109.788966686996
    },
    "wasmtime_app": {
      "mean": 6251107.5,
      "median": 6147465.5,
      "min": 6138954.0,
      "max": 7084775.0,
      "std_dev": 293724.5396479308
    }
  },
  "nestedloop2": {
    "base_native": {
      "mean": 1574766.4545454546,
      "median": 1580407.0,
      "min": 1551684.0,
      "max": 1614655.0,
      "std_dev": 18945.262412348035
    },
    "wasmtime_app": {
      "mean": 6264006.6,
      "median": 6187701.0,
      "min": 6146478.0,
      "max": 6992556.0,
      "std_dev": 256806.2526658311
    }
  },
  "nestedloop3": {
    "base_native": {
      "mean": 2091345.2727272727,
      "median": 2080878.0,
      "min": 2075278.0,
      "max": 2176247.0,
      "std_dev": 28808.023722882863
    },
    "wasmtime_app": {
      "mean": 6839456.9,
      "median": 6715309.0,
      "min": 6673249.0,
      "max": 7937102.0,
      "std_dev": 386923.3062356443
    }
  },
  "random": {
    "base_native": {
      "mean": 577598893.5,
      "median": 577598893.5,
      "min": 577594106.0,
      "max": 577603681.0,
      "std_dev": 6770.5474298611925
    },
    "wasmtime_app": {
      "mean": 290818569.3333333,
      "median": 290418342.0,
      "min": 290367145.0,
      "max": 291670221.0,
      "std_dev": 737996.0732987224
    }
  },
  "random2": {
    "base_native": {
      "mean": 577673089.0,
      "median": 577673089.0,
      "min": 577613605.0,
      "max": 577732573.0,
      "std_dev": 84123.07954420119
    },
    "wasmtime_app": {
      "mean": 290671669.0,
      "median": 290388993.0,
      "min": 290354295.0,
      "max": 291271719.0,
      "std_dev": 519948.0644025901
    }
  },
  "ratelimit": {
    "base_native": {
      "mean": 25950427.5,
      "median": 25940843.0,
      "min": 25929281.0,
      "max": 26039325.0,
      "std_dev": 32749.667500432563
    },
    "wasmtime_app": {
      "mean": 39030993.6,
      "median": 38303354.5,
      "min": 38273519.0,
      "max": 45585282.0,
      "std_dev": 2303027.031856658
    }
  },
  "seqhash": {
    "base_native": {
      "mean": 7126801075.0,
      "median": 7126801075.0,
      "min": 7126801075.0,
      "max": 7126801075.0,
      "std_dev": 0.0
    },
    "wasmtime_app": {
      "mean": 9677180882.0,
      "median": 9677180882.0,
      "min": 9677180882.0,
      "max": 9677180882.0,
      "std_dev": 0.0
    }
  },
  "sieve": {
    "base_native": {
      "mean": 569216747.0,
      "median": 569216747.0,
      "min": 569210972.0,
      "max": 569222522.0,
      "std_dev": 8167.083322704624
    },
    "wasmtime_app": {
      "mean": 767073469.0,
      "median": 767073469.0,
      "min": 767073469.0,
      "max": 767073469.0,
      "std_dev": 0.0
    }
  },
  "strcat": {
    "base_native": {
      "mean": 65864035.7,
      "median": 65846081.5,
      "min": 65828920.0,
      "max": 65968037.0,
      "std_dev": 41395.22557024072
    },
    "wasmtime_app": {
      "mean": 352663173.5,
      "median": 352663173.5,
      "min": 350124629.0,
      "max": 355201718.0,
      "std_dev": 3590044.0605876273
    }
  },
  "strcat2": {
    "base_native": {
      "mean": 2604294.5454545454,
      "median": 2601297.0,
      "min": 2585648.0,
      "max": 2634595.0,
      "std_dev": 12570.258210264708
    },
    "wasmtime_app": {
      "mean": 9384153.5,
      "median": 8469585.0,
      "min": 8440224.0,
      "max": 17588309.0,
      "std_dev": 2882766.376638371
    }
  },
  "strchr": {
    "base_native": {
      "mean": 154618561.6,
      "median": 154618897.0,
      "min": 154589823.0,
      "max": 154644920.0,
      "std_dev": 20982.24824226422
    },