{
  "ackermann": {
    "base_native": {
      "mean": 3294915.3,
      "median": 2986104.5,
      "min": 2944794.0,
      "max": 6155374.0,
      "std_dev": 1005267.6516015303
    },
    "wasmtime_app": {
      "mean": 9302171.9,
      "median": 8919681.5,
      "min": 8206309.0,
      "max": 13768920.0,
      "std_dev": 1622491.4540240231
    }
  },
  "base64": {
    "base_native": {
      "mean": 259276381.66666666,
      "median": 261624966.0,
      "min": 254544040.0,
      "max": 261660139.0,
      "std_dev": 4098365.835614768
    },
    "wasmtime_app": {
      "mean": 364826571.5,
      "median": 364826571.5,
      "min": 358494390.0,
      "max": 371158753.0,
      "std_dev": 8955056.956708008
    }
  },
  "ctype": {
    "base_native": {
      "mean": 656014463.0,
      "median": 656014463.0,
      "min": 653723109.0,
      "max": 658305817.0,
      "std_dev": 3240463.9029978407
    },
    "wasmtime_app": {
      "mean": 988985948.0,
      "median": 988985948.0,
      "min": 988985948.0,
      "max": 988985948.0,
      "std_dev": 0.0
    }
  },
  "ed25519": {
    "base_native": {
      "mean": 1433434232.0,
      "median": 1433434232.0,
      "min": 1433434232.0,
      "max": 1433434232.0,
      "std_dev": 0.0
    },
    "wasmtime_app": {
      "mean": 6760165696.0,
      "median": 6760165696.0,
      "min": 6760165696.0,
      "max": 6760165696.0,
      "std_dev": 0.0
    }
  },
  "fib2": {
    "base_native": {
      "mean": 6956043999.0,
      "median": 6956043999.0,
      "min": 6956043999.0,
      "max": 6956043999.0,
      "std_dev": 0.0
    },
    "wasmtime_app": {
      "mean": 10688409680.0,
      "median": 10688409680.0,
      "min": 10688409680.0,
      "max": 10688409680.0,
      "std_dev": 0.0
    }
  },
  "gimli": {
    "base_native": {
      "mean": 4154859.8,
      "median": 4154605.0,
      "min": 4132481.0,
      "max": 4182178.0,
      "std_dev": 12960.284314439676
    },
    "wasmtime_app": {
      "mean": 9470907.9,
      "median": 9322503.5,
      "min": 9300792.0,
      "max": 10784635.0,
      "std_dev": 461986.931418207
    }
  },
  "heapsort": {
    "base_native": {
      "mean": 1076403385.0,
      "median": 1076403385.0,
      "min": 1076403385.0,
      "max": 1076403385.0,
      "std_dev": 0.0
    },
    "wasmtime_app": {
      "mean": 1220460898.0,
      "median": 1220460898.0,
      "min": 1220460898.0,
      "max": 1220460898.0,
      "std_dev": 0.0
    }
  },
  "keccak": {
    "base_native": {
      "mean": 7499220.5,
      "median": 7499503.0,
      "min": 7487529.0,
      "max": 7511677.0,
      "std_dev": 7352.308892827855
    },
    "wasmtime_app": {
      "mean": 22921850.7,
      "median": 21328516.5,
      "min": 21163786.0,
      "max": 37313590.0,
      "std_dev": 5058967.789052911
    }
  },
  "matrix": {
    "base_native": {
      "mean": 377887994.0,
      "median": 377887994.0,
      "min": 377886669.0,
      "max": 377889319.0,
      "std_dev": 1873.8329701443508
    },
    "wasmtime_app": {
      "mean": 533610907.5,
      "median": 533610907.5,
      "min": 529484941.0,
      "max": 537736874.0,
      "std_dev": 5834997.782197051
    }
  },
  "matrix2": {
    "base_native": {
      "mean": 194280058.25,
      "median": 194264265.5,
      "min": 194255478.0,
      "max": 194336224.0,
      "std_dev": 37745.98159959106
    },
    "wasmtime_app": {
      "mean": 260198344.66666666,
      "median": 257647143.0,
      "min": 257634193.0,
      "max": 265313698.0,
      "std_dev": 4430030.6679816935
    }
  },
  "memmove": {
    "base_native": {
      "mean": 47346178.4,
      "median": 47340146.0,
      "min": 47323472.0,
      "max": 47403418.0,
      "std_dev": 23240.601068914813
    },
    "wasmtime_app": {
      "mean": 520974418.0,
      "median": 520974418.0,
      "min": 516471991.0,
      "max": 525476845.0,
      "std_dev": 6367393.326994807
    }
  },
  "minicsv": {
    "base_native": {
      "mean": 736444235.0,
      "median": 736444235.0,
      "min": 736444235.0,
      "max": 736444235.0,
      "std_dev": 0.0
    },
    "wasmtime_app": {
      "mean": 1108824215.0,
      "median": 1108824215.0,
      "min": 1108824215.0,
      "max": 1108824215.0,
      "std_dev": 0.0
    }
  },
  "nestedloop": {
    "base_native": {
      "mean": 1591004.0,
      "median": 1598240.0,
      "min": 1557142.0,
      "max": 1620664.0,
      "std_dev": 22595.80670832533
    },
    "wasmtime_app": {
      "mean": 6249941.6,
      "median": 6167762.0,
      "min": 6141138.0,
      "max": 6989981.0,
      "std_dev": 260759.14903101252
    }
  },
  "nestedloop2": {
    "base_native": {
      "mean": 1574391.2727272727,
      "median": 1581466.0,
      "min": 1554067.0,
      "max": 1591565.0,
      "std_dev": 13623.338262635258
    },
    "wasmtime_app": {
      "mean": 6237999.6,
      "median": 6148738.0,
      "min": 6116414.0,
      "max": 7058578.0,
      "std_dev": 289107.6527263388
    }
  },
  "nestedloop3": {
    "base_native": {
      "mean": 2085764.0909090908,
      "median": 2088464.0,
      "min": 2062740.0,
      "max": 2099688.0,
      "std_dev": 10909.759864035006
    },
    "wasmtime_app": {
      "mean": 6803310.3,
      "median": 6700554.0,
      "min": 6618345.0,
      "max": 7830798.0,
      "std_dev": 363096.08817533875
    }
  },
  "random": {
    "base_native": {
      "mean": 577601959.0,
      "median": 577601959.0,
      "min": 577597034.0,
      "max": 577606884.0,
      "std_dev": 6965.001794687493
    },
    "wasmtime_app": {
      "mean": 290668148.3333333,
      "median": 290380709.0,
      "min": 290364710.0,
      "max": 291259026.0,
      "std_dev": 511777.59302682773
    }
  },
  "random2": {
    "base_native": {
      "mean": 577714140.0,
      "median": 577714140.0,
      "min": 577646656.0,
      "max": 577781624.0,
      "std_dev": 95436.78804318595
    },
    "wasmtime_app": {
      "mean": 290673631.3333333,
      "median": 290396709.0,
      "min": 290378809.0,
      "max": 291245376.0,
      "std_dev": 495226.2870611104
    }
  },
  "ratelimit": {
    "base_native": {
      "mean": 25952669.7,
      "median": 25950939.5,
      "min": 25941578.0,
      "max": 25968626.0,
      "std_dev": 9285.830281192475
    },
    "wasmtime_app": {
      "mean": 39040425.9,
      "median": 38321438.5,
      "min": 38290802.0,
      "max": 45590922.0,
      "std_dev": 2301685.7721683737
    }
  },
  "seqhash": {
    "base_native": {
      "mean": 7131660763.0,
      "median": 7131660763.0,
      "min": 7131660763.0,
      "max": 7131660763.0,
      "std_dev": 0.0
    },
    "wasmtime_app": {
      "mean": 9687993421.0,
      "median": 9687993421.0,
      "min": 9687993421.0,
      "max": 9687993421.0,
      "std_dev": 0.0
    }
  },
  "sieve": {
    "base_native": {
      "mean": 569261124.5,
      "median": 569261124.5,
      "min": 569249750.0,
      "max": 569272499.0,
      "std_dev": 16085.97216521277
    },
    "wasmtime_app": {
      "mean": 767058331.0,
      "median": 767058331.0,
      "min": 767058331.0,
      "max": 767058331.0,
      "std_dev": 0.0
    }
  },
  "strcat": {
    "base_native": {
      "mean": 65858842.1,
      "median": 65848555.5,
      "min": 65835243.0,
      "max": 65962062.0,
      "std_dev": 37517.961892198306
    },
    "wasmtime_app": {
      "mean": 351289555.0,
      "median": 351289555.0,
      "min": 350315330.0,
      "max": 352263780.0,
      "std_dev": 1377762.2078029285
    }
  },
  "strcat2": {
    "base_native": {
      "mean": 2591664.8181818184,
      "median": 2589713.0,
      "min": 2572064.0,
      "max": 2618211.0,
      "std_dev": 15412.53239943509
    },
    "wasmtime_app": {
      "mean": 9384141.3,
      "median": 8467749.0,
      "min": 8402076.0,
      "max": 17657671.0,
      "std_dev": 2907221.2370254886
    }
  },
  "strchr": {
    "base_native": {
      "mean": 154613049.4,
      "median": 154606100.0,
      "min": 154598075.0,
      "max": 154639523.0,
      "std_dev": 16487.830763930106
    },