{
  "ackermann": {
    "base_native": {
      "mean": 3395585.4,
      "median": 3082391.5,
      "min": 3050594.0,
      "max": 6254553.0,
      "std_dev": 1004756.066152178
    },
    "wasmtime_app": {
      "mean": 9505643.6,
      "median": 9188794.0,
      "min": 8023402.0,
      "max": 13146636.0,
      "std_dev": 1526019.057996925
    }
  },
  "base64": {
    "base_native": {
      "mean": 269241876.6666667,
      "median": 270327112.0,
      "min": 266957787.0,
      "max": 270440731.0,
      "std_dev": 1978895.2785128204
    },
    "wasmtime_app": {
      "mean": 359877551.0,
      "median": 359877551.0,
      "min": 354502497.0,
      "max": 365252605.0,
      "std_dev": 7601474.265287754
    }
  },
  "ctype": {
    "base_native": {
      "mean": 677910607.0,
      "median": 677910607.0,
      "min": 677910607.0,
      "max": 677910607.0,
      "std_dev": 0.0
    },
    "wasmtime_app": {
      "mean": 941888097.0,
      "median": 941888097.0,
      "min": 941888097.0,
      "max": 941888097.0,
      "std_dev": 0.0
    }
  },
  "ed25519": {
    "base_native": {
      "mean": 1436544027.0,
      "median": 1436544027.0,
      "min": 1436544027.0,
      "max": 1436544027.0,
      "std_dev": 0.0
    },
    "wasmtime_app": {
      "mean": 6748680887.0,
      "median": 6748680887.0,
      "min": 6748680887.0,
      "max": 6748680887.0,
      "std_dev": 0.0
    }
  },
  "fib2": {
    "base_native": {
      "mean": 6956217972.0,
      "median": 6956217972.0,
      "min": 6956217972.0,
      "max": 6956217972.0,
      "std_dev": 0.0
    },
    "wasmtime_app": {
      "mean": 10673479455.0,
      "median": 10673479455.0,
      "min": 10673479455.0,
      "max": 10673479455.0,
      "std_dev": 0.0
    }
  },
  "gimli": {
    "base_native": {
      "mean": 4151648.2,
      "median": 4147965.5,
      "min": 4142804.0,
      "max": 4165827.0,
      "std_dev": 8456.899389781629
    },
    "wasmtime_app": {
      "mean": 9561441.9,
      "median": 9394978.5,
      "min": 9353132.0,
      "max": 11096382.0,
      "std_dev": 540106.5514434165
    }
  },
  "heapsort": {
    "base_native": {
      "mean": 1076445764.0,
      "median": 1076445764.0,
      "min": 1076445764.0,
      "max": 1076445764.0,
      "std_dev": 0.0
    },
    "wasmtime_app": {
      "mean": 1220642076.0,
      "median": 1220642076.0,
      "min": 1220642076.0,
      "max": 1220642076.0,
      "std_dev": 0.0
    }
  },
  "keccak": {
    "base_native": {
      "mean": 7473308.7,
      "median": 7471318.5,
      "min": 7454207.0,
      "max": 7498905.0,
      "std_dev": 14415.272603504012
    },
    "wasmtime_app": {
      "mean": 22935377.5,
      "median": 21265431.5,
      "min": 21119567.0,
      "max": 37481174.0,
      "std_dev": 5113025.312060827
    }
  },
  "matrix": {
    "base_native": {
      "mean": 377883981.5,
      "median": 377883981.5,
      "min": 377881557.0,
      "max": 377886406.0,
      "std_dev": 3428.760781973569
    },
    "wasmtime_app": {
      "mean": 533516307.5,
      "median": 533516307.5,
      "min": 529381290.0,
      "max": 537651325.0,
      "std_dev": 5847797.82915009
    }
  },
  "matrix2": {
    "base_native": {
      "mean": 194269518.25,
      "median": 194259950.0,
      "min": 194251726.0,
      "max": 194306447.0,
      "std_dev": 25494.187590834634
    },
    "wasmtime_app": {
      "mean": 260222667.66666666,
      "median": 257672758.0,
      "min": 257663159.0,
      "max": 265332086.0,
      "std_dev": 4424888.678142347
    }
  },
  "memmove": {
    "base_native": {
      "mean": 47338686.2,
      "median": 47337791.0,
      "min": 47314343.0,
      "max": 47358240.0,
      "std_dev": 15243.139548298077
    },
    "wasmtime_app": {
      "mean": 520527734.5,
      "median": 520527734.5,
      "min": 515193278.0,
      "max": 525862191.0,
      "std_dev": 7544060.730189312
    }
  },
  "minicsv": {
    "base_native": {
      "mean": 750858430.0,
      "median": 750858430.0,
      "min": 750858430.0,
      "max": 750858430.0,
      "std_dev": 0.0
    },
    "wasmtime_app": {
      "mean": 1105641709.0,
      "median": 1105641709.0,
      "min": 1105641709.0,
      "max": 1105641709.0,
      "std_dev": 0.0
    }
  },
  "nestedloop": {
    "base_native": {
      "mean": 1569167.9090909092,
      "median": 1576756.0,
      "min": 1513535.0,
      "max": 1597180.0,
      "std_dev": 22357.410710789143
    },
    "wasmtime_app": {
      "mean": 6308956.6,
      "median": 6215793.0,
      "min": 6198007.0,
      "max": 7128241.0,
      "std_dev": 288317.9233759536
    }
  },
  "nestedloop2": {
    "base_native": {
      "mean": 1568547.5454545454,
      "median": 1577531.0,
      "min": 1528659.0,
      "max": 1589230.0,
      "std_dev": 18173.525059072257
    },
    "wasmtime_app": {
      "mean": 6301862.3,
      "median": 6206519.5,
      "min": 6198382.0,
      "max": 7052196.0,
      "std_dev": 264550.63304657664
    }
  },
  "nestedloop3": {
    "base_native": {
      "mean": 2080712.2727272727,
      "median": 2077201.0,
      "min": 2055028.0,
      "max": 2120774.0,
      "std_dev": 16001.622999501704
    },
    "wasmtime_app": {
      "mean": 6883223.2,
      "median": 6765017.0,
      "min": 6743393.0,
      "max": 7987379.0,
      "std_dev": 388091.5766447685
    }
  },
  "random": {
    "base_native": {
      "mean": 577580947.0,
      "median": 577580947.0,
      "min": 577570910.0,
      "max": 577590984.0,
      "std_dev": 14194.461525538754
    },
    "wasmtime_app": {
      "mean": 290704734.0,
      "median": 290423696.0,
      "min": 290403347.0,
      "max": 291287159.0,
      "std_dev": 504497.45382806443
    }
  },
  "random2": {
    "base_native": {
      "mean": 577617757.5,
      "median": 577617757.5,
      "min": 577573510.0,
      "max": 577662005.0,
      "std_dev": 62575.41460110353
    },
    "wasmtime_app": {
      "mean": 290733581.6666667,
      "median": 290430920.0,
      "min": 290414196.0,
      "max": 291355629.0,
      "std_dev": 538773.6878544955
    }
  },
  "ratelimit": {
    "base_native": {
      "mean": 25917707.1,
      "median": 25910837.0,
      "min": 25900488.0,
      "max": 25955585.0,
      "std_dev": 17560.586452178766
    },
    "wasmtime_app": {
      "mean": 39069346.0,
      "median": 38343988.0,
      "min": 38320564.0,
      "max": 45555898.0,
      "std_dev": 2279255.2853413424
    }
  },
  "seqhash": {
    "base_native": {
      "mean": 7102220360.0,
      "median": 7102220360.0,
      "min": 7102220360.0,
      "max": 7102220360.0,
      "std_dev": 0.0
    },
    "wasmtime_app": {
      "mean": 9695832359.0,
      "median": 9695832359.0,
      "min": 9695832359.0,
      "max": 9695832359.0,
      "std_dev": 0.0
    }
  },
  "sieve": {
    "base_native": {
      "mean": 569186095.0,
      "median": 569186095.0,
      "min": 569153559.0,
      "max": 569218631.0,
      "std_dev": 46012.85246537102
    },
    "wasmtime_app": {
      "mean": 767134070.0,
      "median": 767134070.0,
      "min": 767134070.0,
      "max": 767134070.0,
      "std_dev": 0.0
    }
  },
  "strcat": {
    "base_native": {
      "mean": 65865169.6,
      "median": 65860329.5,
      "min": 65834944.0,
      "max": 65969811.0,
      "std_dev": 39203.10412369578
    },
    "wasmtime_app": {
      "mean": 353948799.0,
      "median": 353948799.0,
      "min": 349673592.0,
      "max": 358224006.0,
      "std_dev": 6046055.721352393
    }
  },
  "strcat2": {
    "base_native": {
      "mean": 2585062.0,
      "median": 2583071.0,
      "min": 2571722.0,
      "max": 2609020.0,
      "std_dev": 10810.689913229406
    },
    "wasmtime_app": {
      "mean": 9446380.2,
      "median": 8534840.5,
      "min": 8499093.0,
      "max": 17712135.0,
      "std_dev": 2904343.4609599155
    }
  },
  "strchr": {
    "base_native": {
      "mean": 154910624.4,
      "median": 154883486.0,
      "min": 154865912.0,
      "max": 154978980.0,
      "std_dev": 47874.60280044107
    },
    "wasmtime_app": {
      "mean": 406833686.5,