{
  "ackermann": {
    "base_native": {
      "mean": 3424166.6,
      "median": 2938048.5,
      "min": 2905012.0,
      "max": 7875713.0,
      "std_dev": 1564230.0365087115
    },
    "wasmtime_app": {
      "mean": 9393885.0,
      "median": 8984304.5,
      "min": 8045017.0,
      "max": 13327417.0,
      "std_dev": 1530208.1135209464
    }
  },
  "base64": {
    "base_native": {
      "mean": 255076540.66666666,
      "median": 257411371.0,
      "min": 250296084.0,
      "max": 257522167.0,
      "std_dev": 4140367.5434449455
    },
    "wasmtime_app": {
      "mean": 358523531.5,
      "median": 358523531.5,
      "min": 351754380.0,
      "max": 365292683.0,
      "std_dev": 9573025.85705818
    }
  },
  "ctype": {
    "base_native": {
      "mean": 653698009.5,
      "median": 653698009.5,
      "min": 653658723.0,
      "max": 653737296.0,
      "std_dev": 55559.5011181706
    },
    "wasmtime_app": {
      "mean": 965246951.0,
      "median": 965246951.0,
      "min": 965246951.0,
      "max": 965246951.0,
      "std_dev": 0.0
    }
  },
  "ed25519": {
    "base_native": {
      "mean": 1433031123.0,
      "median": 1433031123.0,
      "min": 1433031123.0,
      "max": 1433031123.0,
      "std_dev": 0.0
    },
    "wasmtime_app": {
      "mean": 6772549662.0,
      "median": 6772549662.0,
      "min": 6772549662.0,
      "max": 6772549662.0,
      "std_dev": 0.0
    }
  },
  "fib2": {
    "base_native": {
      "mean": 6956249263.0,
      "median": 6956249263.0,
      "min": 6956249263.0,
      "max": 6956249263.0,
      "std_dev": 0.0
    },
    "wasmtime_app": {
      "mean": 10652996455.0,
      "median": 10652996455.0,
      "min": 10652996455.0,
      "max": 10652996455.0,
      "std_dev": 0.0
    }
  },
  "gimli": {
    "base_native": {
      "mean": 4135240.2,
      "median": 4133525.0,
      "min": 4128776.0,
      "max": 4155775.0,
      "std_dev": 7668.404090088686
    },
    "wasmtime_app": {
      "mean": 9490646.0,
      "median": 9342806.0,
      "min": 9320482.0,
      "max": 10785260.0,
      "std_dev": 455346.21873397974
    }
  },
  "heapsort": {
    "base_native": {
      "mean": 1076290109.0,
      "median": 1076290109.0,
      "min": 1076290109.0,
      "max": 1076290109.0,
      "std_dev": 0.0
    },
    "wasmtime_app": {
      "mean": 1220324908.0,
      "median": 1220324908.0,
      "min": 1220324908.0,
      "max": 1220324908.0,
      "std_dev": 0.0
    }
  },
  "keccak": {
    "base_native": {
      "mean": 7479487.4,
      "median": 7478275.0,
      "min": 7467700.0,
      "max": 7498674.0,
      "std_dev": 9833.57027059179
    },
    "wasmtime_app": {
      "mean": 22830675.0,
      "median": 21260229.0,
      "min": 21032982.0,
      "max": 37111692.0,
      "std_dev": 5020540.635074606
    }
  },
  "matrix": {
    "base_native": {
      "mean": 377875566.5,
      "median": 377875566.5,
      "min": 377873979.0,
      "max": 377877154.0,
      "std_dev": 2245.064030267288
    },
    "wasmtime_app": {
      "mean": 533675944.0,
      "median": 533675944.0,
      "min": 529531406.0,
      "max": 537820482.0,
      "std_dev": 5861261.849370663
    }
  },
  "matrix2": {
    "base_native": {
      "mean": 194263791.5,
      "median": 194266291.5,
      "min": 194245417.0,
      "max": 194277166.0,
      "std_dev": 14240.39911659782
    },
    "wasmtime_app": {
      "mean": 260181902.33333334,
      "median": 257642612.0,
      "min": 257632363.0,
      "max": 265270732.0,
      "std_dev": 4407058.746234311
    }
  },
  "memmove": {
    "base_native": {
      "mean": 47334465.8,
      "median": 47339003.0,
      "min": 47305004.0,
      "max": 47352903.0,
      "std_dev": 17583.960303513984
    },
    "wasmtime_app": {
      "mean": 520937813.0,
      "median": 520937813.0,
      "min": 516169541.0,
      "max": 525706085.0,
      "std_dev": 6743354.9314838825
    }
  },
  "minicsv": {
    "base_native": {
      "mean": 754407173.0,
      "median": 754407173.0,
      "min": 754407173.0,
      "max": 754407173.0,
      "std_dev": 0.0
    },
    "wasmtime_app": {
      "mean": 1114494117.0,
      "median": 1114494117.0,
      "min": 1114494117.0,
      "max": 1114494117.0,
      "std_dev": 0.0
    }
  },
  "nestedloop": {
    "base_native": {
      "mean": 1579638.4545454546,
      "median": 1570652.0,
      "min": 1551528.0,
      "max": 1615701.0,
      "std_dev": 22699.01658382423
    },
    "wasmtime_app": {
      "mean": 6236086.5,
      "median": 6150804.5,
      "min": 6097321.0,
      "max": 7058482.0,
      "std_dev": 289995.7407588563
    }
  },
  "nestedloop2": {
    "base_native": {
      "mean": 1579790.7272727273,
      "median": 1581627.0,
      "min": 1555103.0,
      "max": 1613151.0,
      "std_dev": 21462.45240922346
    },
    "wasmtime_app": {
      "mean": 6248925.7,
      "median": 6166666.0,
      "min": 6129869.0,
      "max": 6982062.0,
      "std_dev": 258569.952204664
    }
  },
  "nestedloop3": {
    "base_native": {
      "mean": 2088745.9090909092,
      "median": 2084337.0,
      "min": 2076862.0,
      "max": 2115211.0,
      "std_dev": 12524.265363322076
    },
    "wasmtime_app": {
      "mean": 6827917.4,
      "median": 6709843.0,
      "min": 6678582.0,
      "max": 7932499.0,
      "std_dev": 388674.1681655157
    }
  },
  "random": {
    "base_native": {
      "mean": 577587432.5,
      "median": 577587432.5,
      "min": 577571808.0,
      "max": 577603057.0,
      "std_dev": 22096.379805298424
    },
    "wasmtime_app": {
      "mean": 290755811.0,
      "median": 290400418.0,
      "min": 290394568.0,
      "max": 291472447.0,
      "std_dev": 620631.8739776423
    }
  },
  "random2": {
    "base_native": {
      "mean": 577651755.5,
      "median": 577651755.5,
      "min": 577613882.0,
      "max": 577689629.0,
      "std_dev": 53561.21735453742
    },
    "wasmtime_app": {
      "mean": 290646459.6666667,
      "median": 290358995.0,
      "min": 290343297.0,
      "max": 291237087.0,
      "std_dev": 511558.4931963629
    }
  },
  "ratelimit": {
    "base_native": {
      "mean": 25947650.5,
      "median": 25940358.5,
      "min": 25924421.0,
      "max": 25988744.0,
      "std_dev": 21092.710574719622
    },
    "wasmtime_app": {
      "mean": 39044451.3,
      "median": 38328223.5,
      "min": 38299888.0,
      "max": 45532459.0,
      "std_dev": 2279781.7701284015
    }
  },
  "seqhash": {
    "base_native": {
      "mean": 7124689381.0,
      "median": 7124689381.0,
      "min": 7124689381.0,
      "max": 7124689381.0,
      "std_dev": 0.0
    },
    "wasmtime_app": {
      "mean": 9678068019.0,
      "median": 9678068019.0,
      "min": 9678068019.0,
      "max": 9678068019.0,
      "std_dev": 0.0
    }
  },
  "sieve": {
    "base_native": {
      "mean": 569257345.0,
      "median": 569257345.0,
      "min": 569243883.0,
      "max": 569270807.0,
      "std_dev": 19038.142976666604
    },
    "wasmtime_app": {
      "mean": 766692825.0,
      "median": 766692825.0,
      "min": 766692825.0,
      "max": 766692825.0,
      "std_dev": 0.0
    }
  },
  "strcat": {
    "base_native": {
      "mean": 65861022.0,
      "median": 65851197.0,
      "min": 65823748.0,
      "max": 65975544.0,
      "std_dev": 42979.79914900591
    },
    "wasmtime_app": {
      "mean": 352648108.0,
      "median": 352648108.0,
      "min": 350146711.0,
      "max": 355149505.0,
      "std_dev": 3537509.562279373
    }
  },
  "strcat2": {
    "base_native": {
      "mean": 2605837.272727273,
      "median": 2600246.0,
      "min": 2583397.0,
      "max": 2647095.0,
      "std_dev": 17515.54914406573
    },
    "wasmtime_app": {
      "mean": 9405211.7,
      "median": 8500287.0,
      "min": 8446115.0,
      "max": 17610183.0,
      "std_dev": 2883093.4651872357
    }
  },
  "strchr": {
    "base_native": {
      "mean": 155123366.8,
      "median": 155162941.0,
      "min": 154923623.0,
      "max": 155272562.0,
      "std_dev": 139930.04017615374
    },