{
  "ackermann": {
    "base_native": {
      "mean": 3213253.5,
      "median": 2896521.5,
      "min": 2865211.0,
      "max": 6134224.0,
      "std_dev": 1026427.2995799286
    },
    "wasmtime_app": {
      "mean": 8918012.9,
      "median": 8494887.5,
      "min": 7999582.0,
      "max": 13998170.0,
      "std_dev": 1815312.3507005284
    }
  },
  "base64": {
    "base_native": {
      "mean": 253393397.33333334,
      "median": 253405455.0,
      "min": 253276162.0,
      "max": 253498575.0,
      "std_dev": 111695.68539712415
    },
    "wasmtime_app": {
      "mean": 355176799.5,
      "median": 355176799.5,
      "min": 350473366.0,
      "max": 359880233.0,
      "std_dev": 6651659.445419955
    }
  },
  "ctype": {
    "base_native": {
      "mean": 658303985.5,
      "median": 658303985.5,
      "min": 657835812.0,
      "max": 658772159.0,
      "std_dev": 662097.3132436802
    },
    "wasmtime_app": {
      "mean": 981846748.0,
      "median": 981846748.0,
      "min": 981846748.0,
      "max": 981846748.0,
      "std_dev": 0.0
    }
  },
  "ed25519": {
    "base_native": {
      "mean": 1433068096.0,
      "median": 1433068096.0,
      "min": 1433068096.0,
      "max": 1433068096.0,
      "std_dev": 0.0
    },
    "wasmtime_app": {
      "mean": 6769211295.0,
      "median": 6769211295.0,
      "min": 6769211295.0,
      "max": 6769211295.0,
      "std_dev": 0.0
    }
  },
  "fib2": {
    "base_native": {
      "mean": 6956163478.0,
      "median": 6956163478.0,
      "min": 6956163478.0,
      "max": 6956163478.0,
      "std_dev": 0.0
    },
    "wasmtime_app": {
      "mean": 10676735999.0,
      "median": 10676735999.0,
      "min": 10676735999.0,
      "max": 10676735999.0,
      "std_dev": 0.0
    }
  },
  "gimli": {
    "base_native": {
      "mean": 4156062.1,
      "median": 4151437.0,
      "min": 4141538.0,
      "max": 4188985.0,
      "std_dev": 15227.659442606406
    },
    "wasmtime_app": {
      "mean": 9539502.9,
      "median": 9386393.0,
      "min": 9371244.0,
      "max": 10912519.0,
      "std_dev": 482550.39486702543
    }
  },
  "heapsort": {
    "base_native": {
      "mean": 1076348740.0,
      "median": 1076348740.0,
      "min": 1076348740.0,
      "max": 1076348740.0,
      "std_dev": 0.0
    },
    "wasmtime_app": {
      "mean": 1220706831.0,
      "median": 1220706831.0,
      "min": 1220706831.0,
      "max": 1220706831.0,
      "std_dev": 0.0
    }
  },
  "keccak": {
    "base_native": {
      "mean": 7479887.3,
      "median": 7479259.5,
      "min": 7467123.0,
      "max": 7499321.0,
      "std_dev": 11064.565885444097
    },
    "wasmtime_app": {
      "mean": 22838510.6,
      "median": 21226814.5,
      "min": 21018841.0,
      "max": 37008432.0,
      "std_dev": 4981494.385325757
    }
  },
  "matrix": {
    "base_native": {
      "mean": 377881185.0,
      "median": 377881185.0,
      "min": 377865773.0,
      "max": 377896597.0,
      "std_dev": 21795.85942329414
    },
    "wasmtime_app": {
      "mean": 533585090.5,
      "median": 533585090.5,
      "min": 529454320.0,
      "max": 537715861.0,
      "std_dev": 5841791.664150691
    }
  },
  "matrix2": {
    "base_native": {
      "mean": 194300117.5,
      "median": 194300680.0,
      "min": 194254433.0,
      "max": 194344677.0,
      "std_dev": 48407.13721825188
    },
    "wasmtime_app": {
      "mean": 260254032.33333334,
      "median": 257728612.0,
      "min": 257684440.0,
      "max": 265349045.0,
      "std_dev": 4412465.676525579
    }
  },
  "memmove": {
    "base_native": {
      "mean": 47334626.6,
      "median": 47329859.5,
      "min": 47310573.0,
      "max": 47362245.0,
      "std_dev": 17229.930677618977
    },
    "wasmtime_app": {
      "mean": 520262227.0,
      "median": 520262227.0,
      "min": 515026078.0,
      "max": 525498376.0,
      "std_dev": 7405032.930406319
    }
  },
  "minicsv": {
    "base_native": {
      "mean": 726043817.0,
      "median": 726043817.0,
      "min": 726043817.0,
      "max": 726043817.0,
      "std_dev": 0.0
    },
    "wasmtime_app": {
      "mean": 1112823955.0,
      "median": 1112823955.0,
      "min": 1112823955.0,
      "max": 1112823955.0,
      "std_dev": 0.0
    }
  },
  "nestedloop": {
    "base_native": {
      "mean": 1559465.0,
      "median": 1553311.0,
      "min": 1523987.0,
      "max": 1620682.0,
      "std_dev": 26718.651814790355
    },
    "wasmtime_app": {
      "mean": 6311664.0,
      "median": 6226259.5,
      "min": 6171326.0,
      "max": 7146962.0,
      "std_dev": 295036.4390251934
    }
  },
  "nestedloop2": {
    "base_native": {
      "mean": 1571227.8181818181,
      "median": 1577784.0,
      "min": 1542761.0,
      "max": 1583134.0,
      "std_dev": 14720.546245422971
    },
    "wasmtime_app": {
      "mean": 6301252.0,
      "median": 6216347.5,
      "min": 6192649.0,
      "max": 7069117.0,
      "std_dev": 270374.1711731273
    }
  },
  "nestedloop3": {
    "base_native": {
      "mean": 2075740.1818181819,
      "median": 2081031.0,
      "min": 2042083.0,
      "max": 2091655.0,
      "std_dev": 13873.251167755752
    },
    "wasmtime_app": {
      "mean": 6876989.9,
      "median": 6753963.0,
      "min": 6721665.0,
      "max": 7949811.0,
      "std_dev": 377651.3023816341
    }
  },
  "random": {
    "base_native": {
      "mean": 577638579.0,
      "median": 577638579.0,
      "min": 577634517.0,
      "max": 577642641.0,
      "std_dev": 5744.535490359512
    },
    "wasmtime_app": {
      "mean": 290893509.6666667,
      "median": 290549165.0,
      "min": 290473920.0,
      "max": 291657444.0,
      "std_dev": 662655.4170459436
    }
  },
  "random2": {
    "base_native": {
      "mean": 577673901.5,
      "median": 577673901.5,
      "min": 577653565.0,
      "max": 577694238.0,
      "std_dev": 28760.15411120045
    },
    "wasmtime_app": {
      "mean": 290726170.6666667,
      "median": 290413649.0,
      "min": 290405075.0,
      "max": 291359788.0,
      "std_dev": 548745.4530056111
    }
  },
  "ratelimit": {
    "base_native": {
      "mean": 25944820.5,
      "median": 25943705.5,
      "min": 25928069.0,
      "max": 25976541.0,
      "std_dev": 13516.680922721624
    },
    "wasmtime_app": {
      "mean": 39066831.4,
      "median": 38340546.0,
      "min": 38299273.0,
      "max": 45634024.0,
      "std_dev": 2307541.304838849
    }
  },
  "seqhash": {
    "base_native": {
      "mean": 7144911775.0,
      "median": 7144911775.0,
      "min": 7144911775.0,
      "max": 7144911775.0,
      "std_dev": 0.0
    },
    "wasmtime_app": {
      "mean": 9694018306.0,
      "median": 9694018306.0,
      "min": 9694018306.0,
      "max": 9694018306.0,
      "std_dev": 0.0
    }
  },
  "sieve": {
    "base_native": {
      "mean": 569274306.5,
      "median": 569274306.5,
      "min": 569272944.0,
      "max": 569275669.0,
      "std_dev": 1926.865978733342
    },
    "wasmtime_app": {
      "mean": 767305668.0,
      "median": 767305668.0,
      "min": 767305668.0,
      "max": 767305668.0,
      "std_dev": 0.0
    }
  },
  "strcat": {
    "base_native": {
      "mean": 65905823.6,
      "median": 65892674.5,
      "min": 65884937.0,
      "max": 66010630.0,
      "std_dev": 37706.7653528883
    },
    "wasmtime_app": {
      "mean": 352767755.5,
      "median": 352767755.5,
      "min": 350321176.0,
      "max": 355214335.0,
      "std_dev": 3459985.910323986
    }
  },
  "strcat2": {
    "base_native": {
      "mean": 2604127.909090909,
      "median": 2600551.0,
      "min": 2592551.0,
      "max": 2629099.0,
      "std_dev": 11062.116844931132
    },
    "wasmtime_app": {
      "mean": 9431877.3,
      "median": 8516049.0,
      "min": 8475527.0,
      "max": 17737078.0,
      "std_dev": 2918205.878734019
    }
  },
  "strchr": {
    "base_native": {
      "mean": 155231476.0,
      "median": 155261734.0,
      "min": 155053921.0,
      "max": 155373253.0,
      "std_dev": 117113.41823847513
    },