{
  "ackermann": {
    "base_native": {
      "mean": 3185887.3,
      "median": 2890700.0,
      "min": 2850778.0,
      "max": 4566499.0,
      "std_dev": 656563.2543794577
    },
    "wasmtime_app": {
      "mean": 9451625.5,
      "median": 9189673.5,
      "min": 8440930.0,
      "max": 12987588.0,
      "std_dev": 1331601.6697226148
    }
  },
  "base64": {
    "base_native": {
      "mean": 252916798.66666666,
      "median": 253381646.0,
      "min": 251896835.0,
      "max": 253471915.0,
      "std_dev": 884466.8077889262
    },
    "wasmtime_app": {
      "mean": 373697141.5,
      "median": 373697141.5,
      "min": 364129927.0,
      "max": 383264356.0,
      "std_dev": 13530084.50003253
    }
  },
  "ctype": {
    "base_native": {
      "mean": 653748141.0,
      "median": 653748141.0,
      "min": 653677608.0,
      "max": 653818674.0,
      "std_dev": 99748.72519486152
    },
    "wasmtime_app": {
      "mean": 994162592.0,
      "median": 994162592.0,
      "min": 994162592.0,
      "max": 994162592.0,
      "std_dev": 0.0
    }
  },
  "ed25519": {
    "base_native": {
      "mean": 1432985290.0,
      "median": 1432985290.0,
      "min": 1432985290.0,
      "max": 1432985290.0,
      "std_dev": 0.0
    },
    "wasmtime_app": {
      "mean": 6771678460.0,
      "median": 6771678460.0,
      "min": 6771678460.0,
      "max": 6771678460.0,
      "std_dev": 0.0
    }
  },
  "fib2": {
    "base_native": {
      "mean": 6955876510.0,
      "median": 6955876510.0,
      "min": 6955876510.0,
      "max": 6955876510.0,
      "std_dev": 0.0
    },
    "wasmtime_app": {
      "mean": 10701831605.0,
      "median": 10701831605.0,
      "min": 10701831605.0,
      "max": 10701831605.0,
      "std_dev": 0.0
    }
  },
  "gimli": {
    "base_native": {
      "mean": 4144799.6,
      "median": 4143762.5,
      "min": 4129500.0,
      "max": 4178848.0,
      "std_dev": 13562.686575880001
    },
    "wasmtime_app": {
      "mean": 9495830.4,
      "median": 9344939.5,
      "min": 9326628.0,
      "max": 10827090.0,
      "std_dev": 468231.89584131865
    }
  },
  "heapsort": {
    "base_native": {
      "mean": 1076258726.0,
      "median": 1076258726.0,
      "min": 1076258726.0,
      "max": 1076258726.0,
      "std_dev": 0.0
    },
    "wasmtime_app": {
      "mean": 1220330008.0,
      "median": 1220330008.0,
      "min": 1220330008.0,
      "max": 1220330008.0,
      "std_dev": 0.0
    }
  },
  "keccak": {
    "base_native": {
      "mean": 7481545.8,
      "median": 7482623.0,
      "min": 7464799.0,
      "max": 7497197.0,
      "std_dev": 9576.266273101086
    },
    "wasmtime_app": {
      "mean": 22868936.2,
      "median": 21357210.0,
      "min": 20948321.0,
      "max": 37055902.0,
      "std_dev": 4988953.820429975
    }
  },
  "matrix": {
    "base_native": {
      "mean": 377880276.0,
      "median": 377880276.0,
      "min": 377873914.0,
      "max": 377886638.0,
      "std_dev": 8997.226683817631
    },
    "wasmtime_app": {
      "mean": 533507535.0,
      "median": 533507535.0,
      "min": 529316493.0,
      "max": 537698577.0,
      "std_dev": 5927028.436875261
    }
  },
  "matrix2": {
    "base_native": {
      "mean": 194274534.75,
      "median": 194261435.5,
      "min": 194249311.0,
      "max": 194325957.0,
      "std_dev": 35092.54033148166
    },
    "wasmtime_app": {
      "mean": 260193345.66666666,
      "median": 257658044.0,
      "min": 257626721.0,
      "max": 265295272.0,
      "std_dev": 4418425.569776222
    }
  },
  "memmove": {
    "base_native": {
      "mean": 47330465.5,
      "median": 47329933.0,
      "min": 47314021.0,
      "max": 47343220.0,
      "std_dev": 10711.666549971475
    },
    "wasmtime_app": {
      "mean": 520809067.5,
      "median": 520809067.5,
      "min": 516347879.0,
      "max": 525270256.0,
      "std_dev": 6309073.281002885
    }
  },
  "minicsv": {
    "base_native": {
      "mean": 712830041.0,
      "median": 712830041.0,
      "min": 712830041.0,
      "max": 712830041.0,
      "std_dev": 0.0
    },
    "wasmtime_app": {
      "mean": 1108292726.0,
      "median": 1108292726.0,
      "min": 1108292726.0,
      "max": 1108292726.0,
      "std_dev": 0.0
    }
  },
  "nestedloop": {
    "base_native": {
      "mean": 1569354.7272727273,
      "median": 1572755.0,
      "min": 1534407.0,
      "max": 1597328.0,
      "std_dev": 19555.374494449905
    },
    "wasmtime_app": {
      "mean": 6261627.3,
      "median": 6166938.0,
      "min": 6152914.0,
      "max": 7089709.0,
      "std_dev": 291383.7721082132
    }
  },
  "nestedloop2": {
    "base_native": {
      "mean": 1569395.6363636365,
      "median": 1566130.0,
      "min": 1548681.0,
      "max": 1598278.0,
      "std_dev": 15842.832595673839
    },
    "wasmtime_app": {
      "mean": 6295865.3,
      "median": 6193086.0,
      "min": 6163538.0,
      "max": 7259249.0,
      "std_dev": 339108.6692633597
    }
  },
  "nestedloop3": {
    "base_native": {
      "mean": 2085923.6363636365,
      "median": 2078624.0,
      "min": 2057375.0,
      "max": 2122322.0,
      "std_dev": 21988.789213018197
    },
    "wasmtime_app": {
      "mean": 6838011.1,
      "median": 6714481.0,
      "min": 6697432.0,
      "max": 7906936.0,
      "std_dev": 376165.9922133815
    }
  },
  "random": {
    "base_native": {
      "mean": 577596345.5,
      "median": 577596345.5,
      "min": 577561623.0,
      "max": 577631068.0,
      "std_dev": 49105.030419499795
    },
    "wasmtime_app": {
      "mean": 290673759.0,
      "median": 290395425.0,
      "min": 290385351.0,
      "max": 291240501.0,
      "std_dev": 490838.8149810485
    }
  },
  "random2": {
    "base_native": {
      "mean": 577621644.0,
      "median": 577621644.0,
      "min": 577578347.0,
      "max": 577664941.0,
      "std_dev": 61231.2046100679
    },
    "wasmtime_app": {
      "mean": 290687358.0,
      "median": 290368527.0,
      "min": 290349353.0,
      "max": 291344194.0,
      "std_dev": 568917.4445743425
    }
  },
  "ratelimit": {
    "base_native": {
      "mean": 25923691.3,
      "median": 25920061.5,
      "min": 25895613.0,
      "max": 25951360.0,
      "std_dev": 17584.363414061307
    },
    "wasmtime_app": {
      "mean": 39039835.8,
      "median": 38319890.5,
      "min": 38292555.0,
      "max": 45567753.0,
      "std_dev": 2293734.4654872227
    }
  },
  "seqhash": {
    "base_native": {
      "mean": 7117114263.0,
      "median": 7117114263.0,
      "min": 7117114263.0,
      "max": 7117114263.0,
      "std_dev": 0.0
    },
    "wasmtime_app": {
      "mean": 9674868460.0,
      "median": 9674868460.0,
      "min": 9674868460.0,
      "max": 9674868460.0,
      "std_dev": 0.0
    }
  },
  "sieve": {
    "base_native": {
      "mean": 569212638.5,
      "median": 569212638.5,
      "min": 569192627.0,
      "max": 569232650.0,
      "std_dev": 28300.53470342919
    },
    "wasmtime_app": {
      "mean": 766974486.0,
      "median": 766974486.0,
      "min": 766974486.0,
      "max": 766974486.0,
      "std_dev": 0.0
    }
  },
  "strcat": {
    "base_native": {
      "mean": 65848408.7,
      "median": 65841779.0,
      "min": 65828655.0,
      "max": 65891851.0,
      "std_dev": 19139.385785163886
    },
    "wasmtime_app": {
      "mean": 351211534.5,
      "median": 351211534.5,
      "min": 347190270.0,
      "max": 355232799.0,
      "std_dev": 5686926.793789463
    }
  },
  "strcat2": {
    "base_native": {
      "mean": 2556352.272727273,
      "median": 2552846.0,
      "min": 2536897.0,
      "max": 2578369.0,
      "std_dev": 12913.574850450275
    },
    "wasmtime_app": {
      "mean": 9360128.3,
      "median": 8448017.0,
      "min": 8398432.0,
      "max": 17564195.0,
      "std_dev": 2882763.70156707
    }
  },
  "strchr": {
    "base_native": {
      "mean": 155068174.0,
      "median": 155102947.0,
      "min": 154854412.0,
      "max": 155178367.0,
      "std_dev": 132150.2534163291
    },