{
  "ackermann": {
    "base_native": {
      "mean": 2959986.3636363638,
      "median": 2950653.0,
      "min": 2927354.0,
      "max": 3032023.0,
      "std_dev": 27650.442789484317
    },
    "wasmtime_app": {
      "mean": 9041811.8,
      "median": 8623228.0,
      "min": 7896831.0,
      "max": 13778501.0,
      "std_dev": 1743571.2050626185
    }
  },
  "base64": {
    "base_native": {
      "mean": 260439690.0,
      "median": 261569008.0,
      "min": 258105584.0,
      "max": 261644478.0,
      "std_dev": 2021747.2751686843
    },
    "wasmtime_app": {
      "mean": 355062013.0,
      "median": 355062013.0,
      "min": 350382351.0,
      "max": 359741675.0,
      "std_dev": 6618041.467722002
    }
  },
  "ctype": {
    "base_native": {
      "mean": 656748930.5,
      "median": 656748930.5,
      "min": 653740693.0,
      "max": 659757168.0,
      "std_dev": 4254290.271339334
    },
    "wasmtime_app": {
      "mean": 984098442.0,
      "median": 984098442.0,
      "min": 984098442.0,
      "max": 984098442.0,
      "std_dev": 0.0
    }
  },
  "ed25519": {
    "base_native": {
      "mean": 1433090979.0,
      "median": 1433090979.0,
      "min": 1433090979.0,
      "max": 1433090979.0,
      "std_dev": 0.0
    },
    "wasmtime_app": {
      "mean": 6740316531.0,
      "median": 6740316531.0,
      "min": 6740316531.0,
      "max": 6740316531.0,
      "std_dev": 0.0
    }
  },
  "fib2": {
    "base_native": {
      "mean": 6956021458.0,
      "median": 6956021458.0,
      "min": 6956021458.0,
      "max": 6956021458.0,
      "std_dev": 0.0
    },
    "wasmtime_app": {
      "mean": 10701091633.0,
      "median": 10701091633.0,
      "min": 10701091633.0,
      "max": 10701091633.0,
      "std_dev": 0.0
    }
  },
  "gimli": {
    "base_native": {
      "mean": 4155580.1,
      "median": 4156082.5,
      "min": 4135034.0,
      "max": 4171132.0,
      "std_dev": 10506.992893095321
    },
    "wasmtime_app": {
      "mean": 9451396.2,
      "median": 9309351.5,
      "min": 9262779.0,
      "max": 10768520.0,
      "std_dev": 463309.43944092776
    }
  },
  "heapsort": {
    "base_native": {
      "mean": 1076350958.0,
      "median": 1076350958.0,
      "min": 1076350958.0,
      "max": 1076350958.0,
      "std_dev": 0.0
    },
    "wasmtime_app": {
      "mean": 1220347602.0,
      "median": 1220347602.0,
      "min": 1220347602.0,
      "max": 1220347602.0,
      "std_dev": 0.0
    }
  },
  "keccak": {
    "base_native": {
      "mean": 7482759.2,
      "median": 7485426.5,
      "min": 7464615.0,
      "max": 7499138.0,
      "std_dev": 11998.887798458654
    },
    "wasmtime_app": {
      "mean": 22835172.2,
      "median": 21194371.5,
      "min": 20984346.0,
      "max": 37218010.0,
      "std_dev": 5056141.080284379
    }
  },
  "matrix": {
    "base_native": {
      "mean": 377896965.5,
      "median": 377896965.5,
      "min": 377875942.0,
      "max": 377917989.0,
      "std_dev": 29731.718828550765
    },
    "wasmtime_app": {
      "mean": 533712569.0,
      "median": 533712569.0,
      "min": 529754854.0,
      "max": 537670284.0,
      "std_dev": 5597054.229007434
    }
  },
  "matrix2": {
    "base_native": {
      "mean": 194277135.0,
      "median": 194282909.5,
      "min": 194240425.0,
      "max": 194302296.0,
      "std_dev": 30171.129058533203
    },
    "wasmtime_app": {
      "mean": 260252394.33333334,
      "median": 257739952.0,
      "min": 257670456.0,
      "max": 265346775.0,
      "std_dev": 4411999.910039022
    }
  },
  "memmove": {
    "base_native": {
      "mean": 47323784.0,
      "median": 47321322.0,
      "min": 47306897.0,
      "max": 47343195.0,
      "std_dev": 11496.623378675633
    },
    "wasmtime_app": {
      "mean": 520937061.5,
      "median": 520937061.5,
      "min": 516455701.0,
      "max": 525418422.0,
      "std_dev": 6337600.796983074
    }
  },
  "minicsv": {
    "base_native": {
      "mean": 727694116.0,
      "median": 727694116.0,
      "min": 727694116.0,
      "max": 727694116.0,
      "std_dev": 0.0
    },
    "wasmtime_app": {
      "mean": 1109720264.0,
      "median": 1109720264.0,
      "min": 1109720264.0,
      "max": 1109720264.0,
      "std_dev": 0.0
    }
  },
  "nestedloop": {
    "base_native": {
      "mean": 1577691.8181818181,
      "median": 1580583.0,
      "min": 1556659.0,
      "max": 1606406.0,
      "std_dev": 15017.059984019388
    },
    "wasmtime_app": {
      "mean": 6242296.4,
      "median": 6151816.5,
      "min": 6104782.0,
      "max": 7052953.0,
      "std_dev": 285977.7430874258
    }
  },
  "nestedloop2": {
    "base_native": {
      "mean": 1562345.0909090908,
      "median": 1567708.0,
      "min": 1534510.0,
      "max": 1583882.0,
      "std_dev": 17281.50423113998
    },
    "wasmtime_app": {
      "mean": 6271382.2,
      "median": 6166603.0,
      "min": 6130680.0,
      "max": 7130124.0,
      "std_dev": 303015.1307482846
    }
  },
  "nestedloop3": {
    "base_native": {
      "mean": 2080305.9090909092,
      "median": 2074529.0,
      "min": 2052555.0,
      "max": 2131326.0,
      "std_dev": 23137.78922219902
    },
    "wasmtime_app": {
      "mean": 6839567.9,
      "median": 6715797.0,
      "min": 6695749.0,
      "max": 7925404.0,
      "std_dev": 382144.6001832436
    }
  },
  "random": {
    "base_native": {
      "mean": 577853732.5,
      "median": 577853732.5,
      "min": 577572299.0,
      "max": 578135166.0,
      "std_dev": 398007.07260612847
    },
    "wasmtime_app": {
      "mean": 290653895.6666667,
      "median": 290373745.0,
      "min": 290349896.0,
      "max": 291238046.0,
      "std_dev": 506029.54721076647
    }
  },
  "random2": {
    "base_native": {
      "mean": 577663631.5,
      "median": 577663631.5,
      "min": 577592223.0,
      "max": 577735040.0,
      "std_dev": 100986.86916871916
    },
    "wasmtime_app": {
      "mean": 290688877.3333333,
      "median": 290400868.0,
      "min": 290374845.0,
      "max": 291290919.0,
      "std_dev": 521545.7079051973
    }
  },
  "ratelimit": {
    "base_native": {
      "mean": 25937495.5,
      "median": 25939853.0,
      "min": 25904343.0,
      "max": 25957814.0,
      "std_dev": 16014.208144644555
    },
    "wasmtime_app": {
      "mean": 39028640.4,
      "median": 38310660.5,
      "min": 38261001.0,
      "max": 45540392.0,
      "std_dev": 2288083.2428050246
    }
  },
  "seqhash": {
    "base_native": {
      "mean": 7108464865.0,
      "median": 7108464865.0,
      "min": 7108464865.0,
      "max": 7108464865.0,
      "std_dev": 0.0
    },
    "wasmtime_app": {
      "mean": 9657782590.0,
      "median": 9657782590.0,
      "min": 9657782590.0,
      "max": 9657782590.0,
      "std_dev": 0.0
    }
  },
  "sieve": {
    "base_native": {
      "mean": 569264732.5,
      "median": 569264732.5,
      "min": 569250783.0,
      "max": 569278682.0,
      "std_dev": 19727.57208832349
    },
    "wasmtime_app": {
      "mean": 767028431.0,
      "median": 767028431.0,
      "min": 767028431.0,
      "max": 767028431.0,
      "std_dev": 0.0
    }
  },
  "strcat": {
    "base_native": {
      "mean": 65851743.6,
      "median": 65850131.5,
      "min": 65821995.0,
      "max": 65927989.0,
      "std_dev": 29611.851284391003
    },
    "wasmtime_app": {
      "mean": 349731324.5,
      "median": 349731324.5,
      "min": 344257119.0,
      "max": 355205530.0,
      "std_dev": 7741695.66131739
    }
  },
  "strcat2": {
    "base_native": {
      "mean": 2586801.1818181816,
      "median": 2584074.0,
      "min": 2568800.0,
      "max": 2605198.0,
      "std_dev": 11047.35071243945
    },
    "wasmtime_app": {
      "mean": 9387572.5,
      "median": 8481698.0,
      "min": 8452375.0,
      "max": 17556789.0,
      "std_dev": 2870414.756465934
    }
  },
  "strchr": {
    "base_native": {
      "mean": 155063848.6,
      "median": 155123150.0,
      "min": 154891889.0,
      "max": 155150199.0,
      "std_dev": 110032.11150523287
    },