{
  "ackermann": {
    "base_native": {
      "mean": 3400543.9,
      "median": 2890709.0,
      "min": 2854662.0,
      "max": 8078298.0,
      "std_dev": 1643683.8405787337
    },
    "wasmtime_app": {
      "mean": 8966891.1,
      "median": 8297892.5,
      "min": 7918809.0,
      "max": 13439271.0,
      "std_dev": 1717413.2592996072
    }
  },
  "base64": {
    "base_native": {
      "mean": 250558076.66666666,
      "median": 249489256.0,
      "min": 249479257.0,
      "max": 252705717.0,
      "std_dev": 1859917.8062539035
    },
    "wasmtime_app": {
      "mean": 355191396.0,
      "median": 355191396.0,
      "min": 350532834.0,
      "max": 359849958.0,
      "std_dev": 6588201.56155593
    }
  },
  "ctype": {
    "base_native": {
      "mean": 654197773.5,
      "median": 654197773.5,
      "min": 654101793.0,
      "max": 654293754.0,
      "std_dev": 135736.92482335086
    },
    "wasmtime_app": {
      "mean": 894081009.0,
      "median": 894081009.0,
      "min": 894081009.0,
      "max": 894081009.0,
      "std_dev": 0.0
    }
  },
  "ed25519": {
    "base_native": {
      "mean": 1434084018.0,
      "median": 1434084018.0,
      "min": 1434084018.0,
      "max": 1434084018.0,
      "std_dev": 0.0
    },
    "wasmtime_app": {
      "mean": 6728507137.0,
      "median": 6728507137.0,
      "min": 6728507137.0,
      "max": 6728507137.0,
      "std_dev": 0.0
    }
  },
  "fib2": {
    "base_native": {
      "mean": 6956796515.0,
      "median": 6956796515.0,
      "min": 6956796515.0,
      "max": 6956796515.0,
      "std_dev": 0.0
    },
    "wasmtime_app": {
      "mean": 10705696794.0,
      "median": 10705696794.0,
      "min": 10705696794.0,
      "max": 10705696794.0,
      "std_dev": 0.0
    }
  },
  "gimli": {
    "base_native": {
      "mean": 4143858.6,
      "median": 4141191.0,
      "min": 4123643.0,
      "max": 4173314.0,
      "std_dev": 14560.191117488046
    },
    "wasmtime_app": {
      "mean": 9535796.4,
      "median": 9386620.5,
      "min": 9353047.0,
      "max": 10834733.0,
      "std_dev": 457867.32819069864
    }
  },
  "heapsort": {
    "base_native": {
      "mean": 1076921825.0,
      "median": 1076921825.0,
      "min": 1076921825.0,
      "max": 1076921825.0,
      "std_dev": 0.0
    },
    "wasmtime_app": {
      "mean": 1221002985.0,
      "median": 1221002985.0,
      "min": 1221002985.0,
      "max": 1221002985.0,
      "std_dev": 0.0
    }
  },
  "keccak": {
    "base_native": {
      "mean": 7484120.1,
      "median": 7485292.5,
      "min": 7458644.0,
      "max": 7510466.0,
      "std_dev": 15885.583054735163
    },
    "wasmtime_app": {
      "mean": 22877354.5,
      "median": 21262596.5,
      "min": 21068717.0,
      "max": 37036705.0,
      "std_dev": 4977278.210859409
    }
  },
  "matrix": {
    "base_native": {
      "mean": 377923822.5,
      "median": 377923822.5,
      "min": 377915898.0,
      "max": 377931747.0,
      "std_dev": 11206.935375025592
    },
    "wasmtime_app": {
      "mean": 533983699.0,
      "median": 533983699.0,
      "min": 529694921.0,
      "max": 538272477.0,
      "std_dev": 6065248.013607358
    }
  },
  "matrix2": {
    "base_native": {
      "mean": 194287602.25,
      "median": 194282240.0,
      "min": 194273891.0,
      "max": 194312038.0,
      "std_dev": 17477.823613081808
    },
    "wasmtime_app": {
      "mean": 260295468.66666666,
      "median": 257748453.0,
      "min": 257730004.0,
      "max": 265407949.0,
      "std_dev": 4427547.454340871
    }
  },
  "memmove": {
    "base_native": {
      "mean": 47358954.8,
      "median": 47349488.0,
      "min": 47331452.0,
      "max": 47430769.0,
      "std_dev": 29379.68850451315
    },
    "wasmtime_app": {
      "mean": 520814166.0,
      "median": 520814166.0,
      "min": 516483040.0,
      "max": 525145292.0,
      "std_dev": 6125137.129546734
    }
  },
  "minicsv": {
    "base_native": {
      "mean": 727022991.0,
      "median": 727022991.0,
      "min": 727022991.0,
      "max": 727022991.0,
      "std_dev": 0.0
    },
    "wasmtime_app": {
      "mean": 1107132462.0,
      "median": 1107132462.0,
      "min": 1107132462.0,
      "max": 1107132462.0,
      "std_dev": 0.0
    }
  },
  "nestedloop": {
    "base_native": {
      "mean": 1577761.6363636365,
      "median": 1580207.0,
      "min": 1553709.0,
      "max": 1601955.0,
      "std_dev": 18976.960079384306
    },
    "wasmtime_app": {
      "mean": 6312865.4,
      "median": 6216407.0,
      "min": 6190033.0,
      "max": 7170566.0,
      "std_dev": 301981.00862037303
    }
  },
  "nestedloop2": {
    "base_native": {
      "mean": 1594419.6363636365,
      "median": 1571283.0,
      "min": 1542160.0,
      "max": 1690699.0,
      "std_dev": 47217.21003039618
    },
    "wasmtime_app": {
      "mean": 6298368.4,
      "median": 6224319.0,
      "min": 6160434.0,
      "max": 7066670.0,
      "std_dev": 271797.5128833963
    }
  },
  "nestedloop3": {
    "base_native": {
      "mean": 2100104.5454545454,
      "median": 2091794.0,
      "min": 2066921.0,
      "max": 2167563.0,
      "std_dev": 30327.818195061896
    },
    "wasmtime_app": {
      "mean": 6878025.9,
      "median": 6757359.0,
      "min": 6736734.0,
      "max": 7934908.0,
      "std_dev": 372045.97704687883
    }
  },
  "random": {
    "base_native": {
      "mean": 577646095.5,
      "median": 577646095.5,
      "min": 577620635.0,
      "max": 577671556.0,
      "std_dev": 36006.58440480019
    },
    "wasmtime_app": {
      "mean": 290740441.3333333,
      "median": 290456970.0,
      "min": 290440221.0,
      "max": 291324133.0,
      "std_dev": 505561.1768642182
    }
  },
  "random2": {
    "base_native": {
      "mean": 577770161.5,
      "median": 577770161.5,
      "min": 577654133.0,
      "max": 577886190.0,
      "std_dev": 164089.07832180665
    },
    "wasmtime_app": {
      "mean": 290775731.6666667,
      "median": 290486644.0,
      "min": 290463595.0,
      "max": 291376956.0,
      "std_dev": 520803.0705980268
    }
  },
  "ratelimit": {
    "base_native": {
      "mean": 25922572.6,
      "median": 25921270.0,
      "min": 25907296.0,
      "max": 25944794.0,
      "std_dev": 11392.51831686041
    },
    "wasmtime_app": {
      "mean": 39042266.1,
      "median": 38325474.5,
      "min": 38275252.0,
      "max": 45552638.0,
      "std_dev": 2287605.285643456
    }
  },
  "seqhash": {
    "base_native": {
      "mean": 7118289371.0,
      "median": 7118289371.0,
      "min": 7118289371.0,
      "max": 7118289371.0,
      "std_dev": 0.0
    },
    "wasmtime_app": {
      "mean": 9718360124.0,
      "median": 9718360124.0,
      "min": 9718360124.0,
      "max": 9718360124.0,
      "std_dev": 0.0
    }
  },
  "sieve": {
    "base_native": {
      "mean": 569321265.0,
      "median": 569321265.0,
      "min": 569314003.0,
      "max": 569328527.0,
      "std_dev": 10270.018889953417
    },
    "wasmtime_app": {
      "mean": 767045553.0,
      "median": 767045553.0,
      "min": 767045553.0,
      "max": 767045553.0,
      "std_dev": 0.0
    }
  },
  "strcat": {
    "base_native": {
      "mean": 65883118.6,
      "median": 65875547.0,
      "min": 65866272.0,
      "max": 65955891.0,
      "std_dev": 26272.7456975644
    },
    "wasmtime_app": {
      "mean": 351217730.0,
      "median": 351217730.0,
      "min": 347200053.0,
      "max": 355235407.0,
      "std_dev": 5681853.30263445
    }
  },
  "strcat2": {
    "base_native": {
      "mean": 2593899.6363636362,
      "median": 2592432.0,
      "min": 2572383.0,
      "max": 2613355.0,
      "std_dev": 11903.751469790752
    },
    "wasmtime_app": {
      "mean": 9435453.3,
      "median": 8512870.5,
      "min": 8484809.0,
      "max": 17775659.0,
      "std_dev": 2930480.385904409
    }
  },
  "strchr": {
    "base_native": {
      "mean": 155126284.2,
      "median": 155121755.0,
      "min": 155100031.0,
      "max": 155177900.0,
      "std_dev": 31241.100792065572
    },