{
  "ackermann": {
    "base_native": {
      "mean": 3478809.8,
      "median": 2993490.5,
      "min": 2948032.0,
      "max": 7908740.0,
      "std_dev": 1556648.787436995
    },
    "wasmtime_app": {
      "mean": 9203298.0,
      "median": 8936060.0,
      "min": 8247528.0,
      "max": 13117121.0,
      "std_dev": 1403417.040871474
    }
  },
  "base64": {
    "base_native": {
      "mean": 255668549.33333334,
      "median": 253427965.0,
      "min": 252859557.0,
      "max": 260718126.0,
      "std_dev": 4382287.108123375
    },
    "wasmtime_app": {
      "mean": 363006441.5,
      "median": 363006441.5,
      "min": 354780236.0,
      "max": 371232647.0,
      "std_dev": 11633611.384968147
    }
  },
  "ctype": {
    "base_native": {
      "mean": 654428171.0,
      "median": 654428171.0,
      "min": 654275957.0,
      "max": 654580385.0,
      "std_dev": 215263.1031830583
    },
    "wasmtime_app": {
      "mean": 859417731.0,
      "median": 859417731.0,
      "min": 859417731.0,
      "max": 859417731.0,
      "std_dev": 0.0
    }
  },
  "ed25519": {
    "base_native": {
      "mean": 1433771808.0,
      "median": 1433771808.0,
      "min": 1433771808.0,
      "max": 1433771808.0,
      "std_dev": 0.0
    },
    "wasmtime_app": {
      "mean": 6730114600.0,
      "median": 6730114600.0,
      "min": 6730114600.0,
      "max": 6730114600.0,
      "std_dev": 0.0
    }
  },
  "fib2": {
    "base_native": {
      "mean": 6957075898.0,
      "median": 6957075898.0,
      "min": 6957075898.0,
      "max": 6957075898.0,
      "std_dev": 0.0
    },
    "wasmtime_app": {
      "mean": 10740147016.0,
      "median": 10740147016.0,
      "min": 10740147016.0,
      "max": 10740147016.0,
      "std_dev": 0.0
    }
  },
  "gimli": {
    "base_native": {
      "mean": 4146263.0,
      "median": 4141493.0,
      "min": 4133844.0,
      "max": 4175591.0,
      "std_dev": 14048.426214744166
    },
    "wasmtime_app": {
      "mean": 9555808.3,
      "median": 9372370.0,
      "min": 9336985.0,
      "max": 11033677.0,
      "std_dev": 525818.3758185478
    }
  },
  "heapsort": {
    "base_native": {
      "mean": 1076804072.0,
      "median": 1076804072.0,
      "min": 1076804072.0,
      "max": 1076804072.0,
      "std_dev": 0.0
    },
    "wasmtime_app": {
      "mean": 1220657834.0,
      "median": 1220657834.0,
      "min": 1220657834.0,
      "max": 1220657834.0,
      "std_dev": 0.0
    }
  },
  "keccak": {
    "base_native": {
      "mean": 7477859.2,
      "median": 7479297.0,
      "min": 7459973.0,
      "max": 7497720.0,
      "std_dev": 11531.712533511904
    },
    "wasmtime_app": {
      "mean": 22929785.8,
      "median": 21348950.5,
      "min": 21233483.0,
      "max": 37318342.0,
      "std_dev": 5056009.181480209
    }
  },
  "matrix": {
    "base_native": {
      "mean": 377923899.0,
      "median": 377923899.0,
      "min": 377918762.0,
      "max": 377929036.0,
      "std_dev": 7264.815069910589
    },
    "wasmtime_app": {
      "mean": 533778715.5,
      "median": 533778715.5,
      "min": 529675837.0,
      "max": 537881594.0,
      "std_dev": 5802346.41946898
    }
  },
  "matrix2": {
    "base_native": {
      "mean": 194307579.25,
      "median": 194306735.5,
      "min": 194286437.0,
      "max": 194330409.0,
      "std_dev": 22489.417902278692
    },
    "wasmtime_app": {
      "mean": 260338369.0,
      "median": 257955628.0,
      "min": 257713118.0,
      "max": 265346361.0,
      "std_dev": 4338742.98375382
    }
  },
  "memmove": {
    "base_native": {
      "mean": 47369390.2,
      "median": 47364935.5,
      "min": 47351124.0,
      "max": 47411970.0,
      "std_dev": 17454.218463677422
    },
    "wasmtime_app": {
      "mean": 521030333.5,
      "median": 521030333.5,
      "min": 515947580.0,
      "max": 526113087.0,
      "std_dev": 7188098.933899317
    }
  },
  "minicsv": {
    "base_native": {
      "mean": 731177972.0,
      "median": 731177972.0,
      "min": 731177972.0,
      "max": 731177972.0,
      "std_dev": 0.0
    },
    "wasmtime_app": {
      "mean": 1102158521.0,
      "median": 1102158521.0,
      "min": 1102158521.0,
      "max": 1102158521.0,
      "std_dev": 0.0
    }
  },
  "nestedloop": {
    "base_native": {
      "mean": 1572578.7272727273,
      "median": 1576008.0,
      "min": 1545710.0,
      "max": 1584432.0,
      "std_dev": 13385.959278967714
    },
    "wasmtime_app": {
      "mean": 6261076.5,
      "median": 6181009.0,
      "min": 6137787.0,
      "max": 7083752.0,
      "std_dev": 289817.15645606245
    }
  },
  "nestedloop2": {
    "base_native": {
      "mean": 1575217.0,
      "median": 1582757.0,
      "min": 1552060.0,
      "max": 1593257.0,
      "std_dev": 15474.677935259266
    },
    "wasmtime_app": {
      "mean": 6256399.2,
      "median": 6177822.0,
      "min": 6126962.0,
      "max": 7003607.0,
      "std_dev": 263507.3154193468
    }
  },
  "nestedloop3": {
    "base_native": {
      "mean": 2085247.5454545454,
      "median": 2084645.0,
      "min": 2059472.0,
      "max": 2132317.0,
      "std_dev": 21870.325618808867
    },
    "wasmtime_app": {
      "mean": 6862905.9,
      "median": 6716237.5,
      "min": 6680777.0,
      "max": 8230180.0,
      "std_dev": 480701.5991107743
    }
  },
  "random": {
    "base_native": {
      "mean": 577699530.5,
      "median": 577699530.5,
      "min": 577698743.0,
      "max": 577700318.0,
      "std_dev": 1113.6931803688124
    },
    "wasmtime_app": {
      "mean": 290672586.3333333,
      "median": 290396004.0,
      "min": 290376055.0,
      "max": 291245700.0,
      "std_dev": 496431.21058242634
    }
  },
  "random2": {
    "base_native": {
      "mean": 577752964.0,
      "median": 577752964.0,
      "min": 577726466.0,
      "max": 577779462.0,
      "std_dev": 37473.83097576227
    },
    "wasmtime_app": {
      "mean": 290678411.0,
      "median": 290398754.0,
      "min": 290374055.0,
      "max": 291262424.0,
      "std_dev": 505920.8419080993
    }
  },
  "ratelimit": {
    "base_native": {
      "mean": 25920898.4,
      "median": 25921783.0,
      "min": 25903360.0,
      "max": 25935782.0,
      "std_dev": 10976.436055883025
    },
    "wasmtime_app": {
      "mean": 39050590.0,
      "median": 38306467.0,
      "min": 38285731.0,
      "max": 45709687.0,
      "std_dev": 2339883.9365879763
    }
  },
  "seqhash": {
    "base_native": {
      "mean": 7124977586.0,
      "median": 7124977586.0,
      "min": 7124977586.0,
      "max": 7124977586.0,
      "std_dev": 0.0
    },
    "wasmtime_app": {
      "mean": 9679800853.0,
      "median": 9679800853.0,
      "min": 9679800853.0,
      "max": 9679800853.0,
      "std_dev": 0.0
    }
  },
  "sieve": {
    "base_native": {
      "mean": 569284952.5,
      "median": 569284952.5,
      "min": 569282815.0,
      "max": 569287090.0,
      "std_dev": 3022.881489572491
    },
    "wasmtime_app": {
      "mean": 767179433.0,
      "median": 767179433.0,
      "min": 767179433.0,
      "max": 767179433.0,
      "std_dev": 0.0
    }
  },
  "strcat": {
    "base_native": {
      "mean": 65930163.1,
      "median": 65915976.5,
      "min": 65868730.0,
      "max": 66099588.0,
      "std_dev": 67045.42227881367
    },
    "wasmtime_app": {
      "mean": 352743115.0,
      "median": 352743115.0,
      "min": 350205050.0,
      "max": 355281180.0,
      "std_dev": 3589365.9451844697
    }
  },
  "strcat2": {
    "base_native": {
      "mean": 2591441.909090909,
      "median": 2592583.0,
      "min": 2566210.0,
      "max": 2615506.0,
      "std_dev": 13492.650550981787
    },
    "wasmtime_app": {
      "mean": 9355820.9,
      "median": 8452453.0,
      "min": 8408268.0,
      "max": 17549766.0,
      "std_dev": 2879129.6632397803
    }
  },
  "strchr": {
    "base_native": {
      "mean": 154620329.2,
      "median": 154624019.0,
      "min": 154585697.0,
      "max": 154645917.0,
      "std_dev": 22035.769743759804
    },