{
  "ackermann": {
    "base_native": {
      "mean": 3210129.7,
      "median": 2887643.5,
      "min": 2856433.0,
      "max": 6085420.0,
      "std_dev": 1010556.4787956133
    },
    "wasmtime_app": {
      "mean": 9090721.8,
      "median": 8659988.0,
      "min": 7963035.0,
      "max": 13794074.0,
      "std_dev": 1721507.6470833994
    }
  },
  "base64": {
    "base_native": {
      "mean": 253028525.0,
      "median": 253401795.0,
      "min": 252154993.0,
      "max": 253528787.0,
      "std_dev": 759160.9567700383
    },
    "wasmtime_app": {
      "mean": 355083784.0,
      "median": 355083784.0,
      "min": 350468985.0,
      "max": 359698583.0,
      "std_dev": 6526311.333425797
    }
  },
  "ctype": {
    "base_native": {
      "mean": 655239570.5,
      "median": 655239570.5,
      "min": 654997322.0,
      "max": 655481819.0,
      "std_dev": 342591.11416453874
    },
    "wasmtime_app": {
      "mean": 894788552.0,
      "median": 894788552.0,
      "min": 894788552.0,
      "max": 894788552.0,
      "std_dev": 0.0
    }
  },
  "ed25519": {
    "base_native": {
      "mean": 1433449044.0,
      "median": 1433449044.0,
      "min": 1433449044.0,
      "max": 1433449044.0,
      "std_dev": 0.0
    },
    "wasmtime_app": {
      "mean": 6739806567.0,
      "median": 6739806567.0,
      "min": 6739806567.0,
      "max": 6739806567.0,
      "std_dev": 0.0
    }
  },
  "fib2": {
    "base_native": {
      "mean": 6956074836.0,
      "median": 6956074836.0,
      "min": 6956074836.0,
      "max": 6956074836.0,
      "std_dev": 0.0
    },
    "wasmtime_app": {
      "mean": 10709454604.0,
      "median": 10709454604.0,
      "min": 10709454604.0,
      "max": 10709454604.0,
      "std_dev": 0.0
    }
  },
  "gimli": {
    "base_native": {
      "mean": 4158297.1,
      "median": 4149945.0,
      "min": 4126984.0,
      "max": 4197355.0,
      "std_dev": 20976.325504138124
    },
    "wasmtime_app": {
      "mean": 9518513.4,
      "median": 9366453.0,
      "min": 9345017.0,
      "max": 10855743.0,
      "std_dev": 470410.15629086917
    }
  },
  "heapsort": {
    "base_native": {
      "mean": 1076319498.0,
      "median": 1076319498.0,
      "min": 1076319498.0,
      "max": 1076319498.0,
      "std_dev": 0.0
    },
    "wasmtime_app": {
      "mean": 1220558973.0,
      "median": 1220558973.0,
      "min": 1220558973.0,
      "max": 1220558973.0,
      "std_dev": 0.0
    }
  },
  "keccak": {
    "base_native": {
      "mean": 7486048.0,
      "median": 7487950.5,
      "min": 7472214.0,
      "max": 7495862.0,
      "std_dev": 7124.774475962965
    },
    "wasmtime_app": {
      "mean": 22873556.8,
      "median": 21280519.5,
      "min": 21004771.0,
      "max": 37146130.0,
      "std_dev": 5017697.708568693
    }
  },
  "matrix": {
    "base_native": {
      "mean": 377885347.0,
      "median": 377885347.0,
      "min": 377876585.0,
      "max": 377894109.0,
      "std_dev": 12391.33923351306
    },
    "wasmtime_app": {
      "mean": 533759096.5,
      "median": 533759096.5,
      "min": 529448795.0,
      "max": 538069398.0,
      "std_dev": 6095686.839217095
    }
  },
  "matrix2": {
    "base_native": {
      "mean": 194271949.75,
      "median": 194272843.5,
      "min": 194246345.0,
      "max": 194295767.0,
      "std_dev": 24282.56712643867
    },
    "wasmtime_app": {
      "mean": 260225638.33333334,
      "median": 257691579.0,
      "min": 257673905.0,
      "max": 265311431.0,
      "std_dev": 4404434.512943668
    }
  },
  "memmove": {
    "base_native": {
      "mean": 47321946.8,
      "median": 47315902.5,
      "min": 47308165.0,
      "max": 47341188.0,
      "std_dev": 13301.713238025644
    },
    "wasmtime_app": {
      "mean": 520652413.0,
      "median": 520652413.0,
      "min": 516190169.0,
      "max": 525114657.0,
      "std_dev": 6310565.983417969
    }
  },
  "minicsv": {
    "base_native": {
      "mean": 738350610.0,
      "median": 738350610.0,
      "min": 738350610.0,
      "max": 738350610.0,
      "std_dev": 0.0
    },
    "wasmtime_app": {
      "mean": 1112775326.0,
      "median": 1112775326.0,
      "min": 1112775326.0,
      "max": 1112775326.0,
      "std_dev": 0.0
    }
  },
  "nestedloop": {
    "base_native": {
      "mean": 1571128.5454545454,
      "median": 1575933.0,
      "min": 1540160.0,
      "max": 1610331.0,
      "std_dev": 19930.56546294478
    },
    "wasmtime_app": {
      "mean": 6282736.7,
      "median": 6189196.0,
      "min": 6163148.0,
      "max": 7126550.0,
      "std_dev": 297022.8090212938
    }
  },
  "nestedloop2": {
    "base_native": {
      "mean": 1572160.0909090908,
      "median": 1576483.0,
      "min": 1549759.0,
      "max": 1603006.0,
      "std_dev": 19107.31481111119
    },
    "wasmtime_app": {
      "mean": 6304160.9,
      "median": 6188909.0,
      "min": 6179297.0,
      "max": 7197422.0,
      "std_dev": 315802.84157346934
    }
  },
  "nestedloop3": {
    "base_native": {
      "mean": 2083893.6363636365,
      "median": 2078703.0,
      "min": 2074928.0,
      "max": 2135200.0,
      "std_dev": 17277.579386434474
    },
    "wasmtime_app": {
      "mean": 6861078.6,
      "median": 6738382.0,
      "min": 6717396.0,
      "max": 7960160.0,
      "std_dev": 386429.9646074162
    }
  },
  "random": {
    "base_native": {
      "mean": 577602723.0,
      "median": 577602723.0,
      "min": 577579962.0,
      "max": 577625484.0,
      "std_dev": 32188.914893174016
    },
    "wasmtime_app": {
      "mean": 290680288.3333333,
      "median": 290376978.0,
      "min": 290362104.0,
      "max": 291301783.0,
      "std_dev": 538281.5476034203
    }
  },
  "random2": {
    "base_native": {
      "mean": 577624747.0,
      "median": 577624747.0,
      "min": 577581962.0,
      "max": 577667532.0,
      "std_dev": 60507.12726613287
    },
    "wasmtime_app": {
      "mean": 290721461.3333333,
      "median": 290447600.0,
      "min": 290420101.0,
      "max": 291296683.0,
      "std_dev": 498346.2883400792
    }
  },
  "ratelimit": {
    "base_native": {
      "mean": 25940951.5,
      "median": 25933574.5,
      "min": 25904289.0,
      "max": 25998033.0,
      "std_dev": 28675.771868910135
    },
    "wasmtime_app": {
      "mean": 39042182.4,
      "median": 38315635.5,
      "min": 38301824.0,
      "max": 45579367.0,
      "std_dev": 2296960.4161129114
    }
  },
  "seqhash": {
    "base_native": {
      "mean": 7113018658.0,
      "median": 7113018658.0,
      "min": 7113018658.0,
      "max": 7113018658.0,
      "std_dev": 0.0
    },
    "wasmtime_app": {
      "mean": 9673248352.0,
      "median": 9673248352.0,
      "min": 9673248352.0,
      "max": 9673248352.0,
      "std_dev": 0.0
    }
  },
  "sieve": {
    "base_native": {
      "mean": 569217550.0,
      "median": 569217550.0,
      "min": 569197501.0,
      "max": 569237599.0,
      "std_dev": 28353.567712018183
    },
    "wasmtime_app": {
      "mean": 767384317.0,
      "median": 767384317.0,
      "min": 767384317.0,
      "max": 767384317.0,
      "std_dev": 0.0
    }
  },
  "strcat": {
    "base_native": {
      "mean": 65860080.8,
      "median": 65849309.0,
      "min": 65831435.0,
      "max": 65964677.0,
      "std_dev": 39636.32253880272
    },
    "wasmtime_app": {
      "mean": 352724287.0,
      "median": 352724287.0,
      "min": 350180949.0,
      "max": 355267625.0,
      "std_dev": 3596823.0932988627
    }
  },
  "strcat2": {
    "base_native": {
      "mean": 2597570.6363636362,
      "median": 2596023.0,
      "min": 2569625.0,
      "max": 2623621.0,
      "std_dev": 15946.057740223614
    },
    "wasmtime_app": {
      "mean": 9375142.9,
      "median": 8468310.0,
      "min": 8425012.0,
      "max": 17584488.0,
      "std_dev": 2884525.080893192
    }
  },
  "strchr": {
    "base_native": {
      "mean": 155130151.6,
      "median": 155124327.0,
      "min": 155107153.0,
      "max": 155173774.0,
      "std_dev": 25973.681435252878
    },