{
  "ackermann": {
    "base_native": {
      "mean": 3814149.9,
      "median": 2890998.5,
      "min": 2854140.0,
      "max": 12126762.0,
      "std_dev": 2920840.2777836397
    },
    "wasmtime_app": {
      "mean": 8947248.4,
      "median": 7980912.0,
      "min": 7943526.0,
      "max": 15640065.0,
      "std_dev": 2375744.2289404436
    }
  },
  "base64": {
    "base_native": {
      "mean": 253362563.66666666,
      "median": 253340149.0,
      "min": 253320233.0,
      "max": 253427309.0,
      "std_dev": 56948.48905224206
    },
    "wasmtime_app": {
      "mean": 355165875.5,
      "median": 355165875.5,
      "min": 350474473.0,
      "max": 359857278.0,
      "std_dev": 6634645.042051044
    }
  },
  "ctype": {
    "base_native": {
      "mean": 653963842.5,
      "median": 653963842.5,
      "min": 653710634.0,
      "max": 654217051.0,
      "std_dev": 358090.89480814786
    },
    "wasmtime_app": {
      "mean": 854852529.0,
      "median": 854852529.0,
      "min": 854852529.0,
      "max": 854852529.0,
      "std_dev": 0.0
    }
  },
  "ed25519": {
    "base_native": {
      "mean": 1433560211.0,
      "median": 1433560211.0,
      "min": 1433560211.0,
      "max": 1433560211.0,
      "std_dev": 0.0
    },
    "wasmtime_app": {
      "mean": 6723382697.0,
      "median": 6723382697.0,
      "min": 6723382697.0,
      "max": 6723382697.0,
      "std_dev": 0.0
    }
  },
  "fib2": {
    "base_native": {
      "mean": 6954307907.0,
      "median": 6954307907.0,
      "min": 6954307907.0,
      "max": 6954307907.0,
      "std_dev": 0.0
    },
    "wasmtime_app": {
      "mean": 10666331783.0,
      "median": 10666331783.0,
      "min": 10666331783.0,
      "max": 10666331783.0,
      "std_dev": 0.0
    }
  },
  "gimli": {
    "base_native": {
      "mean": 4150878.0,
      "median": 4138876.0,
      "min": 4129580.0,
      "max": 4221588.0,
      "std_dev": 28477.156790819
    },
    "wasmtime_app": {
      "mean": 9669936.9,
      "median": 9351080.5,
      "min": 9318382.0,
      "max": 10827856.0,
      "std_dev": 553805.0721266564
    }
  },
  "heapsort": {
    "base_native": {
      "mean": 1076393035.0,
      "median": 1076393035.0,
      "min": 1076393035.0,
      "max": 1076393035.0,
      "std_dev": 0.0
    },
    "wasmtime_app": {
      "mean": 1220955669.0,
      "median": 1220955669.0,
      "min": 1220955669.0,
      "max": 1220955669.0,
      "std_dev": 0.0
    }
  },
  "keccak": {
    "base_native": {
      "mean": 7485933.4,
      "median": 7484916.5,
      "min": 7468924.0,
      "max": 7505132.0,
      "std_dev": 11686.039697956798
    },
    "wasmtime_app": {
      "mean": 22819992.5,
      "median": 21266270.5,
      "min": 21003171.0,
      "max": 37097639.0,
      "std_dev": 5019750.847407563
    }
  },
  "matrix": {
    "base_native": {
      "mean": 377790591.5,
      "median": 377790591.5,
      "min": 377787043.0,
      "max": 377794140.0,
      "std_dev": 5018.3368260809275
    },
    "wasmtime_app": {
      "mean": 533734282.5,
      "median": 533734282.5,
      "min": 529521069.0,
      "max": 537947496.0,
      "std_dev": 5958383.672873416
    }
  },
  "matrix2": {
    "base_native": {
      "mean": 194205828.5,
      "median": 194199862.5,
      "min": 194192528.0,
      "max": 194231061.0,
      "std_dev": 17581.0702082287
    },
    "wasmtime_app": {
      "mean": 260262155.66666666,
      "median": 257731674.0,
      "min": 257698376.0,
      "max": 265356417.0,
      "std_dev": 4411791.142883164
    }
  },
  "memmove": {
    "base_native": {
      "mean": 47318488.2,
      "median": 47318845.5,
      "min": 47289509.0,
      "max": 47339336.0,
      "std_dev": 14917.825592223553
    },
    "wasmtime_app": {
      "mean": 520883802.0,
      "median": 520883802.0,
      "min": 515517871.0,
      "max": 526249733.0,
      "std_dev": 7588572.394958224
    }
  },
  "minicsv": {
    "base_native": {
      "mean": 723312509.0,
      "median": 723312509.0,
      "min": 723312509.0,
      "max": 723312509.0,
      "std_dev": 0.0
    },
    "wasmtime_app": {
      "mean": 1102406339.0,
      "median": 1102406339.0,
      "min": 1102406339.0,
      "max": 1102406339.0,
      "std_dev": 0.0
    }
  },
  "nestedloop": {
    "base_native": {
      "mean": 1598554.9090909092,
      "median": 1597842.0,
      "min": 1571729.0,
      "max": 1622605.0,
      "std_dev": 18537.526180451077
    },
    "wasmtime_app": {
      "mean": 6280184.7,
      "median": 6188376.5,
      "min": 6155416.0,
      "max": 7096894.0,
      "std_dev": 287662.68676314084
    }
  },
  "nestedloop2": {
    "base_native": {
      "mean": 1591901.2727272727,
      "median": 1591495.0,
      "min": 1566756.0,
      "max": 1616608.0,
      "std_dev": 17336.410511353894
    },
    "wasmtime_app": {
      "mean": 6295468.8,
      "median": 6208188.0,
      "min": 6188689.0,
      "max": 7097769.0,
      "std_dev": 282225.0626038257
    }
  },
  "nestedloop3": {
    "base_native": {
      "mean": 2102725.909090909,
      "median": 2098162.0,
      "min": 2080695.0,
      "max": 2144916.0,
      "std_dev": 18961.141924760468
    },
    "wasmtime_app": {
      "mean": 6868524.8,
      "median": 6756535.5,
      "min": 6702163.0,
      "max": 7963450.0,
      "std_dev": 385226.008262336
    }
  },
  "random": {
    "base_native": {
      "mean": 577413904.0,
      "median": 577413904.0,
      "min": 577398386.0,
      "max": 577429422.0,
      "std_dev": 21945.766060905687
    },
    "wasmtime_app": {
      "mean": 290739352.0,
      "median": 290472682.0,
      "min": 290430234.0,
      "max": 291315140.0,
      "std_dev": 499098.511201947
    }
  },
  "random2": {
    "base_native": {
      "mean": 577509660.0,
      "median": 577509660.0,
      "min": 577372573.0,
      "max": 577646747.0,
      "std_dev": 193870.2946250405
    },
    "wasmtime_app": {
      "mean": 290744168.6666667,
      "median": 290455408.0,
      "min": 290436859.0,
      "max": 291340239.0,
      "std_dev": 516295.3593248087
    }
  },
  "ratelimit": {
    "base_native": {
      "mean": 25911931.8,
      "median": 25911577.0,
      "min": 25893123.0,
      "max": 25934529.0,
      "std_dev": 13806.840943693254
    },
    "wasmtime_app": {
      "mean": 39062795.5,
      "median": 38347663.5,
      "min": 38301529.0,
      "max": 45580114.0,
      "std_dev": 2290022.027214695
    }
  },
  "seqhash": {
    "base_native": {
      "mean": 7104072664.0,
      "median": 7104072664.0,
      "min": 7104072664.0,
      "max": 7104072664.0,
      "std_dev": 0.0
    },
    "wasmtime_app": {
      "mean": 9682405927.0,
      "median": 9682405927.0,
      "min": 9682405927.0,
      "max": 9682405927.0,
      "std_dev": 0.0
    }
  },
  "sieve": {
    "base_native": {
      "mean": 569129354.0,
      "median": 569129354.0,
      "min": 569105740.0,
      "max": 569152968.0,
      "std_dev": 33395.23906187827
    },
    "wasmtime_app": {
      "mean": 767097680.0,
      "median": 767097680.0,
      "min": 767097680.0,
      "max": 767097680.0,
      "std_dev": 0.0
    }
  },
  "strcat": {
    "base_native": {
      "mean": 65846977.1,
      "median": 65839613.0,
      "min": 65820984.0,
      "max": 65925561.0,
      "std_dev": 29746.087258849882
    },
    "wasmtime_app": {
      "mean": 352829168.0,
      "median": 352829168.0,
      "min": 350267209.0,
      "max": 355391127.0,
      "std_dev": 3623157.164043812
    }
  },
  "strcat2": {
    "base_native": {
      "mean": 2586206.4545454546,
      "median": 2585564.0,
      "min": 2576318.0,
      "max": 2603930.0,
      "std_dev": 8160.412334724715
    },
    "wasmtime_app": {
      "mean": 9370809.6,
      "median": 8463275.0,
      "min": 8431077.0,
      "max": 17581693.0,
      "std_dev": 2885053.459133708
    }
  },
  "strchr": {
    "base_native": {
      "mean": 155196379.8,
      "median": 155207959.0,
      "min": 154992683.0,
      "max": 155408143.0,
      "std_dev": 149359.43501232186
    },