{
  "ackermann": {
    "base_native": {
      "mean": 3151410.1,
      "median": 2838130.0,
      "min": 2785345.0,
      "max": 6067564.0,
      "std_dev": 1024886.5242758938
    },
    "wasmtime_app": {
      "mean": 9773316.7,
      "median": 9354501.5,
      "min": 8522298.0,
      "max": 13441675.0,
      "std_dev": 1354731.7556741668
    }
  },
  "base64": {
    "base_native": {
      "mean": 249535110.66666666,
      "median": 249512695.0,
      "min": 249495371.0,
      "max": 249597266.0,
      "std_dev": 54520.586390218996
    },
    "wasmtime_app": {
      "mean": 377567621.0,
      "median": 377567621.0,
      "min": 367336181.0,
      "max": 387799061.0,
      "std_dev": 14469441.210606579
    }
  },
  "ctype": {
    "base_native": {
      "mean": 654105723.5,
      "median": 654105723.5,
      "min": 654084612.0,
      "max": 654126835.0,
      "std_dev": 29856.169622039597
    },
    "wasmtime_app": {
      "mean": 995826094.0,
      "median": 995826094.0,
      "min": 995826094.0,
      "max": 995826094.0,
      "std_dev": 0.0
    }
  },
  "ed25519": {
    "base_native": {
      "mean": 1433275904.0,
      "median": 1433275904.0,
      "min": 1433275904.0,
      "max": 1433275904.0,
      "std_dev": 0.0
    },
    "wasmtime_app": {
      "mean": 6755865442.0,
      "median": 6755865442.0,
      "min": 6755865442.0,
      "max": 6755865442.0,
      "std_dev": 0.0
    }
  },
  "fib2": {
    "base_native": {
      "mean": 6956024207.0,
      "median": 6956024207.0,
      "min": 6956024207.0,
      "max": 6956024207.0,
      "std_dev": 0.0
    },
    "wasmtime_app": {
      "mean": 10681572488.0,
      "median": 10681572488.0,
      "min": 10681572488.0,
      "max": 10681572488.0,
      "std_dev": 0.0
    }
  },
  "gimli": {
    "base_native": {
      "mean": 4150534.7,
      "median": 4147920.0,
      "min": 4139420.0,
      "max": 4179743.0,
      "std_dev": 11902.356181772491
    },
    "wasmtime_app": {
      "mean": 9472175.5,
      "median": 9311742.0,
      "min": 9298468.0,
      "max": 10828085.0,
      "std_dev": 477056.43605837895
    }
  },
  "heapsort": {
    "base_native": {
      "mean": 1076355800.0,
      "median": 1076355800.0,
      "min": 1076355800.0,
      "max": 1076355800.0,
      "std_dev": 0.0
    },
    "wasmtime_app": {
      "mean": 1220391684.0,
      "median": 1220391684.0,
      "min": 1220391684.0,
      "max": 1220391684.0,
      "std_dev": 0.0
    }
  },
  "keccak": {
    "base_native": {
      "mean": 7486865.1,
      "median": 7487635.0,
      "min": 7465586.0,
      "max": 7505034.0,
      "std_dev": 14651.628066153226
    },
    "wasmtime_app": {
      "mean": 22828627.1,
      "median": 21307069.5,
      "min": 20978268.0,
      "max": 37071331.0,
      "std_dev": 5007112.785474467
    }
  },
  "matrix": {
    "base_native": {
      "mean": 377893017.5,
      "median": 377893017.5,
      "min": 377881968.0,
      "max": 377904067.0,
      "std_dev": 15626.352757441513
    },
    "wasmtime_app": {
      "mean": 533468811.0,
      "median": 533468811.0,
      "min": 529482980.0,
      "max": 537454642.0,
      "std_dev": 5636816.257527116
    }
  },
  "matrix2": {
    "base_native": {
      "mean": 194263370.5,
      "median": 194259577.0,
      "min": 194239503.0,
      "max": 194294825.0,
      "std_dev": 23211.532054850093
    },
    "wasmtime_app": {
      "mean": 260103121.33333334,
      "median": 257619305.0,
      "min": 257610431.0,
      "max": 265079628.0,
      "std_dev": 4309783.47942241
    }
  },
  "memmove": {
    "base_native": {
      "mean": 47336333.1,
      "median": 47332343.5,
      "min": 47316657.0,
      "max": 47375778.0,
      "std_dev": 17217.057249199766
    },
    "wasmtime_app": {
      "mean": 520841702.5,
      "median": 520841702.5,
      "min": 516222616.0,
      "max": 525460789.0,
      "std_dev": 6532374.774074472
    }
  },
  "minicsv": {
    "base_native": {
      "mean": 749603228.0,
      "median": 749603228.0,
      "min": 749603228.0,
      "max": 749603228.0,
      "std_dev": 0.0
    },
    "wasmtime_app": {
      "mean": 1103341076.0,
      "median": 1103341076.0,
      "min": 1103341076.0,
      "max": 1103341076.0,
      "std_dev": 0.0
    }
  },
  "nestedloop": {
    "base_native": {
      "mean": 1576296.3636363635,
      "median": 1577987.0,
      "min": 1547064.0,
      "max": 1620410.0,
      "std_dev": 21573.575509278602
    },
    "wasmtime_app": {
      "mean": 6280078.5,
      "median": 6191537.0,
      "min": 6150815.0,
      "max": 7135346.0,
      "std_dev": 301295.89119086904
    }
  },
  "nestedloop2": {
    "base_native": {
      "mean": 1581466.5454545454,
      "median": 1585362.0,
      "min": 1556413.0,
      "max": 1613835.0,
      "std_dev": 17229.73094023024
    },
    "wasmtime_app": {
      "mean": 6304049.4,
      "median": 6203186.0,
      "min": 6155290.0,
      "max": 7144620.0,
      "std_dev": 298452.92362827784
    }
  },
  "nestedloop3": {
    "base_native": {
      "mean": 2086349.8181818181,
      "median": 2083234.0,
      "min": 2062235.0,
      "max": 2139231.0,
      "std_dev": 19401.939293885967
    },
    "wasmtime_app": {
      "mean": 6847356.0,
      "median": 6728337.0,
      "min": 6702251.0,
      "max": 7951788.0,
      "std_dev": 388305.5555183887
    }
  },
  "random": {
    "base_native": {
      "mean": 577659028.0,
      "median": 577659028.0,
      "min": 577630692.0,
      "max": 577687364.0,
      "std_dev": 40073.15550340402
    },
    "wasmtime_app": {
      "mean": 290645497.6666667,
      "median": 290375817.0,
      "min": 290343494.0,
      "max": 291217182.0,
      "std_dev": 495356.86814289086
    }
  },
  "random2": {
    "base_native": {
      "mean": 577652765.5,
      "median": 577652765.5,
      "min": 577591544.0,
      "max": 577713987.0,
      "std_dev": 86580.27560882444
    },
    "wasmtime_app": {
      "mean": 290719259.3333333,
      "median": 290377767.0,
      "min": 290370217.0,
      "max": 291409794.0,
      "std_dev": 598032.478237038
    }
  },
  "ratelimit": {
    "base_native": {
      "mean": 25933159.8,
      "median": 25929527.5,
      "min": 25917591.0,
      "max": 25958313.0,
      "std_dev": 14376.003685153797
    },
    "wasmtime_app": {
      "mean": 38999155.2,
      "median": 38285870.5,
      "min": 38144656.0,
      "max": 45545433.0,
      "std_dev": 2300698.3832355873
    }
  },
  "seqhash": {
    "base_native": {
      "mean": 7121488353.0,
      "median": 7121488353.0,
      "min": 7121488353.0,
      "max": 7121488353.0,
      "std_dev": 0.0
    },
    "wasmtime_app": {
      "mean": 9702178383.0,
      "median": 9702178383.0,
      "min": 9702178383.0,
      "max": 9702178383.0,
      "std_dev": 0.0
    }
  },
  "sieve": {
    "base_native": {
      "mean": 569274117.0,
      "median": 569274117.0,
      "min": 569262680.0,
      "max": 569285554.0,
      "std_dev": 16174.360512861089
    },
    "wasmtime_app": {
      "mean": 767161344.0,
      "median": 767161344.0,
      "min": 767161344.0,
      "max": 767161344.0,
      "std_dev": 0.0
    }
  },
  "strcat": {
    "base_native": {
      "mean": 65869350.3,
      "median": 65849056.0,
      "min": 65835282.0,
      "max": 65971725.0,
      "std_dev": 49233.489494335954
    },
    "wasmtime_app": {
      "mean": 351146224.5,
      "median": 351146224.5,
      "min": 347118809.0,
      "max": 355173640.0,
      "std_dev": 5695625.62141162
    }
  },
  "strcat2": {
    "base_native": {
      "mean": 2597937.5454545454,
      "median": 2594031.0,
      "min": 2586606.0,
      "max": 2619880.0,
      "std_dev": 10483.428860479155
    },
    "wasmtime_app": {
      "mean": 9349569.2,
      "median": 8434616.5,
      "min": 8381133.0,
      "max": 17596432.0,
      "std_dev": 2897793.2188781863
    }
  },
  "strchr": {
    "base_native": {
      "mean": 155146501.2,
      "median": 155150116.0,
      "min": 155115168.0,
      "max": 155166815.0,
      "std_dev": 19329.889645313553
    },