{
  "ackermann": {
    "base_native": {
      "mean": 3270740.0,
      "median": 2940131.5,
      "min": 2905884.0,
      "max": 6327063.0,
      "std_dev": 1074041.9061001919
    },
    "wasmtime_app": {
      "mean": 9381372.9,
      "median": 8827625.5,
      "min": 8190259.0,
      "max": 15643971.0,
      "std_dev": 2251729.8276812504
    }
  },
  "base64": {
    "base_native": {
      "mean": 256780689.33333334,
      "median": 257427794.0,
      "min": 255399285.0,
      "max": 257514989.0,
      "std_dev": 1197125.3865491005
    },
    "wasmtime_app": {
      "mean": 364168346.5,
      "median": 364168346.5,
      "min": 357171389.0,
      "max": 371165304.0,
      "std_dev": 9895192.191848146
    }
  },
  "ctype": {
    "base_native": {
      "mean": 653762378.5,
      "median": 653762378.5,
      "min": 653733655.0,
      "max": 653791102.0,
      "std_dev": 40621.163258823595
    },
    "wasmtime_app": {
      "mean": 987919046.0,
      "median": 987919046.0,
      "min": 987919046.0,
      "max": 987919046.0,
      "std_dev": 0.0
    }
  },
  "ed25519": {
    "base_native": {
      "mean": 1433225976.0,
      "median": 1433225976.0,
      "min": 1433225976.0,
      "max": 1433225976.0,
      "std_dev": 0.0
    },
    "wasmtime_app": {
      "mean": 6738247878.0,
      "median": 6738247878.0,
      "min": 6738247878.0,
      "max": 6738247878.0,
      "std_dev": 0.0
    }
  },
  "fib2": {
    "base_native": {
      "mean": 6956062934.0,
      "median": 6956062934.0,
      "min": 6956062934.0,
      "max": 6956062934.0,
      "std_dev": 0.0
    },
    "wasmtime_app": {
      "mean": 10664066829.0,
      "median": 10664066829.0,
      "min": 10664066829.0,
      "max": 10664066829.0,
      "std_dev": 0.0
    }
  },
  "gimli": {
    "base_native": {
      "mean": 4149112.5,
      "median": 4145350.5,
      "min": 4129339.0,
      "max": 4175186.0,
      "std_dev": 14766.990810964538
    },
    "wasmtime_app": {
      "mean": 9473176.2,
      "median": 9332039.0,
      "min": 9304403.0,
      "max": 10745599.0,
      "std_dev": 447656.3685933417
    }
  },
  "heapsort": {
    "base_native": {
      "mean": 1076323715.0,
      "median": 1076323715.0,
      "min": 1076323715.0,
      "max": 1076323715.0,
      "std_dev": 0.0
    },
    "wasmtime_app": {
      "mean": 1220600864.0,
      "median": 1220600864.0,
      "min": 1220600864.0,
      "max": 1220600864.0,
      "std_dev": 0.0
    }
  },
  "keccak": {
    "base_native": {
      "mean": 7484369.5,
      "median": 7482322.0,
      "min": 7465273.0,
      "max": 7505396.0,
      "std_dev": 12392.04905709033
    },
    "wasmtime_app": {
      "mean": 22912377.0,
      "median": 21280752.0,
      "min": 21195321.0,
      "max": 37180843.0,
      "std_dev": 5015281.055192044
    }
  },
  "matrix": {
    "base_native": {
      "mean": 377945509.5,
      "median": 377945509.5,
      "min": 377936235.0,
      "max": 377954784.0,
      "std_dev": 13116.12368422927
    },
    "wasmtime_app": {
      "mean": 533553129.5,
      "median": 533553129.5,
      "min": 529491235.0,
      "max": 537615024.0,
      "std_dev": 5744386.290828682
    }
  },
  "matrix2": {
    "base_native": {
      "mean": 194299763.0,
      "median": 194300500.5,
      "min": 194273927.0,
      "max": 194324124.0,
      "std_dev": 21364.625201486684
    },
    "wasmtime_app": {
      "mean": 260273319.0,
      "median": 257704063.0,
      "min": 257653166.0,
      "max": 265462728.0,
      "std_dev": 4494232.076018438
    }
  },
  "memmove": {
    "base_native": {
      "mean": 47321811.2,
      "median": 47319021.5,
      "min": 47287548.0,
      "max": 47353219.0,
      "std_dev": 21504.92723282013
    },
    "wasmtime_app": {
      "mean": 520701206.5,
      "median": 520701206.5,
      "min": 516529020.0,
      "max": 524873393.0,
      "std_dev": 5900362.733049935
    }
  },
  "minicsv": {
    "base_native": {
      "mean": 727308627.0,
      "median": 727308627.0,
      "min": 727308627.0,
      "max": 727308627.0,
      "std_dev": 0.0
    },
    "wasmtime_app": {
      "mean": 1102624423.0,
      "median": 1102624423.0,
      "min": 1102624423.0,
      "max": 1102624423.0,
      "std_dev": 0.0
    }
  },
  "nestedloop": {
    "base_native": {
      "mean": 1572934.5454545454,
      "median": 1578584.0,
      "min": 1550786.0,
      "max": 1594958.0,
      "std_dev": 15526.690763737368
    },
    "wasmtime_app": {
      "mean": 6287088.5,
      "median": 6198865.0,
      "min": 6142206.0,
      "max": 7122161.0,
      "std_dev": 294617.4642263535
    }
  },
  "nestedloop2": {
    "base_native": {
      "mean": 1581293.4545454546,
      "median": 1585884.0,
      "min": 1560435.0,
      "max": 1607858.0,
      "std_dev": 13993.000831584597
    },
    "wasmtime_app": {
      "mean": 6273924.5,
      "median": 6196427.5,
      "min": 6170904.0,
      "max": 6991770.0,
      "std_dev": 252682.50975538013
    }
  },
  "nestedloop3": {
    "base_native": {
      "mean": 2087998.5454545454,
      "median": 2085730.0,
      "min": 2060632.0,
      "max": 2106754.0,
      "std_dev": 13329.538914483399
    },
    "wasmtime_app": {
      "mean": 6849873.1,
      "median": 6724589.5,
      "min": 6705116.0,
      "max": 7929528.0,
      "std_dev": 379910.9462411919
    }
  },
  "random": {
    "base_native": {
      "mean": 577588129.5,
      "median": 577588129.5,
      "min": 577581430.0,
      "max": 577594829.0,
      "std_dev": 9474.52376111855
    },
    "wasmtime_app": {
      "mean": 290713156.6666667,
      "median": 290448476.0,
      "min": 290440676.0,
      "max": 291250318.0,
      "std_dev": 465211.70828057773
    }
  },
  "random2": {
    "base_native": {
      "mean": 577645639.0,
      "median": 577645639.0,
      "min": 577579030.0,
      "max": 577712248.0,
      "std_dev": 94199.35117610949
    },
    "wasmtime_app": {
      "mean": 290706548.6666667,
      "median": 290412703.0,
      "min": 290398729.0,
      "max": 291308214.0,
      "std_dev": 521104.30642082915
    }
  },
  "ratelimit": {
    "base_native": {
      "mean": 25926646.0,
      "median": 25922181.5,
      "min": 25913494.0,
      "max": 25951242.0,
      "std_dev": 12079.907063660161
    },
    "wasmtime_app": {
      "mean": 39071608.9,
      "median": 38356020.5,
      "min": 38313436.0,
      "max": 45568088.0,
      "std_dev": 2282710.239823046
    }
  },
  "seqhash": {
    "base_native": {
      "mean": 7108391283.0,
      "median": 7108391283.0,
      "min": 7108391283.0,
      "max": 7108391283.0,
      "std_dev": 0.0
    },
    "wasmtime_app": {
      "mean": 9685885505.0,
      "median": 9685885505.0,
      "min": 9685885505.0,
      "max": 9685885505.0,
      "std_dev": 0.0
    }
  },
  "sieve": {
    "base_native": {
      "mean": 569195921.5,
      "median": 569195921.5,
      "min": 569177035.0,
      "max": 569214808.0,
      "std_dev": 26709.54444575946
    },
    "wasmtime_app": {
      "mean": 767381677.0,
      "median": 767381677.0,
      "min": 767381677.0,
      "max": 767381677.0,
      "std_dev": 0.0
    }
  },
  "strcat": {
    "base_native": {
      "mean": 65853717.8,
      "median": 65850913.0,
      "min": 65824864.0,
      "max": 65941833.0,
      "std_dev": 32854.025627851996
    },
    "wasmtime_app": {
      "mean": 351295137.5,
      "median": 351295137.5,
      "min": 347266378.0,
      "max": 355323897.0,
      "std_dev": 5697526.324439449
    }
  },
  "strcat2": {
    "base_native": {
      "mean": 2588069.909090909,
      "median": 2583127.0,
      "min": 2565628.0,
      "max": 2618225.0,
      "std_dev": 18094.81398884523
    },
    "wasmtime_app": {
      "mean": 9409178.2,
      "median": 8487812.0,
      "min": 8449240.0,
      "max": 17720496.0,
      "std_dev": 2920363.273806371
    }
  },
  "strchr": {
    "base_native": {
      "mean": 155136187.4,
      "median": 155133288.0,
      "min": 155102589.0,
      "max": 155168635.0,
      "std_dev": 24196.80820480255
    },