{
  "ackermann": {
    "base_native": {
      "mean": 3190794.5,
      "median": 2891409.0,
      "min": 2856561.0,
      "max": 5954334.0,
      "std_dev": 971174.7692619205
    },
    "wasmtime_app": {
      "mean": 9408790.8,
      "median": 8893407.0,
      "min": 8182417.0,
      "max": 14497993.0,
      "std_dev": 1822458.5740110527
    }
  },
  "base64": {
    "base_native": {
      "mean": 252073539.33333334,
      "median": 253273962.0,
      "min": 249485129.0,
      "max": 253461527.0,
      "std_dev": 2243590.0243998086
    },
    "wasmtime_app": {
      "mean": 364430741.5,
      "median": 364430741.5,
      "min": 357844211.0,
      "max": 371017272.0,
      "std_dev": 9314760.762084043
    }
  },
  "ctype": {
    "base_native": {
      "mean": 654892389.5,
      "median": 654892389.5,
      "min": 654266525.0,
      "max": 655518254.0,
      "std_dev": 885106.0641078559
    },
    "wasmtime_app": {
      "mean": 983557442.0,
      "median": 983557442.0,
      "min": 983557442.0,
      "max": 983557442.0,
      "std_dev": 0.0
    }
  },
  "ed25519": {
    "base_native": {
      "mean": 1433317114.0,
      "median": 1433317114.0,
      "min": 1433317114.0,
      "max": 1433317114.0,
      "std_dev": 0.0
    },
    "wasmtime_app": {
      "mean": 6779873178.0,
      "median": 6779873178.0,
      "min": 6779873178.0,
      "max": 6779873178.0,
      "std_dev": 0.0
    }
  },
  "fib2": {
    "base_native": {
      "mean": 6955942445.0,
      "median": 6955942445.0,
      "min": 6955942445.0,
      "max": 6955942445.0,
      "std_dev": 0.0
    },
    "wasmtime_app": {
      "mean": 10677890263.0,
      "median": 10677890263.0,
      "min": 10677890263.0,
      "max": 10677890263.0,
      "std_dev": 0.0
    }
  },
  "gimli": {
    "base_native": {
      "mean": 4147709.7,
      "median": 4146262.0,
      "min": 4137863.0,
      "max": 4175886.0,
      "std_dev": 10824.813193666567
    },
    "wasmtime_app": {
      "mean": 9503353.0,
      "median": 9360417.5,
      "min": 9323956.0,
      "max": 10826159.0,
      "std_dev": 464972.1369133615
    }
  },
  "heapsort": {
    "base_native": {
      "mean": 1076228064.0,
      "median": 1076228064.0,
      "min": 1076228064.0,
      "max": 1076228064.0,
      "std_dev": 0.0
    },
    "wasmtime_app": {
      "mean": 1220675354.0,
      "median": 1220675354.0,
      "min": 1220675354.0,
      "max": 1220675354.0,
      "std_dev": 0.0
    }
  },
  "keccak": {
    "base_native": {
      "mean": 7483753.9,
      "median": 7483134.0,
      "min": 7471147.0,
      "max": 7510770.0,
      "std_dev": 11273.160391439089
    },
    "wasmtime_app": {
      "mean": 22916150.7,
      "median": 21320340.5,
      "min": 21171858.0,
      "max": 37189904.0,
      "std_dev": 5017532.948928876
    }
  },
  "matrix": {
    "base_native": {
      "mean": 377881434.5,
      "median": 377881434.5,
      "min": 377868735.0,
      "max": 377894134.0,
      "std_dev": 17959.80513535712
    },
    "wasmtime_app": {
      "mean": 533618966.5,
      "median": 533618966.5,
      "min": 529336139.0,
      "max": 537901794.0,
      "std_dev": 6056832.735804456
    }
  },
  "matrix2": {
    "base_native": {
      "mean": 194262294.0,
      "median": 194254838.0,
      "min": 194246339.0,
      "max": 194293161.0,
      "std_dev": 21600.916924982605
    },
    "wasmtime_app": {
      "mean": 260220125.66666666,
      "median": 257674939.0,
      "min": 257658390.0,
      "max": 265327048.0,
      "std_dev": 4422732.216218198
    }
  },
  "memmove": {
    "base_native": {
      "mean": 47328332.2,
      "median": 47327317.0,
      "min": 47313943.0,
      "max": 47353241.0,
      "std_dev": 11630.812494786805
    },
    "wasmtime_app": {
      "mean": 521242443.5,
      "median": 521242443.5,
      "min": 516499543.0,
      "max": 525985344.0,
      "std_dev": 6707474.212086134
    }
  },
  "minicsv": {
    "base_native": {
      "mean": 723950215.0,
      "median": 723950215.0,
      "min": 723950215.0,
      "max": 723950215.0,
      "std_dev": 0.0
    },
    "wasmtime_app": {
      "mean": 1104292292.0,
      "median": 1104292292.0,
      "min": 1104292292.0,
      "max": 1104292292.0,
      "std_dev": 0.0
    }
  },
  "nestedloop": {
    "base_native": {
      "mean": 1571111.8181818181,
      "median": 1578359.0,
      "min": 1547486.0,
      "max": 1581359.0,
      "std_dev": 13349.21739142922
    },
    "wasmtime_app": {
      "mean": 6272097.0,
      "median": 6171692.5,
      "min": 6151631.0,
      "max": 7105701.0,
      "std_dev": 294673.3748414411
    }
  },
  "nestedloop2": {
    "base_native": {
      "mean": 1574636.6363636365,
      "median": 1577109.0,
      "min": 1551961.0,
      "max": 1596483.0,
      "std_dev": 16891.02650091301
    },
    "wasmtime_app": {
      "mean": 6262525.0,
      "median": 6174705.0,
      "min": 6157931.0,
      "max": 7016454.0,
      "std_dev": 265686.1144822338
    }
  },
  "nestedloop3": {
    "base_native": {
      "mean": 2090475.3636363635,
      "median": 2086155.0,
      "min": 2077306.0,
      "max": 2128228.0,
      "std_dev": 14829.205880779506
    },
    "wasmtime_app": {
      "mean": 6837571.9,
      "median": 6711700.5,
      "min": 6697589.0,
      "max": 7956699.0,
      "std_dev": 393555.5499487123
    }
  },
  "random": {
    "base_native": {
      "mean": 577607510.5,
      "median": 577607510.5,
      "min": 577594086.0,
      "max": 577620935.0,
      "std_dev": 18985.109968077613
    },
    "wasmtime_app": {
      "mean": 290625885.3333333,
      "median": 290340061.0,
      "min": 290313362.0,
      "max": 291224233.0,
      "std_dev": 518356.20648771373
    }
  },
  "random2": {
    "base_native": {
      "mean": 577619109.5,
      "median": 577619109.5,
      "min": 577557363.0,
      "max": 577680856.0,
      "std_dev": 87322.73772907032
    },
    "wasmtime_app": {
      "mean": 290675208.6666667,
      "median": 290370085.0,
      "min": 290359135.0,
      "max": 291296406.0,
      "std_dev": 538000.5305112007
    }
  },
  "ratelimit": {
    "base_native": {
      "mean": 25918059.4,
      "median": 25916642.0,
      "min": 25893468.0,
      "max": 25949440.0,
      "std_dev": 14923.936978335621
    },
    "wasmtime_app": {
      "mean": 39021443.8,
      "median": 38308431.5,
      "min": 38265870.0,
      "max": 45496018.0,
      "std_dev": 2275030.3574605966
    }
  },
  "seqhash": {
    "base_native": {
      "mean": 7110418609.0,
      "median": 7110418609.0,
      "min": 7110418609.0,
      "max": 7110418609.0,
      "std_dev": 0.0
    },
    "wasmtime_app": {
      "mean": 9672558181.0,
      "median": 9672558181.0,
      "min": 9672558181.0,
      "max": 9672558181.0,
      "std_dev": 0.0
    }
  },
  "sieve": {
    "base_native": {
      "mean": 569260750.5,
      "median": 569260750.5,
      "min": 569243139.0,
      "max": 569278362.0,
      "std_dev": 24906.42215373376
    },
    "wasmtime_app": {
      "mean": 766620420.0,
      "median": 766620420.0,
      "min": 766620420.0,
      "max": 766620420.0,
      "std_dev": 0.0
    }
  },
  "strcat": {
    "base_native": {
      "mean": 65864752.1,
      "median": 65859770.0,
      "min": 65837034.0,
      "max": 65949627.0,
      "std_dev": 31877.4405477883
    },
    "wasmtime_app": {
      "mean": 351170884.0,
      "median": 351170884.0,
      "min": 347115699.0,
      "max": 355226069.0,
      "std_dev": 5734897.62493194
    }
  },
  "strcat2": {
    "base_native": {
      "mean": 2597389.6363636362,
      "median": 2596501.0,
      "min": 2580827.0,
      "max": 2617725.0,
      "std_dev": 10500.980233032793
    },
    "wasmtime_app": {
      "mean": 9351872.6,
      "median": 8437834.0,
      "min": 8414910.0,
      "max": 17615095.0,
      "std_dev": 2903433.560996711
    }
  },
  "strchr": {
    "base_native": {
      "mean": 155125521.2,
      "median": 155124226.0,
      "min": 155114502.0,
      "max": 155143350.0,
      "std_dev": 11781.441579874681
    },