{
  "ackermann": {
    "base_native": {
      "mean": 3294358.0,
      "median": 2857117.5,
      "min": 2816757.0,
      "max": 7334804.0,
      "std_dev": 1419770.9126004174
    },
    "wasmtime_app": {
      "mean": 9250629.5,
      "median": 8806708.5,
      "min": 7938913.0,
      "max": 14180985.0,
      "std_dev": 1837477.1358427082
    }
  },
  "base64": {
    "base_native": {
      "mean": 249538966.66666666,
      "median": 249518543.0,
      "min": 249513043.0,
      "max": 249585314.0,
      "std_dev": 40232.0640824372
    },
    "wasmtime_app": {
      "mean": 355070725.5,
      "median": 355070725.5,
      "min": 350440276.0,
      "max": 359701175.0,
      "std_dev": 6548444.482783717
    }
  },
  "ctype": {
    "base_native": {
      "mean": 653847901.0,
      "median": 653847901.0,
      "min": 653722295.0,
      "max": 653973507.0,
      "std_dev": 177633.70871543497
    },
    "wasmtime_app": {
      "mean": 928199193.0,
      "median": 928199193.0,
      "min": 928199193.0,
      "max": 928199193.0,
      "std_dev": 0.0
    }
  },
  "ed25519": {
    "base_native": {
      "mean": 1433321206.0,
      "median": 1433321206.0,
      "min": 1433321206.0,
      "max": 1433321206.0,
      "std_dev": 0.0
    },
    "wasmtime_app": {
      "mean": 6751724728.0,
      "median": 6751724728.0,
      "min": 6751724728.0,
      "max": 6751724728.0,
      "std_dev": 0.0
    }
  },
  "fib2": {
    "base_native": {
      "mean": 6956274434.0,
      "median": 6956274434.0,
      "min": 6956274434.0,
      "max": 6956274434.0,
      "std_dev": 0.0
    },
    "wasmtime_app": {
      "mean": 10669452281.0,
      "median": 10669452281.0,
      "min": 10669452281.0,
      "max": 10669452281.0,
      "std_dev": 0.0
    }
  },
  "gimli": {
    "base_native": {
      "mean": 4126363.5,
      "median": 4122641.0,
      "min": 4109142.0,
      "max": 4148215.0,
      "std_dev": 14514.5668917662
    },
    "wasmtime_app": {
      "mean": 9468761.3,
      "median": 9322258.5,
      "min": 9283173.0,
      "max": 10772675.0,
      "std_dev": 459009.1526432053
    }
  },
  "heapsort": {
    "base_native": {
      "mean": 1077217273.0,
      "median": 1077217273.0,
      "min": 1077217273.0,
      "max": 1077217273.0,
      "std_dev": 0.0
    },
    "wasmtime_app": {
      "mean": 1220441300.0,
      "median": 1220441300.0,
      "min": 1220441300.0,
      "max": 1220441300.0,
      "std_dev": 0.0
    }
  },
  "keccak": {
    "base_native": {
      "mean": 7484606.4,
      "median": 7479159.5,
      "min": 7465597.0,
      "max": 7515945.0,
      "std_dev": 17348.84202475773
    },
    "wasmtime_app": {
      "mean": 22845633.0,
      "median": 21294926.0,
      "min": 21002903.0,
      "max": 36943452.0,
      "std_dev": 4955828.69378793
    }
  },
  "matrix": {
    "base_native": {
      "mean": 377888006.5,
      "median": 377888006.5,
      "min": 377876782.0,
      "max": 377899231.0,
      "std_dev": 15873.840130856805
    },
    "wasmtime_app": {
      "mean": 533529630.5,
      "median": 533529630.5,
      "min": 529435667.0,
      "max": 537623594.0,
      "std_dev": 5789738.705560424
    }
  },
  "matrix2": {
    "base_native": {
      "mean": 194263159.25,
      "median": 194259997.0,
      "min": 194250510.0,
      "max": 194282133.0,
      "std_dev": 14056.83585484301
    },
    "wasmtime_app": {
      "mean": 260216506.66666666,
      "median": 257668589.0,
      "min": 257664339.0,
      "max": 265316592.0,
      "std_dev": 4416803.9713220615
    }
  },
  "memmove": {
    "base_native": {
      "mean": 47340037.5,
      "median": 47337995.5,
      "min": 47325258.0,
      "max": 47363581.0,
      "std_dev": 11843.225932996465
    },
    "wasmtime_app": {
      "mean": 521029589.0,
      "median": 521029589.0,
      "min": 516578193.0,
      "max": 525480985.0,
      "std_dev": 6295224.594693346
    }
  },
  "minicsv": {
    "base_native": {
      "mean": 744240997.0,
      "median": 744240997.0,
      "min": 744240997.0,
      "max": 744240997.0,
      "std_dev": 0.0
    },
    "wasmtime_app": {
      "mean": 1112102221.0,
      "median": 1112102221.0,
      "min": 1112102221.0,
      "max": 1112102221.0,
      "std_dev": 0.0
    }
  },
  "nestedloop": {
    "base_native": {
      "mean": 1569520.1818181819,
      "median": 1573920.0,
      "min": 1545646.0,
      "max": 1581595.0,
      "std_dev": 12004.901297538283
    },
    "wasmtime_app": {
      "mean": 6287933.6,
      "median": 6193886.0,
      "min": 6175299.0,
      "max": 7118403.0,
      "std_dev": 292484.7141518491
    }
  },
  "nestedloop2": {
    "base_native": {
      "mean": 1572997.3636363635,
      "median": 1577120.0,
      "min": 1548721.0,
      "max": 1605018.0,
      "std_dev": 17353.201642767406
    },
    "wasmtime_app": {
      "mean": 6278493.9,
      "median": 6187635.5,
      "min": 6168199.0,
      "max": 7089705.0,
      "std_dev": 285580.4223831607
    }
  },
  "nestedloop3": {
    "base_native": {
      "mean": 2090873.3636363635,
      "median": 2081244.0,
      "min": 2072795.0,
      "max": 2123242.0,
      "std_dev": 17939.366350419
    },
    "wasmtime_app": {
      "mean": 6863763.1,
      "median": 6741121.5,
      "min": 6717123.0,
      "max": 7951563.0,
      "std_dev": 382773.7079713026
    }
  },
  "random": {
    "base_native": {
      "mean": 577662025.5,
      "median": 577662025.5,
      "min": 577618790.0,
      "max": 577705261.0,
      "std_dev": 61144.23047598195
    },
    "wasmtime_app": {
      "mean": 290817043.0,
      "median": 290811452.0,
      "min": 290405596.0,
      "max": 291234081.0,
      "std_dev": 414270.79702412046
    }
  },
  "random2": {
    "base_native": {
      "mean": 577679037.0,
      "median": 577679037.0,
      "min": 577639214.0,
      "max": 577718860.0,
      "std_dev": 56318.22669438377
    },
    "wasmtime_app": {
      "mean": 290702490.0,
      "median": 290405546.0,
      "min": 290389247.0,
      "max": 291312677.0,
      "std_dev": 528500.2796375798
    }
  },
  "ratelimit": {
    "base_native": {
      "mean": 25939026.5,
      "median": 25928089.5,
      "min": 25907516.0,
      "max": 26013485.0,
      "std_dev": 32332.468439463275
    },
    "wasmtime_app": {
      "mean": 39046952.5,
      "median": 38327647.5,
      "min": 38309136.0,
      "max": 45526860.0,
      "std_dev": 2276838.6991705676
    }
  },
  "seqhash": {
    "base_native": {
      "mean": 7097676164.0,
      "median": 7097676164.0,
      "min": 7097676164.0,
      "max": 7097676164.0,
      "std_dev": 0.0
    },
    "wasmtime_app": {
      "mean": 9682699336.0,
      "median": 9682699336.0,
      "min": 9682699336.0,
      "max": 9682699336.0,
      "std_dev": 0.0
    }
  },
  "sieve": {
    "base_native": {
      "mean": 569270187.5,
      "median": 569270187.5,
      "min": 569259538.0,
      "max": 569280837.0,
      "std_dev": 15060.667332492276
    },
    "wasmtime_app": {
      "mean": 767141003.0,
      "median": 767141003.0,
      "min": 767141003.0,
      "max": 767141003.0,
      "std_dev": 0.0
    }
  },
  "strcat": {
    "base_native": {
      "mean": 65867439.1,
      "median": 65849197.5,
      "min": 65835473.0,
      "max": 65978866.0,
      "std_dev": 43164.38590744304
    },
    "wasmtime_app": {
      "mean": 352655293.0,
      "median": 352655293.0,
      "min": 350162364.0,
      "max": 355148222.0,
      "std_dev": 3525534.0018331977
    }
  },
  "strcat2": {
    "base_native": {
      "mean": 2595206.909090909,
      "median": 2596268.0,
      "min": 2579894.0,
      "max": 2617742.0,
      "std_dev": 11211.817992230746
    },
    "wasmtime_app": {
      "mean": 9352729.4,
      "median": 8440014.0,
      "min": 8413240.0,
      "max": 17560670.0,
      "std_dev": 2884065.880019356
    }
  },
  "strchr": {
    "base_native": {
      "mean": 154672459.6,
      "median": 154696933.0,
      "min": 154608488.0,
      "max": 154709808.0,
      "std_dev": 42482.011843838096
    },