{
  "ackermann": {
    "base_native": {
      "mean": 3246278.2,
      "median": 2932391.5,
      "min": 2915330.0,
      "max": 6060372.0,
      "std_dev": 988934.7816635612
    },
    "wasmtime_app": {
      "mean": 9769138.1,
      "median": 9505013.0,
      "min": 8105342.0,
      "max": 15381073.0,
      "std_dev": 2042925.659444886
    }
  },
  "base64": {
    "base_native": {
      "mean": 254299709.33333334,
      "median": 255843503.0,
      "min": 249498272.0,
      "max": 257557353.0,
      "std_dev": 4245547.173812856
    },
    "wasmtime_app": {
      "mean": 358366750.5,
      "median": 358366750.5,
      "min": 351478601.0,
      "max": 365254900.0,
      "std_dev": 9741314.442553453
    }
  },
  "ctype": {
    "base_native": {
      "mean": 653878277.5,
      "median": 653878277.5,
      "min": 653625217.0,
      "max": 654131338.0,
      "std_dev": 357881.5912009166
    },
    "wasmtime_app": {
      "mean": 932848721.0,
      "median": 932848721.0,
      "min": 932848721.0,
      "max": 932848721.0,
      "std_dev": 0.0
    }
  },
  "ed25519": {
    "base_native": {
      "mean": 1433254998.0,
      "median": 1433254998.0,
      "min": 1433254998.0,
      "max": 1433254998.0,
      "std_dev": 0.0
    },
    "wasmtime_app": {
      "mean": 6740872787.0,
      "median": 6740872787.0,
      "min": 6740872787.0,
      "max": 6740872787.0,
      "std_dev": 0.0
    }
  },
  "fib2": {
    "base_native": {
      "mean": 6956064883.0,
      "median": 6956064883.0,
      "min": 6956064883.0,
      "max": 6956064883.0,
      "std_dev": 0.0
    },
    "wasmtime_app": {
      "mean": 10734290598.0,
      "median": 10734290598.0,
      "min": 10734290598.0,
      "max": 10734290598.0,
      "std_dev": 0.0
    }
  },
  "gimli": {
    "base_native": {
      "mean": 4154770.2,
      "median": 4151220.5,
      "min": 4127659.0,
      "max": 4180156.0,
      "std_dev": 14447.250771148274
    },
    "wasmtime_app": {
      "mean": 9536199.2,
      "median": 9388444.0,
      "min": 9365832.0,
      "max": 10875911.0,
      "std_dev": 471093.44777697773
    }
  },
  "heapsort": {
    "base_native": {
      "mean": 1076396326.0,
      "median": 1076396326.0,
      "min": 1076396326.0,
      "max": 1076396326.0,
      "std_dev": 0.0
    },
    "wasmtime_app": {
      "mean": 1220566808.0,
      "median": 1220566808.0,
      "min": 1220566808.0,
      "max": 1220566808.0,
      "std_dev": 0.0
    }
  },
  "keccak": {
    "base_native": {
      "mean": 7485493.6,
      "median": 7486501.0,
      "min": 7467290.0,
      "max": 7497988.0,
      "std_dev": 10461.52126392503
    },
    "wasmtime_app": {
      "mean": 22931254.2,
      "median": 21375528.0,
      "min": 21216748.0,
      "max": 37197543.0,
      "std_dev": 5013299.918771994
    }
  },
  "matrix": {
    "base_native": {
      "mean": 377915320.5,
      "median": 377915320.5,
      "min": 377905671.0,
      "max": 377924970.0,
      "std_dev": 13646.45377011918
    },
    "wasmtime_app": {
      "mean": 533804565.5,
      "median": 533804565.5,
      "min": 529469270.0,
      "max": 538139861.0,
      "std_dev": 6131033.692995048
    }
  },
  "matrix2": {
    "base_native": {
      "mean": 194276687.75,
      "median": 194281524.5,
      "min": 194246415.0,
      "max": 194297287.0,
      "std_dev": 21506.79820235143
    },
    "wasmtime_app": {
      "mean": 260273649.66666666,
      "median": 257812649.0,
      "min": 257702030.0,
      "max": 265306270.0,
      "std_dev": 4358727.991673755
    }
  },
  "memmove": {
    "base_native": {
      "mean": 47368774.0,
      "median": 47350005.5,
      "min": 47322169.0,
      "max": 47494084.0,
      "std_dev": 48723.39287127784
    },
    "wasmtime_app": {
      "mean": 520341151.5,
      "median": 520341151.5,
      "min": 515289690.0,
      "max": 525392613.0,
      "std_dev": 7143845.363105538
    }
  },
  "minicsv": {
    "base_native": {
      "mean": 729806307.0,
      "median": 729806307.0,
      "min": 729806307.0,
      "max": 729806307.0,
      "std_dev": 0.0
    },
    "wasmtime_app": {
      "mean": 1108968228.0,
      "median": 1108968228.0,
      "min": 1108968228.0,
      "max": 1108968228.0,
      "std_dev": 0.0
    }
  },
  "nestedloop": {
    "base_native": {
      "mean": 1581907.3636363635,
      "median": 1585732.0,
      "min": 1560834.0,
      "max": 1589982.0,
      "std_dev": 10528.274818532496
    },
    "wasmtime_app": {
      "mean": 6314728.8,
      "median": 6218981.0,
      "min": 6189607.0,
      "max": 7180010.0,
      "std_dev": 304597.8701500645
    }
  },
  "nestedloop2": {
    "base_native": {
      "mean": 1583036.8181818181,
      "median": 1587982.0,
      "min": 1555809.0,
      "max": 1599956.0,
      "std_dev": 12763.15576821173
    },
    "wasmtime_app": {
      "mean": 6311141.5,
      "median": 6226330.5,
      "min": 6178558.0,
      "max": 7091865.0,
      "std_dev": 275321.2219375155
    }
  },
  "nestedloop3": {
    "base_native": {
      "mean": 2091298.1818181819,
      "median": 2088353.0,
      "min": 2084753.0,
      "max": 2117676.0,
      "std_dev": 9268.359885310689
    },
    "wasmtime_app": {
      "mean": 6877854.7,
      "median": 6754843.0,
      "min": 6722007.0,
      "max": 7994147.0,
      "std_dev": 393289.7657772475
    }
  },
  "random": {
    "base_native": {
      "mean": 577598619.0,
      "median": 577598619.0,
      "min": 577593419.0,
      "max": 577603819.0,
      "std_dev": 7353.9105243400945
    },
    "wasmtime_app": {
      "mean": 290873838.0,
      "median": 290784217.0,
      "min": 290495956.0,
      "max": 291341341.0,
      "std_dev": 429759.1096032753
    }
  },
  "random2": {
    "base_native": {
      "mean": 577659752.5,
      "median": 577659752.5,
      "min": 577589944.0,
      "max": 577729561.0,
      "std_dev": 98724.1274689222
    },
    "wasmtime_app": {
      "mean": 290752168.6666667,
      "median": 290449008.0,
      "min": 290442058.0,
      "max": 291365440.0,
      "std_dev": 531119.922278701
    }
  },
  "ratelimit": {
    "base_native": {
      "mean": 25922480.1,
      "median": 25918915.0,
      "min": 25902691.0,
      "max": 25974812.0,
      "std_dev": 20329.40831761821
    },
    "wasmtime_app": {
      "mean": 39113829.8,
      "median": 38388861.5,
      "min": 38357838.0,
      "max": 45655118.0,
      "std_dev": 2298414.871670561
    }
  },
  "seqhash": {
    "base_native": {
      "mean": 7104208132.0,
      "median": 7104208132.0,
      "min": 7104208132.0,
      "max": 7104208132.0,
      "std_dev": 0.0
    },
    "wasmtime_app": {
      "mean": 9698219276.0,
      "median": 9698219276.0,
      "min": 9698219276.0,
      "max": 9698219276.0,
      "std_dev": 0.0
    }
  },
  "sieve": {
    "base_native": {
      "mean": 569259429.5,
      "median": 569259429.5,
      "min": 569236381.0,
      "max": 569282478.0,
      "std_dev": 32595.501292356283
    },
    "wasmtime_app": {
      "mean": 767625748.0,
      "median": 767625748.0,
      "min": 767625748.0,
      "max": 767625748.0,
      "std_dev": 0.0
    }
  },
  "strcat": {
    "base_native": {
      "mean": 65849640.4,
      "median": 65835603.5,
      "min": 65804818.0,
      "max": 65980758.0,
      "std_dev": 47849.95108136359
    },
    "wasmtime_app": {
      "mean": 352821175.0,
      "median": 352821175.0,
      "min": 350273108.0,
      "max": 355369242.0,
      "std_dev": 3603510.909235325
    }
  },
  "strcat2": {
    "base_native": {
      "mean": 2588460.272727273,
      "median": 2588349.0,
      "min": 2556801.0,
      "max": 2614672.0,
      "std_dev": 15066.537884271283
    },
    "wasmtime_app": {
      "mean": 9437473.7,
      "median": 8516684.5,
      "min": 8496823.0,
      "max": 17690439.0,
      "std_dev": 2899870.6174704893
    }
  },
  "strchr": {
    "base_native": {
      "mean": 154537826.4,
      "median": 154558500.0,
      "min": 154409159.0,
      "max": 154594048.0,
      "std_dev": 74164.17123045331
    },