{
  "ackermann": {
    "base_native": {
      "mean": 3220046.5,
      "median": 2848339.5,
      "min": 2819729.0,
      "max": 6634690.0,
      "std_dev": 1199880.7653519623
    },
    "wasmtime_app": {
      "mean": 9166422.8,
      "median": 8851712.5,
      "min": 8098354.0,
      "max": 12394593.0,
      "std_dev": 1271668.332465558
    }
  },
  "base64": {
    "base_native": {
      "mean": 249540984.0,
      "median": 249516027.0,
      "min": 249515477.0,
      "max": 249591448.0,
      "std_dev": 43703.97118111808
    },
    "wasmtime_app": {
      "mean": 358787841.0,
      "median": 358787841.0,
      "min": 352203053.0,
      "max": 365372629.0,
      "std_dev": 9312296.494951608
    }
  },
  "ctype": {
    "base_native": {
      "mean": 654289209.5,
      "median": 654289209.5,
      "min": 654225300.0,
      "max": 654353119.0,
      "std_dev": 90381.68166448332
    },
    "wasmtime_app": {
      "mean": 904965601.0,
      "median": 904965601.0,
      "min": 904965601.0,
      "max": 904965601.0,
      "std_dev": 0.0
    }
  },
  "ed25519": {
    "base_native": {
      "mean": 1433221250.0,
      "median": 1433221250.0,
      "min": 1433221250.0,
      "max": 1433221250.0,
      "std_dev": 0.0
    },
    "wasmtime_app": {
      "mean": 6740895175.0,
      "median": 6740895175.0,
      "min": 6740895175.0,
      "max": 6740895175.0,
      "std_dev": 0.0
    }
  },
  "fib2": {
    "base_native": {
      "mean": 6956271499.0,
      "median": 6956271499.0,
      "min": 6956271499.0,
      "max": 6956271499.0,
      "std_dev": 0.0
    },
    "wasmtime_app": {
      "mean": 10670753833.0,
      "median": 10670753833.0,
      "min": 10670753833.0,
      "max": 10670753833.0,
      "std_dev": 0.0
    }
  },
  "gimli": {
    "base_native": {
      "mean": 4150614.2,
      "median": 4148672.0,
      "min": 4136397.0,
      "max": 4165821.0,
      "std_dev": 9184.020963971429
    },
    "wasmtime_app": {
      "mean": 9519325.9,
      "median": 9374709.0,
      "min": 9331361.0,
      "max": 10833854.0,
      "std_dev": 462836.5441157266
    }
  },
  "heapsort": {
    "base_native": {
      "mean": 1076436047.0,
      "median": 1076436047.0,
      "min": 1076436047.0,
      "max": 1076436047.0,
      "std_dev": 0.0
    },
    "wasmtime_app": {
      "mean": 1220427926.0,
      "median": 1220427926.0,
      "min": 1220427926.0,
      "max": 1220427926.0,
      "std_dev": 0.0
    }
  },
  "keccak": {
    "base_native": {
      "mean": 7483841.1,
      "median": 7481804.0,
      "min": 7469504.0,
      "max": 7497878.0,
      "std_dev": 8339.968790908833
    },
    "wasmtime_app": {
      "mean": 22884343.2,
      "median": 21315202.0,
      "min": 20988620.0,
      "max": 37245876.0,
      "std_dev": 5048699.642479939
    }
  },
  "matrix": {
    "base_native": {
      "mean": 377903109.5,
      "median": 377903109.5,
      "min": 377889148.0,
      "max": 377917071.0,
      "std_dev": 19744.542651071966
    },
    "wasmtime_app": {
      "mean": 533612726.0,
      "median": 533612726.0,
      "min": 529485928.0,
      "max": 537739524.0,
      "std_dev": 5836173.700774164
    }
  },
  "matrix2": {
    "base_native": {
      "mean": 194277913.5,
      "median": 194277220.0,
      "min": 194266745.0,
      "max": 194290469.0,
      "std_dev": 9983.617530735039
    },
    "wasmtime_app": {
      "mean": 260262585.0,
      "median": 257706126.0,
      "min": 257692051.0,
      "max": 265389578.0,
      "std_dev": 4440111.760186111
    }
  },
  "memmove": {
    "base_native": {
      "mean": 47345622.1,
      "median": 47346070.0,
      "min": 47324870.0,
      "max": 47363794.0,
      "std_dev": 11905.346300903828
    },
    "wasmtime_app": {
      "mean": 520609203.5,
      "median": 520609203.5,
      "min": 515897025.0,
      "max": 525321382.0,
      "std_dev": 6664026.7430229075
    }
  },
  "minicsv": {
    "base_native": {
      "mean": 725651512.0,
      "median": 725651512.0,
      "min": 725651512.0,
      "max": 725651512.0,
      "std_dev": 0.0
    },
    "wasmtime_app": {
      "mean": 1098241221.0,
      "median": 1098241221.0,
      "min": 1098241221.0,
      "max": 1098241221.0,
      "std_dev": 0.0
    }
  },
  "nestedloop": {
    "base_native": {
      "mean": 1585554.1818181819,
      "median": 1567707.0,
      "min": 1557558.0,
      "max": 1654104.0,
      "std_dev": 31610.53125089226
    },
    "wasmtime_app": {
      "mean": 6298268.0,
      "median": 6194671.5,
      "min": 6184259.0,
      "max": 7146981.0,
      "std_dev": 298973.40699578397
    }
  },
  "nestedloop2": {
    "base_native": {
      "mean": 1599519.4545454546,
      "median": 1601056.0,
      "min": 1560658.0,
      "max": 1645179.0,
      "std_dev": 27176.447749342213
    },
    "wasmtime_app": {
      "mean": 6297375.6,
      "median": 6213958.0,
      "min": 6187034.0,
      "max": 7071861.0,
      "std_dev": 272634.91209641914
    }
  },
  "nestedloop3": {
    "base_native": {
      "mean": 2093998.3636363635,
      "median": 2099259.0,
      "min": 2067811.0,
      "max": 2116109.0,
      "std_dev": 18691.50821775882
    },
    "wasmtime_app": {
      "mean": 6868432.0,
      "median": 6749503.5,
      "min": 6737679.0,
      "max": 7944288.0,
      "std_dev": 378127.95989218017
    }
  },
  "random": {
    "base_native": {
      "mean": 577616484.0,
      "median": 577616484.0,
      "min": 577614684.0,
      "max": 577618284.0,
      "std_dev": 2545.584412271571
    },
    "wasmtime_app": {
      "mean": 290717351.3333333,
      "median": 290437475.0,
      "min": 290420876.0,
      "max": 291293703.0,
      "std_dev": 499204.18112465093
    }
  },
  "random2": {
    "base_native": {
      "mean": 577723305.0,
      "median": 577723305.0,
      "min": 577605360.0,
      "max": 577841250.0,
      "std_dev": 166799.4186140947
    },
    "wasmtime_app": {
      "mean": 290715143.6666667,
      "median": 290433176.0,
      "min": 290416052.0,
      "max": 291296203.0,
      "std_dev": 503284.9784012367
    }
  },
  "ratelimit": {
    "base_native": {
      "mean": 25932212.8,
      "median": 25931050.5,
      "min": 25909464.0,
      "max": 25958337.0,
      "std_dev": 14429.207853825133
    },
    "wasmtime_app": {
      "mean": 39068923.2,
      "median": 38343403.5,
      "min": 38312567.0,
      "max": 45583867.0,
      "std_dev": 2289223.4789569923
    }
  },
  "seqhash": {
    "base_native": {
      "mean": 7128646584.0,
      "median": 7128646584.0,
      "min": 7128646584.0,
      "max": 7128646584.0,
      "std_dev": 0.0
    },
    "wasmtime_app": {
      "mean": 9681067166.0,
      "median": 9681067166.0,
      "min": 9681067166.0,
      "max": 9681067166.0,
      "std_dev": 0.0
    }
  },
  "sieve": {
    "base_native": {
      "mean": 569255180.5,
      "median": 569255180.5,
      "min": 569235594.0,
      "max": 569274767.0,
      "std_dev": 27699.493939420627
    },
    "wasmtime_app": {
      "mean": 766861372.0,
      "median": 766861372.0,
      "min": 766861372.0,
      "max": 766861372.0,
      "std_dev": 0.0
    }
  },
  "strcat": {
    "base_native": {
      "mean": 65868612.9,
      "median": 65853088.5,
      "min": 65828802.0,
      "max": 66000495.0,
      "std_dev": 48628.84483388206
    },
    "wasmtime_app": {
      "mean": 351221882.5,
      "median": 351221882.5,
      "min": 350171740.0,
      "max": 352272025.0,
      "std_dev": 1485125.765924388
    }
  },
  "strcat2": {
    "base_native": {
      "mean": 2594324.5454545454,
      "median": 2594413.0,
      "min": 2572289.0,
      "max": 2611088.0,
      "std_dev": 12311.082246201075
    },
    "wasmtime_app": {
      "mean": 9389600.5,
      "median": 8484145.5,
      "min": 8449335.0,
      "max": 17583457.0,
      "std_dev": 2879061.5282514947
    }
  },
  "strchr": {
    "base_native": {
      "mean": 155233614.0,
      "median": 155240494.0,
      "min": 155178846.0,
      "max": 155281367.0,
      "std_dev": 36812.80062016472
    },