{
  "ackermann": {
    "base_native": {
      "mean": 3200680.2,
      "median": 2879985.5,
      "min": 2855187.0,
      "max": 6068930.0,
      "std_dev": 1008023.9636654148
    },
    "wasmtime_app": {
      "mean": 9023613.2,
      "median": 8675064.5,
      "min": 8014313.0,
      "max": 12252907.0,
      "std_dev": 1188276.0040541273
    }
  },
  "base64": {
    "base_native": {
      "mean": 251686762.0,
      "median": 252067182.0,
      "min": 249498728.0,
      "max": 253494376.0,
      "std_dev": 2024806.2295627205
    },
    "wasmtime_app": {
      "mean": 355128475.5,
      "median": 355128475.5,
      "min": 350484566.0,
      "max": 359772385.0,
      "std_dev": 6567479.797333258
    }
  },
  "ctype": {
    "base_native": {
      "mean": 654564220.5,
      "median": 654564220.5,
      "min": 654412729.0,
      "max": 654715712.0,
      "std_dev": 214241.33388424374
    },
    "wasmtime_app": {
      "mean": 982858483.0,
      "median": 982858483.0,
      "min": 982858483.0,
      "max": 982858483.0,
      "std_dev": 0.0
    }
  },
  "ed25519": {
    "base_native": {
      "mean": 1433291189.0,
      "median": 1433291189.0,
      "min": 1433291189.0,
      "max": 1433291189.0,
      "std_dev": 0.0
    },
    "wasmtime_app": {
      "mean": 6765504418.0,
      "median": 6765504418.0,
      "min": 6765504418.0,
      "max": 6765504418.0,
      "std_dev": 0.0
    }
  },
  "fib2": {
    "base_native": {
      "mean": 6956111967.0,
      "median": 6956111967.0,
      "min": 6956111967.0,
      "max": 6956111967.0,
      "std_dev": 0.0
    },
    "wasmtime_app": {
      "mean": 10691266460.0,
      "median": 10691266460.0,
      "min": 10691266460.0,
      "max": 10691266460.0,
      "std_dev": 0.0
    }
  },
  "gimli": {
    "base_native": {
      "mean": 4142841.6,
      "median": 4140001.5,
      "min": 4126465.0,
      "max": 4165338.0,
      "std_dev": 11241.674017294361
    },
    "wasmtime_app": {
      "mean": 9506651.8,
      "median": 9362815.0,
      "min": 9331066.0,
      "max": 10827410.0,
      "std_dev": 464483.92723891843
    }
  },
  "heapsort": {
    "base_native": {
      "mean": 1076421259.0,
      "median": 1076421259.0,
      "min": 1076421259.0,
      "max": 1076421259.0,
      "std_dev": 0.0
    },
    "wasmtime_app": {
      "mean": 1220411348.0,
      "median": 1220411348.0,
      "min": 1220411348.0,
      "max": 1220411348.0,
      "std_dev": 0.0
    }
  },
  "keccak": {
    "base_native": {
      "mean": 7479894.6,
      "median": 7477987.5,
      "min": 7452376.0,
      "max": 7505873.0,
      "std_dev": 15158.821107783342
    },
    "wasmtime_app": {
      "mean": 22911954.4,
      "median": 21320676.5,
      "min": 21161422.0,
      "max": 37212498.0,
      "std_dev": 5027054.218651564
    }
  },
  "matrix": {
    "base_native": {
      "mean": 377898835.0,
      "median": 377898835.0,
      "min": 377887286.0,
      "max": 377910384.0,
      "std_dev": 16332.752431846875
    },
    "wasmtime_app": {
      "mean": 533608407.0,
      "median": 533608407.0,
      "min": 529550565.0,
      "max": 537666249.0,
      "std_dev": 5738655.190367165
    }
  },
  "matrix2": {
    "base_native": {
      "mean": 194293501.0,
      "median": 194286164.0,
      "min": 194263415.0,
      "max": 194338261.0,
      "std_dev": 31746.433573972787
    },
    "wasmtime_app": {
      "mean": 260212156.0,
      "median": 257674644.0,
      "min": 257659945.0,
      "max": 265301879.0,
      "std_dev": 4407835.5434041545
    }
  },
  "memmove": {
    "base_native": {
      "mean": 47333883.3,
      "median": 47332486.0,
      "min": 47311662.0,
      "max": 47361184.0,
      "std_dev": 16219.779804300673
    },
    "wasmtime_app": {
      "mean": 520972482.5,
      "median": 520972482.5,
      "min": 516309111.0,
      "max": 525635854.0,
      "std_dev": 6595003.221684163
    }
  },
  "minicsv": {
    "base_native": {
      "mean": 722944011.0,
      "median": 722944011.0,
      "min": 722944011.0,
      "max": 722944011.0,
      "std_dev": 0.0
    },
    "wasmtime_app": {
      "mean": 1103005816.0,
      "median": 1103005816.0,
      "min": 1103005816.0,
      "max": 1103005816.0,
      "std_dev": 0.0
    }
  },
  "nestedloop": {
    "base_native": {
      "mean": 1573971.5454545454,
      "median": 1577285.0,
      "min": 1545312.0,
      "max": 1612433.0,
      "std_dev": 17156.311866853182
    },
    "wasmtime_app": {
      "mean": 6283299.8,
      "median": 6197587.0,
      "min": 6179288.0,
      "max": 7096413.0,
      "std_dev": 285950.4021763992
    }
  },
  "nestedloop2": {
    "base_native": {
      "mean": 1575853.0909090908,
      "median": 1583185.0,
      "min": 1549936.0,
      "max": 1588884.0,
      "std_dev": 14287.990960625259
    },
    "wasmtime_app": {
      "mean": 6283647.4,
      "median": 6199012.0,
      "min": 6175613.0,
      "max": 7040316.0,
      "std_dev": 266438.39919542795
    }
  },
  "nestedloop3": {
    "base_native": {
      "mean": 2092376.1818181819,
      "median": 2087106.0,
      "min": 2067257.0,
      "max": 2144353.0,
      "std_dev": 20964.66267230733
    },
    "wasmtime_app": {
      "mean": 6858428.4,
      "median": 6744732.0,
      "min": 6716959.0,
      "max": 7921168.0,
      "std_dev": 373702.62017045944
    }
  },
  "random": {
    "base_native": {
      "mean": 577605066.5,
      "median": 577605066.5,
      "min": 577581493.0,
      "max": 577628640.0,
      "std_dev": 33337.963412602156
    },
    "wasmtime_app": {
      "mean": 290676372.3333333,
      "median": 290378863.0,
      "min": 290376339.0,
      "max": 291273915.0,
      "std_dev": 517488.668000888
    }
  },
  "random2": {
    "base_native": {
      "mean": 577696598.5,
      "median": 577696598.5,
      "min": 577588617.0,
      "max": 577804580.0,
      "std_dev": 152708.90178539036
    },
    "wasmtime_app": {
      "mean": 290704229.0,
      "median": 290411062.0,
      "min": 290402112.0,
      "max": 291299513.0,
      "std_dev": 515550.4884266913
    }
  },
  "ratelimit": {
    "base_native": {
      "mean": 25930656.6,
      "median": 25930801.5,
      "min": 25899378.0,
      "max": 25970599.0,
      "std_dev": 20907.918899572745
    },
    "wasmtime_app": {
      "mean": 39028417.0,
      "median": 38308001.5,
      "min": 38282565.0,
      "max": 45523896.0,
      "std_dev": 2282327.994728482
    }
  },
  "seqhash": {
    "base_native": {
      "mean": 7119580907.0,
      "median": 7119580907.0,
      "min": 7119580907.0,
      "max": 7119580907.0,
      "std_dev": 0.0
    },
    "wasmtime_app": {
      "mean": 9696054524.0,
      "median": 9696054524.0,
      "min": 9696054524.0,
      "max": 9696054524.0,
      "std_dev": 0.0
    }
  },
  "sieve": {
    "base_native": {
      "mean": 569243266.5,
      "median": 569243266.5,
      "min": 569193194.0,
      "max": 569293339.0,
      "std_dev": 70813.2086019268
    },
    "wasmtime_app": {
      "mean": 766561535.0,
      "median": 766561535.0,
      "min": 766561535.0,
      "max": 766561535.0,
      "std_dev": 0.0
    }
  },
  "strcat": {
    "base_native": {
      "mean": 65857021.4,
      "median": 65853571.5,
      "min": 65820436.0,
      "max": 65955203.0,
      "std_dev": 36861.45515063428
    },
    "wasmtime_app": {
      "mean": 351227125.0,
      "median": 351227125.0,
      "min": 347167771.0,
      "max": 355286479.0,
      "std_dev": 5740793.481273473
    }
  },
  "strcat2": {
    "base_native": {
      "mean": 2597167.8181818184,
      "median": 2592377.0,
      "min": 2576903.0,
      "max": 2616326.0,
      "std_dev": 12251.823854579217
    },
    "wasmtime_app": {
      "mean": 9417881.7,
      "median": 8510098.5,
      "min": 8473563.0,
      "max": 17657563.0,
      "std_dev": 2895235.2762444043
    }
  },
  "strchr": {
    "base_native": {
      "mean": 155036858.2,
      "median": 155036468.0,
      "min": 154971772.0,
      "max": 155095115.0,
      "std_dev": 51139.48365206673
    },