{
  "ackermann": {
    "base_native": {
      "mean": 3379368.3,
      "median": 3077432.5,
      "min": 3042682.0,
      "max": 6130641.0,
      "std_dev": 966836.3293548995
    },
    "wasmtime_app": {
      "mean": 8553787.7,
      "median": 7976109.0,
      "min": 7947036.0,
      "max": 12004875.0,
      "std_dev": 1250172.3478608015
    }
  },
  "base64": {
    "base_native": {
      "mean": 269808163.0,
      "median": 270060598.0,
      "min": 269229620.0,
      "max": 270134271.0,
      "std_dev": 502385.2404967726
    },
    "wasmtime_app": {
      "mean": 355089661.0,
      "median": 355089661.0,
      "min": 350458823.0,
      "max": 359720499.0,
      "std_dev": 6548993.904752699
    }
  },
  "ctype": {
    "base_native": {
      "mean": 679610966.0,
      "median": 679610966.0,
      "min": 679610966.0,
      "max": 679610966.0,
      "std_dev": 0.0
    },
    "wasmtime_app": {
      "mean": 984568081.0,
      "median": 984568081.0,
      "min": 984568081.0,
      "max": 984568081.0,
      "std_dev": 0.0
    }
  },
  "ed25519": {
    "base_native": {
      "mean": 1436339080.0,
      "median": 1436339080.0,
      "min": 1436339080.0,
      "max": 1436339080.0,
      "std_dev": 0.0
    },
    "wasmtime_app": {
      "mean": 6750744990.0,
      "median": 6750744990.0,
      "min": 6750744990.0,
      "max": 6750744990.0,
      "std_dev": 0.0
    }
  },
  "fib2": {
    "base_native": {
      "mean": 6949104984.0,
      "median": 6949104984.0,
      "min": 6949104984.0,
      "max": 6949104984.0,
      "std_dev": 0.0
    },
    "wasmtime_app": {
      "mean": 10690071819.0,
      "median": 10690071819.0,
      "min": 10690071819.0,
      "max": 10690071819.0,
      "std_dev": 0.0
    }
  },
  "gimli": {
    "base_native": {
      "mean": 4138848.7,
      "median": 4136259.0,
      "min": 4131039.0,
      "max": 4153166.0,
      "std_dev": 7695.494165780099
    },
    "wasmtime_app": {
      "mean": 9478390.4,
      "median": 9335672.0,
      "min": 9289049.0,
      "max": 10785181.0,
      "std_dev": 459770.06351392646
    }
  },
  "heapsort": {
    "base_native": {
      "mean": 1075327701.0,
      "median": 1075327701.0,
      "min": 1075327701.0,
      "max": 1075327701.0,
      "std_dev": 0.0
    },
    "wasmtime_app": {
      "mean": 1220323584.0,
      "median": 1220323584.0,
      "min": 1220323584.0,
      "max": 1220323584.0,
      "std_dev": 0.0
    }
  },
  "keccak": {
    "base_native": {
      "mean": 7472578.0,
      "median": 7477378.0,
      "min": 7453753.0,
      "max": 7488991.0,
      "std_dev": 11902.212539411878
    },
    "wasmtime_app": {
      "mean": 22898243.3,
      "median": 21511989.0,
      "min": 21075259.0,
      "max": 36952082.0,
      "std_dev": 4942525.643294081
    }
  },
  "matrix": {
    "base_native": {
      "mean": 377515797.0,
      "median": 377515797.0,
      "min": 377505520.0,
      "max": 377526074.0,
      "std_dev": 14533.872780508298
    },
    "wasmtime_app": {
      "mean": 533575061.5,
      "median": 533575061.5,
      "min": 529369454.0,
      "max": 537780669.0,
      "std_dev": 5947627.164518006
    }
  },
  "matrix2": {
    "base_native": {
      "mean": 194074219.25,
      "median": 194063449.5,
      "min": 194060452.0,
      "max": 194109526.0,
      "std_dev": 23651.50672261706
    },
    "wasmtime_app": {
      "mean": 260203857.33333334,
      "median": 257640225.0,
      "min": 257622075.0,
      "max": 265349272.0,
      "std_dev": 4456069.05518601
    }
  },
  "memmove": {
    "base_native": {
      "mean": 47271310.4,
      "median": 47265711.5,
      "min": 47231809.0,
      "max": 47302810.0,
      "std_dev": 21478.412357010417
    },
    "wasmtime_app": {
      "mean": 520911142.0,
      "median": 520911142.0,
      "min": 516542692.0,
      "max": 525279592.0,
      "std_dev": 6177921.236548747
    }
  },
  "minicsv": {
    "base_native": {
      "mean": 730276772.0,
      "median": 730276772.0,
      "min": 730276772.0,
      "max": 730276772.0,
      "std_dev": 0.0
    },
    "wasmtime_app": {
      "mean": 1100013444.0,
      "median": 1100013444.0,
      "min": 1100013444.0,
      "max": 1100013444.0,
      "std_dev": 0.0
    }
  },
  "nestedloop": {
    "base_native": {
      "mean": 1563622.4545454546,
      "median": 1570202.0,
      "min": 1541382.0,
      "max": 1578768.0,
      "std_dev": 12695.94674975944
    },
    "wasmtime_app": {
      "mean": 6296563.7,
      "median": 6208440.5,
      "min": 6171292.0,
      "max": 7150347.0,
      "std_dev": 301017.11990333704
    }
  },
  "nestedloop2": {
    "base_native": {
      "mean": 1567427.3636363635,
      "median": 1576420.0,
      "min": 1544229.0,
      "max": 1592553.0,
      "std_dev": 17813.745430272247
    },
    "wasmtime_app": {
      "mean": 6290668.8,
      "median": 6196865.5,
      "min": 6170467.0,
      "max": 7143097.0,
      "std_dev": 300109.1660160423
    }
  },
  "nestedloop3": {
    "base_native": {
      "mean": 2071916.1818181819,
      "median": 2072175.0,
      "min": 2047476.0,
      "max": 2086410.0,
      "std_dev": 12977.031939686223
    },
    "wasmtime_app": {
      "mean": 6866940.0,
      "median": 6745928.5,
      "min": 6726516.0,
      "max": 7947910.0,
      "std_dev": 380072.579878867
    }
  },
  "random": {
    "base_native": {
      "mean": 577531950.0,
      "median": 577531950.0,
      "min": 577008437.0,
      "max": 578055463.0,
      "std_dev": 740359.1846786261
    },
    "wasmtime_app": {
      "mean": 290671603.0,
      "median": 290393674.0,
      "min": 290372550.0,
      "max": 291248585.0,
      "std_dev": 499792.68410712056
    }
  },
  "random2": {
    "base_native": {
      "mean": 577058734.0,
      "median": 577058734.0,
      "min": 576991030.0,
      "max": 577126438.0,
      "std_dev": 95747.91502690803
    },
    "wasmtime_app": {
      "mean": 290692286.0,
      "median": 290386100.0,
      "min": 290363576.0,
      "max": 291327182.0,
      "std_dev": 549951.3894481948
    }
  },
  "ratelimit": {
    "base_native": {
      "mean": 25893169.7,
      "median": 25900070.0,
      "min": 25861835.0,
      "max": 25924095.0,
      "std_dev": 18547.78087984292
    },
    "wasmtime_app": {
      "mean": 39047401.2,
      "median": 38322544.0,
      "min": 38293721.0,
      "max": 45584162.0,
      "std_dev": 2296836.209425759
    }
  },
  "seqhash": {
    "base_native": {
      "mean": 7099236311.0,
      "median": 7099236311.0,
      "min": 7099236311.0,
      "max": 7099236311.0,
      "std_dev": 0.0
    },
    "wasmtime_app": {
      "mean": 9684289359.0,
      "median": 9684289359.0,
      "min": 9684289359.0,
      "max": 9684289359.0,
      "std_dev": 0.0
    }
  },
  "sieve": {
    "base_native": {
      "mean": 568660859.5,
      "median": 568660859.5,
      "min": 568648460.0,
      "max": 568673259.0,
      "std_dev": 17535.541066645193
    },
    "wasmtime_app": {
      "mean": 767472049.0,
      "median": 767472049.0,
      "min": 767472049.0,
      "max": 767472049.0,
      "std_dev": 0.0
    }
  },
  "strcat": {
    "base_native": {
      "mean": 65785127.1,
      "median": 65780994.0,
      "min": 65761389.0,
      "max": 65840157.0,
      "std_dev": 21304.80650750488
    },
    "wasmtime_app": {
      "mean": 351227488.0,
      "median": 351227488.0,
      "min": 347167949.0,
      "max": 355287027.0,
      "std_dev": 5741055.1107825115
    }
  },
  "strcat2": {
    "base_native": {
      "mean": 2588399.1818181816,
      "median": 2583913.0,
      "min": 2574922.0,
      "max": 2611609.0,
      "std_dev": 12388.81881228539
    },
    "wasmtime_app": {
      "mean": 9391309.4,
      "median": 8466587.0,
      "min": 8441413.0,
      "max": 17746212.0,
      "std_dev": 2935667.65309522
    }
  },
  "strchr": {
    "base_native": {
      "mean": 154941718.4,
      "median": 154938332.0,
      "min": 154908089.0,
      "max": 154982086.0,
      "std_dev": 26486.762756139153
    },
    "wasmtime_app": {
      "mean": 406693698.0,