{
  "ackermann": {
    "base_native": {
      "mean": 3263584.2,
      "median": 2951221.5,
      "min": 2912611.0,
      "max": 6180054.0,
      "std_dev": 1024893.6997176073
    },
    "wasmtime_app": {
      "mean": 9142640.9,
      "median": 8782691.5,
      "min": 7927702.0,
      "max": 13382494.0,
      "std_dev": 1652785.817941161
    }
  },
  "base64": {
    "base_native": {
      "mean": 256756127.66666666,
      "median": 257452864.0,
      "min": 255323433.0,
      "max": 257492086.0,
      "std_dev": 1240904.9509298983
    },
    "wasmtime_app": {
      "mean": 355051807.0,
      "median": 355051807.0,
      "min": 350451392.0,
      "max": 359652222.0,
      "std_dev": 6505969.285544622
    }
  },
  "ctype": {
    "base_native": {
      "mean": 653734606.5,
      "median": 653734606.5,
      "min": 653704508.0,
      "max": 653764705.0,
      "std_dev": 42565.7069070866
    },
    "wasmtime_app": {
      "mean": 983698670.0,
      "median": 983698670.0,
      "min": 983698670.0,
      "max": 983698670.0,
      "std_dev": 0.0
    }
  },
  "ed25519": {
    "base_native": {
      "mean": 1433478561.0,
      "median": 1433478561.0,
      "min": 1433478561.0,
      "max": 1433478561.0,
      "std_dev": 0.0
    },
    "wasmtime_app": {
      "mean": 6749674030.0,
      "median": 6749674030.0,
      "min": 6749674030.0,
      "max": 6749674030.0,
      "std_dev": 0.0
    }
  },
  "fib2": {
    "base_native": {
      "mean": 6956159928.0,
      "median": 6956159928.0,
      "min": 6956159928.0,
      "max": 6956159928.0,
      "std_dev": 0.0
    },
    "wasmtime_app": {
      "mean": 10686581617.0,
      "median": 10686581617.0,
      "min": 10686581617.0,
      "max": 10686581617.0,
      "std_dev": 0.0
    }
  },
  "gimli": {
    "base_native": {
      "mean": 4144240.1,
      "median": 4141518.0,
      "min": 4130268.0,
      "max": 4171116.0,
      "std_dev": 12022.962506526139
    },
    "wasmtime_app": {
      "mean": 9464822.7,
      "median": 9316411.0,
      "min": 9286250.0,
      "max": 10805990.0,
      "std_dev": 472079.9603104095
    }
  },
  "heapsort": {
    "base_native": {
      "mean": 1076446595.0,
      "median": 1076446595.0,
      "min": 1076446595.0,
      "max": 1076446595.0,
      "std_dev": 0.0
    },
    "wasmtime_app": {
      "mean": 1220395158.0,
      "median": 1220395158.0,
      "min": 1220395158.0,
      "max": 1220395158.0,
      "std_dev": 0.0
    }
  },
  "keccak": {
    "base_native": {
      "mean": 7484218.1,
      "median": 7482118.5,
      "min": 7472681.0,
      "max": 7504229.0,
      "std_dev": 9316.822699349339
    },
    "wasmtime_app": {
      "mean": 22917058.3,
      "median": 21385917.5,
      "min": 21007464.0,
      "max": 37049033.0,
      "std_dev": 4968263.6378310295
    }
  },
  "matrix": {
    "base_native": {
      "mean": 378074311.5,
      "median": 378074311.5,
      "min": 377871123.0,
      "max": 378277500.0,
      "std_dev": 287351.93241824565
    },
    "wasmtime_app": {
      "mean": 533998918.0,
      "median": 533998918.0,
      "min": 530038704.0,
      "max": 537959132.0,
      "std_dev": 5600588.348699804
    }
  },
  "matrix2": {
    "base_native": {
      "mean": 194274968.75,
      "median": 194272987.5,
      "min": 194261576.0,
      "max": 194292324.0,
      "std_dev": 13034.684125440095
    },
    "wasmtime_app": {
      "mean": 260199211.33333334,
      "median": 257635181.0,
      "min": 257626182.0,
      "max": 265336271.0,
      "std_dev": 4448826.447465707
    }
  },
  "memmove": {
    "base_native": {
      "mean": 47333862.5,
      "median": 47330712.5,
      "min": 47318826.0,
      "max": 47366198.0,
      "std_dev": 15332.031178404104
    },
    "wasmtime_app": {
      "mean": 520888520.5,
      "median": 520888520.5,
      "min": 515932575.0,
      "max": 525844466.0,
      "std_dev": 7008765.34048191
    }
  },
  "minicsv": {
    "base_native": {
      "mean": 722982906.0,
      "median": 722982906.0,
      "min": 722982906.0,
      "max": 722982906.0,
      "std_dev": 0.0
    },
    "wasmtime_app": {
      "mean": 1100794685.0,
      "median": 1100794685.0,
      "min": 1100794685.0,
      "max": 1100794685.0,
      "std_dev": 0.0
    }
  },
  "nestedloop": {
    "base_native": {
      "mean": 1571088.7272727273,
      "median": 1575486.0,
      "min": 1543638.0,
      "max": 1607610.0,
      "std_dev": 18477.94944300319
    },
    "wasmtime_app": {
      "mean": 6267685.7,
      "median": 6183175.5,
      "min": 6162577.0,
      "max": 7065151.0,
      "std_dev": 280348.36849575804
    }
  },
  "nestedloop2": {
    "base_native": {
      "mean": 1566814.0,
      "median": 1570437.0,
      "min": 1544688.0,
      "max": 1594260.0,
      "std_dev": 15790.121570146317
    },
    "wasmtime_app": {
      "mean": 6298764.0,
      "median": 6199699.5,
      "min": 6175576.0,
      "max": 7134647.0,
      "std_dev": 294747.44944255054
    }
  },
  "nestedloop3": {
    "base_native": {
      "mean": 2077733.2727272727,
      "median": 2076108.0,
      "min": 2054809.0,
      "max": 2120131.0,
      "std_dev": 17211.987416280022
    },
    "wasmtime_app": {
      "mean": 6857627.3,
      "median": 6736331.5,
      "min": 6694247.0,
      "max": 7950501.0,
      "std_dev": 385276.02138843265
    }
  },
  "random": {
    "base_native": {
      "mean": 577611193.0,
      "median": 577611193.0,
      "min": 577575720.0,
      "max": 577646666.0,
      "std_dev": 50166.3976980608
    },
    "wasmtime_app": {
      "mean": 290678274.0,
      "median": 290411081.0,
      "min": 290353034.0,
      "max": 291270707.0,
      "std_dev": 513882.2901881325
    }
  },
  "random2": {
    "base_native": {
      "mean": 577646965.5,
      "median": 577646965.5,
      "min": 577584994.0,
      "max": 577708937.0,
      "std_dev": 87640.93578060425
    },
    "wasmtime_app": {
      "mean": 290693823.3333333,
      "median": 290394482.0,
      "min": 290375808.0,
      "max": 291311180.0,
      "std_dev": 534728.0804084757
    }
  },
  "ratelimit": {
    "base_native": {
      "mean": 25920523.7,
      "median": 25918336.5,
      "min": 25902325.0,
      "max": 25952372.0,
      "std_dev": 14206.267029026309
    },
    "wasmtime_app": {
      "mean": 39033746.1,
      "median": 38310249.5,
      "min": 38281289.0,
      "max": 45579002.0,
      "std_dev": 2299842.1415304644
    }
  },
  "seqhash": {
    "base_native": {
      "mean": 7114591385.0,
      "median": 7114591385.0,
      "min": 7114591385.0,
      "max": 7114591385.0,
      "std_dev": 0.0
    },
    "wasmtime_app": {
      "mean": 9688736420.0,
      "median": 9688736420.0,
      "min": 9688736420.0,
      "max": 9688736420.0,
      "std_dev": 0.0
    }
  },
  "sieve": {
    "base_native": {
      "mean": 569243323.5,
      "median": 569243323.5,
      "min": 569228487.0,
      "max": 569258160.0,
      "std_dev": 20981.979518148426
    },
    "wasmtime_app": {
      "mean": 767168993.0,
      "median": 767168993.0,
      "min": 767168993.0,
      "max": 767168993.0,
      "std_dev": 0.0
    }
  },
  "strcat": {
    "base_native": {
      "mean": 65858623.2,
      "median": 65847414.0,
      "min": 65830340.0,
      "max": 65968307.0,
      "std_dev": 39351.248258614505
    },
    "wasmtime_app": {
      "mean": 352689090.5,
      "median": 352689090.5,
      "min": 350163258.0,
      "max": 355214923.0,
      "std_dev": 3572066.577782741
    }
  },
  "strcat2": {
    "base_native": {
      "mean": 2584852.6363636362,
      "median": 2581355.0,
      "min": 2569806.0,
      "max": 2602404.0,
      "std_dev": 11814.90316737913
    },
    "wasmtime_app": {
      "mean": 9287580.2,
      "median": 8359827.5,
      "min": 8316855.0,
      "max": 17662602.0,
      "std_dev": 2942862.3198729795
    }
  },
  "strchr": {
    "base_native": {
      "mean": 154580742.0,
      "median": 154581397.0,
      "min": 154562598.0,
      "max": 154604571.0,
      "std_dev": 17526.794872423194
    },