{
  "ackermann": {
    "base_native": {
      "mean": 3289893.4,
      "median": 2893838.0,
      "min": 2867827.0,
      "max": 6866778.0,
      "std_dev": 1256955.4791315047
    },
    "wasmtime_app": {
      "mean": 11043240.0,
      "median": 9727390.5,
      "min": 8574981.0,
      "max": 23898601.0,
      "std_dev": 4560857.264893764
    }
  },
  "base64": {
    "base_native": {
      "mean": 252964206.33333334,
      "median": 253433057.0,
      "min": 251957784.0,
      "max": 253501778.0,
      "std_dev": 872264.3399419314
    },
    "wasmtime_app": {
      "mean": 383251589.0,
      "median": 383251589.0,
      "min": 377720424.0,
      "max": 388782754.0,
      "std_dev": 7822248.55872338
    }
  },
  "ctype": {
    "base_native": {
      "mean": 654491294.5,
      "median": 654491294.5,
      "min": 654335205.0,
      "max": 654647384.0,
      "std_dev": 220743.88784403523
    },
    "wasmtime_app": {
      "mean": 987072738.0,
      "median": 987072738.0,
      "min": 987072738.0,
      "max": 987072738.0,
      "std_dev": 0.0
    }
  },
  "ed25519": {
    "base_native": {
      "mean": 1433045038.0,
      "median": 1433045038.0,
      "min": 1433045038.0,
      "max": 1433045038.0,
      "std_dev": 0.0
    },
    "wasmtime_app": {
      "mean": 6743252996.0,
      "median": 6743252996.0,
      "min": 6743252996.0,
      "max": 6743252996.0,
      "std_dev": 0.0
    }
  },
  "fib2": {
    "base_native": {
      "mean": 6955876482.0,
      "median": 6955876482.0,
      "min": 6955876482.0,
      "max": 6955876482.0,
      "std_dev": 0.0
    },
    "wasmtime_app": {
      "mean": 10683364926.0,
      "median": 10683364926.0,
      "min": 10683364926.0,
      "max": 10683364926.0,
      "std_dev": 0.0
    }
  },
  "gimli": {
    "base_native": {
      "mean": 4143932.2,
      "median": 4142202.5,
      "min": 4117342.0,
      "max": 4166738.0,
      "std_dev": 13132.457786382225
    },
    "wasmtime_app": {
      "mean": 9459393.5,
      "median": 9317948.0,
      "min": 9271604.0,
      "max": 10797727.0,
      "std_dev": 470926.70831250964
    }
  },
  "heapsort": {
    "base_native": {
      "mean": 1076242435.0,
      "median": 1076242435.0,
      "min": 1076242435.0,
      "max": 1076242435.0,
      "std_dev": 0.0
    },
    "wasmtime_app": {
      "mean": 1219273920.0,
      "median": 1219273920.0,
      "min": 1219273920.0,
      "max": 1219273920.0,
      "std_dev": 0.0
    }
  },
  "keccak": {
    "base_native": {
      "mean": 7472640.9,
      "median": 7472361.0,
      "min": 7451837.0,
      "max": 7490860.0,
      "std_dev": 11278.884474489882
    },
    "wasmtime_app": {
      "mean": 22873966.4,
      "median": 21322160.0,
      "min": 21150296.0,
      "max": 37002447.0,
      "std_dev": 4964732.64563065
    }
  },
  "matrix": {
    "base_native": {
      "mean": 377868818.0,
      "median": 377868818.0,
      "min": 377850532.0,
      "max": 377887104.0,
      "std_dev": 25860.309201554417
    },
    "wasmtime_app": {
      "mean": 533014726.0,
      "median": 533014726.0,
      "min": 528910864.0,
      "max": 537118588.0,
      "std_dev": 5803737.298507575
    }
  },
  "matrix2": {
    "base_native": {
      "mean": 194253986.75,
      "median": 194252062.0,
      "min": 194243325.0,
      "max": 194268498.0,
      "std_dev": 11754.836632212291
    },
    "wasmtime_app": {
      "mean": 259964477.0,
      "median": 257429639.0,
      "min": 257406061.0,
      "max": 265057731.0,
      "std_dev": 4410903.106157287
    }
  },
  "memmove": {
    "base_native": {
      "mean": 47329569.4,
      "median": 47327372.0,
      "min": 47315448.0,
      "max": 47351745.0,
      "std_dev": 13909.15792802234
    },
    "wasmtime_app": {
      "mean": 519945510.0,
      "median": 519945510.0,
      "min": 515225736.0,
      "max": 524665284.0,
      "std_dev": 6674768.402135912
    }
  },
  "minicsv": {
    "base_native": {
      "mean": 737477416.0,
      "median": 737477416.0,
      "min": 737477416.0,
      "max": 737477416.0,
      "std_dev": 0.0
    },
    "wasmtime_app": {
      "mean": 1104463885.0,
      "median": 1104463885.0,
      "min": 1104463885.0,
      "max": 1104463885.0,
      "std_dev": 0.0
    }
  },
  "nestedloop": {
    "base_native": {
      "mean": 1583004.2727272727,
      "median": 1590165.0,
      "min": 1561467.0,
      "max": 1601214.0,
      "std_dev": 16298.299997796757
    },
    "wasmtime_app": {
      "mean": 6262792.8,
      "median": 6170491.5,
      "min": 6136561.0,
      "max": 7091193.0,
      "std_dev": 291945.65191860247
    }
  },
  "nestedloop2": {
    "base_native": {
      "mean": 1576118.4545454546,
      "median": 1581266.0,
      "min": 1546943.0,
      "max": 1602264.0,
      "std_dev": 17983.854488755387
    },
    "wasmtime_app": {
      "mean": 6262620.4,
      "median": 6188075.0,
      "min": 6143854.0,
      "max": 6999704.0,
      "std_dev": 259870.02942248737
    }
  },
  "nestedloop3": {
    "base_native": {
      "mean": 2090414.8181818181,
      "median": 2090431.0,
      "min": 2079357.0,
      "max": 2099380.0,
      "std_dev": 8086.742246642734
    },
    "wasmtime_app": {
      "mean": 6822511.9,
      "median": 6703655.5,
      "min": 6685323.0,
      "max": 7903334.0,
      "std_dev": 379954.21972578927
    }
  },
  "random": {
    "base_native": {
      "mean": 577562294.0,
      "median": 577562294.0,
      "min": 577554882.0,
      "max": 577569706.0,
      "std_dev": 10482.15092430938
    },
    "wasmtime_app": {
      "mean": 290415642.3333333,
      "median": 290142023.0,
      "min": 290087150.0,
      "max": 291017754.0,
      "std_dev": 522165.3051327073
    }
  },
  "random2": {
    "base_native": {
      "mean": 577670886.5,
      "median": 577670886.5,
      "min": 577632777.0,
      "max": 577708996.0,
      "std_dev": 53894.971755257466
    },
    "wasmtime_app": {
      "mean": 290492537.3333333,
      "median": 290134830.0,
      "min": 290123366.0,
      "max": 291219416.0,
      "std_dev": 629521.4872149586
    }
  },
  "ratelimit": {
    "base_native": {
      "mean": 25944079.1,
      "median": 25936679.5,
      "min": 25925368.0,
      "max": 25990638.0,
      "std_dev": 20158.875582895656
    },
    "wasmtime_app": {
      "mean": 38982859.6,
      "median": 38267551.0,
      "min": 38224779.0,
      "max": 45528673.0,
      "std_dev": 2300029.2883989397
    }
  },
  "seqhash": {
    "base_native": {
      "mean": 7130013764.0,
      "median": 7130013764.0,
      "min": 7130013764.0,
      "max": 7130013764.0,
      "std_dev": 0.0
    },
    "wasmtime_app": {
      "mean": 9660717205.0,
      "median": 9660717205.0,
      "min": 9660717205.0,
      "max": 9660717205.0,
      "std_dev": 0.0
    }
  },
  "sieve": {
    "base_native": {
      "mean": 569099613.0,
      "median": 569099613.0,
      "min": 569084064.0,
      "max": 569115162.0,
      "std_dev": 21989.606681339254
    },
    "wasmtime_app": {
      "mean": 766326694.0,
      "median": 766326694.0,
      "min": 766326694.0,
      "max": 766326694.0,
      "std_dev": 0.0
    }
  },
  "strcat": {
    "base_native": {
      "mean": 65850826.5,
      "median": 65836562.5,
      "min": 65823926.0,
      "max": 65981390.0,
      "std_dev": 47043.3746764031
    },
    "wasmtime_app": {
      "mean": 352351211.0,
      "median": 352351211.0,
      "min": 349824686.0,
      "max": 354877736.0,
      "std_dev": 3573045.920674684
    }
  },
  "strcat2": {
    "base_native": {
      "mean": 2583812.8181818184,
      "median": 2581322.0,
      "min": 2572123.0,
      "max": 2605820.0,
      "std_dev": 9708.63342410436
    },
    "wasmtime_app": {
      "mean": 9319916.5,
      "median": 8426120.0,
      "min": 8317047.0,
      "max": 17593772.0,
      "std_dev": 2907470.773199974
    }
  },
  "strchr": {
    "base_native": {
      "mean": 154629532.6,
      "median": 154624648.0,
      "min": 154606999.0,
      "max": 154647446.0,
      "std_dev": 16723.39114234909
    },