{
  "ackermann": {
    "base_native": {
      "mean": 3248944.4,
      "median": 2934520.0,
      "min": 2906234.0,
      "max": 6112101.0,
      "std_dev": 1006216.0550735723
    },
    "wasmtime_app": {
      "mean": 9189987.3,
      "median": 8827053.0,
      "min": 8106364.0,
      "max": 12473570.0,
      "std_dev": 1323099.6103389654
    }
  },
  "base64": {
    "base_native": {
      "mean": 256208635.33333334,
      "median": 257442857.0,
      "min": 253641098.0,
      "max": 257541951.0,
      "std_dev": 2224104.5105287507
    },
    "wasmtime_app": {
      "mean": 360658718.5,
      "median": 360658718.5,
      "min": 355951854.0,
      "max": 365365583.0,
      "std_dev": 6656511.612152457
    }
  },
  "ctype": {
    "base_native": {
      "mean": 654276522.0,
      "median": 654276522.0,
      "min": 654248049.0,
      "max": 654304995.0,
      "std_dev": 40266.902761449135
    },
    "wasmtime_app": {
      "mean": 908246607.0,
      "median": 908246607.0,
      "min": 908246607.0,
      "max": 908246607.0,
      "std_dev": 0.0
    }
  },
  "ed25519": {
    "base_native": {
      "mean": 1433533424.0,
      "median": 1433533424.0,
      "min": 1433533424.0,
      "max": 1433533424.0,
      "std_dev": 0.0
    },
    "wasmtime_app": {
      "mean": 6757222701.0,
      "median": 6757222701.0,
      "min": 6757222701.0,
      "max": 6757222701.0,
      "std_dev": 0.0
    }
  },
  "fib2": {
    "base_native": {
      "mean": 6956193295.0,
      "median": 6956193295.0,
      "min": 6956193295.0,
      "max": 6956193295.0,
      "std_dev": 0.0
    },
    "wasmtime_app": {
      "mean": 10677482443.0,
      "median": 10677482443.0,
      "min": 10677482443.0,
      "max": 10677482443.0,
      "std_dev": 0.0
    }
  },
  "gimli": {
    "base_native": {
      "mean": 4151248.1,
      "median": 4152550.5,
      "min": 4137514.0,
      "max": 4167762.0,
      "std_dev": 9003.667974158581
    },
    "wasmtime_app": {
      "mean": 9558208.8,
      "median": 9403517.0,
      "min": 9388156.0,
      "max": 10944674.0,
      "std_dev": 487374.15130718617
    }
  },
  "heapsort": {
    "base_native": {
      "mean": 1077090507.0,
      "median": 1077090507.0,
      "min": 1077090507.0,
      "max": 1077090507.0,
      "std_dev": 0.0
    },
    "wasmtime_app": {
      "mean": 1220802456.0,
      "median": 1220802456.0,
      "min": 1220802456.0,
      "max": 1220802456.0,
      "std_dev": 0.0
    }
  },
  "keccak": {
    "base_native": {
      "mean": 7483080.6,
      "median": 7482223.0,
      "min": 7467149.0,
      "max": 7499122.0,
      "std_dev": 11292.773266317023
    },
    "wasmtime_app": {
      "mean": 22929990.6,
      "median": 21394715.5,
      "min": 21104715.0,
      "max": 37130360.0,
      "std_dev": 4993740.519403626
    }
  },
  "matrix": {
    "base_native": {
      "mean": 377911868.0,
      "median": 377911868.0,
      "min": 377898944.0,
      "max": 377924792.0,
      "std_dev": 18277.29608010988
    },
    "wasmtime_app": {
      "mean": 533741597.0,
      "median": 533741597.0,
      "min": 529529678.0,
      "max": 537953516.0,
      "std_dev": 5956552.9734169245
    }
  },
  "matrix2": {
    "base_native": {
      "mean": 194287098.75,
      "median": 194282342.5,
      "min": 194260357.0,
      "max": 194323353.0,
      "std_dev": 26300.893373609953
    },
    "wasmtime_app": {
      "mean": 260300266.0,
      "median": 257790828.0,
      "min": 257772905.0,
      "max": 265337065.0,
      "std_dev": 4362005.093220662
    }
  },
  "memmove": {
    "base_native": {
      "mean": 47400683.8,
      "median": 47388799.5,
      "min": 47337727.0,
      "max": 47572339.0,
      "std_dev": 68161.0688994173
    },
    "wasmtime_app": {
      "mean": 520973326.0,
      "median": 520973326.0,
      "min": 516418436.0,
      "max": 525528216.0,
      "std_dev": 6441587.213117586
    }
  },
  "minicsv": {
    "base_native": {
      "mean": 752745337.0,
      "median": 752745337.0,
      "min": 752745337.0,
      "max": 752745337.0,
      "std_dev": 0.0
    },
    "wasmtime_app": {
      "mean": 1104029179.0,
      "median": 1104029179.0,
      "min": 1104029179.0,
      "max": 1104029179.0,
      "std_dev": 0.0
    }
  },
  "nestedloop": {
    "base_native": {
      "mean": 1582389.0,
      "median": 1586959.0,
      "min": 1556336.0,
      "max": 1617007.0,
      "std_dev": 21213.64772027668
    },
    "wasmtime_app": {
      "mean": 6315853.0,
      "median": 6226773.0,
      "min": 6164728.0,
      "max": 7112848.0,
      "std_dev": 282394.6914495541
    }
  },
  "nestedloop2": {
    "base_native": {
      "mean": 1576296.0909090908,
      "median": 1575935.0,
      "min": 1544512.0,
      "max": 1613333.0,
      "std_dev": 22416.415946598358
    },
    "wasmtime_app": {
      "mean": 6319795.0,
      "median": 6226798.0,
      "min": 6211274.0,
      "max": 7121022.0,
      "std_dev": 282179.9605185
    }
  },
  "nestedloop3": {
    "base_native": {
      "mean": 2080074.0909090908,
      "median": 2082581.0,
      "min": 2064957.0,
      "max": 2090105.0,
      "std_dev": 8071.562134488532
    },
    "wasmtime_app": {
      "mean": 6897646.2,
      "median": 6779238.5,
      "min": 6758578.0,
      "max": 7998723.0,
      "std_dev": 387040.7815491512
    }
  },
  "random": {
    "base_native": {
      "mean": 577615702.5,
      "median": 577615702.5,
      "min": 577614340.0,
      "max": 577617065.0,
      "std_dev": 1926.865978733342
    },
    "wasmtime_app": {
      "mean": 290756299.3333333,
      "median": 290455591.0,
      "min": 290441443.0,
      "max": 291371864.0,
      "std_dev": 533141.5718290342
    }
  },
  "random2": {
    "base_native": {
      "mean": 577780293.0,
      "median": 577780293.0,
      "min": 577707010.0,
      "max": 577853576.0,
      "std_dev": 103637.81249138752
    },
    "wasmtime_app": {
      "mean": 290757641.0,
      "median": 290462066.0,
      "min": 290459691.0,
      "max": 291351166.0,
      "std_dev": 514009.09950603015
    }
  },
  "ratelimit": {
    "base_native": {
      "mean": 25946358.7,
      "median": 25944121.0,
      "min": 25909598.0,
      "max": 25999868.0,
      "std_dev": 24517.275614689872
    },
    "wasmtime_app": {
      "mean": 39091504.2,
      "median": 38364730.5,
      "min": 38340983.0,
      "max": 45632616.0,
      "std_dev": 2298378.370524739
    }
  },
  "seqhash": {
    "base_native": {
      "mean": 7124981554.0,
      "median": 7124981554.0,
      "min": 7124981554.0,
      "max": 7124981554.0,
      "std_dev": 0.0
    },
    "wasmtime_app": {
      "mean": 9695935808.0,
      "median": 9695935808.0,
      "min": 9695935808.0,
      "max": 9695935808.0,
      "std_dev": 0.0
    }
  },
  "sieve": {
    "base_native": {
      "mean": 569356710.5,
      "median": 569356710.5,
      "min": 569267091.0,
      "max": 569446330.0,
      "std_dev": 126741.1123530956
    },
    "wasmtime_app": {
      "mean": 767120189.0,
      "median": 767120189.0,
      "min": 767120189.0,
      "max": 767120189.0,
      "std_dev": 0.0
    }
  },
  "strcat": {
    "base_native": {
      "mean": 65873486.3,
      "median": 65859522.0,
      "min": 65845273.0,
      "max": 65978290.0,
      "std_dev": 39726.97455004597
    },
    "wasmtime_app": {
      "mean": 352815069.0,
      "median": 352815069.0,
      "min": 350263260.0,
      "max": 355366878.0,
      "std_dev": 3608802.896385725
    }
  },
  "strcat2": {
    "base_native": {
      "mean": 2601485.3636363638,
      "median": 2598801.0,
      "min": 2581727.0,
      "max": 2621625.0,
      "std_dev": 11929.608721770612
    },
    "wasmtime_app": {
      "mean": 9474703.3,
      "median": 8547414.0,
      "min": 8511155.0,
      "max": 17899136.0,
      "std_dev": 2960100.9442450907
    }
  },
  "strchr": {
    "base_native": {
      "mean": 155041281.0,
      "median": 155063540.0,
      "min": 154896174.0,
      "max": 155148485.0,
      "std_dev": 92703.17187939148
    },