{
  "ackermann": {
    "base_native": {
      "mean": 3407970.0,
      "median": 3082045.5,
      "min": 3040686.0,
      "max": 6412949.0,
      "std_dev": 1055973.7082102627
    },
    "wasmtime_app": {
      "mean": 9198505.9,
      "median": 8754466.0,
      "min": 8031819.0,
      "max": 12482342.0,
      "std_dev": 1307387.9329269447
    }
  },
  "base64": {
    "base_native": {
      "mean": 266745740.66666666,
      "median": 268306906.0,
      "min": 261563780.0,
      "max": 270366536.0,
      "std_dev": 4604351.875930567
    },
    "wasmtime_app": {
      "mean": 357701948.0,
      "median": 357701948.0,
      "min": 350401424.0,
      "max": 365002472.0,
      "std_dev": 10324500.053230278
    }
  },
  "ctype": {
    "base_native": {
      "mean": 671353387.0,
      "median": 671353387.0,
      "min": 671353387.0,
      "max": 671353387.0,
      "std_dev": 0.0
    },
    "wasmtime_app": {
      "mean": 959956168.0,
      "median": 959956168.0,
      "min": 959956168.0,
      "max": 959956168.0,
      "std_dev": 0.0
    }
  },
  "ed25519": {
    "base_native": {
      "mean": 1433461341.0,
      "median": 1433461341.0,
      "min": 1433461341.0,
      "max": 1433461341.0,
      "std_dev": 0.0
    },
    "wasmtime_app": {
      "mean": 6764606510.0,
      "median": 6764606510.0,
      "min": 6764606510.0,
      "max": 6764606510.0,
      "std_dev": 0.0
    }
  },
  "fib2": {
    "base_native": {
      "mean": 6955945523.0,
      "median": 6955945523.0,
      "min": 6955945523.0,
      "max": 6955945523.0,
      "std_dev": 0.0
    },
    "wasmtime_app": {
      "mean": 10688960570.0,
      "median": 10688960570.0,
      "min": 10688960570.0,
      "max": 10688960570.0,
      "std_dev": 0.0
    }
  },
  "gimli": {
    "base_native": {
      "mean": 4138566.0,
      "median": 4137533.5,
      "min": 4118635.0,
      "max": 4164557.0,
      "std_dev": 12199.228773437551
    },
    "wasmtime_app": {
      "mean": 9477452.5,
      "median": 9336370.5,
      "min": 9279824.0,
      "max": 10816362.0,
      "std_dev": 470923.39322754444
    }
  },
  "heapsort": {
    "base_native": {
      "mean": 1076397777.0,
      "median": 1076397777.0,
      "min": 1076397777.0,
      "max": 1076397777.0,
      "std_dev": 0.0
    },
    "wasmtime_app": {
      "mean": 1220343442.0,
      "median": 1220343442.0,
      "min": 1220343442.0,
      "max": 1220343442.0,
      "std_dev": 0.0
    }
  },
  "keccak": {
    "base_native": {
      "mean": 7474068.9,
      "median": 7471611.5,
      "min": 7461950.0,
      "max": 7491073.0,
      "std_dev": 9365.467864566202
    },
    "wasmtime_app": {
      "mean": 22920658.5,
      "median": 21367614.0,
      "min": 21147327.0,
      "max": 37140370.0,
      "std_dev": 4998736.055844679
    }
  },
  "matrix": {
    "base_native": {
      "mean": 377877350.5,
      "median": 377877350.5,
      "min": 377859077.0,
      "max": 377895624.0,
      "std_dev": 25842.631532024752
    },
    "wasmtime_app": {
      "mean": 533461816.5,
      "median": 533461816.5,
      "min": 529312639.0,
      "max": 537610994.0,
      "std_dev": 5867823.093193293
    }
  },
  "matrix2": {
    "base_native": {
      "mean": 194265238.0,
      "median": 194262513.0,
      "min": 194254539.0,
      "max": 194281387.0,
      "std_dev": 11431.116918306801
    },
    "wasmtime_app": {
      "mean": 260189709.66666666,
      "median": 257633805.0,
      "min": 257620480.0,
      "max": 265314844.0,
      "std_dev": 4438501.5309156235
    }
  },
  "memmove": {
    "base_native": {
      "mean": 47337300.4,
      "median": 47334920.5,
      "min": 47305998.0,
      "max": 47398916.0,
      "std_dev": 24597.511031267644
    },
    "wasmtime_app": {
      "mean": 519932170.0,
      "median": 519932170.0,
      "min": 514919704.0,
      "max": 524944636.0,
      "std_dev": 7088697.398134018
    }
  },
  "minicsv": {
    "base_native": {
      "mean": 744092571.0,
      "median": 744092571.0,
      "min": 744092571.0,
      "max": 744092571.0,
      "std_dev": 0.0
    },
    "wasmtime_app": {
      "mean": 1106659657.0,
      "median": 1106659657.0,
      "min": 1106659657.0,
      "max": 1106659657.0,
      "std_dev": 0.0
    }
  },
  "nestedloop": {
    "base_native": {
      "mean": 1568577.8181818181,
      "median": 1571389.0,
      "min": 1542341.0,
      "max": 1594937.0,
      "std_dev": 14825.56175541542
    },
    "wasmtime_app": {
      "mean": 6214909.8,
      "median": 6122965.0,
      "min": 6091729.0,
      "max": 7049000.0,
      "std_dev": 293600.8745596269
    }
  },
  "nestedloop2": {
    "base_native": {
      "mean": 1564548.6363636365,
      "median": 1564589.0,
      "min": 1545066.0,
      "max": 1587138.0,
      "std_dev": 14428.826336696462
    },
    "wasmtime_app": {
      "mean": 6265132.1,
      "median": 6182824.5,
      "min": 6166425.0,
      "max": 6995728.0,
      "std_dev": 257181.77218434002
    }
  },
  "nestedloop3": {
    "base_native": {
      "mean": 2076210.4545454546,
      "median": 2075479.0,
      "min": 2048605.0,
      "max": 2099477.0,
      "std_dev": 12378.922508551674
    },
    "wasmtime_app": {
      "mean": 6795889.4,
      "median": 6676846.0,
      "min": 6617325.0,
      "max": 7909801.0,
      "std_dev": 392117.2138725301
    }
  },
  "random": {
    "base_native": {
      "mean": 577590655.5,
      "median": 577590655.5,
      "min": 577579356.0,
      "max": 577601955.0,
      "std_dev": 15979.906148034788
    },
    "wasmtime_app": {
      "mean": 290668908.3333333,
      "median": 290396349.0,
      "min": 290353526.0,
      "max": 291256850.0,
      "std_dev": 509622.4140325201
    }
  },
  "random2": {
    "base_native": {
      "mean": 577629865.0,
      "median": 577629865.0,
      "min": 577564557.0,
      "max": 577695173.0,
      "std_dev": 92359.45933146209
    },
    "wasmtime_app": {
      "mean": 290686998.6666667,
      "median": 290409248.0,
      "min": 290350501.0,
      "max": 291301247.0,
      "std_dev": 532765.0173897807
    }
  },
  "ratelimit": {
    "base_native": {
      "mean": 25914649.6,
      "median": 25913727.0,
      "min": 25898453.0,
      "max": 25940750.0,
      "std_dev": 14795.277311058117
    },
    "wasmtime_app": {
      "mean": 39042817.7,
      "median": 38316104.0,
      "min": 38299805.0,
      "max": 45584317.0,
      "std_dev": 2298503.599438269
    }
  },
  "seqhash": {
    "base_native": {
      "mean": 7114998412.0,
      "median": 7114998412.0,
      "min": 7114998412.0,
      "max": 7114998412.0,
      "std_dev": 0.0
    },
    "wasmtime_app": {
      "mean": 9692332579.0,
      "median": 9692332579.0,
      "min": 9692332579.0,
      "max": 9692332579.0,
      "std_dev": 0.0
    }
  },
  "sieve": {
    "base_native": {
      "mean": 569243042.5,
      "median": 569243042.5,
      "min": 569230568.0,
      "max": 569255517.0,
      "std_dev": 17641.607083823175
    },
    "wasmtime_app": {
      "mean": 767429925.0,
      "median": 767429925.0,
      "min": 767429925.0,
      "max": 767429925.0,
      "std_dev": 0.0
    }
  },
  "strcat": {
    "base_native": {
      "mean": 65853668.4,
      "median": 65838744.5,
      "min": 65817621.0,
      "max": 65999358.0,
      "std_dev": 52584.08538965631
    },
    "wasmtime_app": {
      "mean": 351232564.5,
      "median": 351232564.5,
      "min": 347190681.0,
      "max": 355274448.0,
      "std_dev": 5716086.463232034
    }
  },
  "strcat2": {
    "base_native": {
      "mean": 2565314.4545454546,
      "median": 2564619.0,
      "min": 2546645.0,
      "max": 2589367.0,
      "std_dev": 13020.566157918298
    },
    "wasmtime_app": {
      "mean": 9383740.3,
      "median": 8473907.0,
      "min": 8447621.0,
      "max": 17587203.0,
      "std_dev": 2882447.359896218
    }
  },
  "strchr": {
    "base_native": {
      "mean": 154652633.6,
      "median": 154651024.0,
      "min": 154633450.0,
      "max": 154686796.0,
      "std_dev": 20936.880445758867
    },