{
  "ackermann": {
    "base_native": {
      "mean": 3308312.7,
      "median": 2898262.5,
      "min": 2854564.0,
      "max": 7009264.0,
      "std_dev": 1300791.7656999053
    },
    "wasmtime_app": {
      "mean": 9822135.7,
      "median": 8890719.5,
      "min": 8234999.0,
      "max": 16203113.0,
      "std_dev": 2345787.074547098
    }
  },
  "base64": {
    "base_native": {
      "mean": 251078636.0,
      "median": 250147264.0,
      "min": 249538632.0,
      "max": 253550012.0,
      "std_dev": 2161800.8067090735
    },
    "wasmtime_app": {
      "mean": 375394322.0,
      "median": 375394322.0,
      "min": 366462539.0,
      "max": 384326105.0,
      "std_dev": 12631448.65477345
    }
  },
  "ctype": {
    "base_native": {
      "mean": 653967014.0,
      "median": 653967014.0,
      "min": 653871467.0,
      "max": 654062561.0,
      "std_dev": 135123.86324406211
    },
    "wasmtime_app": {
      "mean": 992951269.0,
      "median": 992951269.0,
      "min": 992951269.0,
      "max": 992951269.0,
      "std_dev": 0.0
    }
  },
  "ed25519": {
    "base_native": {
      "mean": 1433460010.0,
      "median": 1433460010.0,
      "min": 1433460010.0,
      "max": 1433460010.0,
      "std_dev": 0.0
    },
    "wasmtime_app": {
      "mean": 6745552122.0,
      "median": 6745552122.0,
      "min": 6745552122.0,
      "max": 6745552122.0,
      "std_dev": 0.0
    }
  },
  "fib2": {
    "base_native": {
      "mean": 6956770147.0,
      "median": 6956770147.0,
      "min": 6956770147.0,
      "max": 6956770147.0,
      "std_dev": 0.0
    },
    "wasmtime_app": {
      "mean": 10696487812.0,
      "median": 10696487812.0,
      "min": 10696487812.0,
      "max": 10696487812.0,
      "std_dev": 0.0
    }
  },
  "gimli": {
    "base_native": {
      "mean": 4138627.6,
      "median": 4139762.5,
      "min": 4121776.0,
      "max": 4155650.0,
      "std_dev": 8908.26307050557
    },
    "wasmtime_app": {
      "mean": 9510592.9,
      "median": 9325964.5,
      "min": 9301742.0,
      "max": 11092188.0,
      "std_dev": 556289.3368763436
    }
  },
  "heapsort": {
    "base_native": {
      "mean": 1076457829.0,
      "median": 1076457829.0,
      "min": 1076457829.0,
      "max": 1076457829.0,
      "std_dev": 0.0
    },
    "wasmtime_app": {
      "mean": 1220168904.0,
      "median": 1220168904.0,
      "min": 1220168904.0,
      "max": 1220168904.0,
      "std_dev": 0.0
    }
  },
  "keccak": {
    "base_native": {
      "mean": 7487709.7,
      "median": 7489175.0,
      "min": 7469325.0,
      "max": 7505724.0,
      "std_dev": 11034.448393301971
    },
    "wasmtime_app": {
      "mean": 22955506.4,
      "median": 21491941.0,
      "min": 21173275.0,
      "max": 36986604.0,
      "std_dev": 4932265.427766349
    }
  },
  "matrix": {
    "base_native": {
      "mean": 377939651.5,
      "median": 377939651.5,
      "min": 377926752.0,
      "max": 377952551.0,
      "std_dev": 18242.64784783174
    },
    "wasmtime_app": {
      "mean": 533652346.5,
      "median": 533652346.5,
      "min": 529868004.0,
      "max": 537436689.0,
      "std_dev": 5351868.4881649045
    }
  },
  "matrix2": {
    "base_native": {
      "mean": 194312384.25,
      "median": 194313615.5,
      "min": 194288716.0,
      "max": 194333590.0,
      "std_dev": 19952.7278398218
    },
    "wasmtime_app": {
      "mean": 260101800.66666666,
      "median": 257591065.0,
      "min": 257535999.0,
      "max": 265178338.0,
      "std_dev": 4396496.507292407
    }
  },
  "memmove": {
    "base_native": {
      "mean": 47342325.5,
      "median": 47341640.5,
      "min": 47314129.0,
      "max": 47378102.0,
      "std_dev": 19523.21187287925
    },
    "wasmtime_app": {
      "mean": 519652687.0,
      "median": 519652687.0,
      "min": 514589145.0,
      "max": 524716229.0,
      "std_dev": 7160929.770045786
    }
  },
  "minicsv": {
    "base_native": {
      "mean": 738978637.0,
      "median": 738978637.0,
      "min": 738978637.0,
      "max": 738978637.0,
      "std_dev": 0.0
    },
    "wasmtime_app": {
      "mean": 1102820254.0,
      "median": 1102820254.0,
      "min": 1102820254.0,
      "max": 1102820254.0,
      "std_dev": 0.0
    }
  },
  "nestedloop": {
    "base_native": {
      "mean": 1583624.7272727273,
      "median": 1585752.0,
      "min": 1554903.0,
      "max": 1625826.0,
      "std_dev": 22130.21627590164
    },
    "wasmtime_app": {
      "mean": 6290095.2,
      "median": 6196555.5,
      "min": 6165624.0,
      "max": 7163909.0,
      "std_dev": 307629.13142389857
    }
  },
  "nestedloop2": {
    "base_native": {
      "mean": 1578875.0,
      "median": 1583477.0,
      "min": 1551678.0,
      "max": 1611251.0,
      "std_dev": 21225.592542965675
    },
    "wasmtime_app": {
      "mean": 6290240.1,
      "median": 6190834.0,
      "min": 6177167.0,
      "max": 7122860.0,
      "std_dev": 293530.18722193537
    }
  },
  "nestedloop3": {
    "base_native": {
      "mean": 2094341.2727272727,
      "median": 2089787.0,
      "min": 2084012.0,
      "max": 2136285.0,
      "std_dev": 14831.509546171685
    },
    "wasmtime_app": {
      "mean": 6855094.7,
      "median": 6728752.5,
      "min": 6721757.0,
      "max": 7959869.0,
      "std_dev": 388356.3802277061
    }
  },
  "random": {
    "base_native": {
      "mean": 577740077.5,
      "median": 577740077.5,
      "min": 577689704.0,
      "max": 577790451.0,
      "std_dev": 71238.8868842011
    },
    "wasmtime_app": {
      "mean": 290645209.0,
      "median": 290278768.0,
      "min": 290267950.0,
      "max": 291388909.0,
      "std_dev": 644085.8054490876
    }
  },
  "random2": {
    "base_native": {
      "mean": 577693867.0,
      "median": 577693867.0,
      "min": 577605582.0,
      "max": 577782152.0,
      "std_dev": 124853.8443541087
    },
    "wasmtime_app": {
      "mean": 290509126.3333333,
      "median": 290188674.0,
      "min": 290168836.0,
      "max": 291169869.0,
      "std_dev": 572305.8974240379
    }
  },
  "ratelimit": {
    "base_native": {
      "mean": 25939108.2,
      "median": 25935433.5,
      "min": 25918221.0,
      "max": 25972820.0,
      "std_dev": 17061.570819958062
    },
    "wasmtime_app": {
      "mean": 39013229.7,
      "median": 38295547.0,
      "min": 38224816.0,
      "max": 45516022.0,
      "std_dev": 2285010.0766723133
    }
  },
  "seqhash": {
    "base_native": {
      "mean": 7122133282.0,
      "median": 7122133282.0,
      "min": 7122133282.0,
      "max": 7122133282.0,
      "std_dev": 0.0
    },
    "wasmtime_app": {
      "mean": 9685168888.0,
      "median": 9685168888.0,
      "min": 9685168888.0,
      "max": 9685168888.0,
      "std_dev": 0.0
    }
  },
  "sieve": {
    "base_native": {
      "mean": 569390653.5,
      "median": 569390653.5,
      "min": 569377754.0,
      "max": 569403553.0,
      "std_dev": 18242.64784783174
    },
    "wasmtime_app": {
      "mean": 766872957.0,
      "median": 766872957.0,
      "min": 766872957.0,
      "max": 766872957.0,
      "std_dev": 0.0
    }
  },
  "strcat": {
    "base_native": {
      "mean": 65869291.8,
      "median": 65862147.0,
      "min": 65843098.0,
      "max": 65957794.0,
      "std_dev": 32597.893319115643
    },
    "wasmtime_app": {
      "mean": 351103168.5,
      "median": 351103168.5,
      "min": 347096925.0,
      "max": 355109412.0,
      "std_dev": 5665683.891869057
    }
  },
  "strcat2": {
    "base_native": {
      "mean": 2607519.0,
      "median": 2607471.0,
      "min": 2586472.0,
      "max": 2633045.0,
      "std_dev": 15211.980594255305
    },
    "wasmtime_app": {
      "mean": 9414739.5,
      "median": 8496338.0,
      "min": 8446144.0,
      "max": 17755032.0,
      "std_dev": 2930573.5670982474
    }
  },
  "strchr": {
    "base_native": {
      "mean": 155034934.6,
      "median": 155115642.0,
      "min": 154679480.0,
      "max": 155200265.0,
      "std_dev": 204762.5153093212
    },
    "wasmtime_app": {
      "mean": 406678828.0,