{
  "ackermann": {
    "base_native": {
      "mean": 3245036.7,
      "median": 2940914.5,
      "min": 2903304.0,
      "max": 6063094.0,
      "std_dev": 990283.1032045612
    },
    "wasmtime_app": {
      "mean": 9681675.0,
      "median": 9123962.0,
      "min": 8359608.0,
      "max": 15389225.0,
      "std_dev": 2072916.5820191072
    }
  },
  "base64": {
    "base_native": {
      "mean": 253181623.66666666,
      "median": 252535670.0,
      "min": 249495598.0,
      "max": 257513603.0,
      "std_dev": 4047844.2595554898
    },
    "wasmtime_app": {
      "mean": 370367409.0,
      "median": 370367409.0,
      "min": 363523134.0,
      "max": 377211684.0,
      "std_dev": 9679266.529611114
    }
  },
  "ctype": {
    "base_native": {
      "mean": 654004733.5,
      "median": 654004733.5,
      "min": 653777722.0,
      "max": 654231745.0,
      "std_dev": 321042.74211465986
    },
    "wasmtime_app": {
      "mean": 955698592.0,
      "median": 955698592.0,
      "min": 955698592.0,
      "max": 955698592.0,
      "std_dev": 0.0
    }
  },
  "ed25519": {
    "base_native": {
      "mean": 1433121508.0,
      "median": 1433121508.0,
      "min": 1433121508.0,
      "max": 1433121508.0,
      "std_dev": 0.0
    },
    "wasmtime_app": {
      "mean": 6725885119.0,
      "median": 6725885119.0,
      "min": 6725885119.0,
      "max": 6725885119.0,
      "std_dev": 0.0
    }
  },
  "fib2": {
    "base_native": {
      "mean": 6956156720.0,
      "median": 6956156720.0,
      "min": 6956156720.0,
      "max": 6956156720.0,
      "std_dev": 0.0
    },
    "wasmtime_app": {
      "mean": 10687152668.0,
      "median": 10687152668.0,
      "min": 10687152668.0,
      "max": 10687152668.0,
      "std_dev": 0.0
    }
  },
  "gimli": {
    "base_native": {
      "mean": 4146654.0,
      "median": 4144994.0,
      "min": 4134682.0,
      "max": 4161106.0,
      "std_dev": 8329.050165935289
    },
    "wasmtime_app": {
      "mean": 9542968.5,
      "median": 9386200.5,
      "min": 9351064.0,
      "max": 10899047.0,
      "std_dev": 477985.23736530467
    }
  },
  "heapsort": {
    "base_native": {
      "mean": 1076299476.0,
      "median": 1076299476.0,
      "min": 1076299476.0,
      "max": 1076299476.0,
      "std_dev": 0.0
    },
    "wasmtime_app": {
      "mean": 1221039382.0,
      "median": 1221039382.0,
      "min": 1221039382.0,
      "max": 1221039382.0,
      "std_dev": 0.0
    }
  },
  "keccak": {
    "base_native": {
      "mean": 7479671.0,
      "median": 7480773.5,
      "min": 7465362.0,
      "max": 7492835.0,
      "std_dev": 7216.803709245373
    },
    "wasmtime_app": {
      "mean": 22911944.7,
      "median": 21338926.0,
      "min": 21215394.0,
      "max": 37243866.0,
      "std_dev": 5036409.071602109
    }
  },
  "matrix": {
    "base_native": {
      "mean": 377914482.0,
      "median": 377914482.0,
      "min": 377906820.0,
      "max": 377922144.0,
      "std_dev": 10835.704314902654
    },
    "wasmtime_app": {
      "mean": 533887026.0,
      "median": 533887026.0,
      "min": 529789218.0,
      "max": 537984834.0,
      "std_dev": 5795175.649600968
    }
  },
  "matrix2": {
    "base_native": {
      "mean": 194272147.75,
      "median": 194268998.0,
      "min": 194252136.0,
      "max": 194298459.0,
      "std_dev": 19360.370199198154
    },
    "wasmtime_app": {
      "mean": 260292936.0,
      "median": 257764997.0,
      "min": 257712774.0,
      "max": 265401037.0,
      "std_dev": 4423822.293004433
    }
  },
  "memmove": {
    "base_native": {
      "mean": 47391181.0,
      "median": 47390383.5,
      "min": 47352948.0,
      "max": 47437044.0,
      "std_dev": 30093.618419119288
    },
    "wasmtime_app": {
      "mean": 521217069.0,
      "median": 521217069.0,
      "min": 516516375.0,
      "max": 525917763.0,
      "std_dev": 6647785.207365833
    }
  },
  "minicsv": {
    "base_native": {
      "mean": 738101928.0,
      "median": 738101928.0,
      "min": 738101928.0,
      "max": 738101928.0,
      "std_dev": 0.0
    },
    "wasmtime_app": {
      "mean": 1105986702.0,
      "median": 1105986702.0,
      "min": 1105986702.0,
      "max": 1105986702.0,
      "std_dev": 0.0
    }
  },
  "nestedloop": {
    "base_native": {
      "mean": 1586342.8181818181,
      "median": 1588831.0,
      "min": 1558833.0,
      "max": 1624979.0,
      "std_dev": 19761.796617808726
    },
    "wasmtime_app": {
      "mean": 6288251.1,
      "median": 6200527.5,
      "min": 6168279.0,
      "max": 7124187.0,
      "std_dev": 294303.3702527037
    }
  },
  "nestedloop2": {
    "base_native": {
      "mean": 1582931.5454545454,
      "median": 1588856.0,
      "min": 1558983.0,
      "max": 1595731.0,
      "std_dev": 12738.14196312505
    },
    "wasmtime_app": {
      "mean": 6273134.5,
      "median": 6189090.5,
      "min": 6164429.0,
      "max": 7043491.0,
      "std_dev": 271052.5893521403
    }
  },
  "nestedloop3": {
    "base_native": {
      "mean": 2090454.2727272727,
      "median": 2092977.0,
      "min": 2070803.0,
      "max": 2101026.0,
      "std_dev": 7897.500365190357
    },
    "wasmtime_app": {
      "mean": 6857581.3,
      "median": 6740716.5,
      "min": 6713005.0,
      "max": 7952901.0,
      "std_dev": 385119.38875945413
    }
  },
  "random": {
    "base_native": {
      "mean": 577618336.5,
      "median": 577618336.5,
      "min": 577604987.0,
      "max": 577631686.0,
      "std_dev": 18879.04395089963
    },
    "wasmtime_app": {
      "mean": 290695877.3333333,
      "median": 290424789.0,
      "min": 290406340.0,
      "max": 291256503.0,
      "std_dev": 485603.6912898556
    }
  },
  "random2": {
    "base_native": {
      "mean": 577689595.0,
      "median": 577689595.0,
      "min": 577614162.0,
      "max": 577765028.0,
      "std_dev": 106678.37165048967
    },
    "wasmtime_app": {
      "mean": 290760299.6666667,
      "median": 290456763.0,
      "min": 290452538.0,
      "max": 291371598.0,
      "std_dev": 529404.1007664498
    }
  },
  "ratelimit": {
    "base_native": {
      "mean": 25943226.1,
      "median": 25938991.5,
      "min": 25925655.0,
      "max": 25979301.0,
      "std_dev": 15589.96419673745
    },
    "wasmtime_app": {
      "mean": 39026978.1,
      "median": 38296120.0,
      "min": 38269996.0,
      "max": 45569801.0,
      "std_dev": 2299051.8739560377
    }
  },
  "seqhash": {
    "base_native": {
      "mean": 7127286537.0,
      "median": 7127286537.0,
      "min": 7127286537.0,
      "max": 7127286537.0,
      "std_dev": 0.0
    },
    "wasmtime_app": {
      "mean": 9726456844.0,
      "median": 9726456844.0,
      "min": 9726456844.0,
      "max": 9726456844.0,
      "std_dev": 0.0
    }
  },
  "sieve": {
    "base_native": {
      "mean": 569316461.0,
      "median": 569316461.0,
      "min": 569311324.0,
      "max": 569321598.0,
      "std_dev": 7264.815069910589
    },
    "wasmtime_app": {
      "mean": 767258280.0,
      "median": 767258280.0,
      "min": 767258280.0,
      "max": 767258280.0,
      "std_dev": 0.0
    }
  },
  "strcat": {
    "base_native": {
      "mean": 65882149.8,
      "median": 65874050.5,
      "min": 65851489.0,
      "max": 65947333.0,
      "std_dev": 27150.652264724693
    },
    "wasmtime_app": {
      "mean": 351350442.5,
      "median": 351350442.5,
      "min": 347301320.0,
      "max": 355399565.0,
      "std_dev": 5726323.955210052
    }
  },
  "strcat2": {
    "base_native": {
      "mean": 2603208.1818181816,
      "median": 2599247.0,
      "min": 2578948.0,
      "max": 2635545.0,
      "std_dev": 17764.06403286242
    },
    "wasmtime_app": {
      "mean": 9424368.7,
      "median": 8501764.0,
      "min": 8436030.0,
      "max": 17780220.0,
      "std_dev": 2936116.10561481
    }
  },
  "strchr": {
    "base_native": {
      "mean": 155147144.0,
      "median": 155159353.0,
      "min": 155074758.0,
      "max": 155206126.0,
      "std_dev": 61595.78291977463
    },