{
  "ackermann": {
    "base_native": {
      "mean": 3370512.8,
      "median": 2892724.0,
      "min": 2857100.0,
      "max": 7741538.0,
      "std_dev": 1535889.275597966
    },
    "wasmtime_app": {
      "mean": 9714032.9,
      "median": 9336377.0,
      "min": 8333569.0,
      "max": 15774102.0,
      "std_dev": 2220433.056257292
    }
  },
  "base64": {
    "base_native": {
      "mean": 250560343.66666666,
      "median": 249504015.0,
      "min": 249489665.0,
      "max": 252687351.0,
      "std_dev": 1842056.3584389414
    },
    "wasmtime_app": {
      "mean": 370749658.5,
      "median": 370749658.5,
      "min": 364178926.0,
      "max": 377320391.0,
      "std_dev": 9292419.016225673
    }
  },
  "ctype": {
    "base_native": {
      "mean": 654761063.5,
      "median": 654761063.5,
      "min": 654587259.0,
      "max": 654934868.0,
      "std_dev": 245796.6811014746
    },
    "wasmtime_app": {
      "mean": 887549868.0,
      "median": 887549868.0,
      "min": 887549868.0,
      "max": 887549868.0,
      "std_dev": 0.0
    }
  },
  "ed25519": {
    "base_native": {
      "mean": 1433230343.0,
      "median": 1433230343.0,
      "min": 1433230343.0,
      "max": 1433230343.0,
      "std_dev": 0.0
    },
    "wasmtime_app": {
      "mean": 6747892221.0,
      "median": 6747892221.0,
      "min": 6747892221.0,
      "max": 6747892221.0,
      "std_dev": 0.0
    }
  },
  "fib2": {
    "base_native": {
      "mean": 6956119684.0,
      "median": 6956119684.0,
      "min": 6956119684.0,
      "max": 6956119684.0,
      "std_dev": 0.0
    },
    "wasmtime_app": {
      "mean": 10674578646.0,
      "median": 10674578646.0,
      "min": 10674578646.0,
      "max": 10674578646.0,
      "std_dev": 0.0
    }
  },
  "gimli": {
    "base_native": {
      "mean": 4146501.5,
      "median": 4146094.0,
      "min": 4125145.0,
      "max": 4161718.0,
      "std_dev": 10718.918449275665
    },
    "wasmtime_app": {
      "mean": 9535650.6,
      "median": 9374650.0,
      "min": 9348926.0,
      "max": 11013730.0,
      "std_dev": 519531.05659242783
    }
  },
  "heapsort": {
    "base_native": {
      "mean": 1076512569.0,
      "median": 1076512569.0,
      "min": 1076512569.0,
      "max": 1076512569.0,
      "std_dev": 0.0
    },
    "wasmtime_app": {
      "mean": 1220567748.0,
      "median": 1220567748.0,
      "min": 1220567748.0,
      "max": 1220567748.0,
      "std_dev": 0.0
    }
  },
  "keccak": {
    "base_native": {
      "mean": 7485608.7,
      "median": 7488661.0,
      "min": 7459850.0,
      "max": 7505948.0,
      "std_dev": 15079.298967274453
    },
    "wasmtime_app": {
      "mean": 22860819.9,
      "median": 21250269.0,
      "min": 21022778.0,
      "max": 37194039.0,
      "std_dev": 5038921.177537828
    }
  },
  "matrix": {
    "base_native": {
      "mean": 377897114.0,
      "median": 377897114.0,
      "min": 377896377.0,
      "max": 377897851.0,
      "std_dev": 1042.275395468971
    },
    "wasmtime_app": {
      "mean": 533996925.0,
      "median": 533996925.0,
      "min": 529525253.0,
      "max": 538468597.0,
      "std_dev": 6323899.188884023
    }
  },
  "matrix2": {
    "base_native": {
      "mean": 194275994.0,
      "median": 194274356.5,
      "min": 194255195.0,
      "max": 194300068.0,
      "std_dev": 18535.11533998822
    },
    "wasmtime_app": {
      "mean": 260269913.66666666,
      "median": 257718914.0,
      "min": 257706565.0,
      "max": 265384262.0,
      "std_dev": 4429159.8842729
    }
  },
  "memmove": {
    "base_native": {
      "mean": 47325594.8,
      "median": 47324602.5,
      "min": 47313740.0,
      "max": 47343289.0,
      "std_dev": 7952.211932677739
    },
    "wasmtime_app": {
      "mean": 520650969.0,
      "median": 520650969.0,
      "min": 516294067.0,
      "max": 525007871.0,
      "std_dev": 6161589.898330462
    }
  },
  "minicsv": {
    "base_native": {
      "mean": 750450161.0,
      "median": 750450161.0,
      "min": 750450161.0,
      "max": 750450161.0,
      "std_dev": 0.0
    },
    "wasmtime_app": {
      "mean": 1098703992.0,
      "median": 1098703992.0,
      "min": 1098703992.0,
      "max": 1098703992.0,
      "std_dev": 0.0
    }
  },
  "nestedloop": {
    "base_native": {
      "mean": 1574601.5454545454,
      "median": 1577231.0,
      "min": 1548007.0,
      "max": 1626429.0,
      "std_dev": 21877.367617534044
    },
    "wasmtime_app": {
      "mean": 6296498.8,
      "median": 6193723.0,
      "min": 6183536.0,
      "max": 7149245.0,
      "std_dev": 300083.7880636377
    }
  },
  "nestedloop2": {
    "base_native": {
      "mean": 1575187.8181818181,
      "median": 1574481.0,
      "min": 1543932.0,
      "max": 1650978.0,
      "std_dev": 29762.309684626904
    },
    "wasmtime_app": {
      "mean": 6377585.3,
      "median": 6190698.5,
      "min": 6162112.0,
      "max": 7219317.0,
      "std_dev": 396898.90875078837
    }
  },
  "nestedloop3": {
    "base_native": {
      "mean": 2079672.6363636365,
      "median": 2080659.0,
      "min": 2069934.0,
      "max": 2087284.0,
      "std_dev": 5208.159027386304
    },
    "wasmtime_app": {
      "mean": 6951418.1,
      "median": 6754199.0,
      "min": 6736437.0,
      "max": 8733727.0,
      "std_dev": 626345.8202637563
    }
  },
  "random": {
    "base_native": {
      "mean": 577596409.5,
      "median": 577596409.5,
      "min": 577589760.0,
      "max": 577603059.0,
      "std_dev": 9403.813082999895
    },
    "wasmtime_app": {
      "mean": 290731748.6666667,
      "median": 290448694.0,
      "min": 290443019.0,
      "max": 291303533.0,
      "std_dev": 495187.8878671543
    }
  },
  "random2": {
    "base_native": {
      "mean": 577675568.5,
      "median": 577675568.5,
      "min": 577606209.0,
      "max": 577744928.0,
      "std_dev": 98089.14557941668
    },
    "wasmtime_app": {
      "mean": 290727832.0,
      "median": 290447019.0,
      "min": 290421245.0,
      "max": 291315232.0,
      "std_dev": 508866.52942495636
    }
  },
  "ratelimit": {
    "base_native": {
      "mean": 25931005.9,
      "median": 25932633.5,
      "min": 25904697.0,
      "max": 25958670.0,
      "std_dev": 16171.878283338367
    },
    "wasmtime_app": {
      "mean": 39017633.9,
      "median": 38297392.0,
      "min": 38211921.0,
      "max": 45611405.0,
      "std_dev": 2317201.9806246907
    }
  },
  "seqhash": {
    "base_native": {
      "mean": 7110305448.0,
      "median": 7110305448.0,
      "min": 7110305448.0,
      "max": 7110305448.0,
      "std_dev": 0.0
    },
    "wasmtime_app": {
      "mean": 9694466173.0,
      "median": 9694466173.0,
      "min": 9694466173.0,
      "max": 9694466173.0,
      "std_dev": 0.0
    }
  },
  "sieve": {
    "base_native": {
      "mean": 569223786.5,
      "median": 569223786.5,
      "min": 569195750.0,
      "max": 569251823.0,
      "std_dev": 39649.59854147328
    },
    "wasmtime_app": {
      "mean": 767016730.0,
      "median": 767016730.0,
      "min": 767016730.0,
      "max": 767016730.0,
      "std_dev": 0.0
    }
  },
  "strcat": {
    "base_native": {
      "mean": 65864022.9,
      "median": 65857095.5,
      "min": 65835859.0,
      "max": 65969028.0,
      "std_dev": 38533.84004698554
    },
    "wasmtime_app": {
      "mean": 349788952.0,
      "median": 349788952.0,
      "min": 347264622.0,
      "max": 352313282.0,
      "std_dev": 3569941.7219052752
    }
  },
  "strcat2": {
    "base_native": {
      "mean": 2600556.8181818184,
      "median": 2600111.0,
      "min": 2579437.0,
      "max": 2624760.0,
      "std_dev": 13598.28597153466
    },
    "wasmtime_app": {
      "mean": 9415145.5,
      "median": 8499062.0,
      "min": 8456364.0,
      "max": 17671821.0,
      "std_dev": 2901238.4472343777
    }
  },
  "strchr": {
    "base_native": {
      "mean": 155136222.2,
      "median": 155116148.0,
      "min": 155095999.0,
      "max": 155198344.0,
      "std_dev": 46787.149461150126
    },