{
  "ackermann": {
    "base_native": {
      "mean": 3352508.0,
      "median": 2858226.5,
      "min": 2818266.0,
      "max": 7905624.0,
      "std_dev": 1599901.8205788615
    },
    "wasmtime_app": {
      "mean": 9702559.0,
      "median": 9104990.0,
      "min": 8359403.0,
      "max": 15072870.0,
      "std_dev": 1918030.2639157355
    }
  },
  "base64": {
    "base_native": {
      "mean": 249518285.0,
      "median": 249499686.0,
      "min": 249488736.0,
      "max": 249566433.0,
      "std_dev": 42055.29756166279
    },
    "wasmtime_app": {
      "mean": 372149885.0,
      "median": 372149885.0,
      "min": 367190511.0,
      "max": 377109259.0,
      "std_dev": 7013613.971680506
    }
  },
  "ctype": {
    "base_native": {
      "mean": 653904022.0,
      "median": 653904022.0,
      "min": 653673108.0,
      "max": 654134936.0,
      "std_dev": 326561.71054182085
    },
    "wasmtime_app": {
      "mean": 903678631.0,
      "median": 903678631.0,
      "min": 903678631.0,
      "max": 903678631.0,
      "std_dev": 0.0
    }
  },
  "ed25519": {
    "base_native": {
      "mean": 1433087799.0,
      "median": 1433087799.0,
      "min": 1433087799.0,
      "max": 1433087799.0,
      "std_dev": 0.0
    },
    "wasmtime_app": {
      "mean": 6754182970.0,
      "median": 6754182970.0,
      "min": 6754182970.0,
      "max": 6754182970.0,
      "std_dev": 0.0
    }
  },
  "fib2": {
    "base_native": {
      "mean": 6956051035.0,
      "median": 6956051035.0,
      "min": 6956051035.0,
      "max": 6956051035.0,
      "std_dev": 0.0
    },
    "wasmtime_app": {
      "mean": 10729411987.0,
      "median": 10729411987.0,
      "min": 10729411987.0,
      "max": 10729411987.0,
      "std_dev": 0.0
    }
  },
  "gimli": {
    "base_native": {
      "mean": 4152669.9,
      "median": 4152677.5,
      "min": 4140003.0,
      "max": 4173876.0,
      "std_dev": 10366.123388229566
    },
    "wasmtime_app": {
      "mean": 9522473.9,
      "median": 9383146.0,
      "min": 9352086.0,
      "max": 10833684.0,
      "std_dev": 460926.9434144996
    }
  },
  "heapsort": {
    "base_native": {
      "mean": 1076411399.0,
      "median": 1076411399.0,
      "min": 1076411399.0,
      "max": 1076411399.0,
      "std_dev": 0.0
    },
    "wasmtime_app": {
      "mean": 1220466661.0,
      "median": 1220466661.0,
      "min": 1220466661.0,
      "max": 1220466661.0,
      "std_dev": 0.0
    }
  },
  "keccak": {
    "base_native": {
      "mean": 7480166.9,
      "median": 7482669.0,
      "min": 7462770.0,
      "max": 7489619.0,
      "std_dev": 8042.945735239048
    },
    "wasmtime_app": {
      "mean": 22853647.9,
      "median": 21317968.0,
      "min": 21026288.0,
      "max": 37006246.0,
      "std_dev": 4974366.292865173
    }
  },
  "matrix": {
    "base_native": {
      "mean": 377902455.5,
      "median": 377902455.5,
      "min": 377898168.0,
      "max": 377906743.0,
      "std_dev": 6063.440648674645
    },
    "wasmtime_app": {
      "mean": 533728907.5,
      "median": 533728907.5,
      "min": 529438551.0,
      "max": 538019264.0,
      "std_dev": 6067480.3497155635
    }
  },
  "matrix2": {
    "base_native": {
      "mean": 194262475.25,
      "median": 194256119.5,
      "min": 194247482.0,
      "max": 194290180.0,
      "std_dev": 19833.365378825652
    },
    "wasmtime_app": {
      "mean": 260169498.33333334,
      "median": 257655720.0,
      "min": 257599149.0,
      "max": 265253626.0,
      "std_dev": 4403074.569858468
    }
  },
  "memmove": {
    "base_native": {
      "mean": 47333856.0,
      "median": 47332041.5,
      "min": 47314104.0,
      "max": 47360852.0,
      "std_dev": 12233.730656581327
    },
    "wasmtime_app": {
      "mean": 520803553.0,
      "median": 520803553.0,
      "min": 515957097.0,
      "max": 525650009.0,
      "std_dev": 6853923.804644461
    }
  },
  "minicsv": {
    "base_native": {
      "mean": 738995034.0,
      "median": 738995034.0,
      "min": 738995034.0,
      "max": 738995034.0,
      "std_dev": 0.0
    },
    "wasmtime_app": {
      "mean": 1110020132.0,
      "median": 1110020132.0,
      "min": 1110020132.0,
      "max": 1110020132.0,
      "std_dev": 0.0
    }
  },
  "nestedloop": {
    "base_native": {
      "mean": 1574243.0909090908,
      "median": 1580125.0,
      "min": 1548776.0,
      "max": 1587024.0,
      "std_dev": 14282.865808055087
    },
    "wasmtime_app": {
      "mean": 6271628.5,
      "median": 6190126.5,
      "min": 6135080.0,
      "max": 7096040.0,
      "std_dev": 290564.7287646172
    }
  },
  "nestedloop2": {
    "base_native": {
      "mean": 1595710.1818181819,
      "median": 1587049.0,
      "min": 1548776.0,
      "max": 1675270.0,
      "std_dev": 38511.600960796684
    },
    "wasmtime_app": {
      "mean": 6271778.4,
      "median": 6205263.0,
      "min": 6090533.0,
      "max": 7049418.0,
      "std_dev": 276521.80810328707
    }
  },
  "nestedloop3": {
    "base_native": {
      "mean": 2087811.9090909092,
      "median": 2082301.0,
      "min": 2073476.0,
      "max": 2110799.0,
      "std_dev": 12296.895026424723
    },
    "wasmtime_app": {
      "mean": 6847359.3,
      "median": 6729140.0,
      "min": 6695142.0,
      "max": 7925233.0,
      "std_dev": 379117.4645125908
    }
  },
  "random": {
    "base_native": {
      "mean": 577590505.0,
      "median": 577590505.0,
      "min": 577576493.0,
      "max": 577604517.0,
      "std_dev": 19815.960435971807
    },
    "wasmtime_app": {
      "mean": 290732535.3333333,
      "median": 290453154.0,
      "min": 290432831.0,
      "max": 291311621.0,
      "std_dev": 501605.83438227006
    }
  },
  "random2": {
    "base_native": {
      "mean": 577676876.5,
      "median": 577676876.5,
      "min": 577610467.0,
      "max": 577743286.0,
      "std_dev": 93917.21557041605
    },
    "wasmtime_app": {
      "mean": 290660690.0,
      "median": 290364060.0,
      "min": 290305939.0,
      "max": 291312071.0,
      "std_dev": 564860.5297159645
    }
  },
  "ratelimit": {
    "base_native": {
      "mean": 25900117.9,
      "median": 25891921.0,
      "min": 25875147.0,
      "max": 25934319.0,
      "std_dev": 22531.23891375902
    },
    "wasmtime_app": {
      "mean": 39072899.8,
      "median": 38351216.5,
      "min": 38323606.0,
      "max": 45568411.0,
      "std_dev": 2282345.9314153446
    }
  },
  "seqhash": {
    "base_native": {
      "mean": 7102148328.0,
      "median": 7102148328.0,
      "min": 7102148328.0,
      "max": 7102148328.0,
      "std_dev": 0.0
    },
    "wasmtime_app": {
      "mean": 9681561332.0,
      "median": 9681561332.0,
      "min": 9681561332.0,
      "max": 9681561332.0,
      "std_dev": 0.0
    }
  },
  "sieve": {
    "base_native": {
      "mean": 569165918.0,
      "median": 569165918.0,
      "min": 569165543.0,
      "max": 569166293.0,
      "std_dev": 530.3300858899106
    },
    "wasmtime_app": {
      "mean": 767200781.0,
      "median": 767200781.0,
      "min": 767200781.0,
      "max": 767200781.0,
      "std_dev": 0.0
    }
  },
  "strcat": {
    "base_native": {
      "mean": 65857997.0,
      "median": 65847800.0,
      "min": 65828376.0,
      "max": 65958670.0,
      "std_dev": 36874.740773476784
    },
    "wasmtime_app": {
      "mean": 349831184.5,
      "median": 349831184.5,
      "min": 347313369.0,
      "max": 352349000.0,
      "std_dev": 3560728.8276531957
    }
  },
  "strcat2": {
    "base_native": {
      "mean": 2590871.909090909,
      "median": 2593251.0,
      "min": 2578527.0,
      "max": 2608401.0,
      "std_dev": 8622.75287196085
    },
    "wasmtime_app": {
      "mean": 9384465.7,
      "median": 8474020.5,
      "min": 8431298.0,
      "max": 17609821.0,
      "std_dev": 2890245.448972574
    }
  },
  "strchr": {
    "base_native": {
      "mean": 154777465.4,
      "median": 154762281.0,
      "min": 154664511.0,
      "max": 154883600.0,
      "std_dev": 83964.30302396372
    },