{
  "ackermann": {
    "base_native": {
      "mean": 2856771.090909091,
      "median": 2835404.0,
      "min": 2821980.0,
      "max": 3018067.0,
      "std_dev": 55417.21261567483
    },
    "wasmtime_app": {
      "mean": 8622971.3,
      "median": 8022276.0,
      "min": 7983891.0,
      "max": 12312363.0,
      "std_dev": 1331992.6565364017
    }
  },
  "base64": {
    "base_native": {
      "mean": 249547822.33333334,
      "median": 249552855.0,
      "min": 249486810.0,
      "max": 249603802.0,
      "std_dev": 58658.143648885896
    },
    "wasmtime_app": {
      "mean": 355088961.5,
      "median": 355088961.5,
      "min": 350450286.0,
      "max": 359727637.0,
      "std_dev": 6560077.803547798
    }
  },
  "ctype": {
    "base_native": {
      "mean": 654806611.0,
      "median": 654806611.0,
      "min": 654727404.0,
      "max": 654885818.0,
      "std_dev": 112015.61363488574
    },
    "wasmtime_app": {
      "mean": 932982962.0,
      "median": 932982962.0,
      "min": 932982962.0,
      "max": 932982962.0,
      "std_dev": 0.0
    }
  },
  "ed25519": {
    "base_native": {
      "mean": 1433104352.0,
      "median": 1433104352.0,
      "min": 1433104352.0,
      "max": 1433104352.0,
      "std_dev": 0.0
    },
    "wasmtime_app": {
      "mean": 6799761581.0,
      "median": 6799761581.0,
      "min": 6799761581.0,
      "max": 6799761581.0,
      "std_dev": 0.0
    }
  },
  "fib2": {
    "base_native": {
      "mean": 6955947830.0,
      "median": 6955947830.0,
      "min": 6955947830.0,
      "max": 6955947830.0,
      "std_dev": 0.0
    },
    "wasmtime_app": {
      "mean": 10691728238.0,
      "median": 10691728238.0,
      "min": 10691728238.0,
      "max": 10691728238.0,
      "std_dev": 0.0
    }
  },
  "gimli": {
    "base_native": {
      "mean": 4146924.1,
      "median": 4145526.5,
      "min": 4126816.0,
      "max": 4172562.0,
      "std_dev": 13428.937828849723
    },
    "wasmtime_app": {
      "mean": 9530555.3,
      "median": 9373144.0,
      "min": 9338196.0,
      "max": 10941084.0,
      "std_dev": 496522.8216731164
    }
  },
  "heapsort": {
    "base_native": {
      "mean": 1076369645.0,
      "median": 1076369645.0,
      "min": 1076369645.0,
      "max": 1076369645.0,
      "std_dev": 0.0
    },
    "wasmtime_app": {
      "mean": 1220565071.0,
      "median": 1220565071.0,
      "min": 1220565071.0,
      "max": 1220565071.0,
      "std_dev": 0.0
    }
  },
  "keccak": {
    "base_native": {
      "mean": 7484876.9,
      "median": 7480935.0,
      "min": 7471185.0,
      "max": 7516357.0,
      "std_dev": 13933.839436183169
    },
    "wasmtime_app": {
      "mean": 22892178.2,
      "median": 21224515.0,
      "min": 21027529.0,
      "max": 37379460.0,
      "std_dev": 5094260.081265445
    }
  },
  "matrix": {
    "base_native": {
      "mean": 377898750.0,
      "median": 377898750.0,
      "min": 377870227.0,
      "max": 377927273.0,
      "std_dev": 40337.61343956779
    },
    "wasmtime_app": {
      "mean": 533786911.5,
      "median": 533786911.5,
      "min": 529519010.0,
      "max": 538054813.0,
      "std_dev": 6035724.184172476
    }
  },
  "matrix2": {
    "base_native": {
      "mean": 194274033.5,
      "median": 194269246.5,
      "min": 194260409.0,
      "max": 194297232.0,
      "std_dev": 16172.156658899888
    },
    "wasmtime_app": {
      "mean": 260320198.66666666,
      "median": 257808791.0,
      "min": 257748670.0,
      "max": 265403135.0,
      "std_dev": 4402054.629397542
    }
  },
  "memmove": {
    "base_native": {
      "mean": 47364980.8,
      "median": 47362478.5,
      "min": 47339368.0,
      "max": 47431036.0,
      "std_dev": 27235.096829071284
    },
    "wasmtime_app": {
      "mean": 520889375.5,
      "median": 520889375.5,
      "min": 516000180.0,
      "max": 525778571.0,
      "std_dev": 6914366.5851935055
    }
  },
  "minicsv": {
    "base_native": {
      "mean": 726823019.0,
      "median": 726823019.0,
      "min": 726823019.0,
      "max": 726823019.0,
      "std_dev": 0.0
    },
    "wasmtime_app": {
      "mean": 1103248602.0,
      "median": 1103248602.0,
      "min": 1103248602.0,
      "max": 1103248602.0,
      "std_dev": 0.0
    }
  },
  "nestedloop": {
    "base_native": {
      "mean": 1577338.7272727273,
      "median": 1581091.0,
      "min": 1543718.0,
      "max": 1622713.0,
      "std_dev": 24564.51423126828
    },
    "wasmtime_app": {
      "mean": 6310680.7,
      "median": 6216902.5,
      "min": 6188117.0,
      "max": 7169898.0,
      "std_dev": 302623.0168264176
    }
  },
  "nestedloop2": {
    "base_native": {
      "mean": 1570439.1818181819,
      "median": 1576891.0,
      "min": 1546343.0,
      "max": 1589165.0,
      "std_dev": 16961.697307865048
    },
    "wasmtime_app": {
      "mean": 6310708.2,
      "median": 6229976.5,
      "min": 6211190.0,
      "max": 7061856.0,
      "std_dev": 264250.8861407616
    }
  },
  "nestedloop3": {
    "base_native": {
      "mean": 2080581.3636363635,
      "median": 2077657.0,
      "min": 2055708.0,
      "max": 2130228.0,
      "std_dev": 18351.178481354964
    },
    "wasmtime_app": {
      "mean": 6883373.0,
      "median": 6775675.5,
      "min": 6726629.0,
      "max": 7920345.0,
      "std_dev": 365647.4886055633
    }
  },
  "random": {
    "base_native": {
      "mean": 577662269.0,
      "median": 577662269.0,
      "min": 577638233.0,
      "max": 577686305.0,
      "std_dev": 33992.03718519971
    },
    "wasmtime_app": {
      "mean": 290738628.6666667,
      "median": 290438783.0,
      "min": 290436558.0,
      "max": 291340545.0,
      "std_dev": 521276.0227617738
    }
  },
  "random2": {
    "base_native": {
      "mean": 577710703.0,
      "median": 577710703.0,
      "min": 577641958.0,
      "max": 577779448.0,
      "std_dev": 97220.11134533842
    },
    "wasmtime_app": {
      "mean": 290787400.3333333,
      "median": 290626770.0,
      "min": 290438533.0,
      "max": 291296898.0,
      "std_dev": 451164.26753050083
    }
  },
  "ratelimit": {
    "base_native": {
      "mean": 25930055.5,
      "median": 25929391.0,
      "min": 25908592.0,
      "max": 25959313.0,
      "std_dev": 15188.941937036518
    },
    "wasmtime_app": {
      "mean": 39106511.6,
      "median": 38362241.0,
      "min": 38340218.0,
      "max": 45743450.0,
      "std_dev": 2332101.017044988
    }
  },
  "seqhash": {
    "base_native": {
      "mean": 7126257813.0,
      "median": 7126257813.0,
      "min": 7126257813.0,
      "max": 7126257813.0,
      "std_dev": 0.0
    },
    "wasmtime_app": {
      "mean": 9705938844.0,
      "median": 9705938844.0,
      "min": 9705938844.0,
      "max": 9705938844.0,
      "std_dev": 0.0
    }
  },
  "sieve": {
    "base_native": {
      "mean": 569321230.5,
      "median": 569321230.5,
      "min": 569301132.0,
      "max": 569341329.0,
      "std_dev": 28423.57128335565
    },
    "wasmtime_app": {
      "mean": 767227632.0,
      "median": 767227632.0,
      "min": 767227632.0,
      "max": 767227632.0,
      "std_dev": 0.0
    }
  },
  "strcat": {
    "base_native": {
      "mean": 65878349.7,
      "median": 65869643.0,
      "min": 65842495.0,
      "max": 65996559.0,
      "std_dev": 43776.42867279655
    },
    "wasmtime_app": {
      "mean": 351284327.5,
      "median": 351284327.5,
      "min": 347258659.0,
      "max": 355309996.0,
      "std_dev": 5693154.990318154
    }
  },
  "strcat2": {
    "base_native": {
      "mean": 2598032.090909091,
      "median": 2596746.0,
      "min": 2580847.0,
      "max": 2608895.0,
      "std_dev": 8254.793316062438
    },
    "wasmtime_app": {
      "mean": 9447871.0,
      "median": 8533152.5,
      "min": 8469757.0,
      "max": 17700561.0,
      "std_dev": 2900002.277111826
    }
  },
  "strchr": {
    "base_native": {
      "mean": 155181313.0,
      "median": 155182173.0,
      "min": 155149325.0,
      "max": 155227420.0,
      "std_dev": 31351.565423436197
    },