{
  "ackermann": {
    "base_native": {
      "mean": 3168280.3,
      "median": 2835879.0,
      "min": 2798218.0,
      "max": 6236202.0,
      "std_dev": 1078091.757456567
    },
    "wasmtime_app": {
      "mean": 9411040.7,
      "median": 9111654.0,
      "min": 8329815.0,
      "max": 12971580.0,
      "std_dev": 1362021.39332122
    }
  },
  "base64": {
    "base_native": {
      "mean": 249527438.33333334,
      "median": 249492565.0,
      "min": 249487266.0,
      "max": 249602484.0,
      "std_dev": 65045.437306035026
    },
    "wasmtime_app": {
      "mean": 369513876.0,
      "median": 369513876.0,
      "min": 361918816.0,
      "max": 377108936.0,
      "std_dev": 10741036.8590374
    }
  },
  "ctype": {
    "base_native": {
      "mean": 655042731.0,
      "median": 655042731.0,
      "min": 654626779.0,
      "max": 655458683.0,
      "std_dev": 588244.9596962136
    },
    "wasmtime_app": {
      "mean": 863983277.0,
      "median": 863983277.0,
      "min": 863983277.0,
      "max": 863983277.0,
      "std_dev": 0.0
    }
  },
  "ed25519": {
    "base_native": {
      "mean": 1433221847.0,
      "median": 1433221847.0,
      "min": 1433221847.0,
      "max": 1433221847.0,
      "std_dev": 0.0
    },
    "wasmtime_app": {
      "mean": 6747657599.0,
      "median": 6747657599.0,
      "min": 6747657599.0,
      "max": 6747657599.0,
      "std_dev": 0.0
    }
  },
  "fib2": {
    "base_native": {
      "mean": 6955937306.0,
      "median": 6955937306.0,
      "min": 6955937306.0,
      "max": 6955937306.0,
      "std_dev": 0.0
    },
    "wasmtime_app": {
      "mean": 10666390975.0,
      "median": 10666390975.0,
      "min": 10666390975.0,
      "max": 10666390975.0,
      "std_dev": 0.0
    }
  },
  "gimli": {
    "base_native": {
      "mean": 4146141.0,
      "median": 4140406.5,
      "min": 4126819.0,
      "max": 4173942.0,
      "std_dev": 16305.65645548944
    },
    "wasmtime_app": {
      "mean": 9531498.5,
      "median": 9379775.0,
      "min": 9358827.0,
      "max": 10853335.0,
      "std_dev": 465036.3070796492
    }
  },
  "heapsort": {
    "base_native": {
      "mean": 1076423289.0,
      "median": 1076423289.0,
      "min": 1076423289.0,
      "max": 1076423289.0,
      "std_dev": 0.0
    },
    "wasmtime_app": {
      "mean": 1220573745.0,
      "median": 1220573745.0,
      "min": 1220573745.0,
      "max": 1220573745.0,
      "std_dev": 0.0
    }
  },
  "keccak": {
    "base_native": {
      "mean": 7490691.8,
      "median": 7488107.0,
      "min": 7476558.0,
      "max": 7508956.0,
      "std_dev": 10858.22572778608
    },
    "wasmtime_app": {
      "mean": 22919566.3,
      "median": 21431100.0,
      "min": 21040661.0,
      "max": 37188748.0,
      "std_dev": 5015782.447627334
    }
  },
  "matrix": {
    "base_native": {
      "mean": 377890620.0,
      "median": 377890620.0,
      "min": 377881658.0,
      "max": 377899582.0,
      "std_dev": 12674.181945987677
    },
    "wasmtime_app": {
      "mean": 533586430.5,
      "median": 533586430.5,
      "min": 529489956.0,
      "max": 537682905.0,
      "std_dev": 5793289.795815543
    }
  },
  "matrix2": {
    "base_native": {
      "mean": 194288386.75,
      "median": 194281793.5,
      "min": 194262919.0,
      "max": 194327041.0,
      "std_dev": 28976.291600490677
    },
    "wasmtime_app": {
      "mean": 260273939.33333334,
      "median": 257756218.0,
      "min": 257719696.0,
      "max": 265345904.0,
      "std_dev": 4392488.2070481805
    }
  },
  "memmove": {
    "base_native": {
      "mean": 47343395.2,
      "median": 47344397.5,
      "min": 47327861.0,
      "max": 47369634.0,
      "std_dev": 12976.418208084662
    },
    "wasmtime_app": {
      "mean": 521654961.0,
      "median": 521654961.0,
      "min": 516546224.0,
      "max": 526763698.0,
      "std_dev": 7224845.151997238
    }
  },
  "minicsv": {
    "base_native": {
      "mean": 728440039.0,
      "median": 728440039.0,
      "min": 728440039.0,
      "max": 728440039.0,
      "std_dev": 0.0
    },
    "wasmtime_app": {
      "mean": 1108273170.0,
      "median": 1108273170.0,
      "min": 1108273170.0,
      "max": 1108273170.0,
      "std_dev": 0.0
    }
  },
  "nestedloop": {
    "base_native": {
      "mean": 1580027.2727272727,
      "median": 1581986.0,
      "min": 1554663.0,
      "max": 1608135.0,
      "std_dev": 17256.13028515321
    },
    "wasmtime_app": {
      "mean": 6275045.2,
      "median": 6177458.5,
      "min": 6155198.0,
      "max": 7109014.0,
      "std_dev": 293769.84185689007
    }
  },
  "nestedloop2": {
    "base_native": {
      "mean": 1575118.5454545454,
      "median": 1582586.0,
      "min": 1551388.0,
      "max": 1590261.0,
      "std_dev": 15225.465716119403
    },
    "wasmtime_app": {
      "mean": 6269690.5,
      "median": 6180008.5,
      "min": 6123600.0,
      "max": 7075991.0,
      "std_dev": 285220.07992123865
    }
  },
  "nestedloop3": {
    "base_native": {
      "mean": 2098814.1818181816,
      "median": 2098882.0,
      "min": 2067009.0,
      "max": 2147080.0,
      "std_dev": 19738.77584764659
    },
    "wasmtime_app": {
      "mean": 6849367.7,
      "median": 6735912.0,
      "min": 6700789.0,
      "max": 7945638.0,
      "std_dev": 385505.268394624
    }
  },
  "random": {
    "base_native": {
      "mean": 577589348.5,
      "median": 577589348.5,
      "min": 577581924.0,
      "max": 577596773.0,
      "std_dev": 10499.828593839044
    },
    "wasmtime_app": {
      "mean": 290737899.0,
      "median": 290476415.0,
      "min": 290428993.0,
      "max": 291308289.0,
      "std_dev": 494540.9746380981
    }
  },
  "random2": {
    "base_native": {
      "mean": 577657007.5,
      "median": 577657007.5,
      "min": 577572050.0,
      "max": 577741965.0,
      "std_dev": 120148.04872531223
    },
    "wasmtime_app": {
      "mean": 290738624.0,
      "median": 290444617.0,
      "min": 290413769.0,
      "max": 291357486.0,
      "std_dev": 536172.1095497229
    }
  },
  "ratelimit": {
    "base_native": {
      "mean": 25920139.5,
      "median": 25914580.0,
      "min": 25905005.0,
      "max": 25963502.0,
      "std_dev": 16591.450638138238
    },
    "wasmtime_app": {
      "mean": 39070812.5,
      "median": 38359151.0,
      "min": 38295555.0,
      "max": 45587608.0,
      "std_dev": 2289909.443966641
    }
  },
  "seqhash": {
    "base_native": {
      "mean": 7103159548.0,
      "median": 7103159548.0,
      "min": 7103159548.0,
      "max": 7103159548.0,
      "std_dev": 0.0
    },
    "wasmtime_app": {
      "mean": 9688071397.0,
      "median": 9688071397.0,
      "min": 9688071397.0,
      "max": 9688071397.0,
      "std_dev": 0.0
    }
  },
  "sieve": {
    "base_native": {
      "mean": 569279250.0,
      "median": 569279250.0,
      "min": 569254114.0,
      "max": 569304386.0,
      "std_dev": 35547.67210381012
    },
    "wasmtime_app": {
      "mean": 767175304.0,
      "median": 767175304.0,
      "min": 767175304.0,
      "max": 767175304.0,
      "std_dev": 0.0
    }
  },
  "strcat": {
    "base_native": {
      "mean": 65918199.5,
      "median": 65903775.0,
      "min": 65877277.0,
      "max": 66050117.0,
      "std_dev": 48791.78974706936
    },
    "wasmtime_app": {
      "mean": 352802174.5,
      "median": 352802174.5,
      "min": 350212483.0,
      "max": 355391866.0,
      "std_dev": 3662376.841662324
    }
  },
  "strcat2": {
    "base_native": {
      "mean": 2598732.0,
      "median": 2594180.0,
      "min": 2582781.0,
      "max": 2622378.0,
      "std_dev": 11689.527312941273
    },
    "wasmtime_app": {
      "mean": 9414685.7,
      "median": 8502479.0,
      "min": 8471506.0,
      "max": 17640794.0,
      "std_dev": 2890456.3589805923
    }
  },
  "strchr": {
    "base_native": {
      "mean": 155074904.0,
      "median": 155187298.0,
      "min": 154651078.0,
      "max": 155211371.0,
      "std_dev": 239287.83443480782
    },