{
  "ackermann": {
    "base_native": {
      "mean": 3201652.3,
      "median": 2890606.5,
      "min": 2858546.0,
      "max": 6083270.0,
      "std_dev": 1012601.9617933736
    },
    "wasmtime_app": {
      "mean": 9708796.5,
      "median": 9501117.5,
      "min": 8338691.0,
      "max": 13514261.0,
      "std_dev": 1536919.6575774003
    }
  },
  "base64": {
    "base_native": {
      "mean": 250409586.66666666,
      "median": 249505793.0,
      "min": 249492994.0,
      "max": 252229973.0,
      "std_dev": 1576513.7980811754
    },
    "wasmtime_app": {
      "mean": 361718764.0,
      "median": 361718764.0,
      "min": 354322274.0,
      "max": 369115254.0,
      "std_dev": 10460216.471956974
    }
  },
  "ctype": {
    "base_native": {
      "mean": 654180499.0,
      "median": 654180499.0,
      "min": 653849582.0,
      "max": 654511416.0,
      "std_dev": 467987.30941981747
    },
    "wasmtime_app": {
      "mean": 907669377.0,
      "median": 907669377.0,
      "min": 907669377.0,
      "max": 907669377.0,
      "std_dev": 0.0
    }
  },
  "ed25519": {
    "base_native": {
      "mean": 1434610377.0,
      "median": 1434610377.0,
      "min": 1434610377.0,
      "max": 1434610377.0,
      "std_dev": 0.0
    },
    "wasmtime_app": {
      "mean": 6760944231.0,
      "median": 6760944231.0,
      "min": 6760944231.0,
      "max": 6760944231.0,
      "std_dev": 0.0
    }
  },
  "fib2": {
    "base_native": {
      "mean": 6956506336.0,
      "median": 6956506336.0,
      "min": 6956506336.0,
      "max": 6956506336.0,
      "std_dev": 0.0
    },
    "wasmtime_app": {
      "mean": 10680422079.0,
      "median": 10680422079.0,
      "min": 10680422079.0,
      "max": 10680422079.0,
      "std_dev": 0.0
    }
  },
  "gimli": {
    "base_native": {
      "mean": 4144423.5,
      "median": 4141241.0,
      "min": 4134492.0,
      "max": 4164715.0,
      "std_dev": 9476.851718793536
    },
    "wasmtime_app": {
      "mean": 9515506.0,
      "median": 9375937.5,
      "min": 9341952.0,
      "max": 10827832.0,
      "std_dev": 461410.5002056195
    }
  },
  "heapsort": {
    "base_native": {
      "mean": 1076256995.0,
      "median": 1076256995.0,
      "min": 1076256995.0,
      "max": 1076256995.0,
      "std_dev": 0.0
    },
    "wasmtime_app": {
      "mean": 1220359363.0,
      "median": 1220359363.0,
      "min": 1220359363.0,
      "max": 1220359363.0,
      "std_dev": 0.0
    }
  },
  "keccak": {
    "base_native": {
      "mean": 7488685.1,
      "median": 7487970.5,
      "min": 7468234.0,
      "max": 7515531.0,
      "std_dev": 13196.382454209857
    },
    "wasmtime_app": {
      "mean": 22865727.7,
      "median": 21308837.0,
      "min": 21003907.0,
      "max": 37131551.0,
      "std_dev": 5015473.506932212
    }
  },
  "matrix": {
    "base_native": {
      "mean": 377871489.0,
      "median": 377871489.0,
      "min": 377851340.0,
      "max": 377891638.0,
      "std_dev": 28494.98906825549
    },
    "wasmtime_app": {
      "mean": 533677909.0,
      "median": 533677909.0,
      "min": 529466478.0,
      "max": 537889340.0,
      "std_dev": 5955862.837198486
    }
  },
  "matrix2": {
    "base_native": {
      "mean": 194271212.0,
      "median": 194265237.5,
      "min": 194249513.0,
      "max": 194304860.0,
      "std_dev": 24431.46745490332
    },
    "wasmtime_app": {
      "mean": 260218131.66666666,
      "median": 257655354.0,
      "min": 257649054.0,
      "max": 265349987.0,
      "std_dev": 4444318.203526423
    }
  },
  "memmove": {
    "base_native": {
      "mean": 47326808.8,
      "median": 47323524.0,
      "min": 47313375.0,
      "max": 47345323.0,
      "std_dev": 11301.508225797908
    },
    "wasmtime_app": {
      "mean": 520062979.5,
      "median": 520062979.5,
      "min": 515330607.0,
      "max": 524795352.0,
      "std_dev": 6692585.37170147
    }
  },
  "minicsv": {
    "base_native": {
      "mean": 737224534.0,
      "median": 737224534.0,
      "min": 737224534.0,
      "max": 737224534.0,
      "std_dev": 0.0
    },
    "wasmtime_app": {
      "mean": 1103666723.0,
      "median": 1103666723.0,
      "min": 1103666723.0,
      "max": 1103666723.0,
      "std_dev": 0.0
    }
  },
  "nestedloop": {
    "base_native": {
      "mean": 1573560.5454545454,
      "median": 1579751.0,
      "min": 1548478.0,
      "max": 1585426.0,
      "std_dev": 13796.58094140455
    },
    "wasmtime_app": {
      "mean": 6271753.6,
      "median": 6182991.5,
      "min": 6136032.0,
      "max": 7130044.0,
      "std_dev": 302708.1934482632
    }
  },
  "nestedloop2": {
    "base_native": {
      "mean": 1573271.9090909092,
      "median": 1578926.0,
      "min": 1547103.0,
      "max": 1595950.0,
      "std_dev": 14072.712335968114
    },
    "wasmtime_app": {
      "mean": 6301921.5,
      "median": 6196391.0,
      "min": 6170080.0,
      "max": 7197039.0,
      "std_dev": 315737.477204384
    }
  },
  "nestedloop3": {
    "base_native": {
      "mean": 2085890.0,
      "median": 2082695.0,
      "min": 2066071.0,
      "max": 2122867.0,
      "std_dev": 19110.552833447808
    },
    "wasmtime_app": {
      "mean": 6844029.4,
      "median": 6719445.0,
      "min": 6669023.0,
      "max": 7963140.0,
      "std_dev": 394242.37568452454
    }
  },
  "random": {
    "base_native": {
      "mean": 577635571.5,
      "median": 577635571.5,
      "min": 577631034.0,
      "max": 577640109.0,
      "std_dev": 6416.994039267919
    },
    "wasmtime_app": {
      "mean": 290697725.0,
      "median": 290417860.0,
      "min": 290410610.0,
      "max": 291264705.0,
      "std_dev": 491032.4642271629
    }
  },
  "random2": {
    "base_native": {
      "mean": 577693255.5,
      "median": 577693255.5,
      "min": 577669007.0,
      "max": 577717504.0,
      "std_dev": 34292.55756720399
    },
    "wasmtime_app": {
      "mean": 290708590.6666667,
      "median": 290423634.0,
      "min": 290387236.0,
      "max": 291314902.0,
      "std_dev": 525396.3059418418
    }
  },
  "ratelimit": {
    "base_native": {
      "mean": 25931735.2,
      "median": 25932020.5,
      "min": 25911159.0,
      "max": 25964131.0,
      "std_dev": 14481.989909309194
    },
    "wasmtime_app": {
      "mean": 39049945.7,
      "median": 38338361.5,
      "min": 38289402.0,
      "max": 45558512.0,
      "std_dev": 2286970.5617543263
    }
  },
  "seqhash": {
    "base_native": {
      "mean": 7116129759.0,
      "median": 7116129759.0,
      "min": 7116129759.0,
      "max": 7116129759.0,
      "std_dev": 0.0
    },
    "wasmtime_app": {
      "mean": 9699704321.0,
      "median": 9699704321.0,
      "min": 9699704321.0,
      "max": 9699704321.0,
      "std_dev": 0.0
    }
  },
  "sieve": {
    "base_native": {
      "mean": 569208147.0,
      "median": 569208147.0,
      "min": 569179711.0,
      "max": 569236583.0,
      "std_dev": 40214.57685964133
    },
    "wasmtime_app": {
      "mean": 767281776.0,
      "median": 767281776.0,
      "min": 767281776.0,
      "max": 767281776.0,
      "std_dev": 0.0
    }
  },
  "strcat": {
    "base_native": {
      "mean": 65860030.6,
      "median": 65845381.5,
      "min": 65829520.0,
      "max": 65990460.0,
      "std_dev": 46953.63317429938
    },
    "wasmtime_app": {
      "mean": 349755954.0,
      "median": 349755954.0,
      "min": 347229128.0,
      "max": 352282780.0,
      "std_dev": 3573471.5989569584
    }
  },
  "strcat2": {
    "base_native": {
      "mean": 2597948.8181818184,
      "median": 2595063.0,
      "min": 2575514.0,
      "max": 2619261.0,
      "std_dev": 13728.952617138584
    },
    "wasmtime_app": {
      "mean": 9404713.3,
      "median": 8483632.0,
      "min": 8406637.0,
      "max": 17725066.0,
      "std_dev": 2923659.1756245783
    }
  },
  "strchr": {
    "base_native": {
      "mean": 155209027.0,
      "median": 155194098.0,
      "min": 155163675.0,
      "max": 155301441.0,
      "std_dev": 53889.92635456092
    },