{
  "ackermann": {
    "base_native": {
      "mean": 3429512.8,
      "median": 2973977.5,
      "min": 2940517.0,
      "max": 7606638.0,
      "std_dev": 1467799.788135123
    },
    "wasmtime_app": {
      "mean": 9823174.9,
      "median": 9168079.5,
      "min": 8496618.0,
      "max": 15927971.0,
      "std_dev": 2196637.149078435
    }
  },
  "base64": {
    "base_native": {
      "mean": 257395220.0,
      "median": 257105424.0,
      "min": 253418009.0,
      "max": 261662227.0,
      "std_dev": 4129741.989409629
    },
    "wasmtime_app": {
      "mean": 374041507.0,
      "median": 374041507.0,
      "min": 364799631.0,
      "max": 383283383.0,
      "std_dev": 13069986.380970411
    }
  },
  "ctype": {
    "base_native": {
      "mean": 654770263.0,
      "median": 654770263.0,
      "min": 653681365.0,
      "max": 655859161.0,
      "std_dev": 1539934.3196409384
    },
    "wasmtime_app": {
      "mean": 949461341.0,
      "median": 949461341.0,
      "min": 949461341.0,
      "max": 949461341.0,
      "std_dev": 0.0
    }
  },
  "ed25519": {
    "base_native": {
      "mean": 1433089542.0,
      "median": 1433089542.0,
      "min": 1433089542.0,
      "max": 1433089542.0,
      "std_dev": 0.0
    },
    "wasmtime_app": {
      "mean": 6745110308.0,
      "median": 6745110308.0,
      "min": 6745110308.0,
      "max": 6745110308.0,
      "std_dev": 0.0
    }
  },
  "fib2": {
    "base_native": {
      "mean": 6956102869.0,
      "median": 6956102869.0,
      "min": 6956102869.0,
      "max": 6956102869.0,
      "std_dev": 0.0
    },
    "wasmtime_app": {
      "mean": 10706144018.0,
      "median": 10706144018.0,
      "min": 10706144018.0,
      "max": 10706144018.0,
      "std_dev": 0.0
    }
  },
  "gimli": {
    "base_native": {
      "mean": 4144607.2,
      "median": 4146307.0,
      "min": 4124634.0,
      "max": 4161531.0,
      "std_dev": 11774.159123549616
    },
    "wasmtime_app": {
      "mean": 9549092.8,
      "median": 9382780.0,
      "min": 9333445.0,
      "max": 11089445.0,
      "std_dev": 541769.3388920336
    }
  },
  "heapsort": {
    "base_native": {
      "mean": 1076313394.0,
      "median": 1076313394.0,
      "min": 1076313394.0,
      "max": 1076313394.0,
      "std_dev": 0.0
    },
    "wasmtime_app": {
      "mean": 1220548689.0,
      "median": 1220548689.0,
      "min": 1220548689.0,
      "max": 1220548689.0,
      "std_dev": 0.0
    }
  },
  "keccak": {
    "base_native": {
      "mean": 7488756.5,
      "median": 7482834.5,
      "min": 7465798.0,
      "max": 7545268.0,
      "std_dev": 21586.77956141984
    },
    "wasmtime_app": {
      "mean": 22868769.8,
      "median": 21327852.5,
      "min": 21015732.0,
      "max": 37009000.0,
      "std_dev": 4970094.820260337
    }
  },
  "matrix": {
    "base_native": {
      "mean": 377858073.0,
      "median": 377858073.0,
      "min": 377845836.0,
      "max": 377870310.0,
      "std_dev": 17305.731362759565
    },
    "wasmtime_app": {
      "mean": 533916763.5,
      "median": 533916763.5,
      "min": 530082956.0,
      "max": 537750571.0,
      "std_dev": 5421822.56202769
    }
  },
  "matrix2": {
    "base_native": {
      "mean": 194274340.75,
      "median": 194268828.5,
      "min": 194255055.0,
      "max": 194304651.0,
      "std_dev": 22147.465684587933
    },
    "wasmtime_app": {
      "mean": 260180840.66666666,
      "median": 257629260.0,
      "min": 257602987.0,
      "max": 265310275.0,
      "std_dev": 4442239.863246505
    }
  },
  "memmove": {
    "base_native": {
      "mean": 47330175.2,
      "median": 47326463.0,
      "min": 47311539.0,
      "max": 47354061.0,
      "std_dev": 14000.415262095305
    },
    "wasmtime_app": {
      "mean": 521065154.5,
      "median": 521065154.5,
      "min": 515846338.0,
      "max": 526283971.0,
      "std_dev": 7380521.073836488
    }
  },
  "minicsv": {
    "base_native": {
      "mean": 725706662.0,
      "median": 725706662.0,
      "min": 725706662.0,
      "max": 725706662.0,
      "std_dev": 0.0
    },
    "wasmtime_app": {
      "mean": 1115439301.0,
      "median": 1115439301.0,
      "min": 1115439301.0,
      "max": 1115439301.0,
      "std_dev": 0.0
    }
  },
  "nestedloop": {
    "base_native": {
      "mean": 1575306.5454545454,
      "median": 1577263.0,
      "min": 1551165.0,
      "max": 1618510.0,
      "std_dev": 18454.428299807267
    },
    "wasmtime_app": {
      "mean": 6302424.5,
      "median": 6204860.0,
      "min": 6174874.0,
      "max": 7147519.0,
      "std_dev": 298272.97253327083
    }
  },
  "nestedloop2": {
    "base_native": {
      "mean": 1577556.4545454546,
      "median": 1582513.0,
      "min": 1548940.0,
      "max": 1607611.0,
      "std_dev": 20113.750209066613
    },
    "wasmtime_app": {
      "mean": 6288577.7,
      "median": 6203385.0,
      "min": 6178349.0,
      "max": 7041200.0,
      "std_dev": 265004.0601039287
    }
  },
  "nestedloop3": {
    "base_native": {
      "mean": 2086638.6363636365,
      "median": 2085577.0,
      "min": 2064129.0,
      "max": 2119700.0,
      "std_dev": 14766.155046407492
    },
    "wasmtime_app": {
      "mean": 6873187.1,
      "median": 6747404.5,
      "min": 6735917.0,
      "max": 7949449.0,
      "std_dev": 378596.6826574306
    }
  },
  "random": {
    "base_native": {
      "mean": 577554069.5,
      "median": 577554069.5,
      "min": 577538383.0,
      "max": 577569756.0,
      "std_dev": 22184.061046165556
    },
    "wasmtime_app": {
      "mean": 290785046.3333333,
      "median": 290425375.0,
      "min": 290411501.0,
      "max": 291518263.0,
      "std_dev": 635022.1509343854
    }
  },
  "random2": {
    "base_native": {
      "mean": 577670399.0,
      "median": 577670399.0,
      "min": 577583655.0,
      "max": 577757143.0,
      "std_dev": 122674.54125449176
    },
    "wasmtime_app": {
      "mean": 290720641.6666667,
      "median": 290496121.0,
      "min": 290354529.0,
      "max": 291311275.0,
      "std_dev": 516379.5836875557
    }
  },
  "ratelimit": {
    "base_native": {
      "mean": 25915570.1,
      "median": 25911373.0,
      "min": 25896724.0,
      "max": 25962119.0,
      "std_dev": 19178.891060804905
    },
    "wasmtime_app": {
      "mean": 39044747.3,
      "median": 38303352.0,
      "min": 38247405.0,
      "max": 45578239.0,
      "std_dev": 2296901.3963248185
    }
  },
  "seqhash": {
    "base_native": {
      "mean": 7115826534.0,
      "median": 7115826534.0,
      "min": 7115826534.0,
      "max": 7115826534.0,
      "std_dev": 0.0
    },
    "wasmtime_app": {
      "mean": 9674987261.0,
      "median": 9674987261.0,
      "min": 9674987261.0,
      "max": 9674987261.0,
      "std_dev": 0.0
    }
  },
  "sieve": {
    "base_native": {
      "mean": 569173185.5,
      "median": 569173185.5,
      "min": 569140850.0,
      "max": 569205521.0,
      "std_dev": 45729.30264611522
    },
    "wasmtime_app": {
      "mean": 767639130.0,
      "median": 767639130.0,
      "min": 767639130.0,
      "max": 767639130.0,
      "std_dev": 0.0
    }
  },
  "strcat": {
    "base_native": {
      "mean": 65847964.8,
      "median": 65838283.0,
      "min": 65817809.0,
      "max": 65938326.0,
      "std_dev": 34181.97586708202
    },
    "wasmtime_app": {
      "mean": 352699955.0,
      "median": 352699955.0,
      "min": 350157787.0,
      "max": 355242123.0,
      "std_dev": 3595168.463430886
    }
  },
  "strcat2": {
    "base_native": {
      "mean": 2590305.5454545454,
      "median": 2586167.0,
      "min": 2571218.0,
      "max": 2605241.0,
      "std_dev": 11471.337056887802
    },
    "wasmtime_app": {
      "mean": 9383579.9,
      "median": 8483943.5,
      "min": 8426322.0,
      "max": 17589677.0,
      "std_dev": 2883449.5414337567
    }
  },
  "strchr": {
    "base_native": {
      "mean": 155059397.6,
      "median": 155066017.0,
      "min": 155039769.0,
      "max": 155070392.0,
      "std_dev": 12572.987644152045
    },