{
  "ackermann": {
    "base_native": {
      "mean": 3394691.8,
      "median": 2856797.0,
      "min": 2814025.0,
      "max": 8305537.0,
      "std_dev": 1725612.4282942947
    },
    "wasmtime_app": {
      "mean": 10125417.3,
      "median": 9282117.0,
      "min": 8476098.0,
      "max": 16647234.0,
      "std_dev": 2388160.6497972943
    }
  },
  "base64": {
    "base_native": {
      "mean": 249530645.33333334,
      "median": 249503972.0,
      "min": 249494298.0,
      "max": 249593666.0,
      "std_dev": 54791.421676511854
    },
    "wasmtime_app": {
      "mean": 375547003.5,
      "median": 375547003.5,
      "min": 367755091.0,
      "max": 383338916.0,
      "std_dev": 11019428.33432445
    }
  },
  "ctype": {
    "base_native": {
      "mean": 653721111.5,
      "median": 653721111.5,
      "min": 653678427.0,
      "max": 653763796.0,
      "std_dev": 60364.99880311437
    },
    "wasmtime_app": {
      "mean": 951075533.0,
      "median": 951075533.0,
      "min": 951075533.0,
      "max": 951075533.0,
      "std_dev": 0.0
    }
  },
  "ed25519": {
    "base_native": {
      "mean": 1433552976.0,
      "median": 1433552976.0,
      "min": 1433552976.0,
      "max": 1433552976.0,
      "std_dev": 0.0
    },
    "wasmtime_app": {
      "mean": 6746074101.0,
      "median": 6746074101.0,
      "min": 6746074101.0,
      "max": 6746074101.0,
      "std_dev": 0.0
    }
  },
  "fib2": {
    "base_native": {
      "mean": 6956478904.0,
      "median": 6956478904.0,
      "min": 6956478904.0,
      "max": 6956478904.0,
      "std_dev": 0.0
    },
    "wasmtime_app": {
      "mean": 10670339091.0,
      "median": 10670339091.0,
      "min": 10670339091.0,
      "max": 10670339091.0,
      "std_dev": 0.0
    }
  },
  "gimli": {
    "base_native": {
      "mean": 4160955.0,
      "median": 4156617.5,
      "min": 4130057.0,
      "max": 4232625.0,
      "std_dev": 27739.073396364358
    },
    "wasmtime_app": {
      "mean": 9536622.5,
      "median": 9367389.0,
      "min": 9344165.0,
      "max": 11043199.0,
      "std_dev": 529747.8897822268
    }
  },
  "heapsort": {
    "base_native": {
      "mean": 1076458690.0,
      "median": 1076458690.0,
      "min": 1076458690.0,
      "max": 1076458690.0,
      "std_dev": 0.0
    },
    "wasmtime_app": {
      "mean": 1220519909.0,
      "median": 1220519909.0,
      "min": 1220519909.0,
      "max": 1220519909.0,
      "std_dev": 0.0
    }
  },
  "keccak": {
    "base_native": {
      "mean": 7491447.0,
      "median": 7496269.0,
      "min": 7471171.0,
      "max": 7503969.0,
      "std_dev": 11906.517328290793
    },
    "wasmtime_app": {
      "mean": 22835602.9,
      "median": 21214183.0,
      "min": 20957368.0,
      "max": 37144519.0,
      "std_dev": 5032156.053381039
    }
  },
  "matrix": {
    "base_native": {
      "mean": 377900513.0,
      "median": 377900513.0,
      "min": 377896988.0,
      "max": 377904038.0,
      "std_dev": 4985.10280736516
    },
    "wasmtime_app": {
      "mean": 533743588.0,
      "median": 533743588.0,
      "min": 529817327.0,
      "max": 537669849.0,
      "std_dev": 5552571.55561655
    }
  },
  "matrix2": {
    "base_native": {
      "mean": 194272554.75,
      "median": 194269555.0,
      "min": 194260806.0,
      "max": 194290303.0,
      "std_dev": 13029.604173445434
    },
    "wasmtime_app": {
      "mean": 260217481.33333334,
      "median": 257699678.0,
      "min": 257654355.0,
      "max": 265298411.0,
      "std_dev": 4400272.520173306
    }
  },
  "memmove": {
    "base_native": {
      "mean": 47333110.7,
      "median": 47332938.5,
      "min": 47312927.0,
      "max": 47350524.0,
      "std_dev": 12093.286558619575
    },
    "wasmtime_app": {
      "mean": 520684428.5,
      "median": 520684428.5,
      "min": 516175427.0,
      "max": 525193430.0,
      "std_dev": 6376691.074060629
    }
  },
  "minicsv": {
    "base_native": {
      "mean": 751404438.0,
      "median": 751404438.0,
      "min": 751404438.0,
      "max": 751404438.0,
      "std_dev": 0.0
    },
    "wasmtime_app": {
      "mean": 1099057211.0,
      "median": 1099057211.0,
      "min": 1099057211.0,
      "max": 1099057211.0,
      "std_dev": 0.0
    }
  },
  "nestedloop": {
    "base_native": {
      "mean": 1580364.9090909092,
      "median": 1587262.0,
      "min": 1554565.0,
      "max": 1592062.0,
      "std_dev": 13897.280298350073
    },
    "wasmtime_app": {
      "mean": 6278917.7,
      "median": 6185798.5,
      "min": 6163862.0,
      "max": 7113776.0,
      "std_dev": 294094.22514714557
    }
  },
  "nestedloop2": {
    "base_native": {
      "mean": 1580853.5454545454,
      "median": 1588587.0,
      "min": 1555114.0,
      "max": 1596512.0,
      "std_dev": 14653.761553701059
    },
    "wasmtime_app": {
      "mean": 6261325.9,
      "median": 6183361.0,
      "min": 6149638.0,
      "max": 7061528.0,
      "std_dev": 281776.6510626811
    }
  },
  "nestedloop3": {
    "base_native": {
      "mean": 2088820.0909090908,
      "median": 2088402.0,
      "min": 2077128.0,
      "max": 2112475.0,
      "std_dev": 8721.73781369912
    },
    "wasmtime_app": {
      "mean": 6842328.5,
      "median": 6733015.0,
      "min": 6683517.0,
      "max": 7921145.0,
      "std_dev": 379957.88416356826
    }
  },
  "random": {
    "base_native": {
      "mean": 577602621.5,
      "median": 577602621.5,
      "min": 577588510.0,
      "max": 577616733.0,
      "std_dev": 19956.67468542793
    },
    "wasmtime_app": {
      "mean": 290676541.6666667,
      "median": 290399469.0,
      "min": 290394344.0,
      "max": 291235812.0,
      "std_dev": 484349.09488542797
    }
  },
  "random2": {
    "base_native": {
      "mean": 577684628.5,
      "median": 577684628.5,
      "min": 577582111.0,
      "max": 577787146.0,
      "std_dev": 144981.63888058378
    },
    "wasmtime_app": {
      "mean": 290720082.0,
      "median": 290409944.0,
      "min": 290402519.0,
      "max": 291347783.0,
      "std_dev": 543617.6889202558
    }
  },
  "ratelimit": {
    "base_native": {
      "mean": 25926885.1,
      "median": 25925702.5,
      "min": 25905242.0,
      "max": 25966837.0,
      "std_dev": 17399.67425269795
    },
    "wasmtime_app": {
      "mean": 39053971.0,
      "median": 38331099.0,
      "min": 38288775.0,
      "max": 45607619.0,
      "std_dev": 2302850.386040116
    }
  },
  "seqhash": {
    "base_native": {
      "mean": 7122761839.0,
      "median": 7122761839.0,
      "min": 7122761839.0,
      "max": 7122761839.0,
      "std_dev": 0.0
    },
    "wasmtime_app": {
      "mean": 9684897756.0,
      "median": 9684897756.0,
      "min": 9684897756.0,
      "max": 9684897756.0,
      "std_dev": 0.0
    }
  },
  "sieve": {
    "base_native": {
      "mean": 569254062.5,
      "median": 569254062.5,
      "min": 569238826.0,
      "max": 569269299.0,
      "std_dev": 21547.66494309766
    },
    "wasmtime_app": {
      "mean": 766955147.0,
      "median": 766955147.0,
      "min": 766955147.0,
      "max": 766955147.0,
      "std_dev": 0.0
    }
  },
  "strcat": {
    "base_native": {
      "mean": 65865649.5,
      "median": 65858127.5,
      "min": 65830867.0,
      "max": 65965082.0,
      "std_dev": 37360.363310897046
    },
    "wasmtime_app": {
      "mean": 347178570.5,
      "median": 347178570.5,
      "min": 341330158.0,
      "max": 353026983.0,
      "std_dev": 8270904.275852338
    }
  },
  "strcat2": {
    "base_native": {
      "mean": 2600215.5454545454,
      "median": 2595091.0,
      "min": 2587591.0,
      "max": 2618964.0,
      "std_dev": 11056.39863032838
    },
    "wasmtime_app": {
      "mean": 9384055.6,
      "median": 8489235.0,
      "min": 8375877.0,
      "max": 17564973.0,
      "std_dev": 2874915.517562258
    }
  },
  "strchr": {
    "base_native": {
      "mean": 155135578.6,
      "median": 155126299.0,
      "min": 155094852.0,
      "max": 155222792.0,
      "std_dev": 50890.42857257148
    },