{
  "ackermann": {
    "base_native": {
      "mean": 3120831.0,
      "median": 2900408.0,
      "min": 2868285.0,
      "max": 5158009.0,
      "std_dev": 716025.6449282309
    },
    "wasmtime_app": {
      "mean": 9442792.4,
      "median": 9052754.5,
      "min": 8285856.0,
      "max": 14675183.0,
      "std_dev": 1880803.0012324348
    }
  },
  "base64": {
    "base_native": {
      "mean": 252649058.0,
      "median": 253415024.0,
      "min": 251023657.0,
      "max": 253508493.0,
      "std_dev": 1408414.1513031598
    },
    "wasmtime_app": {
      "mean": 369087176.0,
      "median": 369087176.0,
      "min": 361109304.0,
      "max": 377065048.0,
      "std_dev": 11282414.781276569
    }
  },
  "ctype": {
    "base_native": {
      "mean": 653867207.0,
      "median": 653867207.0,
      "min": 653707305.0,
      "max": 654027109.0,
      "std_dev": 226135.57705058265
    },
    "wasmtime_app": {
      "mean": 964272205.0,
      "median": 964272205.0,
      "min": 964272205.0,
      "max": 964272205.0,
      "std_dev": 0.0
    }
  },
  "ed25519": {
    "base_native": {
      "mean": 1433168535.0,
      "median": 1433168535.0,
      "min": 1433168535.0,
      "max": 1433168535.0,
      "std_dev": 0.0
    },
    "wasmtime_app": {
      "mean": 6741613404.0,
      "median": 6741613404.0,
      "min": 6741613404.0,
      "max": 6741613404.0,
      "std_dev": 0.0
    }
  },
  "fib2": {
    "base_native": {
      "mean": 6956086998.0,
      "median": 6956086998.0,
      "min": 6956086998.0,
      "max": 6956086998.0,
      "std_dev": 0.0
    },
    "wasmtime_app": {
      "mean": 10714790385.0,
      "median": 10714790385.0,
      "min": 10714790385.0,
      "max": 10714790385.0,
      "std_dev": 0.0
    }
  },
  "gimli": {
    "base_native": {
      "mean": 4152688.0,
      "median": 4150900.5,
      "min": 4147651.0,
      "max": 4161100.0,
      "std_dev": 4922.590104135559
    },
    "wasmtime_app": {
      "mean": 9499062.1,
      "median": 9358501.5,
      "min": 9320304.0,
      "max": 10816678.0,
      "std_dev": 463652.3462023986
    }
  },
  "heapsort": {
    "base_native": {
      "mean": 1076483752.0,
      "median": 1076483752.0,
      "min": 1076483752.0,
      "max": 1076483752.0,
      "std_dev": 0.0
    },
    "wasmtime_app": {
      "mean": 1220367940.0,
      "median": 1220367940.0,
      "min": 1220367940.0,
      "max": 1220367940.0,
      "std_dev": 0.0
    }
  },
  "keccak": {
    "base_native": {
      "mean": 7477965.9,
      "median": 7479656.0,
      "min": 7456857.0,
      "max": 7491505.0,
      "std_dev": 10713.482030185663
    },
    "wasmtime_app": {
      "mean": 22863044.4,
      "median": 21223640.0,
      "min": 21036287.0,
      "max": 37196420.0,
      "std_dev": 5039150.517992364
    }
  },
  "matrix": {
    "base_native": {
      "mean": 377894308.5,
      "median": 377894308.5,
      "min": 377869885.0,
      "max": 377918732.0,
      "std_dev": 34540.044940619286
    },
    "wasmtime_app": {
      "mean": 533526793.0,
      "median": 533526793.0,
      "min": 529422800.0,
      "max": 537630786.0,
      "std_dev": 5803922.560484245
    }
  },
  "matrix2": {
    "base_native": {
      "mean": 194272408.75,
      "median": 194265278.0,
      "min": 194258853.0,
      "max": 194300226.0,
      "std_dev": 19300.888984275654
    },
    "wasmtime_app": {
      "mean": 260217777.0,
      "median": 257660056.0,
      "min": 257653882.0,
      "max": 265339393.0,
      "std_dev": 4435450.638679344
    }
  },
  "memmove": {
    "base_native": {
      "mean": 47337517.8,
      "median": 47334038.0,
      "min": 47316727.0,
      "max": 47362699.0,
      "std_dev": 14408.590676707034
    },
    "wasmtime_app": {
      "mean": 521193191.5,
      "median": 521193191.5,
      "min": 515386760.0,
      "max": 526999623.0,
      "std_dev": 8211534.176290354
    }
  },
  "minicsv": {
    "base_native": {
      "mean": 733357623.0,
      "median": 733357623.0,
      "min": 733357623.0,
      "max": 733357623.0,
      "std_dev": 0.0
    },
    "wasmtime_app": {
      "mean": 1107068040.0,
      "median": 1107068040.0,
      "min": 1107068040.0,
      "max": 1107068040.0,
      "std_dev": 0.0
    }
  },
  "nestedloop": {
    "base_native": {
      "mean": 1578506.7272727273,
      "median": 1583045.0,
      "min": 1558247.0,
      "max": 1602794.0,
      "std_dev": 13537.501882481192
    },
    "wasmtime_app": {
      "mean": 6246523.9,
      "median": 6152964.0,
      "min": 6113691.0,
      "max": 7071242.0,
      "std_dev": 290832.58383874776
    }
  },
  "nestedloop2": {
    "base_native": {
      "mean": 1577899.7272727273,
      "median": 1582620.0,
      "min": 1554197.0,
      "max": 1595519.0,
      "std_dev": 14159.503925568219
    },
    "wasmtime_app": {
      "mean": 6251878.7,
      "median": 6166688.0,
      "min": 6113591.0,
      "max": 7043619.0,
      "std_dev": 279149.8607053009
    }
  },
  "nestedloop3": {
    "base_native": {
      "mean": 2095693.0909090908,
      "median": 2088287.0,
      "min": 2064938.0,
      "max": 2158432.0,
      "std_dev": 23969.032518875454
    },
    "wasmtime_app": {
      "mean": 6825439.7,
      "median": 6701248.5,
      "min": 6684337.0,
      "max": 7930124.0,
      "std_dev": 388522.3243069823
    }
  },
  "random": {
    "base_native": {
      "mean": 577686359.5,
      "median": 577686359.5,
      "min": 577581204.0,
      "max": 577791515.0,
      "std_dev": 148712.334258124
    },
    "wasmtime_app": {
      "mean": 290708903.0,
      "median": 290428226.0,
      "min": 290396552.0,
      "max": 291301931.0,
      "std_dev": 513821.4350890784
    }
  },
  "random2": {
    "base_native": {
      "mean": 577686710.0,
      "median": 577686710.0,
      "min": 577650250.0,
      "max": 577723170.0,
      "std_dev": 51562.22648412304
    },
    "wasmtime_app": {
      "mean": 290808290.0,
      "median": 290743910.0,
      "min": 290403927.0,
      "max": 291277033.0,
      "std_dev": 440098.97762776044
    }
  },
  "ratelimit": {
    "base_native": {
      "mean": 25920351.4,
      "median": 25922251.5,
      "min": 25904565.0,
      "max": 25948087.0,
      "std_dev": 12120.941677755716
    },
    "wasmtime_app": {
      "mean": 39034284.9,
      "median": 38313314.0,
      "min": 38296140.0,
      "max": 45550648.0,
      "std_dev": 2289628.245434298
    }
  },
  "seqhash": {
    "base_native": {
      "mean": 7123135273.0,
      "median": 7123135273.0,
      "min": 7123135273.0,
      "max": 7123135273.0,
      "std_dev": 0.0
    },
    "wasmtime_app": {
      "mean": 9671091118.0,
      "median": 9671091118.0,
      "min": 9671091118.0,
      "max": 9671091118.0,
      "std_dev": 0.0
    }
  },
  "sieve": {
    "base_native": {
      "mean": 569287526.5,
      "median": 569287526.5,
      "min": 569266878.0,
      "max": 569308175.0,
      "std_dev": 29201.388742660853
    },
    "wasmtime_app": {
      "mean": 766787508.0,
      "median": 766787508.0,
      "min": 766787508.0,
      "max": 766787508.0,
      "std_dev": 0.0
    }
  },
  "strcat": {
    "base_native": {
      "mean": 65866029.8,
      "median": 65856840.5,
      "min": 65836229.0,
      "max": 65987469.0,
      "std_dev": 44555.78816320551
    },
    "wasmtime_app": {
      "mean": 350635983.5,
      "median": 350635983.5,
      "min": 347281228.0,
      "max": 353990739.0,
      "std_dev": 4744340.726545733
    }
  },
  "strcat2": {
    "base_native": {
      "mean": 2599602.909090909,
      "median": 2602953.0,
      "min": 2578354.0,
      "max": 2611427.0,
      "std_dev": 9237.99168060402
    },
    "wasmtime_app": {
      "mean": 9310754.1,
      "median": 8417474.5,
      "min": 8323129.0,
      "max": 17542163.0,
      "std_dev": 2892644.030029368
    }
  },
  "strchr": {
    "base_native": {
      "mean": 155033317.4,
      "median": 155008069.0,
      "min": 154959022.0,
      "max": 155149085.0,
      "std_dev": 77752.19112217995
    },