{
  "ackermann": {
    "base_native": {
      "mean": 3356825.1,
      "median": 3036422.0,
      "min": 3010659.0,
      "max": 6224177.0,
      "std_dev": 1007707.9600788724
    },
    "wasmtime_app": {
      "mean": 9010821.0,
      "median": 8718102.5,
      "min": 8030603.0,
      "max": 13374356.0,
      "std_dev": 1603818.5482630716
    }
  },
  "base64": {
    "base_native": {
      "mean": 269730622.3333333,
      "median": 269855094.0,
      "min": 269280642.0,
      "max": 270056131.0,
      "std_dev": 402449.6168868015
    },
    "wasmtime_app": {
      "mean": 355369387.5,
      "median": 355369387.5,
      "min": 350407426.0,
      "max": 360331349.0,
      "std_dev": 7017273.2492731465
    }
  },
  "ctype": {
    "base_native": {
      "mean": 679572075.0,
      "median": 679572075.0,
      "min": 679572075.0,
      "max": 679572075.0,
      "std_dev": 0.0
    },
    "wasmtime_app": {
      "mean": 988233103.0,
      "median": 988233103.0,
      "min": 988233103.0,
      "max": 988233103.0,
      "std_dev": 0.0
    }
  },
  "ed25519": {
    "base_native": {
      "mean": 1435710245.0,
      "median": 1435710245.0,
      "min": 1435710245.0,
      "max": 1435710245.0,
      "std_dev": 0.0
    },
    "wasmtime_app": {
      "mean": 6763201210.0,
      "median": 6763201210.0,
      "min": 6763201210.0,
      "max": 6763201210.0,
      "std_dev": 0.0
    }
  },
  "fib2": {
    "base_native": {
      "mean": 6946488058.0,
      "median": 6946488058.0,
      "min": 6946488058.0,
      "max": 6946488058.0,
      "std_dev": 0.0
    },
    "wasmtime_app": {
      "mean": 10667565775.0,
      "median": 10667565775.0,
      "min": 10667565775.0,
      "max": 10667565775.0,
      "std_dev": 0.0
    }
  },
  "gimli": {
    "base_native": {
      "mean": 4144543.3,
      "median": 4144196.0,
      "min": 4122989.0,
      "max": 4163406.0,
      "std_dev": 11699.926590937795
    },
    "wasmtime_app": {
      "mean": 9512108.3,
      "median": 9362541.5,
      "min": 9353980.0,
      "max": 10827548.0,
      "std_dev": 462430.7941622905
    }
  },
  "heapsort": {
    "base_native": {
      "mean": 1074932386.0,
      "median": 1074932386.0,
      "min": 1074932386.0,
      "max": 1074932386.0,
      "std_dev": 0.0
    },
    "wasmtime_app": {
      "mean": 1220814528.0,
      "median": 1220814528.0,
      "min": 1220814528.0,
      "max": 1220814528.0,
      "std_dev": 0.0
    }
  },
  "keccak": {
    "base_native": {
      "mean": 7506501.6,
      "median": 7486605.0,
      "min": 7457035.0,
      "max": 7719259.0,
      "std_dev": 76047.78587061047
    },
    "wasmtime_app": {
      "mean": 22830380.7,
      "median": 21271167.0,
      "min": 21004507.0,
      "max": 37066165.0,
      "std_dev": 5004527.074393767
    }
  },
  "matrix": {
    "base_native": {
      "mean": 377393964.5,
      "median": 377393964.5,
      "min": 377371472.0,
      "max": 377416457.0,
      "std_dev": 31809.19855167684
    },
    "wasmtime_app": {
      "mean": 533593420.5,
      "median": 533593420.5,
      "min": 529392554.0,
      "max": 537794287.0,
      "std_dev": 5940922.3780187955
    }
  },
  "matrix2": {
    "base_native": {
      "mean": 194009473.25,
      "median": 194008705.5,
      "min": 193992192.0,
      "max": 194028290.0,
      "std_dev": 15286.620759670857
    },
    "wasmtime_app": {
      "mean": 260239570.0,
      "median": 257671554.0,
      "min": 257667105.0,
      "max": 265380051.0,
      "std_dev": 4451787.689448027
    }
  },
  "memmove": {
    "base_native": {
      "mean": 47276876.8,
      "median": 47275194.0,
      "min": 47253787.0,
      "max": 47300296.0,
      "std_dev": 14789.376485993062
    },
    "wasmtime_app": {
      "mean": 520723347.5,
      "median": 520723347.5,
      "min": 515976099.0,
      "max": 525470596.0,
      "std_dev": 6713623.212655332
    }
  },
  "minicsv": {
    "base_native": {
      "mean": 725598822.0,
      "median": 725598822.0,
      "min": 725598822.0,
      "max": 725598822.0,
      "std_dev": 0.0
    },
    "wasmtime_app": {
      "mean": 1104748328.0,
      "median": 1104748328.0,
      "min": 1104748328.0,
      "max": 1104748328.0,
      "std_dev": 0.0
    }
  },
  "nestedloop": {
    "base_native": {
      "mean": 1573963.7272727273,
      "median": 1575316.0,
      "min": 1547531.0,
      "max": 1609268.0,
      "std_dev": 18583.984088945563
    },
    "wasmtime_app": {
      "mean": 6241912.6,
      "median": 6147783.0,
      "min": 6132334.0,
      "max": 7071806.0,
      "std_dev": 291918.3881860743
    }
  },
  "nestedloop2": {
    "base_native": {
      "mean": 1575942.7272727273,
      "median": 1580983.0,
      "min": 1552599.0,
      "max": 1592891.0,
      "std_dev": 12714.557539221796
    },
    "wasmtime_app": {
      "mean": 6271920.9,
      "median": 6190143.0,
      "min": 6159232.0,
      "max": 7077006.0,
      "std_dev": 283403.5602851916
    }
  },
  "nestedloop3": {
    "base_native": {
      "mean": 2082055.8181818181,
      "median": 2087008.0,
      "min": 2051459.0,
      "max": 2093898.0,
      "std_dev": 12456.307115820337
    },
    "wasmtime_app": {
      "mean": 6824040.1,
      "median": 6713501.0,
      "min": 6674479.0,
      "max": 7922834.0,
      "std_dev": 386484.5905033529
    }
  },
  "random": {
    "base_native": {
      "mean": 576840276.0,
      "median": 576840276.0,
      "min": 576820367.0,
      "max": 576860185.0,
      "std_dev": 28155.57781328595
    },
    "wasmtime_app": {
      "mean": 290689502.6666667,
      "median": 290412910.0,
      "min": 290386811.0,
      "max": 291268787.0,
      "std_dev": 501844.64088434115
    }
  },
  "random2": {
    "base_native": {
      "mean": 576865839.5,
      "median": 576865839.5,
      "min": 576827307.0,
      "max": 576904372.0,
      "std_dev": 54493.18409214129
    },
    "wasmtime_app": {
      "mean": 290702010.6666667,
      "median": 290379962.0,
      "min": 290336389.0,
      "max": 291389681.0,
      "std_dev": 595938.3500768626
    }
  },
  "ratelimit": {
    "base_native": {
      "mean": 25938092.8,
      "median": 25903043.0,
      "min": 25890286.0,
      "max": 26123777.0,
      "std_dev": 72935.22608116816
    },
    "wasmtime_app": {
      "mean": 39081782.4,
      "median": 38311970.0,
      "min": 38297121.0,
      "max": 45542518.0,
      "std_dev": 2275316.2257280103
    }
  },
  "seqhash": {
    "base_native": {
      "mean": 7118480461.0,
      "median": 7118480461.0,
      "min": 7118480461.0,
      "max": 7118480461.0,
      "std_dev": 0.0
    },
    "wasmtime_app": {
      "mean": 9681027101.0,
      "median": 9681027101.0,
      "min": 9681027101.0,
      "max": 9681027101.0,
      "std_dev": 0.0
    }
  },
  "sieve": {
    "base_native": {
      "mean": 568510454.0,
      "median": 568510454.0,
      "min": 568484516.0,
      "max": 568536392.0,
      "std_dev": 36681.87138083334
    },
    "wasmtime_app": {
      "mean": 767252884.0,
      "median": 767252884.0,
      "min": 767252884.0,
      "max": 767252884.0,
      "std_dev": 0.0
    }
  },
  "strcat": {
    "base_native": {
      "mean": 65791029.8,
      "median": 65778807.0,
      "min": 65762381.0,
      "max": 65857170.0,
      "std_dev": 29098.867648071806
    },
    "wasmtime_app": {
      "mean": 352668400.0,
      "median": 352668400.0,
      "min": 350120092.0,
      "max": 355216708.0,
      "std_dev": 3603851.734703857
    }
  },
  "strcat2": {
    "base_native": {
      "mean": 2595465.272727273,
      "median": 2594605.0,
      "min": 2585443.0,
      "max": 2616099.0,
      "std_dev": 7805.469442524377
    },
    "wasmtime_app": {
      "mean": 9394094.8,
      "median": 8482315.5,
      "min": 8439830.0,
      "max": 17676142.0,
      "std_dev": 2910088.573374922
    }
  },
  "strchr": {
    "base_native": {
      "mean": 155014505.0,
      "median": 155014964.0,
      "min": 154990400.0,
      "max": 155038106.0,
      "std_dev": 16888.22548404657
    },