{
  "ackermann": {
    "base_native": {
      "mean": 3479908.3,
      "median": 2941679.0,
      "min": 2901407.0,
      "max": 8398667.0,
      "std_dev": 1728373.5488965758
    },
    "wasmtime_app": {
      "mean": 9939033.3,
      "median": 9227282.5,
      "min": 8429369.0,
      "max": 15813995.0,
      "std_dev": 2186461.3964173077
    }
  },
  "base64": {
    "base_native": {
      "mean": 253458911.33333334,
      "median": 253422297.0,
      "min": 249447661.0,
      "max": 257506776.0,
      "std_dev": 4029682.2583003156
    },
    "wasmtime_app": {
      "mean": 371789709.5,
      "median": 371789709.5,
      "min": 361545970.0,
      "max": 382033449.0,
      "std_dev": 14486835.330316987
    }
  },
  "ctype": {
    "base_native": {
      "mean": 653879469.0,
      "median": 653879469.0,
      "min": 653781338.0,
      "max": 653977600.0,
      "std_dev": 138778.1910892342
    },
    "wasmtime_app": {
      "mean": 985895852.0,
      "median": 985895852.0,
      "min": 985895852.0,
      "max": 985895852.0,
      "std_dev": 0.0
    }
  },
  "ed25519": {
    "base_native": {
      "mean": 1433058694.0,
      "median": 1433058694.0,
      "min": 1433058694.0,
      "max": 1433058694.0,
      "std_dev": 0.0
    },
    "wasmtime_app": {
      "mean": 6762447072.0,
      "median": 6762447072.0,
      "min": 6762447072.0,
      "max": 6762447072.0,
      "std_dev": 0.0
    }
  },
  "fib2": {
    "base_native": {
      "mean": 6955942475.0,
      "median": 6955942475.0,
      "min": 6955942475.0,
      "max": 6955942475.0,
      "std_dev": 0.0
    },
    "wasmtime_app": {
      "mean": 10678805707.0,
      "median": 10678805707.0,
      "min": 10678805707.0,
      "max": 10678805707.0,
      "std_dev": 0.0
    }
  },
  "gimli": {
    "base_native": {
      "mean": 4135524.8,
      "median": 4133250.0,
      "min": 4113376.0,
      "max": 4174122.0,
      "std_dev": 15521.232266371982
    },
    "wasmtime_app": {
      "mean": 9424624.0,
      "median": 9266156.5,
      "min": 9231720.0,
      "max": 10899744.0,
      "std_dev": 518634.2498927137
    }
  },
  "heapsort": {
    "base_native": {
      "mean": 1076309908.0,
      "median": 1076309908.0,
      "min": 1076309908.0,
      "max": 1076309908.0,
      "std_dev": 0.0
    },
    "wasmtime_app": {
      "mean": 1220214877.0,
      "median": 1220214877.0,
      "min": 1220214877.0,
      "max": 1220214877.0,
      "std_dev": 0.0
    }
  },
  "keccak": {
    "base_native": {
      "mean": 7472403.5,
      "median": 7470878.5,
      "min": 7466879.0,
      "max": 7480378.0,
      "std_dev": 5184.50096709199
    },
    "wasmtime_app": {
      "mean": 22792331.4,
      "median": 21236106.0,
      "min": 20966364.0,
      "max": 37042477.0,
      "std_dev": 5009437.002461991
    }
  },
  "matrix": {
    "base_native": {
      "mean": 377837998.5,
      "median": 377837998.5,
      "min": 377833336.0,
      "max": 377842661.0,
      "std_dev": 6593.770734564556
    },
    "wasmtime_app": {
      "mean": 533555757.5,
      "median": 533555757.5,
      "min": 529540554.0,
      "max": 537570961.0,
      "std_dev": 5678355.245387919
    }
  },
  "matrix2": {
    "base_native": {
      "mean": 194242682.75,
      "median": 194234652.0,
      "min": 194223328.0,
      "max": 194278099.0,
      "std_dev": 24219.19350948747
    },
    "wasmtime_app": {
      "mean": 260130551.0,
      "median": 257650093.0,
      "min": 257645243.0,
      "max": 265096317.0,
      "std_dev": 4300480.188966344
    }
  },
  "memmove": {
    "base_native": {
      "mean": 47321779.8,
      "median": 47324594.5,
      "min": 47296784.0,
      "max": 47342056.0,
      "std_dev": 13457.837805531763
    },
    "wasmtime_app": {
      "mean": 520757570.5,
      "median": 520757570.5,
      "min": 515878968.0,
      "max": 525636173.0,
      "std_dev": 6899385.820927287
    }
  },
  "minicsv": {
    "base_native": {
      "mean": 745522722.0,
      "median": 745522722.0,
      "min": 745522722.0,
      "max": 745522722.0,
      "std_dev": 0.0
    },
    "wasmtime_app": {
      "mean": 1108564910.0,
      "median": 1108564910.0,
      "min": 1108564910.0,
      "max": 1108564910.0,
      "std_dev": 0.0
    }
  },
  "nestedloop": {
    "base_native": {
      "mean": 1572945.0909090908,
      "median": 1552546.0,
      "min": 1543972.0,
      "max": 1631141.0,
      "std_dev": 29847.16141764421
    },
    "wasmtime_app": {
      "mean": 6281531.5,
      "median": 6186287.0,
      "min": 6174262.0,
      "max": 7098634.0,
      "std_dev": 287552.6092365052
    }
  },
  "nestedloop2": {
    "base_native": {
      "mean": 1593623.4545454546,
      "median": 1595669.0,
      "min": 1557796.0,
      "max": 1665164.0,
      "std_dev": 35555.42580075124
    },
    "wasmtime_app": {
      "mean": 6275684.3,
      "median": 6187112.0,
      "min": 6146538.0,
      "max": 7058861.0,
      "std_dev": 276241.43818971515
    }
  },
  "nestedloop3": {
    "base_native": {
      "mean": 2085445.0,
      "median": 2085861.0,
      "min": 2050088.0,
      "max": 2116384.0,
      "std_dev": 22924.860919970703
    },
    "wasmtime_app": {
      "mean": 6874203.8,
      "median": 6761595.0,
      "min": 6732745.0,
      "max": 7939684.0,
      "std_dev": 374611.67501940514
    }
  },
  "random": {
    "base_native": {
      "mean": 577569711.5,
      "median": 577569711.5,
      "min": 577569174.0,
      "max": 577570249.0,
      "std_dev": 760.1397897755386
    },
    "wasmtime_app": {
      "mean": 290666700.6666667,
      "median": 290385201.0,
      "min": 290380551.0,
      "max": 291234350.0,
      "std_dev": 491604.24108253315
    }
  },
  "random2": {
    "base_native": {
      "mean": 577657855.5,
      "median": 577657855.5,
      "min": 577536051.0,
      "max": 577779660.0,
      "std_dev": 172257.57585807366
    },
    "wasmtime_app": {
      "mean": 290697016.6666667,
      "median": 290394476.0,
      "min": 290385776.0,
      "max": 291310798.0,
      "std_dev": 531568.0260901076
    }
  },
  "ratelimit": {
    "base_native": {
      "mean": 25927470.4,
      "median": 25922628.0,
      "min": 25911954.0,
      "max": 25964925.0,
      "std_dev": 16325.583237497045
    },
    "wasmtime_app": {
      "mean": 39066770.7,
      "median": 38345337.5,
      "min": 38307364.0,
      "max": 45612367.0,
      "std_dev": 2299964.5652041906
    }
  },
  "seqhash": {
    "base_native": {
      "mean": 7100567822.0,
      "median": 7100567822.0,
      "min": 7100567822.0,
      "max": 7100567822.0,
      "std_dev": 0.0
    },
    "wasmtime_app": {
      "mean": 9681737518.0,
      "median": 9681737518.0,
      "min": 9681737518.0,
      "max": 9681737518.0,
      "std_dev": 0.0
    }
  },
  "sieve": {
    "base_native": {
      "mean": 569218191.0,
      "median": 569218191.0,
      "min": 569165582.0,
      "max": 569270800.0,
      "std_dev": 74400.36130288616
    },
    "wasmtime_app": {
      "mean": 767102631.0,
      "median": 767102631.0,
      "min": 767102631.0,
      "max": 767102631.0,
      "std_dev": 0.0
    }
  },
  "strcat": {
    "base_native": {
      "mean": 65847277.2,
      "median": 65838065.5,
      "min": 65820904.0,
      "max": 65938046.0,
      "std_dev": 33390.87058463735
    },
    "wasmtime_app": {
      "mean": 352781222.5,
      "median": 352781222.5,
      "min": 350178464.0,
      "max": 355383981.0,
      "std_dev": 3680856.3702818532
    }
  },
  "strcat2": {
    "base_native": {
      "mean": 2583561.909090909,
      "median": 2579153.0,
      "min": 2560329.0,
      "max": 2613476.0,
      "std_dev": 17557.831696736048
    },
    "wasmtime_app": {
      "mean": 9383180.2,
      "median": 8479330.5,
      "min": 8430144.0,
      "max": 17555693.0,
      "std_dev": 2871620.8534040223
    }
  },
  "strchr": {
    "base_native": {
      "mean": 154584365.2,
      "median": 154574336.0,
      "min": 154547063.0,
      "max": 154632607.0,
      "std_dev": 31646.21249375666
    },