{
  "ackermann": {
    "base_native": {
      "mean": 3191614.8,
      "median": 2886879.5,
      "min": 2854494.0,
      "max": 5953521.0,
      "std_dev": 970663.9458617774
    },
    "wasmtime_app": {
      "mean": 9065626.9,
      "median": 8537101.0,
      "min": 8212958.0,
      "max": 12731113.0,
      "std_dev": 1386062.6816560042
    }
  },
  "base64": {
    "base_native": {
      "mean": 251968726.33333334,
      "median": 252929057.0,
      "min": 249497279.0,
      "max": 253479843.0,
      "std_dev": 2157980.59433567
    },
    "wasmtime_app": {
      "mean": 364590303.5,
      "median": 364590303.5,
      "min": 358033896.0,
      "max": 371146711.0,
      "std_dev": 9272160.40694468
    }
  },
  "ctype": {
    "base_native": {
      "mean": 654041992.0,
      "median": 654041992.0,
      "min": 653657120.0,
      "max": 654426864.0,
      "std_dev": 544291.2021776579
    },
    "wasmtime_app": {
      "mean": 984232718.0,
      "median": 984232718.0,
      "min": 984232718.0,
      "max": 984232718.0,
      "std_dev": 0.0
    }
  },
  "ed25519": {
    "base_native": {
      "mean": 1433052934.0,
      "median": 1433052934.0,
      "min": 1433052934.0,
      "max": 1433052934.0,
      "std_dev": 0.0
    },
    "wasmtime_app": {
      "mean": 6748675416.0,
      "median": 6748675416.0,
      "min": 6748675416.0,
      "max": 6748675416.0,
      "std_dev": 0.0
    }
  },
  "fib2": {
    "base_native": {
      "mean": 6955813457.0,
      "median": 6955813457.0,
      "min": 6955813457.0,
      "max": 6955813457.0,
      "std_dev": 0.0
    },
    "wasmtime_app": {
      "mean": 10682468929.0,
      "median": 10682468929.0,
      "min": 10682468929.0,
      "max": 10682468929.0,
      "std_dev": 0.0
    }
  },
  "gimli": {
    "base_native": {
      "mean": 4143121.0,
      "median": 4142426.0,
      "min": 4120453.0,
      "max": 4157575.0,
      "std_dev": 9997.525838370657
    },
    "wasmtime_app": {
      "mean": 9521087.1,
      "median": 9371276.0,
      "min": 9346365.0,
      "max": 10881548.0,
      "std_dev": 478381.58525303955
    }
  },
  "heapsort": {
    "base_native": {
      "mean": 1076238783.0,
      "median": 1076238783.0,
      "min": 1076238783.0,
      "max": 1076238783.0,
      "std_dev": 0.0
    },
    "wasmtime_app": {
      "mean": 1220479179.0,
      "median": 1220479179.0,
      "min": 1220479179.0,
      "max": 1220479179.0,
      "std_dev": 0.0
    }
  },
  "keccak": {
    "base_native": {
      "mean": 7494464.6,
      "median": 7488322.5,
      "min": 7473811.0,
      "max": 7545256.0,
      "std_dev": 20423.328459822063
    },
    "wasmtime_app": {
      "mean": 22934249.4,
      "median": 21319511.0,
      "min": 21049890.0,
      "max": 37767089.0,
      "std_dev": 5212911.670783553
    }
  },
  "matrix": {
    "base_native": {
      "mean": 377864409.0,
      "median": 377864409.0,
      "min": 377853335.0,
      "max": 377875483.0,
      "std_dev": 15661.000989719654
    },
    "wasmtime_app": {
      "mean": 533693445.0,
      "median": 533693445.0,
      "min": 529708821.0,
      "max": 537678069.0,
      "std_dev": 5635109.301757332
    }
  },
  "matrix2": {
    "base_native": {
      "mean": 194260157.75,
      "median": 194246509.0,
      "min": 194239434.0,
      "max": 194308179.0,
      "std_dev": 32440.18094251839
    },
    "wasmtime_app": {
      "mean": 260310945.0,
      "median": 257750348.0,
      "min": 257670578.0,
      "max": 265511909.0,
      "std_dev": 4504343.538208093
    }
  },
  "memmove": {
    "base_native": {
      "mean": 47320868.6,
      "median": 47322303.5,
      "min": 47284044.0,
      "max": 47336490.0,
      "std_dev": 15318.302670697925
    },
    "wasmtime_app": {
      "mean": 521172132.5,
      "median": 521172132.5,
      "min": 515996842.0,
      "max": 526347423.0,
      "std_dev": 7318966.014320636
    }
  },
  "minicsv": {
    "base_native": {
      "mean": 740388948.0,
      "median": 740388948.0,
      "min": 740388948.0,
      "max": 740388948.0,
      "std_dev": 0.0
    },
    "wasmtime_app": {
      "mean": 1112345751.0,
      "median": 1112345751.0,
      "min": 1112345751.0,
      "max": 1112345751.0,
      "std_dev": 0.0
    }
  },
  "nestedloop": {
    "base_native": {
      "mean": 1565977.5454545454,
      "median": 1571886.0,
      "min": 1543838.0,
      "max": 1589460.0,
      "std_dev": 15069.591662441531
    },
    "wasmtime_app": {
      "mean": 6310866.7,
      "median": 6209353.0,
      "min": 6200778.0,
      "max": 7158771.0,
      "std_dev": 298401.1948207573
    }
  },
  "nestedloop2": {
    "base_native": {
      "mean": 1570541.0909090908,
      "median": 1561862.0,
      "min": 1547863.0,
      "max": 1603609.0,
      "std_dev": 20302.178796644195
    },
    "wasmtime_app": {
      "mean": 6300385.0,
      "median": 6219015.0,
      "min": 6187904.0,
      "max": 7044428.0,
      "std_dev": 261873.91598205763
    }
  },
  "nestedloop3": {
    "base_native": {
      "mean": 2076150.0909090908,
      "median": 2077375.0,
      "min": 2062026.0,
      "max": 2081575.0,
      "std_dev": 5111.682706400025
    },
    "wasmtime_app": {
      "mean": 6891009.5,
      "median": 6765894.5,
      "min": 6739921.0,
      "max": 7987871.0,
      "std_dev": 386144.7126722341
    }
  },
  "random": {
    "base_native": {
      "mean": 577561713.0,
      "median": 577561713.0,
      "min": 577553926.0,
      "max": 577569500.0,
      "std_dev": 11012.481010199292
    },
    "wasmtime_app": {
      "mean": 290682869.0,
      "median": 290398444.0,
      "min": 290389295.0,
      "max": 291260868.0,
      "std_dev": 500582.7194889971
    }
  },
  "random2": {
    "base_native": {
      "mean": 577629346.0,
      "median": 577629346.0,
      "min": 577559851.0,
      "max": 577698841.0,
      "std_dev": 98280.77151711824
    },
    "wasmtime_app": {
      "mean": 290697134.6666667,
      "median": 290407969.0,
      "min": 290382245.0,
      "max": 291301190.0,
      "std_dev": 523285.3574679243
    }
  },
  "ratelimit": {
    "base_native": {
      "mean": 25924449.7,
      "median": 25923882.0,
      "min": 25912608.0,
      "max": 25948931.0,
      "std_dev": 10663.090265542683
    },
    "wasmtime_app": {
      "mean": 39048159.9,
      "median": 38340067.5,
      "min": 38234086.0,
      "max": 45560823.0,
      "std_dev": 2288560.951884124
    }
  },
  "seqhash": {
    "base_native": {
      "mean": 7103846195.0,
      "median": 7103846195.0,
      "min": 7103846195.0,
      "max": 7103846195.0,
      "std_dev": 0.0
    },
    "wasmtime_app": {
      "mean": 9684555704.0,
      "median": 9684555704.0,
      "min": 9684555704.0,
      "max": 9684555704.0,
      "std_dev": 0.0
    }
  },
  "sieve": {
    "base_native": {
      "mean": 569225151.0,
      "median": 569225151.0,
      "min": 569197478.0,
      "max": 569252824.0,
      "std_dev": 39135.53191155066
    },
    "wasmtime_app": {
      "mean": 767324100.0,
      "median": 767324100.0,
      "min": 767324100.0,
      "max": 767324100.0,
      "std_dev": 0.0
    }
  },
  "strcat": {
    "base_native": {
      "mean": 65872994.9,
      "median": 65856631.0,
      "min": 65829483.0,
      "max": 65948275.0,
      "std_dev": 43939.20347593934
    },
    "wasmtime_app": {
      "mean": 352716814.5,
      "median": 352716814.5,
      "min": 350223439.0,
      "max": 355210190.0,
      "std_dev": 3526165.448188797
    }
  },
  "strcat2": {
    "base_native": {
      "mean": 2581704.5454545454,
      "median": 2581014.0,
      "min": 2572264.0,
      "max": 2591588.0,
      "std_dev": 6469.316198233572
    },
    "wasmtime_app": {
      "mean": 9356339.5,
      "median": 8489766.0,
      "min": 7998296.0,
      "max": 17704715.0,
      "std_dev": 2937400.066209544
    }
  },
  "strchr": {
    "base_native": {
      "mean": 154557332.6,
      "median": 154549668.0,
      "min": 154536369.0,
      "max": 154606389.0,
      "std_dev": 28473.64385357097
    },