{
  "ackermann": {
    "base_native": {
      "mean": 3255779.2,
      "median": 2931210.0,
      "min": 2907586.0,
      "max": 6165953.0,
      "std_dev": 1022823.431613992
    },
    "wasmtime_app": {
      "mean": 9217393.5,
      "median": 8867296.5,
      "min": 8179797.0,
      "max": 14216548.0,
      "std_dev": 1801599.5240372897
    }
  },
  "base64": {
    "base_native": {
      "mean": 252809377.33333334,
      "median": 251362692.0,
      "min": 249496272.0,
      "max": 257569168.0,
      "std_dev": 4226415.301051865
    },
    "wasmtime_app": {
      "mean": 364166000.5,
      "median": 364166000.5,
      "min": 357151385.0,
      "max": 371180616.0,
      "std_dev": 9920164.37493253
    }
  },
  "ctype": {
    "base_native": {
      "mean": 653713397.0,
      "median": 653713397.0,
      "min": 653648288.0,
      "max": 653778506.0,
      "std_dev": 92078.03083254985
    },
    "wasmtime_app": {
      "mean": 978808984.0,
      "median": 978808984.0,
      "min": 978808984.0,
      "max": 978808984.0,
      "std_dev": 0.0
    }
  },
  "ed25519": {
    "base_native": {
      "mean": 1433096192.0,
      "median": 1433096192.0,
      "min": 1433096192.0,
      "max": 1433096192.0,
      "std_dev": 0.0
    },
    "wasmtime_app": {
      "mean": 6751150882.0,
      "median": 6751150882.0,
      "min": 6751150882.0,
      "max": 6751150882.0,
      "std_dev": 0.0
    }
  },
  "fib2": {
    "base_native": {
      "mean": 6956011543.0,
      "median": 6956011543.0,
      "min": 6956011543.0,
      "max": 6956011543.0,
      "std_dev": 0.0
    },
    "wasmtime_app": {
      "mean": 10679685376.0,
      "median": 10679685376.0,
      "min": 10679685376.0,
      "max": 10679685376.0,
      "std_dev": 0.0
    }
  },
  "gimli": {
    "base_native": {
      "mean": 4152003.9,
      "median": 4151591.5,
      "min": 4135567.0,
      "max": 4175965.0,
      "std_dev": 12122.776849568932
    },
    "wasmtime_app": {
      "mean": 9524884.5,
      "median": 9379927.5,
      "min": 9341379.0,
      "max": 10871397.0,
      "std_dev": 473470.274116373
    }
  },
  "heapsort": {
    "base_native": {
      "mean": 1076335315.0,
      "median": 1076335315.0,
      "min": 1076335315.0,
      "max": 1076335315.0,
      "std_dev": 0.0
    },
    "wasmtime_app": {
      "mean": 1220413219.0,
      "median": 1220413219.0,
      "min": 1220413219.0,
      "max": 1220413219.0,
      "std_dev": 0.0
    }
  },
  "keccak": {
    "base_native": {
      "mean": 7481979.5,
      "median": 7483254.5,
      "min": 7474155.0,
      "max": 7491079.0,
      "std_dev": 6013.046025102419
    },
    "wasmtime_app": {
      "mean": 22889695.1,
      "median": 21284449.5,
      "min": 21170941.0,
      "max": 37164399.0,
      "std_dev": 5017227.480475589
    }
  },
  "matrix": {
    "base_native": {
      "mean": 377871654.0,
      "median": 377871654.0,
      "min": 377865392.0,
      "max": 377877916.0,
      "std_dev": 8855.805327580321
    },
    "wasmtime_app": {
      "mean": 533681178.5,
      "median": 533681178.5,
      "min": 529401637.0,
      "max": 537960720.0,
      "std_dev": 6052185.630038499
    }
  },
  "matrix2": {
    "base_native": {
      "mean": 194260746.75,
      "median": 194252559.5,
      "min": 194243173.0,
      "max": 194294695.0,
      "std_dev": 23081.036983853217
    },
    "wasmtime_app": {
      "mean": 260202072.0,
      "median": 257688065.0,
      "min": 257627417.0,
      "max": 265290734.0,
      "std_dev": 4407014.891926167
    }
  },
  "memmove": {
    "base_native": {
      "mean": 47328605.8,
      "median": 47325068.5,
      "min": 47311494.0,
      "max": 47363416.0,
      "std_dev": 16152.087569241457
    },
    "wasmtime_app": {
      "mean": 519124529.0,
      "median": 519124529.0,
      "min": 513435902.0,
      "max": 524813156.0,
      "std_dev": 8044933.454681773
    }
  },
  "minicsv": {
    "base_native": {
      "mean": 722295761.0,
      "median": 722295761.0,
      "min": 722295761.0,
      "max": 722295761.0,
      "std_dev": 0.0
    },
    "wasmtime_app": {
      "mean": 1098994862.0,
      "median": 1098994862.0,
      "min": 1098994862.0,
      "max": 1098994862.0,
      "std_dev": 0.0
    }
  },
  "nestedloop": {
    "base_native": {
      "mean": 1569604.5454545454,
      "median": 1561012.0,
      "min": 1524989.0,
      "max": 1627308.0,
      "std_dev": 30430.075012604346
    },
    "wasmtime_app": {
      "mean": 6269737.7,
      "median": 6178946.0,
      "min": 6127323.0,
      "max": 7101662.0,
      "std_dev": 293836.7932539914
    }
  },
  "nestedloop2": {
    "base_native": {
      "mean": 1578311.0,
      "median": 1578186.0,
      "min": 1548788.0,
      "max": 1649232.0,
      "std_dev": 27610.75582811887
    },
    "wasmtime_app": {
      "mean": 6268455.1,
      "median": 6176058.5,
      "min": 6149247.0,
      "max": 7040914.0,
      "std_dev": 272786.88543356414
    }
  },
  "nestedloop3": {
    "base_native": {
      "mean": 2076362.5454545454,
      "median": 2076933.0,
      "min": 2063284.0,
      "max": 2085082.0,
      "std_dev": 5905.812177230772
    },
    "wasmtime_app": {
      "mean": 6868742.9,
      "median": 6741562.5,
      "min": 6699927.0,
      "max": 7953005.0,
      "std_dev": 383417.5815850708
    }
  },
  "random": {
    "base_native": {
      "mean": 577579733.0,
      "median": 577579733.0,
      "min": 577559634.0,
      "max": 577599832.0,
      "std_dev": 28424.27839013684
    },
    "wasmtime_app": {
      "mean": 290689285.6666667,
      "median": 290421479.0,
      "min": 290397255.0,
      "max": 291249123.0,
      "std_dev": 484984.6187141746
    }
  },
  "random2": {
    "base_native": {
      "mean": 577630555.0,
      "median": 577630555.0,
      "min": 577563009.0,
      "max": 577698101.0,
      "std_dev": 95524.46928405308
    },
    "wasmtime_app": {
      "mean": 290701585.0,
      "median": 290408379.0,
      "min": 290394480.0,
      "max": 291301896.0,
      "std_dev": 519931.02243566886
    }
  },
  "ratelimit": {
    "base_native": {
      "mean": 25928384.3,
      "median": 25927644.0,
      "min": 25908070.0,
      "max": 25956543.0,
      "std_dev": 14665.64869232407
    },
    "wasmtime_app": {
      "mean": 39011231.1,
      "median": 38302632.0,
      "min": 38203436.0,
      "max": 45538415.0,
      "std_dev": 2293773.457082768
    }
  },
  "seqhash": {
    "base_native": {
      "mean": 7117242944.0,
      "median": 7117242944.0,
      "min": 7117242944.0,
      "max": 7117242944.0,
      "std_dev": 0.0
    },
    "wasmtime_app": {
      "mean": 9679694851.0,
      "median": 9679694851.0,
      "min": 9679694851.0,
      "max": 9679694851.0,
      "std_dev": 0.0
    }
  },
  "sieve": {
    "base_native": {
      "mean": 569268161.5,
      "median": 569268161.5,
      "min": 569266174.0,
      "max": 569270149.0,
      "std_dev": 2810.7494552165263
    },
    "wasmtime_app": {
      "mean": 766958597.0,
      "median": 766958597.0,
      "min": 766958597.0,
      "max": 766958597.0,
      "std_dev": 0.0
    }
  },
  "strcat": {
    "base_native": {
      "mean": 65844116.5,
      "median": 65835267.0,
      "min": 65807256.0,
      "max": 65959173.0,
      "std_dev": 41894.18602794957
    },
    "wasmtime_app": {
      "mean": 352752060.5,
      "median": 352752060.5,
      "min": 347211253.0,
      "max": 358292868.0,
      "std_dev": 7835885.112998563
    }
  },
  "strcat2": {
    "base_native": {
      "mean": 2584975.0,
      "median": 2583230.0,
      "min": 2561631.0,
      "max": 2604153.0,
      "std_dev": 11196.345984293268
    },
    "wasmtime_app": {
      "mean": 9423208.4,
      "median": 8506647.5,
      "min": 8469111.0,
      "max": 17718869.0,
      "std_dev": 2914924.5321446895
    }
  },
  "strchr": {
    "base_native": {
      "mean": 154598117.8,
      "median": 154637370.0,
      "min": 154418558.0,
      "max": 154689018.0,
      "std_dev": 105360.51304070231
    },
    "wasmtime_app": {
      "mean": 406553019.5,