{
  "ackermann": {
    "base_native": {
      "mean": 3239297.5,
      "median": 2888183.0,
      "min": 2856934.0,
      "max": 6468101.0,
      "std_dev": 1134568.7844629928
    },
    "wasmtime_app": {
      "mean": 9062383.4,
      "median": 8681012.0,
      "min": 7943329.0,
      "max": 12738435.0,
      "std_dev": 1379802.5677556754
    }
  },
  "base64": {
    "base_native": {
      "mean": 250646743.66666666,
      "median": 249516909.0,
      "min": 249498460.0,
      "max": 252924862.0,
      "std_dev": 1972929.9143411894
    },
    "wasmtime_app": {
      "mean": 354991388.0,
      "median": 354991388.0,
      "min": 350383184.0,
      "max": 359599592.0,
      "std_dev": 6516984.594981946
    }
  },
  "ctype": {
    "base_native": {
      "mean": 653714319.0,
      "median": 653714319.0,
      "min": 653705882.0,
      "max": 653722756.0,
      "std_dev": 11931.719825741802
    },
    "wasmtime_app": {
      "mean": 882403275.0,
      "median": 882403275.0,
      "min": 882403275.0,
      "max": 882403275.0,
      "std_dev": 0.0
    }
  },
  "ed25519": {
    "base_native": {
      "mean": 1433350813.0,
      "median": 1433350813.0,
      "min": 1433350813.0,
      "max": 1433350813.0,
      "std_dev": 0.0
    },
    "wasmtime_app": {
      "mean": 6756428195.0,
      "median": 6756428195.0,
      "min": 6756428195.0,
      "max": 6756428195.0,
      "std_dev": 0.0
    }
  },
  "fib2": {
    "base_native": {
      "mean": 6956036065.0,
      "median": 6956036065.0,
      "min": 6956036065.0,
      "max": 6956036065.0,
      "std_dev": 0.0
    },
    "wasmtime_app": {
      "mean": 10698528070.0,
      "median": 10698528070.0,
      "min": 10698528070.0,
      "max": 10698528070.0,
      "std_dev": 0.0
    }
  },
  "gimli": {
    "base_native": {
      "mean": 4144372.5,
      "median": 4142347.5,
      "min": 4135111.0,
      "max": 4157134.0,
      "std_dev": 6988.46282970885
    },
    "wasmtime_app": {
      "mean": 9471345.5,
      "median": 9324613.5,
      "min": 9270654.0,
      "max": 10812318.0,
      "std_dev": 472004.01211601065
    }
  },
  "heapsort": {
    "base_native": {
      "mean": 1076328390.0,
      "median": 1076328390.0,
      "min": 1076328390.0,
      "max": 1076328390.0,
      "std_dev": 0.0
    },
    "wasmtime_app": {
      "mean": 1220330208.0,
      "median": 1220330208.0,
      "min": 1220330208.0,
      "max": 1220330208.0,
      "std_dev": 0.0
    }
  },
  "keccak": {
    "base_native": {
      "mean": 7475655.1,
      "median": 7476318.0,
      "min": 7459419.0,
      "max": 7494891.0,
      "std_dev": 10180.126166539718
    },
    "wasmtime_app": {
      "mean": 22846659.9,
      "median": 21280042.5,
      "min": 21104090.0,
      "max": 37273858.0,
      "std_dev": 5070057.541246417
    }
  },
  "matrix": {
    "base_native": {
      "mean": 377904666.0,
      "median": 377904666.0,
      "min": 377887467.0,
      "max": 377921865.0,
      "std_dev": 24323.05905925486
    },
    "wasmtime_app": {
      "mean": 533697508.0,
      "median": 533697508.0,
      "min": 529773066.0,
      "max": 537621950.0,
      "std_dev": 5549999.101146594
    }
  },
  "matrix2": {
    "base_native": {
      "mean": 194269744.25,
      "median": 194261688.5,
      "min": 194242752.0,
      "max": 194312848.0,
      "std_dev": 32376.737043490553
    },
    "wasmtime_app": {
      "mean": 260227344.33333334,
      "median": 257686037.0,
      "min": 257679112.0,
      "max": 265316884.0,
      "std_dev": 4407672.004906483
    }
  },
  "memmove": {
    "base_native": {
      "mean": 47330412.5,
      "median": 47328552.5,
      "min": 47317166.0,
      "max": 47353039.0,
      "std_dev": 11762.341350919703
    },
    "wasmtime_app": {
      "mean": 520882015.0,
      "median": 520882015.0,
      "min": 515673732.0,
      "max": 526090298.0,
      "std_dev": 7365624.455277231
    }
  },
  "minicsv": {
    "base_native": {
      "mean": 738169452.0,
      "median": 738169452.0,
      "min": 738169452.0,
      "max": 738169452.0,
      "std_dev": 0.0
    },
    "wasmtime_app": {
      "mean": 1101486454.0,
      "median": 1101486454.0,
      "min": 1101486454.0,
      "max": 1101486454.0,
      "std_dev": 0.0
    }
  },
  "nestedloop": {
    "base_native": {
      "mean": 1563400.0,
      "median": 1565359.0,
      "min": 1543435.0,
      "max": 1578283.0,
      "std_dev": 13757.723896051992
    },
    "wasmtime_app": {
      "mean": 6272597.4,
      "median": 6184689.5,
      "min": 6151054.0,
      "max": 7099151.0,
      "std_dev": 290992.64346379007
    }
  },
  "nestedloop2": {
    "base_native": {
      "mean": 1579683.2727272727,
      "median": 1583783.0,
      "min": 1548485.0,
      "max": 1622181.0,
      "std_dev": 21609.657600669703
    },
    "wasmtime_app": {
      "mean": 6291024.0,
      "median": 6200239.0,
      "min": 6152254.0,
      "max": 7132099.0,
      "std_dev": 296778.6188233018
    }
  },
  "nestedloop3": {
    "base_native": {
      "mean": 2073395.5454545454,
      "median": 2071230.0,
      "min": 2054581.0,
      "max": 2100453.0,
      "std_dev": 12089.463696654508
    },
    "wasmtime_app": {
      "mean": 6863481.7,
      "median": 6744933.5,
      "min": 6719822.0,
      "max": 7938504.0,
      "std_dev": 378221.49795414566
    }
  },
  "random": {
    "base_native": {
      "mean": 577629764.5,
      "median": 577629764.5,
      "min": 577582455.0,
      "max": 577677074.0,
      "std_dev": 66905.73652908995
    },
    "wasmtime_app": {
      "mean": 290631387.6666667,
      "median": 290342904.0,
      "min": 290336179.0,
      "max": 291215080.0,
      "std_dev": 505503.5720945336
    }
  },
  "random2": {
    "base_native": {
      "mean": 577665600.0,
      "median": 577665600.0,
      "min": 577618928.0,
      "max": 577712272.0,
      "std_dev": 66004.17538307709
    },
    "wasmtime_app": {
      "mean": 290670744.0,
      "median": 290363478.0,
      "min": 290326080.0,
      "max": 291322674.0,
      "std_dev": 564897.5095324814
    }
  },
  "ratelimit": {
    "base_native": {
      "mean": 25935146.2,
      "median": 25935451.0,
      "min": 25919277.0,
      "max": 25963324.0,
      "std_dev": 12893.58444085016
    },
    "wasmtime_app": {
      "mean": 38994616.0,
      "median": 38277388.5,
      "min": 38232279.0,
      "max": 45491196.0,
      "std_dev": 2282754.1129032904
    }
  },
  "seqhash": {
    "base_native": {
      "mean": 7115494527.0,
      "median": 7115494527.0,
      "min": 7115494527.0,
      "max": 7115494527.0,
      "std_dev": 0.0
    },
    "wasmtime_app": {
      "mean": 9704214050.0,
      "median": 9704214050.0,
      "min": 9704214050.0,
      "max": 9704214050.0,
      "std_dev": 0.0
    }
  },
  "sieve": {
    "base_native": {
      "mean": 569268210.0,
      "median": 569268210.0,
      "min": 569267435.0,
      "max": 569268985.0,
      "std_dev": 1096.0155108391486
    },
    "wasmtime_app": {
      "mean": 766812237.0,
      "median": 766812237.0,
      "min": 766812237.0,
      "max": 766812237.0,
      "std_dev": 0.0
    }
  },
  "strcat": {
    "base_native": {
      "mean": 65845975.1,
      "median": 65838495.5,
      "min": 65823697.0,
      "max": 65936665.0,
      "std_dev": 32667.13906614208
    },
    "wasmtime_app": {
      "mean": 351554606.0,
      "median": 351554606.0,
      "min": 347169640.0,
      "max": 355939572.0,
      "std_dev": 6201278.387744901
    }
  },
  "strcat2": {
    "base_native": {
      "mean": 2596713.1818181816,
      "median": 2594000.0,
      "min": 2583250.0,
      "max": 2619798.0,
      "std_dev": 11299.270311114624
    },
    "wasmtime_app": {
      "mean": 9501098.7,
      "median": 8484810.5,
      "min": 8468074.0,
      "max": 17603562.0,
      "std_dev": 2866756.5610419987
    }
  },
  "strchr": {
    "base_native": {
      "mean": 155047146.8,
      "median": 155080715.0,
      "min": 154866777.0,
      "max": 155134212.0,
      "std_dev": 107485.28789420439
    },