{
  "ackermann": {
    "base_native": {
      "mean": 3196904.9,
      "median": 2895605.0,
      "min": 2862307.0,
      "max": 5976750.0,
      "std_dev": 976860.3269565488
    },
    "wasmtime_app": {
      "mean": 9136199.0,
      "median": 8695791.0,
      "min": 7977181.0,
      "max": 12454132.0,
      "std_dev": 1322365.8599701773
    }
  },
  "base64": {
    "base_native": {
      "mean": 253424493.0,
      "median": 253393420.0,
      "min": 253391220.0,
      "max": 253488839.0,
      "std_dev": 55736.126408282085
    },
    "wasmtime_app": {
      "mean": 355083106.5,
      "median": 355083106.5,
      "min": 350432015.0,
      "max": 359734198.0,
      "std_dev": 6577636.679138222
    }
  },
  "ctype": {
    "base_native": {
      "mean": 654548642.0,
      "median": 654548642.0,
      "min": 654242085.0,
      "max": 654855199.0,
      "std_dev": 433537.0670404089
    },
    "wasmtime_app": {
      "mean": 984491437.0,
      "median": 984491437.0,
      "min": 984491437.0,
      "max": 984491437.0,
      "std_dev": 0.0
    }
  },
  "ed25519": {
    "base_native": {
      "mean": 1433135525.0,
      "median": 1433135525.0,
      "min": 1433135525.0,
      "max": 1433135525.0,
      "std_dev": 0.0
    },
    "wasmtime_app": {
      "mean": 6755350202.0,
      "median": 6755350202.0,
      "min": 6755350202.0,
      "max": 6755350202.0,
      "std_dev": 0.0
    }
  },
  "fib2": {
    "base_native": {
      "mean": 6956014524.0,
      "median": 6956014524.0,
      "min": 6956014524.0,
      "max": 6956014524.0,
      "std_dev": 0.0
    },
    "wasmtime_app": {
      "mean": 10682426957.0,
      "median": 10682426957.0,
      "min": 10682426957.0,
      "max": 10682426957.0,
      "std_dev": 0.0
    }
  },
  "gimli": {
    "base_native": {
      "mean": 4129660.4,
      "median": 4131683.0,
      "min": 4112259.0,
      "max": 4140307.0,
      "std_dev": 7867.251887836481
    },
    "wasmtime_app": {
      "mean": 9511420.6,
      "median": 9353879.5,
      "min": 9335830.0,
      "max": 10847371.0,
      "std_dev": 470053.5726028588
    }
  },
  "heapsort": {
    "base_native": {
      "mean": 1076310583.0,
      "median": 1076310583.0,
      "min": 1076310583.0,
      "max": 1076310583.0,
      "std_dev": 0.0
    },
    "wasmtime_app": {
      "mean": 1220315925.0,
      "median": 1220315925.0,
      "min": 1220315925.0,
      "max": 1220315925.0,
      "std_dev": 0.0
    }
  },
  "keccak": {
    "base_native": {
      "mean": 7475199.5,
      "median": 7475162.0,
      "min": 7451038.0,
      "max": 7514860.0,
      "std_dev": 16831.652947480958
    },
    "wasmtime_app": {
      "mean": 22825462.8,
      "median": 21314451.5,
      "min": 20889638.0,
      "max": 37117886.0,
      "std_dev": 5025401.670079999
    }
  },
  "matrix": {
    "base_native": {
      "mean": 377880947.0,
      "median": 377880947.0,
      "min": 377872335.0,
      "max": 377889559.0,
      "std_dev": 12179.207199157094
    },
    "wasmtime_app": {
      "mean": 533636117.0,
      "median": 533636117.0,
      "min": 529438363.0,
      "max": 537833871.0,
      "std_dev": 5936520.638305909
    }
  },
  "matrix2": {
    "base_native": {
      "mean": 194251343.5,
      "median": 194250456.0,
      "min": 194245631.0,
      "max": 194258831.0,
      "std_dev": 6384.1111362506845
    },
    "wasmtime_app": {
      "mean": 260215898.0,
      "median": 257683522.0,
      "min": 257662948.0,
      "max": 265301224.0,
      "std_dev": 4404033.516797528
    }
  },
  "memmove": {
    "base_native": {
      "mean": 47334954.3,
      "median": 47335204.0,
      "min": 47320880.0,
      "max": 47348703.0,
      "std_dev": 8431.805553972412
    },
    "wasmtime_app": {
      "mean": 520830166.5,
      "median": 520830166.5,
      "min": 516576503.0,
      "max": 525083830.0,
      "std_dev": 6015588.611471408
    }
  },
  "minicsv": {
    "base_native": {
      "mean": 725684229.0,
      "median": 725684229.0,
      "min": 725684229.0,
      "max": 725684229.0,
      "std_dev": 0.0
    },
    "wasmtime_app": {
      "mean": 1107354706.0,
      "median": 1107354706.0,
      "min": 1107354706.0,
      "max": 1107354706.0,
      "std_dev": 0.0
    }
  },
  "nestedloop": {
    "base_native": {
      "mean": 1588554.0909090908,
      "median": 1589381.0,
      "min": 1556733.0,
      "max": 1648778.0,
      "std_dev": 26281.628961898634
    },
    "wasmtime_app": {
      "mean": 6301906.7,
      "median": 6203442.0,
      "min": 6184406.0,
      "max": 7171726.0,
      "std_dev": 306113.35335571
    }
  },
  "nestedloop2": {
    "base_native": {
      "mean": 1693763.9090909092,
      "median": 1588432.0,
      "min": 1556733.0,
      "max": 2812860.0,
      "std_dev": 371766.4210391935
    },
    "wasmtime_app": {
      "mean": 6266516.0,
      "median": 6186530.5,
      "min": 6135383.0,
      "max": 7041658.0,
      "std_dev": 273184.0027478427
    }
  },
  "nestedloop3": {
    "base_native": {
      "mean": 2102540.0,
      "median": 2100502.0,
      "min": 2068003.0,
      "max": 2177972.0,
      "std_dev": 29931.653853404092
    },
    "wasmtime_app": {
      "mean": 6880899.4,
      "median": 6753924.0,
      "min": 6738700.0,
      "max": 7994205.0,
      "std_dev": 391461.0281213473
    }
  },
  "random": {
    "base_native": {
      "mean": 577578959.5,
      "median": 577578959.5,
      "min": 577578497.0,
      "max": 577579422.0,
      "std_dev": 654.0737725975565
    },
    "wasmtime_app": {
      "mean": 290715152.6666667,
      "median": 290462550.0,
      "min": 290373580.0,
      "max": 291309328.0,
      "std_dev": 516490.2325130005
    }
  },
  "random2": {
    "base_native": {
      "mean": 577668979.0,
      "median": 577668979.0,
      "min": 577579797.0,
      "max": 577758161.0,
      "std_dev": 126122.39391955736
    },
    "wasmtime_app": {
      "mean": 290687845.3333333,
      "median": 290395828.0,
      "min": 290331557.0,
      "max": 291336151.0,
      "std_dev": 562368.0898080308
    }
  },
  "ratelimit": {
    "base_native": {
      "mean": 25922862.2,
      "median": 25922532.0,
      "min": 25911733.0,
      "max": 25951956.0,
      "std_dev": 11403.390497761815
    },
    "wasmtime_app": {
      "mean": 39056330.4,
      "median": 38330680.5,
      "min": 38319669.0,
      "max": 45579540.0,
      "std_dev": 2292045.684231796
    }
  },
  "seqhash": {
    "base_native": {
      "mean": 7108788033.0,
      "median": 7108788033.0,
      "min": 7108788033.0,
      "max": 7108788033.0,
      "std_dev": 0.0
    },
    "wasmtime_app": {
      "mean": 9672652450.0,
      "median": 9672652450.0,
      "min": 9672652450.0,
      "max": 9672652450.0,
      "std_dev": 0.0
    }
  },
  "sieve": {
    "base_native": {
      "mean": 569191737.5,
      "median": 569191737.5,
      "min": 569183838.0,
      "max": 569199637.0,
      "std_dev": 11171.580035966264
    },
    "wasmtime_app": {
      "mean": 767136322.0,
      "median": 767136322.0,
      "min": 767136322.0,
      "max": 767136322.0,
      "std_dev": 0.0
    }
  },
  "strcat": {
    "base_native": {
      "mean": 65853313.1,
      "median": 65843446.0,
      "min": 65832172.0,
      "max": 65935291.0,
      "std_dev": 30905.88694533418
    },
    "wasmtime_app": {
      "mean": 349729554.5,
      "median": 349729554.5,
      "min": 344234060.0,
      "max": 355225049.0,
      "std_dev": 7771802.853846751
    }
  },
  "strcat2": {
    "base_native": {
      "mean": 2596088.5454545454,
      "median": 2593148.0,
      "min": 2579299.0,
      "max": 2617121.0,
      "std_dev": 12715.822139080401
    },
    "wasmtime_app": {
      "mean": 9399991.8,
      "median": 8478428.0,
      "min": 8442655.0,
      "max": 17733764.0,
      "std_dev": 2928275.982049916
    }
  },
  "strchr": {
    "base_native": {
      "mean": 154644308.8,
      "median": 154587977.0,
      "min": 154534805.0,
      "max": 154944581.0,
      "std_dev": 169630.97732489783
    },