{
  "ackermann": {
    "base_native": {
      "mean": 3303143.0,
      "median": 2938225.5,
      "min": 2899865.0,
      "max": 6686982.0,
      "std_dev": 1189088.4101931006
    },
    "wasmtime_app": {
      "mean": 8997557.3,
      "median": 8331552.0,
      "min": 7957563.0,
      "max": 13219132.0,
      "std_dev": 1652055.5742352582
    }
  },
  "base64": {
    "base_native": {
      "mean": 254673780.0,
      "median": 256997702.0,
      "min": 249505889.0,
      "max": 257517749.0,
      "std_dev": 4483072.078548704
    },
    "wasmtime_app": {
      "mean": 355133068.0,
      "median": 355133068.0,
      "min": 350451782.0,
      "max": 359814354.0,
      "std_dev": 6620338.150547297
    }
  },
  "ctype": {
    "base_native": {
      "mean": 654331806.5,
      "median": 654331806.5,
      "min": 653907792.0,
      "max": 654755821.0,
      "std_dev": 599647.0565428467
    },
    "wasmtime_app": {
      "mean": 981956636.0,
      "median": 981956636.0,
      "min": 981956636.0,
      "max": 981956636.0,
      "std_dev": 0.0
    }
  },
  "ed25519": {
    "base_native": {
      "mean": 1433256617.0,
      "median": 1433256617.0,
      "min": 1433256617.0,
      "max": 1433256617.0,
      "std_dev": 0.0
    },
    "wasmtime_app": {
      "mean": 6750133702.0,
      "median": 6750133702.0,
      "min": 6750133702.0,
      "max": 6750133702.0,
      "std_dev": 0.0
    }
  },
  "fib2": {
    "base_native": {
      "mean": 6956322350.0,
      "median": 6956322350.0,
      "min": 6956322350.0,
      "max": 6956322350.0,
      "std_dev": 0.0
    },
    "wasmtime_app": {
      "mean": 10665588990.0,
      "median": 10665588990.0,
      "min": 10665588990.0,
      "max": 10665588990.0,
      "std_dev": 0.0
    }
  },
  "gimli": {
    "base_native": {
      "mean": 4140176.9,
      "median": 4139934.5,
      "min": 4116548.0,
      "max": 4167770.0,
      "std_dev": 13853.15714878341
    },
    "wasmtime_app": {
      "mean": 9483385.1,
      "median": 9345997.0,
      "min": 9286523.0,
      "max": 10763405.0,
      "std_dev": 450645.93170752627
    }
  },
  "heapsort": {
    "base_native": {
      "mean": 1076417875.0,
      "median": 1076417875.0,
      "min": 1076417875.0,
      "max": 1076417875.0,
      "std_dev": 0.0
    },
    "wasmtime_app": {
      "mean": 1220416423.0,
      "median": 1220416423.0,
      "min": 1220416423.0,
      "max": 1220416423.0,
      "std_dev": 0.0
    }
  },
  "keccak": {
    "base_native": {
      "mean": 7487140.5,
      "median": 7486213.0,
      "min": 7472039.0,
      "max": 7498012.0,
      "std_dev": 8274.751520270698
    },
    "wasmtime_app": {
      "mean": 22853585.3,
      "median": 21234431.0,
      "min": 20970276.0,
      "max": 37250217.0,
      "std_dev": 5061055.98727174
    }
  },
  "matrix": {
    "base_native": {
      "mean": 377874647.5,
      "median": 377874647.5,
      "min": 377873660.0,
      "max": 377875635.0,
      "std_dev": 1396.5358928434314
    },
    "wasmtime_app": {
      "mean": 533840943.5,
      "median": 533840943.5,
      "min": 529809201.0,
      "max": 537872686.0,
      "std_dev": 5701744.923496008
    }
  },
  "matrix2": {
    "base_native": {
      "mean": 194286086.0,
      "median": 194267912.0,
      "min": 194255225.0,
      "max": 194353295.0,
      "std_dev": 45239.4571217059
    },
    "wasmtime_app": {
      "mean": 260210490.0,
      "median": 257690365.0,
      "min": 257659691.0,
      "max": 265281414.0,
      "std_dev": 4391575.785968062
    }
  },
  "memmove": {
    "base_native": {
      "mean": 47342587.9,
      "median": 47340460.5,
      "min": 47322599.0,
      "max": 47361972.0,
      "std_dev": 11583.05291219317
    },
    "wasmtime_app": {
      "mean": 521110084.5,
      "median": 521110084.5,
      "min": 516366775.0,
      "max": 525853394.0,
      "std_dev": 6708052.625433144
    }
  },
  "minicsv": {
    "base_native": {
      "mean": 744878818.0,
      "median": 744878818.0,
      "min": 744878818.0,
      "max": 744878818.0,
      "std_dev": 0.0
    },
    "wasmtime_app": {
      "mean": 1106470460.0,
      "median": 1106470460.0,
      "min": 1106470460.0,
      "max": 1106470460.0,
      "std_dev": 0.0
    }
  },
  "nestedloop": {
    "base_native": {
      "mean": 1583730.5454545454,
      "median": 1586487.0,
      "min": 1554739.0,
      "max": 1598012.0,
      "std_dev": 13341.647846976299
    },
    "wasmtime_app": {
      "mean": 6320694.1,
      "median": 6236601.5,
      "min": 6195540.0,
      "max": 7138312.0,
      "std_dev": 288284.19675708516
    }
  },
  "nestedloop2": {
    "base_native": {
      "mean": 1585617.0,
      "median": 1585112.0,
      "min": 1557064.0,
      "max": 1635385.0,
      "std_dev": 25904.689146947894
    },
    "wasmtime_app": {
      "mean": 6310489.3,
      "median": 6224389.0,
      "min": 6197665.0,
      "max": 7065714.0,
      "std_dev": 266106.1076388097
    }
  },
  "nestedloop3": {
    "base_native": {
      "mean": 2093498.0909090908,
      "median": 2086110.0,
      "min": 2062186.0,
      "max": 2150856.0,
      "std_dev": 22243.45113715291
    },
    "wasmtime_app": {
      "mean": 6884597.3,
      "median": 6756986.0,
      "min": 6743574.0,
      "max": 7956213.0,
      "std_dev": 377204.909086722
    }
  },
  "random": {
    "base_native": {
      "mean": 577617722.0,
      "median": 577617722.0,
      "min": 577589086.0,
      "max": 577646358.0,
      "std_dev": 40497.41957211595
    },
    "wasmtime_app": {
      "mean": 290707508.0,
      "median": 290441341.0,
      "min": 290409542.0,
      "max": 291271641.0,
      "std_dev": 488812.15754827537
    }
  },
  "random2": {
    "base_native": {
      "mean": 577661169.5,
      "median": 577661169.5,
      "min": 577594411.0,
      "max": 577727928.0,
      "std_dev": 94410.77610368427
    },
    "wasmtime_app": {
      "mean": 290779364.6666667,
      "median": 290459816.0,
      "min": 290455766.0,
      "max": 291422512.0,
      "std_dev": 556985.6101420694
    }
  },
  "ratelimit": {
    "base_native": {
      "mean": 25939539.2,
      "median": 25934736.5,
      "min": 25925950.0,
      "max": 25961898.0,
      "std_dev": 11301.951874688626
    },
    "wasmtime_app": {
      "mean": 39070338.2,
      "median": 38348460.0,
      "min": 38332685.0,
      "max": 45558970.0,
      "std_dev": 2279907.7535109855
    }
  },
  "seqhash": {
    "base_native": {
      "mean": 7107312728.0,
      "median": 7107312728.0,
      "min": 7107312728.0,
      "max": 7107312728.0,
      "std_dev": 0.0
    },
    "wasmtime_app": {
      "mean": 9687821354.0,
      "median": 9687821354.0,
      "min": 9687821354.0,
      "max": 9687821354.0,
      "std_dev": 0.0
    }
  },
  "sieve": {
    "base_native": {
      "mean": 569247094.5,
      "median": 569247094.5,
      "min": 569237495.0,
      "max": 569256694.0,
      "std_dev": 13575.743092000526
    },
    "wasmtime_app": {
      "mean": 767067448.0,
      "median": 767067448.0,
      "min": 767067448.0,
      "max": 767067448.0,
      "std_dev": 0.0
    }
  },
  "strcat": {
    "base_native": {
      "mean": 65865455.4,
      "median": 65855418.5,
      "min": 65838007.0,
      "max": 65964875.0,
      "std_dev": 36951.26631178483
    },
    "wasmtime_app": {
      "mean": 349785402.5,
      "median": 349785402.5,
      "min": 344248667.0,
      "max": 355322138.0,
      "std_dev": 7830126.43537258
    }
  },
  "strcat2": {
    "base_native": {
      "mean": 2594586.3636363638,
      "median": 2592657.0,
      "min": 2573008.0,
      "max": 2624005.0,
      "std_dev": 15731.435562419138
    },
    "wasmtime_app": {
      "mean": 9384653.0,
      "median": 8479160.0,
      "min": 8413249.0,
      "max": 17614201.0,
      "std_dev": 2891699.2538329815
    }
  },
  "strchr": {
    "base_native": {
      "mean": 155186887.0,
      "median": 155185747.0,
      "min": 155181197.0,
      "max": 155192247.0,
      "std_dev": 4756.495558707062
    },
    "wasmtime_app": {
      "mean": 406644249.5,