{
  "ackermann": {
    "base_native": {
      "mean": 3252021.0,
      "median": 2941093.5,
      "min": 2906258.0,
      "max": 6119325.0,
      "std_dev": 1007625.747584114
    },
    "wasmtime_app": {
      "mean": 8912727.6,
      "median": 8918734.5,
      "min": 8187314.0,
      "max": 10524407.0,
      "std_dev": 700052.5925916329
    }
  },
  "base64": {
    "base_native": {
      "mean": 251099524.0,
      "median": 249507065.0,
      "min": 249503415.0,
      "max": 254288092.0,
      "std_dev": 2761381.4927664376
    },
    "wasmtime_app": {
      "mean": 357654388.5,
      "median": 357654388.5,
      "min": 350450194.0,
      "max": 364858583.0,
      "std_dev": 10188269.567873659
    }
  },
  "ctype": {
    "base_native": {
      "mean": 654113142.0,
      "median": 654113142.0,
      "min": 653856007.0,
      "max": 654370277.0,
      "std_dev": 363643.8043608058
    },
    "wasmtime_app": {
      "mean": 985922717.0,
      "median": 985922717.0,
      "min": 985922717.0,
      "max": 985922717.0,
      "std_dev": 0.0
    }
  },
  "ed25519": {
    "base_native": {
      "mean": 1433131646.0,
      "median": 1433131646.0,
      "min": 1433131646.0,
      "max": 1433131646.0,
      "std_dev": 0.0
    },
    "wasmtime_app": {
      "mean": 6793678515.0,
      "median": 6793678515.0,
      "min": 6793678515.0,
      "max": 6793678515.0,
      "std_dev": 0.0
    }
  },
  "fib2": {
    "base_native": {
      "mean": 6956008039.0,
      "median": 6956008039.0,
      "min": 6956008039.0,
      "max": 6956008039.0,
      "std_dev": 0.0
    },
    "wasmtime_app": {
      "mean": 10688989209.0,
      "median": 10688989209.0,
      "min": 10688989209.0,
      "max": 10688989209.0,
      "std_dev": 0.0
    }
  },
  "gimli": {
    "base_native": {
      "mean": 4154439.6,
      "median": 4149762.0,
      "min": 4126964.0,
      "max": 4190110.0,
      "std_dev": 24170.514581935477
    },
    "wasmtime_app": {
      "mean": 9528927.9,
      "median": 9354598.0,
      "min": 9311075.0,
      "max": 11119198.0,
      "std_dev": 559375.928386954
    }
  },
  "heapsort": {
    "base_native": {
      "mean": 1076497453.0,
      "median": 1076497453.0,
      "min": 1076497453.0,
      "max": 1076497453.0,
      "std_dev": 0.0
    },
    "wasmtime_app": {
      "mean": 1220429689.0,
      "median": 1220429689.0,
      "min": 1220429689.0,
      "max": 1220429689.0,
      "std_dev": 0.0
    }
  },
  "keccak": {
    "base_native": {
      "mean": 7485279.3,
      "median": 7485234.5,
      "min": 7461123.0,
      "max": 7500221.0,
      "std_dev": 10955.234903409824
    },
    "wasmtime_app": {
      "mean": 22869627.0,
      "median": 21315549.5,
      "min": 21009792.0,
      "max": 37010041.0,
      "std_dev": 4973432.264720523
    }
  },
  "matrix": {
    "base_native": {
      "mean": 377883853.5,
      "median": 377883853.5,
      "min": 377863105.0,
      "max": 377904602.0,
      "std_dev": 29342.810098898164
    },
    "wasmtime_app": {
      "mean": 533532586.5,
      "median": 533532586.5,
      "min": 529405119.0,
      "max": 537660054.0,
      "std_dev": 5837120.516754173
    }
  },
  "matrix2": {
    "base_native": {
      "mean": 194267203.5,
      "median": 194262197.5,
      "min": 194251773.0,
      "max": 194292646.0,
      "std_dev": 18267.284134940986
    },
    "wasmtime_app": {
      "mean": 260264338.33333334,
      "median": 257725365.0,
      "min": 257709715.0,
      "max": 265357935.0,
      "std_dev": 4411191.050343811
    }
  },
  "memmove": {
    "base_native": {
      "mean": 47333269.4,
      "median": 47332182.0,
      "min": 47310421.0,
      "max": 47352093.0,
      "std_dev": 13990.781323587487
    },
    "wasmtime_app": {
      "mean": 520246709.5,
      "median": 520246709.5,
      "min": 515675917.0,
      "max": 524817502.0,
      "std_dev": 6464076.744293225
    }
  },
  "minicsv": {
    "base_native": {
      "mean": 756742777.0,
      "median": 756742777.0,
      "min": 756742777.0,
      "max": 756742777.0,
      "std_dev": 0.0
    },
    "wasmtime_app": {
      "mean": 1105623803.0,
      "median": 1105623803.0,
      "min": 1105623803.0,
      "max": 1105623803.0,
      "std_dev": 0.0
    }
  },
  "nestedloop": {
    "base_native": {
      "mean": 1573282.3636363635,
      "median": 1578784.0,
      "min": 1545361.0,
      "max": 1591159.0,
      "std_dev": 15854.530294352635
    },
    "wasmtime_app": {
      "mean": 6284070.8,
      "median": 6189139.0,
      "min": 6164702.0,
      "max": 7110874.0,
      "std_dev": 291223.4970960352
    }
  },
  "nestedloop2": {
    "base_native": {
      "mean": 1569825.8181818181,
      "median": 1566485.0,
      "min": 1547036.0,
      "max": 1608208.0,
      "std_dev": 18662.761407777693
    },
    "wasmtime_app": {
      "mean": 6285138.1,
      "median": 6194376.0,
      "min": 6183351.0,
      "max": 7065927.0,
      "std_dev": 274821.7601814149
    }
  },
  "nestedloop3": {
    "base_native": {
      "mean": 2080489.8181818181,
      "median": 2079756.0,
      "min": 2057557.0,
      "max": 2106429.0,
      "std_dev": 14299.03232962414
    },
    "wasmtime_app": {
      "mean": 6856686.1,
      "median": 6742070.0,
      "min": 6691423.0,
      "max": 7953527.0,
      "std_dev": 385785.6225820098
    }
  },
  "random": {
    "base_native": {
      "mean": 577571178.5,
      "median": 577571178.5,
      "min": 577567916.0,
      "max": 577574441.0,
      "std_dev": 4613.871747242222
    },
    "wasmtime_app": {
      "mean": 290714157.6666667,
      "median": 290458372.0,
      "min": 290408350.0,
      "max": 291275751.0,
      "std_dev": 486996.7701682767
    }
  },
  "random2": {
    "base_native": {
      "mean": 577621588.5,
      "median": 577621588.5,
      "min": 577577816.0,
      "max": 577665361.0,
      "std_dev": 61903.663158976306
    },
    "wasmtime_app": {
      "mean": 290721731.6666667,
      "median": 290428598.0,
      "min": 290410824.0,
      "max": 291325773.0,
      "std_dev": 523190.62305275816
    }
  },
  "ratelimit": {
    "base_native": {
      "mean": 25924475.4,
      "median": 25921993.0,
      "min": 25909219.0,
      "max": 25948067.0,
      "std_dev": 10984.684188046149
    },
    "wasmtime_app": {
      "mean": 39075661.9,
      "median": 38354565.0,
      "min": 38331116.0,
      "max": 45605257.0,
      "std_dev": 2294309.1135640834
    }
  },
  "seqhash": {
    "base_native": {
      "mean": 7123024294.0,
      "median": 7123024294.0,
      "min": 7123024294.0,
      "max": 7123024294.0,
      "std_dev": 0.0
    },
    "wasmtime_app": {
      "mean": 9685315341.0,
      "median": 9685315341.0,
      "min": 9685315341.0,
      "max": 9685315341.0,
      "std_dev": 0.0
    }
  },
  "sieve": {
    "base_native": {
      "mean": 569220743.5,
      "median": 569220743.5,
      "min": 569216844.0,
      "max": 569224643.0,
      "std_dev": 5514.725786473884
    },
    "wasmtime_app": {
      "mean": 767198506.0,
      "median": 767198506.0,
      "min": 767198506.0,
      "max": 767198506.0,
      "std_dev": 0.0
    }
  },
  "strcat": {
    "base_native": {
      "mean": 65857825.7,
      "median": 65845036.0,
      "min": 65835012.0,
      "max": 65964605.0,
      "std_dev": 38763.568921948696
    },
    "wasmtime_app": {
      "mean": 352722966.0,
      "median": 352722966.0,
      "min": 350147586.0,
      "max": 355298346.0,
      "std_dev": 3642137.3242644216
    }
  },
  "strcat2": {
    "base_native": {
      "mean": 2591196.8181818184,
      "median": 2589951.0,
      "min": 2570028.0,
      "max": 2612250.0,
      "std_dev": 11345.073889738944
    },
    "wasmtime_app": {
      "mean": 9426721.2,
      "median": 8511445.0,
      "min": 8483722.0,
      "max": 17729701.0,
      "std_dev": 2917420.0540410816
    }
  },
  "strchr": {
    "base_native": {
      "mean": 154833400.8,
      "median": 154834801.0,
      "min": 154793803.0,
      "max": 154879648.0,
      "std_dev": 39174.77543266841
    },