{
  "ackermann": {
    "base_native": {
      "mean": 3142823.5,
      "median": 2849670.5,
      "min": 2815335.0,
      "max": 5284491.0,
      "std_dev": 773752.8140702372
    },
    "wasmtime_app": {
      "mean": 9010007.7,
      "median": 8663300.5,
      "min": 7964090.0,
      "max": 12665294.0,
      "std_dev": 1344031.2016184784
    }
  },
  "base64": {
    "base_native": {
      "mean": 249519679.66666666,
      "median": 249495248.0,
      "min": 249491473.0,
      "max": 249572318.0,
      "std_dev": 45625.1932415999
    },
    "wasmtime_app": {
      "mean": 355239182.5,
      "median": 355239182.5,
      "min": 350777552.0,
      "max": 359700813.0,
      "std_dev": 6309698.363397453
    }
  },
  "ctype": {
    "base_native": {
      "mean": 654132247.5,
      "median": 654132247.5,
      "min": 653780018.0,
      "max": 654484477.0,
      "std_dev": 498127.7359678941
    },
    "wasmtime_app": {
      "mean": 961107517.0,
      "median": 961107517.0,
      "min": 961107517.0,
      "max": 961107517.0,
      "std_dev": 0.0
    }
  },
  "ed25519": {
    "base_native": {
      "mean": 1433167835.0,
      "median": 1433167835.0,
      "min": 1433167835.0,
      "max": 1433167835.0,
      "std_dev": 0.0
    },
    "wasmtime_app": {
      "mean": 6765830349.0,
      "median": 6765830349.0,
      "min": 6765830349.0,
      "max": 6765830349.0,
      "std_dev": 0.0
    }
  },
  "fib2": {
    "base_native": {
      "mean": 6956223578.0,
      "median": 6956223578.0,
      "min": 6956223578.0,
      "max": 6956223578.0,
      "std_dev": 0.0
    },
    "wasmtime_app": {
      "mean": 10663012052.0,
      "median": 10663012052.0,
      "min": 10663012052.0,
      "max": 10663012052.0,
      "std_dev": 0.0
    }
  },
  "gimli": {
    "base_native": {
      "mean": 4154822.2,
      "median": 4152307.0,
      "min": 4143708.0,
      "max": 4174031.0,
      "std_dev": 8627.262624958163
    },
    "wasmtime_app": {
      "mean": 9509883.9,
      "median": 9347598.5,
      "min": 9306438.0,
      "max": 10914520.0,
      "std_dev": 495271.5794527842
    }
  },
  "heapsort": {
    "base_native": {
      "mean": 1076430542.0,
      "median": 1076430542.0,
      "min": 1076430542.0,
      "max": 1076430542.0,
      "std_dev": 0.0
    },
    "wasmtime_app": {
      "mean": 1220418542.0,
      "median": 1220418542.0,
      "min": 1220418542.0,
      "max": 1220418542.0,
      "std_dev": 0.0
    }
  },
  "keccak": {
    "base_native": {
      "mean": 7488932.7,
      "median": 7485450.5,
      "min": 7475339.0,
      "max": 7509387.0,
      "std_dev": 11608.175395431925
    },
    "wasmtime_app": {
      "mean": 22804957.3,
      "median": 21186541.0,
      "min": 20995964.0,
      "max": 37000391.0,
      "std_dev": 4989786.590304641
    }
  },
  "matrix": {
    "base_native": {
      "mean": 377892259.0,
      "median": 377892259.0,
      "min": 377879985.0,
      "max": 377904533.0,
      "std_dev": 17358.057264567367
    },
    "wasmtime_app": {
      "mean": 533748716.5,
      "median": 533748716.5,
      "min": 529788282.0,
      "max": 537709151.0,
      "std_dev": 5600900.182790307
    }
  },
  "matrix2": {
    "base_native": {
      "mean": 194274843.5,
      "median": 194268356.5,
      "min": 194257094.0,
      "max": 194305567.0,
      "std_dev": 21323.721946852213
    },
    "wasmtime_app": {
      "mean": 260214006.33333334,
      "median": 257665720.0,
      "min": 257662845.0,
      "max": 265313454.0,
      "std_dev": 4416251.458557397
    }
  },
  "memmove": {
    "base_native": {
      "mean": 47340650.8,
      "median": 47341625.5,
      "min": 47327314.0,
      "max": 47346963.0,
      "std_dev": 6285.638300478675
    },
    "wasmtime_app": {
      "mean": 520261794.0,
      "median": 520261794.0,
      "min": 515749892.0,
      "max": 524773696.0,
      "std_dev": 6380793.000498292
    }
  },
  "minicsv": {
    "base_native": {
      "mean": 748719130.0,
      "median": 748719130.0,
      "min": 748719130.0,
      "max": 748719130.0,
      "std_dev": 0.0
    },
    "wasmtime_app": {
      "mean": 1097032706.0,
      "median": 1097032706.0,
      "min": 1097032706.0,
      "max": 1097032706.0,
      "std_dev": 0.0
    }
  },
  "nestedloop": {
    "base_native": {
      "mean": 1575466.6363636365,
      "median": 1578832.0,
      "min": 1550059.0,
      "max": 1606131.0,
      "std_dev": 19096.324501184656
    },
    "wasmtime_app": {
      "mean": 6255976.3,
      "median": 6162131.5,
      "min": 6134946.0,
      "max": 7108240.0,
      "std_dev": 300689.00376821595
    }
  },
  "nestedloop2": {
    "base_native": {
      "mean": 1579271.1818181819,
      "median": 1577932.0,
      "min": 1556159.0,
      "max": 1606856.0,
      "std_dev": 16017.361672998348
    },
    "wasmtime_app": {
      "mean": 6328204.5,
      "median": 6201817.0,
      "min": 6163869.0,
      "max": 7494017.0,
      "std_dev": 410378.7419947172
    }
  },
  "nestedloop3": {
    "base_native": {
      "mean": 2091479.8181818181,
      "median": 2084803.0,
      "min": 2070529.0,
      "max": 2117601.0,
      "std_dev": 15787.615873324141
    },
    "wasmtime_app": {
      "mean": 6859019.0,
      "median": 6736511.0,
      "min": 6724162.0,
      "max": 7948791.0,
      "std_dev": 383015.9844738134
    }
  },
  "random": {
    "base_native": {
      "mean": 577716441.5,
      "median": 577716441.5,
      "min": 577649083.0,
      "max": 577783800.0,
      "std_dev": 95259.30424110813
    },
    "wasmtime_app": {
      "mean": 290699674.0,
      "median": 290415607.0,
      "min": 290400583.0,
      "max": 291282832.0,
      "std_dev": 505085.5074806641
    }
  },
  "random2": {
    "base_native": {
      "mean": 577649195.5,
      "median": 577649195.5,
      "min": 577566488.0,
      "max": 577731903.0,
      "std_dev": 116966.06820997276
    },
    "wasmtime_app": {
      "mean": 290787427.0,
      "median": 290619970.0,
      "min": 290395958.0,
      "max": 291346353.0,
      "std_dev": 496834.02575004863
    }
  },
  "ratelimit": {
    "base_native": {
      "mean": 25929382.1,
      "median": 25930887.0,
      "min": 25893939.0,
      "max": 25960260.0,
      "std_dev": 17452.588063092535
    },
    "wasmtime_app": {
      "mean": 39051673.2,
      "median": 38328577.5,
      "min": 38298117.0,
      "max": 45576397.0,
      "std_dev": 2292610.4460178525
    }
  },
  "seqhash": {
    "base_native": {
      "mean": 7119997176.0,
      "median": 7119997176.0,
      "min": 7119997176.0,
      "max": 7119997176.0,
      "std_dev": 0.0
    },
    "wasmtime_app": {
      "mean": 9697895416.0,
      "median": 9697895416.0,
      "min": 9697895416.0,
      "max": 9697895416.0,
      "std_dev": 0.0
    }
  },
  "sieve": {
    "base_native": {
      "mean": 569234048.5,
      "median": 569234048.5,
      "min": 569207600.0,
      "max": 569260497.0,
      "std_dev": 37403.8274044248
    },
    "wasmtime_app": {
      "mean": 767063353.0,
      "median": 767063353.0,
      "min": 767063353.0,
      "max": 767063353.0,
      "std_dev": 0.0
    }
  },
  "strcat": {
    "base_native": {
      "mean": 65857668.3,
      "median": 65844959.0,
      "min": 65827610.0,
      "max": 65977601.0,
      "std_dev": 43999.16798973463
    },
    "wasmtime_app": {
      "mean": 352720190.5,
      "median": 352720190.5,
      "min": 350196636.0,
      "max": 355243745.0,
      "std_dev": 3568844.9992876546
    }
  },
  "strcat2": {
    "base_native": {
      "mean": 2591273.3636363638,
      "median": 2585049.0,
      "min": 2576349.0,
      "max": 2623446.0,
      "std_dev": 15729.251134575525
    },
    "wasmtime_app": {
      "mean": 9414046.9,
      "median": 8497884.5,
      "min": 8460512.0,
      "max": 17687130.0,
      "std_dev": 2906965.619704676
    }
  },
  "strchr": {
    "base_native": {
      "mean": 154999204.2,
      "median": 155056006.0,
      "min": 154737324.0,
      "max": 155088279.0,
      "std_dev": 147065.63372079827
    },