{
  "ackermann": {
    "base_native": {
      "mean": 3571751.8,
      "median": 3034911.0,
      "min": 2998938.0,
      "max": 8471164.0,
      "std_dev": 1721563.979339123
    },
    "wasmtime_app": {
      "mean": 9040865.1,
      "median": 8521319.0,
      "min": 8321920.0,
      "max": 12729338.0,
      "std_dev": 1368928.123707292
    }
  },
  "base64": {
    "base_native": {
      "mean": 256091784.33333334,
      "median": 257469397.0,
      "min": 251090462.0,
      "max": 259715494.0,
      "std_dev": 4474500.725754364
    },
    "wasmtime_app": {
      "mean": 368350565.5,
      "median": 368350565.5,
      "min": 359475071.0,
      "max": 377226060.0,
      "std_dev": 12551844.694667812
    }
  },
  "ctype": {
    "base_native": {
      "mean": 654215525.0,
      "median": 654215525.0,
      "min": 654186201.0,
      "max": 654244849.0,
      "std_dev": 41470.39850302864
    },
    "wasmtime_app": {
      "mean": 959982886.0,
      "median": 959982886.0,
      "min": 959982886.0,
      "max": 959982886.0,
      "std_dev": 0.0
    }
  },
  "ed25519": {
    "base_native": {
      "mean": 1434616053.0,
      "median": 1434616053.0,
      "min": 1434616053.0,
      "max": 1434616053.0,
      "std_dev": 0.0
    },
    "wasmtime_app": {
      "mean": 6720001769.0,
      "median": 6720001769.0,
      "min": 6720001769.0,
      "max": 6720001769.0,
      "std_dev": 0.0
    }
  },
  "fib2": {
    "base_native": {
      "mean": 6957170325.0,
      "median": 6957170325.0,
      "min": 6957170325.0,
      "max": 6957170325.0,
      "std_dev": 0.0
    },
    "wasmtime_app": {
      "mean": 10683659925.0,
      "median": 10683659925.0,
      "min": 10683659925.0,
      "max": 10683659925.0,
      "std_dev": 0.0
    }
  },
  "gimli": {
    "base_native": {
      "mean": 4147085.6,
      "median": 4144323.5,
      "min": 4137761.0,
      "max": 4172609.0,
      "std_dev": 9978.519175375339
    },
    "wasmtime_app": {
      "mean": 9473592.5,
      "median": 9323650.5,
      "min": 9304352.0,
      "max": 10788748.0,
      "std_dev": 462426.6744796171
    }
  },
  "heapsort": {
    "base_native": {
      "mean": 1076940120.0,
      "median": 1076940120.0,
      "min": 1076940120.0,
      "max": 1076940120.0,
      "std_dev": 0.0
    },
    "wasmtime_app": {
      "mean": 1220957190.0,
      "median": 1220957190.0,
      "min": 1220957190.0,
      "max": 1220957190.0,
      "std_dev": 0.0
    }
  },
  "keccak": {
    "base_native": {
      "mean": 7484256.3,
      "median": 7483171.5,
      "min": 7462435.0,
      "max": 7501833.0,
      "std_dev": 10889.114116094723
    },
    "wasmtime_app": {
      "mean": 22819060.8,
      "median": 21340001.5,
      "min": 20975139.0,
      "max": 36954077.0,
      "std_dev": 4969503.842155132
    }
  },
  "matrix": {
    "base_native": {
      "mean": 377991594.5,
      "median": 377991594.5,
      "min": 377983182.0,
      "max": 378000007.0,
      "std_dev": 11897.071593463663
    },
    "wasmtime_app": {
      "mean": 533610059.5,
      "median": 533610059.5,
      "min": 529430713.0,
      "max": 537789406.0,
      "std_dev": 5910488.502156527
    }
  },
  "matrix2": {
    "base_native": {
      "mean": 194300905.25,
      "median": 194300761.5,
      "min": 194279950.0,
      "max": 194322148.0,
      "std_dev": 21602.13895852291
    },
    "wasmtime_app": {
      "mean": 260210207.33333334,
      "median": 257673184.0,
      "min": 257630612.0,
      "max": 265326826.0,
      "std_dev": 4431172.87282468
    }
  },
  "memmove": {
    "base_native": {
      "mean": 47351405.2,
      "median": 47351930.5,
      "min": 47322294.0,
      "max": 47384241.0,
      "std_dev": 16745.04601234513
    },
    "wasmtime_app": {
      "mean": 520282400.0,
      "median": 520282400.0,
      "min": 515627174.0,
      "max": 524937626.0,
      "std_dev": 6583483.745111854
    }
  },
  "minicsv": {
    "base_native": {
      "mean": 721168950.0,
      "median": 721168950.0,
      "min": 721168950.0,
      "max": 721168950.0,
      "std_dev": 0.0
    },
    "wasmtime_app": {
      "mean": 1094795149.0,
      "median": 1094795149.0,
      "min": 1094795149.0,
      "max": 1094795149.0,
      "std_dev": 0.0
    }
  },
  "nestedloop": {
    "base_native": {
      "mean": 1577561.7272727273,
      "median": 1581602.0,
      "min": 1548479.0,
      "max": 1601352.0,
      "std_dev": 16962.050937848933
    },
    "wasmtime_app": {
      "mean": 6263608.5,
      "median": 6166470.5,
      "min": 6144172.0,
      "max": 7140427.0,
      "std_dev": 308500.6701888092
    }
  },
  "nestedloop2": {
    "base_native": {
      "mean": 1571200.5454545454,
      "median": 1576328.0,
      "min": 1544579.0,
      "max": 1585177.0,
      "std_dev": 14441.789067588796
    },
    "wasmtime_app": {
      "mean": 6278229.8,
      "median": 6179131.5,
      "min": 6147921.0,
      "max": 7192999.0,
      "std_dev": 322468.9872498681
    }
  },
  "nestedloop3": {
    "base_native": {
      "mean": 2077827.8181818181,
      "median": 2079830.0,
      "min": 2060031.0,
      "max": 2085530.0,
      "std_dev": 6626.424176253462
    },
    "wasmtime_app": {
      "mean": 6825224.3,
      "median": 6704520.5,
      "min": 6676360.0,
      "max": 7931122.0,
      "std_dev": 389135.41672677675
    }
  },
  "random": {
    "base_native": {
      "mean": 577745221.0,
      "median": 577745221.0,
      "min": 577693661.0,
      "max": 577796781.0,
      "std_dev": 72916.85127595678
    },
    "wasmtime_app": {
      "mean": 290687810.3333333,
      "median": 290388506.0,
      "min": 290348859.0,
      "max": 291326066.0,
      "std_dev": 553100.9791858385
    }
  },
  "random2": {
    "base_native": {
      "mean": 577765869.5,
      "median": 577765869.5,
      "min": 577679936.0,
      "max": 577851803.0,
      "std_dev": 121528.32116218837
    },
    "wasmtime_app": {
      "mean": 290725924.3333333,
      "median": 290431803.0,
      "min": 290401005.0,
      "max": 291344965.0,
      "std_dev": 536326.0570225293
    }
  },
  "ratelimit": {
    "base_native": {
      "mean": 25930328.3,
      "median": 25928868.0,
      "min": 25915919.0,
      "max": 25945893.0,
      "std_dev": 10727.378224275802
    },
    "wasmtime_app": {
      "mean": 38991079.8,
      "median": 38280222.0,
      "min": 38209314.0,
      "max": 45504156.0,
      "std_dev": 2288592.0725468746
    }
  },
  "seqhash": {
    "base_native": {
      "mean": 7113329637.0,
      "median": 7113329637.0,
      "min": 7113329637.0,
      "max": 7113329637.0,
      "std_dev": 0.0
    },
    "wasmtime_app": {
      "mean": 9704659713.0,
      "median": 9704659713.0,
      "min": 9704659713.0,
      "max": 9704659713.0,
      "std_dev": 0.0
    }
  },
  "sieve": {
    "base_native": {
      "mean": 569372177.0,
      "median": 569372177.0,
      "min": 569345566.0,
      "max": 569398788.0,
      "std_dev": 37633.63710831043
    },
    "wasmtime_app": {
      "mean": 766969049.0,
      "median": 766969049.0,
      "min": 766969049.0,
      "max": 766969049.0,
      "std_dev": 0.0
    }
  },
  "strcat": {
    "base_native": {
      "mean": 65889548.3,
      "median": 65882136.5,
      "min": 65852725.0,
      "max": 65976544.0,
      "std_dev": 35375.29164088655
    },
    "wasmtime_app": {
      "mean": 352779237.5,
      "median": 352779237.5,
      "min": 350241889.0,
      "max": 355316586.0,
      "std_dev": 3588352.6611670293
    }
  },
  "strcat2": {
    "base_native": {
      "mean": 2596247.090909091,
      "median": 2591881.0,
      "min": 2583257.0,
      "max": 2616630.0,
      "std_dev": 11944.304428928002
    },
    "wasmtime_app": {
      "mean": 9358363.0,
      "median": 8457473.5,
      "min": 8408564.0,
      "max": 17593325.0,
      "std_dev": 2893558.459871359
    }
  },
  "strchr": {
    "base_native": {
      "mean": 155169751.6,
      "median": 155190106.0,
      "min": 155048537.0,
      "max": 155260002.0,
      "std_dev": 78870.36228077058
    },