{
  "ackermann": {
    "base_native": {
      "mean": 3147403.0,
      "median": 2844745.5,
      "min": 2812485.0,
      "max": 5944427.0,
      "std_dev": 982921.4282941327
    },
    "wasmtime_app": {
      "mean": 9229019.7,
      "median": 8904652.0,
      "min": 8565495.0,
      "max": 11161382.0,
      "std_dev": 818755.7614658761
    }
  },
  "base64": {
    "base_native": {
      "mean": 249551967.33333334,
      "median": 249523277.0,
      "min": 249514553.0,
      "max": 249618072.0,
      "std_dev": 57414.260078253494
    },
    "wasmtime_app": {
      "mean": 355158599.5,
      "median": 355158599.5,
      "min": 350508471.0,
      "max": 359808728.0,
      "std_dev": 6576274.791477657
    }
  },
  "ctype": {
    "base_native": {
      "mean": 654261950.5,
      "median": 654261950.5,
      "min": 653843200.0,
      "max": 654680701.0,
      "std_dev": 592202.6363505147
    },
    "wasmtime_app": {
      "mean": 956124328.0,
      "median": 956124328.0,
      "min": 956124328.0,
      "max": 956124328.0,
      "std_dev": 0.0
    }
  },
  "ed25519": {
    "base_native": {
      "mean": 1434619099.0,
      "median": 1434619099.0,
      "min": 1434619099.0,
      "max": 1434619099.0,
      "std_dev": 0.0
    },
    "wasmtime_app": {
      "mean": 6745012133.0,
      "median": 6745012133.0,
      "min": 6745012133.0,
      "max": 6745012133.0,
      "std_dev": 0.0
    }
  },
  "fib2": {
    "base_native": {
      "mean": 6956821825.0,
      "median": 6956821825.0,
      "min": 6956821825.0,
      "max": 6956821825.0,
      "std_dev": 0.0
    },
    "wasmtime_app": {
      "mean": 10674713239.0,
      "median": 10674713239.0,
      "min": 10674713239.0,
      "max": 10674713239.0,
      "std_dev": 0.0
    }
  },
  "gimli": {
    "base_native": {
      "mean": 4141939.9,
      "median": 4137807.5,
      "min": 4134783.0,
      "max": 4166031.0,
      "std_dev": 9786.697927402389
    },
    "wasmtime_app": {
      "mean": 9515407.2,
      "median": 9368802.5,
      "min": 9335879.0,
      "max": 10849449.0,
      "std_dev": 469060.6628497711
    }
  },
  "heapsort": {
    "base_native": {
      "mean": 1076944773.0,
      "median": 1076944773.0,
      "min": 1076944773.0,
      "max": 1076944773.0,
      "std_dev": 0.0
    },
    "wasmtime_app": {
      "mean": 1221155887.0,
      "median": 1221155887.0,
      "min": 1221155887.0,
      "max": 1221155887.0,
      "std_dev": 0.0
    }
  },
  "keccak": {
    "base_native": {
      "mean": 7486091.5,
      "median": 7486986.5,
      "min": 7468888.0,
      "max": 7516510.0,
      "std_dev": 13085.695992613886
    },
    "wasmtime_app": {
      "mean": 22958448.6,
      "median": 21393951.5,
      "min": 21023759.0,
      "max": 37694649.0,
      "std_dev": 5179584.952202042
    }
  },
  "matrix": {
    "base_native": {
      "mean": 377952889.0,
      "median": 377952889.0,
      "min": 377922791.0,
      "max": 377982987.0,
      "std_dev": 42564.99980030541
    },
    "wasmtime_app": {
      "mean": 533782006.5,
      "median": 533782006.5,
      "min": 529863427.0,
      "max": 537700586.0,
      "std_dev": 5541708.274137181
    }
  },
  "matrix2": {
    "base_native": {
      "mean": 194331424.75,
      "median": 194334381.0,
      "min": 194294483.0,
      "max": 194362454.0,
      "std_dev": 32439.433198655
    },
    "wasmtime_app": {
      "mean": 260227713.0,
      "median": 257669799.0,
      "min": 257666974.0,
      "max": 265346366.0,
      "std_dev": 4432883.756197877
    }
  },
  "memmove": {
    "base_native": {
      "mean": 47350992.1,
      "median": 47353117.0,
      "min": 47333156.0,
      "max": 47366629.0,
      "std_dev": 11719.755955460658
    },
    "wasmtime_app": {
      "mean": 520280948.0,
      "median": 520280948.0,
      "min": 515579535.0,
      "max": 524982361.0,
      "std_dev": 6648802.02691718
    }
  },
  "minicsv": {
    "base_native": {
      "mean": 744615389.0,
      "median": 744615389.0,
      "min": 744615389.0,
      "max": 744615389.0,
      "std_dev": 0.0
    },
    "wasmtime_app": {
      "mean": 1102936611.0,
      "median": 1102936611.0,
      "min": 1102936611.0,
      "max": 1102936611.0,
      "std_dev": 0.0
    }
  },
  "nestedloop": {
    "base_native": {
      "mean": 1578577.7272727273,
      "median": 1584207.0,
      "min": 1546684.0,
      "max": 1598781.0,
      "std_dev": 16116.276735591935
    },
    "wasmtime_app": {
      "mean": 6303317.4,
      "median": 6214995.0,
      "min": 6199845.0,
      "max": 7086873.0,
      "std_dev": 275687.15335450636
    }
  },
  "nestedloop2": {
    "base_native": {
      "mean": 1576143.6363636365,
      "median": 1582107.0,
      "min": 1556908.0,
      "max": 1585357.0,
      "std_dev": 11357.469297979434
    },
    "wasmtime_app": {
      "mean": 6299542.7,
      "median": 6211870.0,
      "min": 6185671.0,
      "max": 7044001.0,
      "std_dev": 262453.3424935013
    }
  },
  "nestedloop3": {
    "base_native": {
      "mean": 2083248.2727272727,
      "median": 2083453.0,
      "min": 2058179.0,
      "max": 2098677.0,
      "std_dev": 10236.791041052944
    },
    "wasmtime_app": {
      "mean": 6891683.8,
      "median": 6771302.5,
      "min": 6737392.0,
      "max": 8005925.0,
      "std_dev": 391910.18181602104
    }
  },
  "random": {
    "base_native": {
      "mean": 577643620.0,
      "median": 577643620.0,
      "min": 577619459.0,
      "max": 577667781.0,
      "std_dev": 34168.81388049635
    },
    "wasmtime_app": {
      "mean": 290693521.0,
      "median": 290416361.0,
      "min": 290407411.0,
      "max": 291256791.0,
      "std_dev": 487826.65497080004
    }
  },
  "random2": {
    "base_native": {
      "mean": 577696316.5,
      "median": 577696316.5,
      "min": 577641457.0,
      "max": 577751176.0,
      "std_dev": 77583.0489250068
    },
    "wasmtime_app": {
      "mean": 290704770.3333333,
      "median": 290405811.0,
      "min": 290394637.0,
      "max": 291313863.0,
      "std_dev": 527519.3096080307
    }
  },
  "ratelimit": {
    "base_native": {
      "mean": 25909308.6,
      "median": 25901621.5,
      "min": 25889535.0,
      "max": 25952256.0,
      "std_dev": 19688.014301994896
    },
    "wasmtime_app": {
      "mean": 39046994.5,
      "median": 38319953.0,
      "min": 38297942.0,
      "max": 45575481.0,
      "std_dev": 2293947.309174939
    }
  },
  "seqhash": {
    "base_native": {
      "mean": 7119368266.0,
      "median": 7119368266.0,
      "min": 7119368266.0,
      "max": 7119368266.0,
      "std_dev": 0.0
    },
    "wasmtime_app": {
      "mean": 9690813860.0,
      "median": 9690813860.0,
      "min": 9690813860.0,
      "max": 9690813860.0,
      "std_dev": 0.0
    }
  },
  "sieve": {
    "base_native": {
      "mean": 569315257.0,
      "median": 569315257.0,
      "min": 569286196.0,
      "max": 569344318.0,
      "std_dev": 41098.46033612452
    },
    "wasmtime_app": {
      "mean": 767318449.0,
      "median": 767318449.0,
      "min": 767318449.0,
      "max": 767318449.0,
      "std_dev": 0.0
    }
  },
  "strcat": {
    "base_native": {
      "mean": 65880630.5,
      "median": 65870896.0,
      "min": 65844498.0,
      "max": 65975240.0,
      "std_dev": 39197.01143157048
    },
    "wasmtime_app": {
      "mean": 349730662.5,
      "median": 349730662.5,
      "min": 347223021.0,
      "max": 352238304.0,
      "std_dev": 3546340.6188696115
    }
  },
  "strcat2": {
    "base_native": {
      "mean": 2593336.4545454546,
      "median": 2588823.0,
      "min": 2567174.0,
      "max": 2615322.0,
      "std_dev": 15302.644427442181
    },
    "wasmtime_app": {
      "mean": 9405062.8,
      "median": 8505898.0,
      "min": 8461725.0,
      "max": 17555493.0,
      "std_dev": 2863814.646115321
    }
  },
  "strchr": {
    "base_native": {
      "mean": 155119460.0,
      "median": 155120450.0,
      "min": 155101951.0,
      "max": 155135899.0,
      "std_dev": 12039.405114041141
    },