{
  "ackermann": {
    "base_native": {
      "mean": 3434853.6,
      "median": 2944718.0,
      "min": 2910570.0,
      "max": 7911595.0,
      "std_dev": 1573142.840798579
    },
    "wasmtime_app": {
      "mean": 9457023.6,
      "median": 9036073.5,
      "min": 8424899.0,
      "max": 13654981.0,
      "std_dev": 1618803.0173178508
    }
  },
  "base64": {
    "base_native": {
      "mean": 253816765.33333334,
      "median": 254428814.0,
      "min": 249494135.0,
      "max": 257527347.0,
      "std_dev": 4051428.937672773
    },
    "wasmtime_app": {
      "mean": 372157680.0,
      "median": 372157680.0,
      "min": 361593757.0,
      "max": 382721603.0,
      "std_dev": 14939643.178465074
    }
  },
  "ctype": {
    "base_native": {
      "mean": 653819242.0,
      "median": 653819242.0,
      "min": 653690226.0,
      "max": 653948258.0,
      "std_dev": 182456.17696312722
    },
    "wasmtime_app": {
      "mean": 886727687.0,
      "median": 886727687.0,
      "min": 886727687.0,
      "max": 886727687.0,
      "std_dev": 0.0
    }
  },
  "ed25519": {
    "base_native": {
      "mean": 1433163635.0,
      "median": 1433163635.0,
      "min": 1433163635.0,
      "max": 1433163635.0,
      "std_dev": 0.0
    },
    "wasmtime_app": {
      "mean": 6741293987.0,
      "median": 6741293987.0,
      "min": 6741293987.0,
      "max": 6741293987.0,
      "std_dev": 0.0
    }
  },
  "fib2": {
    "base_native": {
      "mean": 6956011758.0,
      "median": 6956011758.0,
      "min": 6956011758.0,
      "max": 6956011758.0,
      "std_dev": 0.0
    },
    "wasmtime_app": {
      "mean": 10690554247.0,
      "median": 10690554247.0,
      "min": 10690554247.0,
      "max": 10690554247.0,
      "std_dev": 0.0
    }
  },
  "gimli": {
    "base_native": {
      "mean": 4143659.0,
      "median": 4138721.5,
      "min": 4117911.0,
      "max": 4188856.0,
      "std_dev": 19842.296198888987
    },
    "wasmtime_app": {
      "mean": 9500909.3,
      "median": 9352297.5,
      "min": 9340511.0,
      "max": 10837199.0,
      "std_dev": 469630.8399063271
    }
  },
  "heapsort": {
    "base_native": {
      "mean": 1076440566.0,
      "median": 1076440566.0,
      "min": 1076440566.0,
      "max": 1076440566.0,
      "std_dev": 0.0
    },
    "wasmtime_app": {
      "mean": 1220979682.0,
      "median": 1220979682.0,
      "min": 1220979682.0,
      "max": 1220979682.0,
      "std_dev": 0.0
    }
  },
  "keccak": {
    "base_native": {
      "mean": 7475900.4,
      "median": 7476137.5,
      "min": 7457227.0,
      "max": 7487150.0,
      "std_dev": 9536.476488841265
    },
    "wasmtime_app": {
      "mean": 22909956.5,
      "median": 21447682.5,
      "min": 21046399.0,
      "max": 37026334.0,
      "std_dev": 4963438.028219603
    }
  },
  "matrix": {
    "base_native": {
      "mean": 377889809.5,
      "median": 377889809.5,
      "min": 377857312.0,
      "max": 377922307.0,
      "std_dev": 45958.405243219655
    },
    "wasmtime_app": {
      "mean": 534321709.5,
      "median": 534321709.5,
      "min": 530638750.0,
      "max": 538004669.0,
      "std_dev": 5208491.274570833
    }
  },
  "matrix2": {
    "base_native": {
      "mean": 194269393.75,
      "median": 194269068.5,
      "min": 194247833.0,
      "max": 194291605.0,
      "std_dev": 22511.574110147576
    },
    "wasmtime_app": {
      "mean": 260215474.33333334,
      "median": 257668280.0,
      "min": 257658231.0,
      "max": 265319912.0,
      "std_dev": 4420575.54683373
    }
  },
  "memmove": {
    "base_native": {
      "mean": 47328101.6,
      "median": 47328069.5,
      "min": 47316508.0,
      "max": 47346755.0,
      "std_dev": 9450.13325244088
    },
    "wasmtime_app": {
      "mean": 520724899.5,
      "median": 520724899.5,
      "min": 516082505.0,
      "max": 525367294.0,
      "std_dev": 6565337.263786264
    }
  },
  "minicsv": {
    "base_native": {
      "mean": 724339423.0,
      "median": 724339423.0,
      "min": 724339423.0,
      "max": 724339423.0,
      "std_dev": 0.0
    },
    "wasmtime_app": {
      "mean": 1104093869.0,
      "median": 1104093869.0,
      "min": 1104093869.0,
      "max": 1104093869.0,
      "std_dev": 0.0
    }
  },
  "nestedloop": {
    "base_native": {
      "mean": 1565594.2727272727,
      "median": 1571139.0,
      "min": 1531842.0,
      "max": 1595763.0,
      "std_dev": 21242.11399127172
    },
    "wasmtime_app": {
      "mean": 6270173.6,
      "median": 6179767.5,
      "min": 6155068.0,
      "max": 7080530.0,
      "std_dev": 285776.26206574024
    }
  },
  "nestedloop2": {
    "base_native": {
      "mean": 1550400.0,
      "median": 1552866.0,
      "min": 1517768.0,
      "max": 1571914.0,
      "std_dev": 17683.316074763803
    },
    "wasmtime_app": {
      "mean": 6289015.3,
      "median": 6177929.5,
      "min": 6149444.0,
      "max": 7233324.0,
      "std_dev": 333029.69155418826
    }
  },
  "nestedloop3": {
    "base_native": {
      "mean": 2051669.2727272727,
      "median": 2048981.0,
      "min": 2040731.0,
      "max": 2074254.0,
      "std_dev": 8795.3247136295
    },
    "wasmtime_app": {
      "mean": 6851569.4,
      "median": 6731732.0,
      "min": 6690346.0,
      "max": 7973343.0,
      "std_dev": 394655.20947029756
    }
  },
  "random": {
    "base_native": {
      "mean": 577767623.0,
      "median": 577767623.0,
      "min": 577748249.0,
      "max": 577786997.0,
      "std_dev": 27398.973557416342
    },
    "wasmtime_app": {
      "mean": 290684898.6666667,
      "median": 290421993.0,
      "min": 290405194.0,
      "max": 291227509.0,
      "std_dev": 469989.3956041278
    }
  },
  "random2": {
    "base_native": {
      "mean": 577676579.5,
      "median": 577676579.5,
      "min": 577623108.0,
      "max": 577730051.0,
      "std_dev": 75620.12050043295
    },
    "wasmtime_app": {
      "mean": 290710289.3333333,
      "median": 290423843.0,
      "min": 290391144.0,
      "max": 291315881.0,
      "std_dev": 524712.5462596958
    }
  },
  "ratelimit": {
    "base_native": {
      "mean": 25919735.1,
      "median": 25917795.0,
      "min": 25903134.0,
      "max": 25944481.0,
      "std_dev": 15101.792921151226
    },
    "wasmtime_app": {
      "mean": 38996724.7,
      "median": 38287981.5,
      "min": 38194511.0,
      "max": 45552405.0,
      "std_dev": 2304045.0409562574
    }
  },
  "seqhash": {
    "base_native": {
      "mean": 7119447576.0,
      "median": 7119447576.0,
      "min": 7119447576.0,
      "max": 7119447576.0,
      "std_dev": 0.0
    },
    "wasmtime_app": {
      "mean": 9707213404.0,
      "median": 9707213404.0,
      "min": 9707213404.0,
      "max": 9707213404.0,
      "std_dev": 0.0
    }
  },
  "sieve": {
    "base_native": {
      "mean": 569350850.5,
      "median": 569350850.5,
      "min": 569343614.0,
      "max": 569358087.0,
      "std_dev": 10233.956444112902
    },
    "wasmtime_app": {
      "mean": 767276831.0,
      "median": 767276831.0,
      "min": 767276831.0,
      "max": 767276831.0,
      "std_dev": 0.0
    }
  },
  "strcat": {
    "base_native": {
      "mean": 65882701.0,
      "median": 65877831.0,
      "min": 65855583.0,
      "max": 65956026.0,
      "std_dev": 27447.877537859524
    },
    "wasmtime_app": {
      "mean": 345465853.5,
      "median": 345465853.5,
      "min": 341437146.0,
      "max": 349494561.0,
      "std_dev": 5697452.785334206
    }
  },
  "strcat2": {
    "base_native": {
      "mean": 2587145.3636363638,
      "median": 2584693.0,
      "min": 2560320.0,
      "max": 2616816.0,
      "std_dev": 15430.901388271051
    },
    "wasmtime_app": {
      "mean": 9313634.5,
      "median": 8411137.0,
      "min": 8381401.0,
      "max": 17470498.0,
      "std_dev": 2866092.7944708685
    }
  },
  "strchr": {
    "base_native": {
      "mean": 155151053.4,
      "median": 155149249.0,
      "min": 155126275.0,
      "max": 155181196.0,
      "std_dev": 21806.13554254857
    },