{
  "ackermann": {
    "base_native": {
      "mean": 3164966.5,
      "median": 2850799.5,
      "min": 2821189.0,
      "max": 5632228.0,
      "std_dev": 877085.4784512485
    },
    "wasmtime_app": {
      "mean": 9374074.1,
      "median": 9086475.5,
      "min": 8295371.0,
      "max": 12815436.0,
      "std_dev": 1388304.6992180746
    }
  },
  "base64": {
    "base_native": {
      "mean": 249534120.0,
      "median": 249503897.0,
      "min": 249493447.0,
      "max": 249605016.0,
      "std_dev": 61619.66193513236
    },
    "wasmtime_app": {
      "mean": 359271575.0,
      "median": 359271575.0,
      "min": 352748064.0,
      "max": 365795086.0,
      "std_dev": 9225637.730490072
    }
  },
  "ctype": {
    "base_native": {
      "mean": 654794147.5,
      "median": 654794147.5,
      "min": 654297088.0,
      "max": 655291207.0,
      "std_dev": 702948.2862063894
    },
    "wasmtime_app": {
      "mean": 985565082.0,
      "median": 985565082.0,
      "min": 985565082.0,
      "max": 985565082.0,
      "std_dev": 0.0
    }
  },
  "ed25519": {
    "base_native": {
      "mean": 1433078153.0,
      "median": 1433078153.0,
      "min": 1433078153.0,
      "max": 1433078153.0,
      "std_dev": 0.0
    },
    "wasmtime_app": {
      "mean": 6770849410.0,
      "median": 6770849410.0,
      "min": 6770849410.0,
      "max": 6770849410.0,
      "std_dev": 0.0
    }
  },
  "fib2": {
    "base_native": {
      "mean": 6955978285.0,
      "median": 6955978285.0,
      "min": 6955978285.0,
      "max": 6955978285.0,
      "std_dev": 0.0
    },
    "wasmtime_app": {
      "mean": 10697302825.0,
      "median": 10697302825.0,
      "min": 10697302825.0,
      "max": 10697302825.0,
      "std_dev": 0.0
    }
  },
  "gimli": {
    "base_native": {
      "mean": 4151385.3,
      "median": 4150775.5,
      "min": 4139163.0,
      "max": 4165012.0,
      "std_dev": 7275.23427725107
    },
    "wasmtime_app": {
      "mean": 9486092.6,
      "median": 9338023.5,
      "min": 9324737.0,
      "max": 10813226.0,
      "std_dev": 466393.4964398386
    }
  },
  "heapsort": {
    "base_native": {
      "mean": 1076364720.0,
      "median": 1076364720.0,
      "min": 1076364720.0,
      "max": 1076364720.0,
      "std_dev": 0.0
    },
    "wasmtime_app": {
      "mean": 1220254677.0,
      "median": 1220254677.0,
      "min": 1220254677.0,
      "max": 1220254677.0,
      "std_dev": 0.0
    }
  },
  "keccak": {
    "base_native": {
      "mean": 7486607.5,
      "median": 7486872.5,
      "min": 7473073.0,
      "max": 7494147.0,
      "std_dev": 6711.984741242091
    },
    "wasmtime_app": {
      "mean": 22930027.7,
      "median": 21366080.0,
      "min": 21213002.0,
      "max": 37256052.0,
      "std_dev": 5033946.313995855
    }
  },
  "matrix": {
    "base_native": {
      "mean": 377891975.0,
      "median": 377891975.0,
      "min": 377876301.0,
      "max": 377907649.0,
      "std_dev": 22166.38337663589
    },
    "wasmtime_app": {
      "mean": 534056773.5,
      "median": 534056773.5,
      "min": 530413046.0,
      "max": 537700501.0,
      "std_dev": 5153008.848091812
    }
  },
  "matrix2": {
    "base_native": {
      "mean": 194293176.25,
      "median": 194283258.0,
      "min": 194259097.0,
      "max": 194347092.0,
      "std_dev": 42190.94664636795
    },
    "wasmtime_app": {
      "mean": 260177858.66666666,
      "median": 257629797.0,
      "min": 257588100.0,
      "max": 265315679.0,
      "std_dev": 4449531.772351146
    }
  },
  "memmove": {
    "base_native": {
      "mean": 47350216.8,
      "median": 47349199.5,
      "min": 47323976.0,
      "max": 47397272.0,
      "std_dev": 21440.454803426575
    },
    "wasmtime_app": {
      "mean": 520338739.5,
      "median": 520338739.5,
      "min": 515645523.0,
      "max": 525031956.0,
      "std_dev": 6637210.425453189
    }
  },
  "minicsv": {
    "base_native": {
      "mean": 753385813.0,
      "median": 753385813.0,
      "min": 753385813.0,
      "max": 753385813.0,
      "std_dev": 0.0
    },
    "wasmtime_app": {
      "mean": 1100894708.0,
      "median": 1100894708.0,
      "min": 1100894708.0,
      "max": 1100894708.0,
      "std_dev": 0.0
    }
  },
  "nestedloop": {
    "base_native": {
      "mean": 1585688.5454545454,
      "median": 1587409.0,
      "min": 1558261.0,
      "max": 1635181.0,
      "std_dev": 22484.95417101683
    },
    "wasmtime_app": {
      "mean": 6278292.6,
      "median": 6185280.5,
      "min": 6166694.0,
      "max": 7118564.0,
      "std_dev": 295583.7184980857
    }
  },
  "nestedloop2": {
    "base_native": {
      "mean": 1584263.8181818181,
      "median": 1593009.0,
      "min": 1564235.0,
      "max": 1599808.0,
      "std_dev": 13368.123472037367
    },
    "wasmtime_app": {
      "mean": 6258018.8,
      "median": 6177218.5,
      "min": 6148670.0,
      "max": 6999221.0,
      "std_dev": 261732.04507655447
    }
  },
  "nestedloop3": {
    "base_native": {
      "mean": 2099854.727272727,
      "median": 2094605.0,
      "min": 2068932.0,
      "max": 2171676.0,
      "std_dev": 25876.167355661113
    },
    "wasmtime_app": {
      "mean": 6851119.4,
      "median": 6736986.0,
      "min": 6701363.0,
      "max": 7939942.0,
      "std_dev": 383467.63915737835
    }
  },
  "random": {
    "base_native": {
      "mean": 577585225.0,
      "median": 577585225.0,
      "min": 577576413.0,
      "max": 577594037.0,
      "std_dev": 12462.049911631713
    },
    "wasmtime_app": {
      "mean": 290672842.3333333,
      "median": 290396433.0,
      "min": 290367735.0,
      "max": 291254359.0,
      "std_dev": 503812.58321853506
    }
  },
  "random2": {
    "base_native": {
      "mean": 577672632.5,
      "median": 577672632.5,
      "min": 577577388.0,
      "max": 577767877.0,
      "std_dev": 134696.06364144426
    },
    "wasmtime_app": {
      "mean": 290663026.3333333,
      "median": 290354611.0,
      "min": 290353236.0,
      "max": 291281232.0,
      "std_dev": 535382.2535164322
    }
  },
  "ratelimit": {
    "base_native": {
      "mean": 25924551.2,
      "median": 25921359.0,
      "min": 25906297.0,
      "max": 25964569.0,
      "std_dev": 17664.024297990538
    },
    "wasmtime_app": {
      "mean": 39036618.9,
      "median": 38323877.5,
      "min": 38275943.0,
      "max": 45551648.0,
      "std_dev": 2289246.828887831
    }
  },
  "seqhash": {
    "base_native": {
      "mean": 7115573609.0,
      "median": 7115573609.0,
      "min": 7115573609.0,
      "max": 7115573609.0,
      "std_dev": 0.0
    },
    "wasmtime_app": {
      "mean": 9686921498.0,
      "median": 9686921498.0,
      "min": 9686921498.0,
      "max": 9686921498.0,
      "std_dev": 0.0
    }
  },
  "sieve": {
    "base_native": {
      "mean": 569168567.5,
      "median": 569168567.5,
      "min": 569139794.0,
      "max": 569197341.0,
      "std_dev": 40691.87393694225
    },
    "wasmtime_app": {
      "mean": 766799494.0,
      "median": 766799494.0,
      "min": 766799494.0,
      "max": 766799494.0,
      "std_dev": 0.0
    }
  },
  "strcat": {
    "base_native": {
      "mean": 65855531.6,
      "median": 65840232.5,
      "min": 65830646.0,
      "max": 65995286.0,
      "std_dev": 49521.08760966831
    },
    "wasmtime_app": {
      "mean": 351186566.0,
      "median": 351186566.0,
      "min": 347186509.0,
      "max": 355186623.0,
      "std_dev": 5656934.859665436
    }
  },
  "strcat2": {
    "base_native": {
      "mean": 2587001.909090909,
      "median": 2585977.0,
      "min": 2567928.0,
      "max": 2602901.0,
      "std_dev": 11061.025517143926
    },
    "wasmtime_app": {
      "mean": 9368816.9,
      "median": 8469724.0,
      "min": 8422764.0,
      "max": 17544913.0,
      "std_dev": 2872861.802023413
    }
  },
  "strchr": {
    "base_native": {
      "mean": 154760199.4,
      "median": 154786998.0,
      "min": 154606658.0,
      "max": 155000011.0,
      "std_dev": 159955.7111087316
    },