{
  "ackermann": {
    "base_native": {
      "mean": 3471192.0,
      "median": 2855173.5,
      "min": 2826362.0,
      "max": 9031770.0,
      "std_dev": 1953900.2025897957
    },
    "wasmtime_app": {
      "mean": 9114036.3,
      "median": 8351399.0,
      "min": 8318026.0,
      "max": 13936214.0,
      "std_dev": 1764569.2702781006
    }
  },
  "base64": {
    "base_native": {
      "mean": 249548430.33333334,
      "median": 249528864.0,
      "min": 249514165.0,
      "max": 249602262.0,
      "std_dev": 47195.3536095804
    },
    "wasmtime_app": {
      "mean": 359371455.0,
      "median": 359371455.0,
      "min": 352781384.0,
      "max": 365961526.0,
      "std_dev": 9319767.785201624
    }
  },
  "ctype": {
    "base_native": {
      "mean": 653839093.0,
      "median": 653839093.0,
      "min": 653782607.0,
      "max": 653895579.0,
      "std_dev": 79883.26728420665
    },
    "wasmtime_app": {
      "mean": 897313727.0,
      "median": 897313727.0,
      "min": 897313727.0,
      "max": 897313727.0,
      "std_dev": 0.0
    }
  },
  "ed25519": {
    "base_native": {
      "mean": 1433270918.0,
      "median": 1433270918.0,
      "min": 1433270918.0,
      "max": 1433270918.0,
      "std_dev": 0.0
    },
    "wasmtime_app": {
      "mean": 6716719100.0,
      "median": 6716719100.0,
      "min": 6716719100.0,
      "max": 6716719100.0,
      "std_dev": 0.0
    }
  },
  "fib2": {
    "base_native": {
      "mean": 6956429525.0,
      "median": 6956429525.0,
      "min": 6956429525.0,
      "max": 6956429525.0,
      "std_dev": 0.0
    },
    "wasmtime_app": {
      "mean": 10664879048.0,
      "median": 10664879048.0,
      "min": 10664879048.0,
      "max": 10664879048.0,
      "std_dev": 0.0
    }
  },
  "gimli": {
    "base_native": {
      "mean": 4158440.7,
      "median": 4155683.5,
      "min": 4144496.0,
      "max": 4177245.0,
      "std_dev": 11208.329601486366
    },
    "wasmtime_app": {
      "mean": 9488450.4,
      "median": 9337743.5,
      "min": 9314832.0,
      "max": 10818204.0,
      "std_dev": 467803.7854716441
    }
  },
  "heapsort": {
    "base_native": {
      "mean": 1076388706.0,
      "median": 1076388706.0,
      "min": 1076388706.0,
      "max": 1076388706.0,
      "std_dev": 0.0
    },
    "wasmtime_app": {
      "mean": 1220506151.0,
      "median": 1220506151.0,
      "min": 1220506151.0,
      "max": 1220506151.0,
      "std_dev": 0.0
    }
  },
  "keccak": {
    "base_native": {
      "mean": 7478855.2,
      "median": 7475818.0,
      "min": 7458493.0,
      "max": 7500692.0,
      "std_dev": 11665.05269598042
    },
    "wasmtime_app": {
      "mean": 22824968.8,
      "median": 21298869.0,
      "min": 21007902.0,
      "max": 36969301.0,
      "std_dev": 4971249.8432947155
    }
  },
  "matrix": {
    "base_native": {
      "mean": 377888760.0,
      "median": 377888760.0,
      "min": 377879910.0,
      "max": 377897610.0,
      "std_dev": 12515.79002700189
    },
    "wasmtime_app": {
      "mean": 533526589.0,
      "median": 533526589.0,
      "min": 529369513.0,
      "max": 537683665.0,
      "std_dev": 5878993.259015696
    }
  },
  "matrix2": {
    "base_native": {
      "mean": 194279808.25,
      "median": 194276952.0,
      "min": 194255628.0,
      "max": 194309701.0,
      "std_dev": 22620.619802516463
    },
    "wasmtime_app": {
      "mean": 260140386.0,
      "median": 257606294.0,
      "min": 257603744.0,
      "max": 265211120.0,
      "std_dev": 4391384.644926017
    }
  },
  "memmove": {
    "base_native": {
      "mean": 47328077.3,
      "median": 47331007.0,
      "min": 47306633.0,
      "max": 47340407.0,
      "std_dev": 11589.24157282664
    },
    "wasmtime_app": {
      "mean": 521092046.0,
      "median": 521092046.0,
      "min": 516009809.0,
      "max": 526174283.0,
      "std_dev": 7187368.492594351
    }
  },
  "minicsv": {
    "base_native": {
      "mean": 738014171.0,
      "median": 738014171.0,
      "min": 738014171.0,
      "max": 738014171.0,
      "std_dev": 0.0
    },
    "wasmtime_app": {
      "mean": 1105499803.0,
      "median": 1105499803.0,
      "min": 1105499803.0,
      "max": 1105499803.0,
      "std_dev": 0.0
    }
  },
  "nestedloop": {
    "base_native": {
      "mean": 1579127.5454545454,
      "median": 1583375.0,
      "min": 1553276.0,
      "max": 1590075.0,
      "std_dev": 12298.712764868009
    },
    "wasmtime_app": {
      "mean": 6187083.1,
      "median": 6085767.5,
      "min": 6044758.0,
      "max": 7074512.0,
      "std_dev": 315307.41263600375
    }
  },
  "nestedloop2": {
    "base_native": {
      "mean": 1577529.9090909092,
      "median": 1581900.0,
      "min": 1555876.0,
      "max": 1592700.0,
      "std_dev": 13181.242122459822
    },
    "wasmtime_app": {
      "mean": 6288918.3,
      "median": 6174723.5,
      "min": 6144826.0,
      "max": 7329119.0,
      "std_dev": 366004.7781436891
    }
  },
  "nestedloop3": {
    "base_native": {
      "mean": 2083562.2727272727,
      "median": 2083485.0,
      "min": 2074660.0,
      "max": 2088910.0,
      "std_dev": 4482.583721268552
    },
    "wasmtime_app": {
      "mean": 6805662.8,
      "median": 6676526.5,
      "min": 6666140.0,
      "max": 7886306.0,
      "std_dev": 380264.0100531909
    }
  },
  "random": {
    "base_native": {
      "mean": 577642467.5,
      "median": 577642467.5,
      "min": 577625493.0,
      "max": 577659442.0,
      "std_dev": 24005.5681145021
    },
    "wasmtime_app": {
      "mean": 290639775.6666667,
      "median": 290373111.0,
      "min": 290336438.0,
      "max": 291209778.0,
      "std_dev": 493976.9450453465
    }
  },
  "random2": {
    "base_native": {
      "mean": 577705340.5,
      "median": 577705340.5,
      "min": 577622393.0,
      "max": 577788288.0,
      "std_dev": 117305.4794649423
    },
    "wasmtime_app": {
      "mean": 290645141.6666667,
      "median": 290365361.0,
      "min": 290360111.0,
      "max": 291209953.0,
      "std_dev": 489148.0065597051
    }
  },
  "ratelimit": {
    "base_native": {
      "mean": 25936770.4,
      "median": 25936083.0,
      "min": 25915421.0,
      "max": 25986944.0,
      "std_dev": 20843.718489964518
    },
    "wasmtime_app": {
      "mean": 39047443.1,
      "median": 38331570.0,
      "min": 38298835.0,
      "max": 45565584.0,
      "std_dev": 2290281.5804452444
    }
  },
  "seqhash": {
    "base_native": {
      "mean": 7117561230.0,
      "median": 7117561230.0,
      "min": 7117561230.0,
      "max": 7117561230.0,
      "std_dev": 0.0
    },
    "wasmtime_app": {
      "mean": 9677719213.0,
      "median": 9677719213.0,
      "min": 9677719213.0,
      "max": 9677719213.0,
      "std_dev": 0.0
    }
  },
  "sieve": {
    "base_native": {
      "mean": 569243578.0,
      "median": 569243578.0,
      "min": 569230428.0,
      "max": 569256728.0,
      "std_dev": 18596.9083452062
    },
    "wasmtime_app": {
      "mean": 767081653.0,
      "median": 767081653.0,
      "min": 767081653.0,
      "max": 767081653.0,
      "std_dev": 0.0
    }
  },
  "strcat": {
    "base_native": {
      "mean": 65864645.2,
      "median": 65853720.5,
      "min": 65834634.0,
      "max": 65956880.0,
      "std_dev": 36129.11299092618
    },
    "wasmtime_app": {
      "mean": 351158895.5,
      "median": 351158895.5,
      "min": 347146222.0,
      "max": 355171569.0,
      "std_dev": 5674777.285075116
    }
  },
  "strcat2": {
    "base_native": {
      "mean": 2601491.5454545454,
      "median": 2598819.0,
      "min": 2587144.0,
      "max": 2617618.0,
      "std_dev": 9717.688566358118
    },
    "wasmtime_app": {
      "mean": 9355967.2,
      "median": 8452679.5,
      "min": 8415719.0,
      "max": 17534241.0,
      "std_dev": 2873601.9269601465
    }
  },
  "strchr": {
    "base_native": {
      "mean": 155195148.4,
      "median": 155172789.0,
      "min": 155136990.0,
      "max": 155255537.0,
      "std_dev": 50573.76102585213
    },