{
  "ackermann": {
    "base_native": {
      "mean": 3303764.2,
      "median": 2984498.0,
      "min": 2955500.0,
      "max": 6209657.0,
      "std_dev": 1021094.8471188276
    },
    "wasmtime_app": {
      "mean": 8945194.7,
      "median": 8434629.0,
      "min": 8019440.0,
      "max": 13180795.0,
      "std_dev": 1565902.8861934966
    }
  },
  "base64": {
    "base_native": {
      "mean": 259362898.0,
      "median": 261622906.0,
      "min": 254788235.0,
      "max": 261677553.0,
      "std_dev": 3961868.5927638994
    },
    "wasmtime_app": {
      "mean": 357477487.0,
      "median": 357477487.0,
      "min": 350397705.0,
      "max": 364557269.0,
      "std_dev": 10012323.723044915
    }
  },
  "ctype": {
    "base_native": {
      "mean": 656244736.5,
      "median": 656244736.5,
      "min": 653663302.0,
      "max": 658826171.0,
      "std_dev": 3650699.6802778095
    },
    "wasmtime_app": {
      "mean": 993322582.0,
      "median": 993322582.0,
      "min": 993322582.0,
      "max": 993322582.0,
      "std_dev": 0.0
    }
  },
  "ed25519": {
    "base_native": {
      "mean": 1433172488.0,
      "median": 1433172488.0,
      "min": 1433172488.0,
      "max": 1433172488.0,
      "std_dev": 0.0
    },
    "wasmtime_app": {
      "mean": 6771874590.0,
      "median": 6771874590.0,
      "min": 6771874590.0,
      "max": 6771874590.0,
      "std_dev": 0.0
    }
  },
  "fib2": {
    "base_native": {
      "mean": 6956037099.0,
      "median": 6956037099.0,
      "min": 6956037099.0,
      "max": 6956037099.0,
      "std_dev": 0.0
    },
    "wasmtime_app": {
      "mean": 10688139186.0,
      "median": 10688139186.0,
      "min": 10688139186.0,
      "max": 10688139186.0,
      "std_dev": 0.0
    }
  },
  "gimli": {
    "base_native": {
      "mean": 4150464.2,
      "median": 4150679.0,
      "min": 4122881.0,
      "max": 4192927.0,
      "std_dev": 21249.816144564116
    },
    "wasmtime_app": {
      "mean": 9501245.3,
      "median": 9350538.5,
      "min": 9306941.0,
      "max": 10878101.0,
      "std_dev": 484716.65919037466
    }
  },
  "heapsort": {
    "base_native": {
      "mean": 1076435705.0,
      "median": 1076435705.0,
      "min": 1076435705.0,
      "max": 1076435705.0,
      "std_dev": 0.0
    },
    "wasmtime_app": {
      "mean": 1220418675.0,
      "median": 1220418675.0,
      "min": 1220418675.0,
      "max": 1220418675.0,
      "std_dev": 0.0
    }
  },
  "keccak": {
    "base_native": {
      "mean": 7485092.1,
      "median": 7486844.5,
      "min": 7463483.0,
      "max": 7505506.0,
      "std_dev": 11043.484921487017
    },
    "wasmtime_app": {
      "mean": 22824572.4,
      "median": 21255657.0,
      "min": 21015571.0,
      "max": 37009205.0,
      "std_dev": 4986037.265488456
    }
  },
  "matrix": {
    "base_native": {
      "mean": 377890394.0,
      "median": 377890394.0,
      "min": 377880157.0,
      "max": 377900631.0,
      "std_dev": 14477.304238013374
    },
    "wasmtime_app": {
      "mean": 533518004.5,
      "median": 533518004.5,
      "min": 529448875.0,
      "max": 537587134.0,
      "std_dev": 5754618.1259524515
    }
  },
  "matrix2": {
    "base_native": {
      "mean": 194281850.25,
      "median": 194278125.5,
      "min": 194274163.0,
      "max": 194296987.0,
      "std_dev": 10465.623898427333
    },
    "wasmtime_app": {
      "mean": 260183356.0,
      "median": 257632644.0,
      "min": 257609645.0,
      "max": 265307779.0,
      "std_dev": 4437895.396547444
    }
  },
  "memmove": {
    "base_native": {
      "mean": 47334468.3,
      "median": 47332051.0,
      "min": 47321702.0,
      "max": 47350600.0,
      "std_dev": 8714.953216550659
    },
    "wasmtime_app": {
      "mean": 520278713.5,
      "median": 520278713.5,
      "min": 515284962.0,
      "max": 525272465.0,
      "std_dev": 7062231.098420987
    }
  },
  "minicsv": {
    "base_native": {
      "mean": 759836774.0,
      "median": 759836774.0,
      "min": 759836774.0,
      "max": 759836774.0,
      "std_dev": 0.0
    },
    "wasmtime_app": {
      "mean": 1111569859.0,
      "median": 1111569859.0,
      "min": 1111569859.0,
      "max": 1111569859.0,
      "std_dev": 0.0
    }
  },
  "nestedloop": {
    "base_native": {
      "mean": 1575917.7272727273,
      "median": 1579806.0,
      "min": 1548083.0,
      "max": 1618179.0,
      "std_dev": 19928.352611748465
    },
    "wasmtime_app": {
      "mean": 6214993.5,
      "median": 6132848.0,
      "min": 6062202.0,
      "max": 7081594.0,
      "std_dev": 306365.72494805034
    }
  },
  "nestedloop2": {
    "base_native": {
      "mean": 1562602.3636363635,
      "median": 1567232.0,
      "min": 1541358.0,
      "max": 1578181.0,
      "std_dev": 14663.252615110518
    },
    "wasmtime_app": {
      "mean": 6210431.3,
      "median": 6125061.5,
      "min": 6076926.0,
      "max": 6951276.0,
      "std_dev": 262116.82984164392
    }
  },
  "nestedloop3": {
    "base_native": {
      "mean": 2080351.4545454546,
      "median": 2074052.0,
      "min": 2070602.0,
      "max": 2134023.0,
      "std_dev": 18191.23158207622
    },
    "wasmtime_app": {
      "mean": 6786590.8,
      "median": 6668805.0,
      "min": 6656643.0,
      "max": 7844800.0,
      "std_dev": 371882.1905268745
    }
  },
  "random": {
    "base_native": {
      "mean": 577596036.5,
      "median": 577596036.5,
      "min": 577576350.0,
      "max": 577615723.0,
      "std_dev": 27840.915295657935
    },
    "wasmtime_app": {
      "mean": 290638753.3333333,
      "median": 290387118.0,
      "min": 290359419.0,
      "max": 291169723.0,
      "std_dev": 460041.7359765669
    }
  },
  "random2": {
    "base_native": {
      "mean": 577648158.5,
      "median": 577648158.5,
      "min": 577594799.0,
      "max": 577701518.0,
      "std_dev": 75461.72858144717
    },
    "wasmtime_app": {
      "mean": 290632011.6666667,
      "median": 290324271.0,
      "min": 290322696.0,
      "max": 291249068.0,
      "std_dev": 534387.0404831439
    }
  },
  "ratelimit": {
    "base_native": {
      "mean": 25925354.1,
      "median": 25921254.5,
      "min": 25911592.0,
      "max": 25955540.0,
      "std_dev": 12822.849687179521
    },
    "wasmtime_app": {
      "mean": 39006778.0,
      "median": 38286219.5,
      "min": 38267208.0,
      "max": 45507668.0,
      "std_dev": 2284198.200276412
    }
  },
  "seqhash": {
    "base_native": {
      "mean": 7097905386.0,
      "median": 7097905386.0,
      "min": 7097905386.0,
      "max": 7097905386.0,
      "std_dev": 0.0
    },
    "wasmtime_app": {
      "mean": 9653707933.0,
      "median": 9653707933.0,
      "min": 9653707933.0,
      "max": 9653707933.0,
      "std_dev": 0.0
    }
  },
  "sieve": {
    "base_native": {
      "mean": 569252017.5,
      "median": 569252017.5,
      "min": 569229469.0,
      "max": 569274566.0,
      "std_dev": 31888.394511169732
    },
    "wasmtime_app": {
      "mean": 766795381.0,
      "median": 766795381.0,
      "min": 766795381.0,
      "max": 766795381.0,
      "std_dev": 0.0
    }
  },
  "strcat": {
    "base_native": {
      "mean": 65847613.8,
      "median": 65840419.5,
      "min": 65821833.0,
      "max": 65915902.0,
      "std_dev": 27395.772572505495
    },
    "wasmtime_app": {
      "mean": 352642239.0,
      "median": 352642239.0,
      "min": 350118996.0,
      "max": 355165482.0,
      "std_dev": 3568404.4717629757
    }
  },
  "strcat2": {
    "base_native": {
      "mean": 2579885.6363636362,
      "median": 2579647.0,
      "min": 2566498.0,
      "max": 2595021.0,
      "std_dev": 8829.19168749583
    },
    "wasmtime_app": {
      "mean": 9348729.0,
      "median": 8441953.5,
      "min": 8391944.0,
      "max": 17618315.0,
      "std_dev": 2905740.4923503865
    }
  },
  "strchr": {
    "base_native": {
      "mean": 154890956.4,
      "median": 154979511.0,
      "min": 154423994.0,
      "max": 155089130.0,
      "std_dev": 274546.65657279454
    },