{
  "ackermann": {
    "base_native": {
      "mean": 3415853.5,
      "median": 2968148.5,
      "min": 2907377.0,
      "max": 7497194.0,
      "std_dev": 1434306.0213525835
    },
    "wasmtime_app": {
      "mean": 9318127.2,
      "median": 8804679.5,
      "min": 8078843.0,
      "max": 14515975.0,
      "std_dev": 1901654.8308554138
    }
  },
  "base64": {
    "base_native": {
      "mean": 256303643.66666666,
      "median": 257432478.0,
      "min": 253927906.0,
      "max": 257550547.0,
      "std_dev": 2058295.937858386
    },
    "wasmtime_app": {
      "mean": 360560963.5,
      "median": 360560963.5,
      "min": 355658400.0,
      "max": 365463527.0,
      "std_dev": 6933271.792095309
    }
  },
  "ctype": {
    "base_native": {
      "mean": 654331588.0,
      "median": 654331588.0,
      "min": 654301777.0,
      "max": 654361399.0,
      "std_dev": 42159.120507904336
    },
    "wasmtime_app": {
      "mean": 955383955.0,
      "median": 955383955.0,
      "min": 955383955.0,
      "max": 955383955.0,
      "std_dev": 0.0
    }
  },
  "ed25519": {
    "base_native": {
      "mean": 1433887719.0,
      "median": 1433887719.0,
      "min": 1433887719.0,
      "max": 1433887719.0,
      "std_dev": 0.0
    },
    "wasmtime_app": {
      "mean": 6722327863.0,
      "median": 6722327863.0,
      "min": 6722327863.0,
      "max": 6722327863.0,
      "std_dev": 0.0
    }
  },
  "fib2": {
    "base_native": {
      "mean": 6956522207.0,
      "median": 6956522207.0,
      "min": 6956522207.0,
      "max": 6956522207.0,
      "std_dev": 0.0
    },
    "wasmtime_app": {
      "mean": 10689259303.0,
      "median": 10689259303.0,
      "min": 10689259303.0,
      "max": 10689259303.0,
      "std_dev": 0.0
    }
  },
  "gimli": {
    "base_native": {
      "mean": 4147321.4,
      "median": 4143801.5,
      "min": 4133740.0,
      "max": 4175637.0,
      "std_dev": 13854.26602731287
    },
    "wasmtime_app": {
      "mean": 9549395.0,
      "median": 9376424.0,
      "min": 9349476.0,
      "max": 11038211.0,
      "std_dev": 524114.42993194616
    }
  },
  "heapsort": {
    "base_native": {
      "mean": 1076750577.0,
      "median": 1076750577.0,
      "min": 1076750577.0,
      "max": 1076750577.0,
      "std_dev": 0.0
    },
    "wasmtime_app": {
      "mean": 1221203873.0,
      "median": 1221203873.0,
      "min": 1221203873.0,
      "max": 1221203873.0,
      "std_dev": 0.0
    }
  },
  "keccak": {
    "base_native": {
      "mean": 7482884.7,
      "median": 7483145.0,
      "min": 7465370.0,
      "max": 7499194.0,
      "std_dev": 9710.595828498088
    },
    "wasmtime_app": {
      "mean": 22906967.5,
      "median": 21231217.0,
      "min": 21176395.0,
      "max": 37281161.0,
      "std_dev": 5052912.241067197
    }
  },
  "matrix": {
    "base_native": {
      "mean": 377903274.0,
      "median": 377903274.0,
      "min": 377901362.0,
      "max": 377905186.0,
      "std_dev": 2703.9763312573577
    },
    "wasmtime_app": {
      "mean": 533680915.0,
      "median": 533680915.0,
      "min": 529644243.0,
      "max": 537717587.0,
      "std_dev": 5708716.289251726
    }
  },
  "matrix2": {
    "base_native": {
      "mean": 194280953.5,
      "median": 194286859.5,
      "min": 194260611.0,
      "max": 194289484.0,
      "std_dev": 13776.166726149428
    },
    "wasmtime_app": {
      "mean": 260206676.0,
      "median": 257709651.0,
      "min": 257675428.0,
      "max": 265234949.0,
      "std_dev": 4354645.774954491
    }
  },
  "memmove": {
    "base_native": {
      "mean": 47348697.9,
      "median": 47334721.0,
      "min": 47317572.0,
      "max": 47422317.0,
      "std_dev": 39063.71963415102
    },
    "wasmtime_app": {
      "mean": 520382624.5,
      "median": 520382624.5,
      "min": 515473149.0,
      "max": 525292100.0,
      "std_dev": 6943046.836238432
    }
  },
  "minicsv": {
    "base_native": {
      "mean": 735528028.0,
      "median": 735528028.0,
      "min": 735528028.0,
      "max": 735528028.0,
      "std_dev": 0.0
    },
    "wasmtime_app": {
      "mean": 1102039581.0,
      "median": 1102039581.0,
      "min": 1102039581.0,
      "max": 1102039581.0,
      "std_dev": 0.0
    }
  },
  "nestedloop": {
    "base_native": {
      "mean": 1580439.6363636365,
      "median": 1579194.0,
      "min": 1551071.0,
      "max": 1632017.0,
      "std_dev": 21684.212124367015
    },
    "wasmtime_app": {
      "mean": 6303953.2,
      "median": 6199543.5,
      "min": 6177745.0,
      "max": 7149968.0,
      "std_dev": 299733.6762111769
    }
  },
  "nestedloop2": {
    "base_native": {
      "mean": 1564415.5454545454,
      "median": 1556345.0,
      "min": 1542396.0,
      "max": 1592019.0,
      "std_dev": 19320.352069067667
    },
    "wasmtime_app": {
      "mean": 6251883.3,
      "median": 6166333.0,
      "min": 6137997.0,
      "max": 7035024.0,
      "std_dev": 275768.463778362
    }
  },
  "nestedloop3": {
    "base_native": {
      "mean": 2080157.3636363635,
      "median": 2077569.0,
      "min": 2050020.0,
      "max": 2113242.0,
      "std_dev": 15711.199962273584
    },
    "wasmtime_app": {
      "mean": 6827242.7,
      "median": 6701979.5,
      "min": 6690043.0,
      "max": 7916302.0,
      "std_dev": 382936.62835195934
    }
  },
  "random": {
    "base_native": {
      "mean": 577607384.0,
      "median": 577607384.0,
      "min": 577605872.0,
      "max": 577608896.0,
      "std_dev": 2138.2909063081197
    },
    "wasmtime_app": {
      "mean": 290741072.0,
      "median": 290477353.0,
      "min": 290476103.0,
      "max": 291269760.0,
      "std_dev": 457857.6652552625
    }
  },
  "random2": {
    "base_native": {
      "mean": 577670306.0,
      "median": 577670306.0,
      "min": 577582123.0,
      "max": 577758489.0,
      "std_dev": 124709.59457074665
    },
    "wasmtime_app": {
      "mean": 290753254.3333333,
      "median": 290466503.0,
      "min": 290445529.0,
      "max": 291347731.0,
      "std_dev": 514938.69302795
    }
  },
  "ratelimit": {
    "base_native": {
      "mean": 25932048.0,
      "median": 25931758.0,
      "min": 25894885.0,
      "max": 25984930.0,
      "std_dev": 23830.344838275236
    },
    "wasmtime_app": {
      "mean": 39077804.8,
      "median": 38358453.0,
      "min": 38321930.0,
      "max": 45599267.0,
      "std_dev": 2291534.9333465355
    }
  },
  "seqhash": {
    "base_native": {
      "mean": 7113097432.0,
      "median": 7113097432.0,
      "min": 7113097432.0,
      "max": 7113097432.0,
      "std_dev": 0.0
    },
    "wasmtime_app": {
      "mean": 9681902395.0,
      "median": 9681902395.0,
      "min": 9681902395.0,
      "max": 9681902395.0,
      "std_dev": 0.0
    }
  },
  "sieve": {
    "base_native": {
      "mean": 569354428.0,
      "median": 569354428.0,
      "min": 569339641.0,
      "max": 569369215.0,
      "std_dev": 20911.975946810955
    },
    "wasmtime_app": {
      "mean": 766985506.0,
      "median": 766985506.0,
      "min": 766985506.0,
      "max": 766985506.0,
      "std_dev": 0.0
    }
  },
  "strcat": {
    "base_native": {
      "mean": 65877632.0,
      "median": 65860855.0,
      "min": 65831232.0,
      "max": 65949126.0,
      "std_dev": 42265.21701772695
    },
    "wasmtime_app": {
      "mean": 351432613.5,
      "median": 351432613.5,
      "min": 347328720.0,
      "max": 355536507.0,
      "std_dev": 5803781.846234789
    }
  },
  "strcat2": {
    "base_native": {
      "mean": 2594379.090909091,
      "median": 2592743.0,
      "min": 2575094.0,
      "max": 2619741.0,
      "std_dev": 13832.410595803938
    },
    "wasmtime_app": {
      "mean": 9435981.0,
      "median": 8504045.5,
      "min": 8487497.0,
      "max": 17772251.0,
      "std_dev": 2929124.852271219
    }
  },
  "strchr": {
    "base_native": {
      "mean": 155150536.6,
      "median": 155154697.0,
      "min": 155080750.0,
      "max": 155216218.0,
      "std_dev": 48451.45040450285
    },