{
  "ackermann": {
    "base_native": {
      "mean": 3292496.5,
      "median": 2982141.0,
      "min": 2943718.0,
      "max": 6130146.0,
      "std_dev": 997279.674007163
    },
    "wasmtime_app": {
      "mean": 9346642.9,
      "median": 8869696.0,
      "min": 8436733.0,
      "max": 12941671.0,
      "std_dev": 1382089.3520830818
    }
  },
  "base64": {
    "base_native": {
      "mean": 260030212.0,
      "median": 261568817.0,
      "min": 256849708.0,
      "max": 261672111.0,
      "std_dev": 2754881.428141872
    },
    "wasmtime_app": {
      "mean": 363434647.5,
      "median": 363434647.5,
      "min": 355009338.0,
      "max": 371859957.0,
      "std_dev": 11915186.96209088
    }
  },
  "ctype": {
    "base_native": {
      "mean": 656659687.5,
      "median": 656659687.5,
      "min": 653683234.0,
      "max": 659636141.0,
      "std_dev": 4209340.9074728675
    },
    "wasmtime_app": {
      "mean": 985116841.0,
      "median": 985116841.0,
      "min": 985116841.0,
      "max": 985116841.0,
      "std_dev": 0.0
    }
  },
  "ed25519": {
    "base_native": {
      "mean": 1433130236.0,
      "median": 1433130236.0,
      "min": 1433130236.0,
      "max": 1433130236.0,
      "std_dev": 0.0
    },
    "wasmtime_app": {
      "mean": 6742319472.0,
      "median": 6742319472.0,
      "min": 6742319472.0,
      "max": 6742319472.0,
      "std_dev": 0.0
    }
  },
  "fib2": {
    "base_native": {
      "mean": 6955933717.0,
      "median": 6955933717.0,
      "min": 6955933717.0,
      "max": 6955933717.0,
      "std_dev": 0.0
    },
    "wasmtime_app": {
      "mean": 10685603772.0,
      "median": 10685603772.0,
      "min": 10685603772.0,
      "max": 10685603772.0,
      "std_dev": 0.0
    }
  },
  "gimli": {
    "base_native": {
      "mean": 4146908.7,
      "median": 4144756.5,
      "min": 4135619.0,
      "max": 4175042.0,
      "std_dev": 11432.326700584132
    },
    "wasmtime_app": {
      "mean": 9505948.8,
      "median": 9353105.0,
      "min": 9311108.0,
      "max": 10864442.0,
      "std_dev": 477947.30967191583
    }
  },
  "heapsort": {
    "base_native": {
      "mean": 1076365090.0,
      "median": 1076365090.0,
      "min": 1076365090.0,
      "max": 1076365090.0,
      "std_dev": 0.0
    },
    "wasmtime_app": {
      "mean": 1220543914.0,
      "median": 1220543914.0,
      "min": 1220543914.0,
      "max": 1220543914.0,
      "std_dev": 0.0
    }
  },
  "keccak": {
    "base_native": {
      "mean": 7480578.1,
      "median": 7479200.5,
      "min": 7468189.0,
      "max": 7494962.0,
      "std_dev": 9476.461041854061
    },
    "wasmtime_app": {
      "mean": 22849647.1,
      "median": 21237026.0,
      "min": 21023726.0,
      "max": 36968373.0,
      "std_dev": 4964664.858352709
    }
  },
  "matrix": {
    "base_native": {
      "mean": 377883318.5,
      "median": 377883318.5,
      "min": 377878144.0,
      "max": 377888493.0,
      "std_dev": 7317.84807849958
    },
    "wasmtime_app": {
      "mean": 533753972.5,
      "median": 533753972.5,
      "min": 529578678.0,
      "max": 537929267.0,
      "std_dev": 5904758.1088017905
    }
  },
  "matrix2": {
    "base_native": {
      "mean": 194270455.0,
      "median": 194260980.5,
      "min": 194246169.0,
      "max": 194313690.0,
      "std_dev": 29659.920397735394
    },
    "wasmtime_app": {
      "mean": 260237637.0,
      "median": 257680927.0,
      "min": 257673028.0,
      "max": 265358956.0,
      "std_dev": 4435194.113381172
    }
  },
  "memmove": {
    "base_native": {
      "mean": 47337492.6,
      "median": 47338730.0,
      "min": 47327606.0,
      "max": 47348679.0,
      "std_dev": 7352.501013638526
    },
    "wasmtime_app": {
      "mean": 521153868.5,
      "median": 521153868.5,
      "min": 516637856.0,
      "max": 525669881.0,
      "std_dev": 6386606.125346427
    }
  },
  "minicsv": {
    "base_native": {
      "mean": 742309318.0,
      "median": 742309318.0,
      "min": 742309318.0,
      "max": 742309318.0,
      "std_dev": 0.0
    },
    "wasmtime_app": {
      "mean": 1116343728.0,
      "median": 1116343728.0,
      "min": 1116343728.0,
      "max": 1116343728.0,
      "std_dev": 0.0
    }
  },
  "nestedloop": {
    "base_native": {
      "mean": 1560300.9090909092,
      "median": 1558703.0,
      "min": 1531855.0,
      "max": 1595801.0,
      "std_dev": 19282.42695022878
    },
    "wasmtime_app": {
      "mean": 6299582.8,
      "median": 6198814.0,
      "min": 6188814.0,
      "max": 7160808.0,
      "std_dev": 303126.5584914071
    }
  },
  "nestedloop2": {
    "base_native": {
      "mean": 1551912.7272727273,
      "median": 1556678.0,
      "min": 1525105.0,
      "max": 1572728.0,
      "std_dev": 14235.24681971415
    },
    "wasmtime_app": {
      "mean": 6317039.4,
      "median": 6221987.5,
      "min": 6157591.0,
      "max": 7190681.0,
      "std_dev": 308862.64777052955
    }
  },
  "nestedloop3": {
    "base_native": {
      "mean": 2070730.7272727273,
      "median": 2075097.0,
      "min": 2054323.0,
      "max": 2097270.0,
      "std_dev": 13419.674631606453
    },
    "wasmtime_app": {
      "mean": 6872089.5,
      "median": 6750869.0,
      "min": 6733433.0,
      "max": 7955386.0,
      "std_dev": 380903.6962622938
    }
  },
  "random": {
    "base_native": {
      "mean": 577617050.0,
      "median": 577617050.0,
      "min": 577590977.0,
      "max": 577643123.0,
      "std_dev": 36872.79021175371
    },
    "wasmtime_app": {
      "mean": 290683048.3333333,
      "median": 290415022.0,
      "min": 290388649.0,
      "max": 291245474.0,
      "std_dev": 487253.3803641934
    }
  },
  "random2": {
    "base_native": {
      "mean": 577638761.0,
      "median": 577638761.0,
      "min": 577599451.0,
      "max": 577678071.0,
      "std_dev": 55592.73513688637
    },
    "wasmtime_app": {
      "mean": 290721554.6666667,
      "median": 290410823.0,
      "min": 290393724.0,
      "max": 291360117.0,
      "std_dev": 553077.2858419819
    }
  },
  "ratelimit": {
    "base_native": {
      "mean": 25943489.5,
      "median": 25939137.5,
      "min": 25931825.0,
      "max": 25976572.0,
      "std_dev": 12964.503497799074
    },
    "wasmtime_app": {
      "mean": 39041974.9,
      "median": 38315170.0,
      "min": 38296546.0,
      "max": 45589021.0,
      "std_dev": 2300419.6565280305
    }
  },
  "seqhash": {
    "base_native": {
      "mean": 7123257473.0,
      "median": 7123257473.0,
      "min": 7123257473.0,
      "max": 7123257473.0,
      "std_dev": 0.0
    },
    "wasmtime_app": {
      "mean": 9702669679.0,
      "median": 9702669679.0,
      "min": 9702669679.0,
      "max": 9702669679.0,
      "std_dev": 0.0
    }
  },
  "sieve": {
    "base_native": {
      "mean": 569281039.0,
      "median": 569281039.0,
      "min": 569266365.0,
      "max": 569295713.0,
      "std_dev": 20752.169814262797
    },
    "wasmtime_app": {
      "mean": 766989286.0,
      "median": 766989286.0,
      "min": 766989286.0,
      "max": 766989286.0,
      "std_dev": 0.0
    }
  },
  "strcat": {
    "base_native": {
      "mean": 65858417.7,
      "median": 65849350.5,
      "min": 65835389.0,
      "max": 65942957.0,
      "std_dev": 30851.84249873363
    },
    "wasmtime_app": {
      "mean": 352760268.5,
      "median": 352760268.5,
      "min": 350279213.0,
      "max": 355241324.0,
      "std_dev": 3508742.3371003605
    }
  },
  "strcat2": {
    "base_native": {
      "mean": 2593628.090909091,
      "median": 2590840.0,
      "min": 2580365.0,
      "max": 2615463.0,
      "std_dev": 11374.383389481342
    },
    "wasmtime_app": {
      "mean": 9415571.6,
      "median": 8498005.0,
      "min": 8460607.0,
      "max": 17730618.0,
      "std_dev": 2921740.8806915176
    }
  },
  "strchr": {
    "base_native": {
      "mean": 155128621.8,
      "median": 155126782.0,
      "min": 155091709.0,
      "max": 155163680.0,
      "std_dev": 31485.75071679251
    },