{
  "ackermann": {
    "base_native": {
      "mean": 3457731.4,
      "median": 3042183.5,
      "min": 3004486.0,
      "max": 7277083.0,
      "std_dev": 1342111.644427641
    },
    "wasmtime_app": {
      "mean": 8861118.1,
      "median": 8354997.0,
      "min": 8310725.0,
      "max": 12816542.0,
      "std_dev": 1408715.8362051628
    }
  },
  "base64": {
    "base_native": {
      "mean": 264697107.66666666,
      "median": 265895939.0,
      "min": 262252573.0,
      "max": 265942811.0,
      "std_dev": 2117158.83875002
    },
    "wasmtime_app": {
      "mean": 364780827.0,
      "median": 364780827.0,
      "min": 355871861.0,
      "max": 373689793.0,
      "std_dev": 12599180.543920783
    }
  },
  "ctype": {
    "base_native": {
      "mean": 659644261.0,
      "median": 659644261.0,
      "min": 653656974.0,
      "max": 665631548.0,
      "std_dev": 8467302.477220122
    },
    "wasmtime_app": {
      "mean": 997006446.0,
      "median": 997006446.0,
      "min": 997006446.0,
      "max": 997006446.0,
      "std_dev": 0.0
    }
  },
  "ed25519": {
    "base_native": {
      "mean": 1432953624.0,
      "median": 1432953624.0,
      "min": 1432953624.0,
      "max": 1432953624.0,
      "std_dev": 0.0
    },
    "wasmtime_app": {
      "mean": 6726258844.0,
      "median": 6726258844.0,
      "min": 6726258844.0,
      "max": 6726258844.0,
      "std_dev": 0.0
    }
  },
  "fib2": {
    "base_native": {
      "mean": 6955778690.0,
      "median": 6955778690.0,
      "min": 6955778690.0,
      "max": 6955778690.0,
      "std_dev": 0.0
    },
    "wasmtime_app": {
      "mean": 10690251777.0,
      "median": 10690251777.0,
      "min": 10690251777.0,
      "max": 10690251777.0,
      "std_dev": 0.0
    }
  },
  "gimli": {
    "base_native": {
      "mean": 4147804.9,
      "median": 4147742.5,
      "min": 4133606.0,
      "max": 4165404.0,
      "std_dev": 10464.722244548851
    },
    "wasmtime_app": {
      "mean": 9472960.6,
      "median": 9325504.0,
      "min": 9301093.0,
      "max": 10791808.0,
      "std_dev": 463944.4244545772
    }
  },
  "heapsort": {
    "base_native": {
      "mean": 1076381000.0,
      "median": 1076381000.0,
      "min": 1076381000.0,
      "max": 1076381000.0,
      "std_dev": 0.0
    },
    "wasmtime_app": {
      "mean": 1220309584.0,
      "median": 1220309584.0,
      "min": 1220309584.0,
      "max": 1220309584.0,
      "std_dev": 0.0
    }
  },
  "keccak": {
    "base_native": {
      "mean": 7483995.4,
      "median": 7485155.5,
      "min": 7468094.0,
      "max": 7495242.0,
      "std_dev": 9712.992572380106
    },
    "wasmtime_app": {
      "mean": 22910350.3,
      "median": 21316731.5,
      "min": 21127342.0,
      "max": 37103154.0,
      "std_dev": 4989242.138513157
    }
  },
  "matrix": {
    "base_native": {
      "mean": 377890434.5,
      "median": 377890434.5,
      "min": 377868361.0,
      "max": 377912508.0,
      "std_dev": 31216.643069042515
    },
    "wasmtime_app": {
      "mean": 533943722.5,
      "median": 533943722.5,
      "min": 529708352.0,
      "max": 538179093.0,
      "std_dev": 5989718.402774917
    }
  },
  "matrix2": {
    "base_native": {
      "mean": 194274601.25,
      "median": 194270439.0,
      "min": 194249278.0,
      "max": 194308249.0,
      "std_dev": 24567.40563395601
    },
    "wasmtime_app": {
      "mean": 260212261.66666666,
      "median": 257649425.0,
      "min": 257604727.0,
      "max": 265382633.0,
      "std_dev": 4477728.695579639
    }
  },
  "memmove": {
    "base_native": {
      "mean": 47336920.1,
      "median": 47332375.5,
      "min": 47319339.0,
      "max": 47359586.0,
      "std_dev": 15360.218050029252
    },
    "wasmtime_app": {
      "mean": 520584785.5,
      "median": 520584785.5,
      "min": 515823745.0,
      "max": 525345826.0,
      "std_dev": 6733128.046107582
    }
  },
  "minicsv": {
    "base_native": {
      "mean": 727738987.0,
      "median": 727738987.0,
      "min": 727738987.0,
      "max": 727738987.0,
      "std_dev": 0.0
    },
    "wasmtime_app": {
      "mean": 1104123399.0,
      "median": 1104123399.0,
      "min": 1104123399.0,
      "max": 1104123399.0,
      "std_dev": 0.0
    }
  },
  "nestedloop": {
    "base_native": {
      "mean": 1579710.0909090908,
      "median": 1584487.0,
      "min": 1558514.0,
      "max": 1601186.0,
      "std_dev": 15358.566993404987
    },
    "wasmtime_app": {
      "mean": 6255962.0,
      "median": 6152298.0,
      "min": 6124574.0,
      "max": 7137317.0,
      "std_dev": 311203.88759818254
    }
  },
  "nestedloop2": {
    "base_native": {
      "mean": 1578837.4545454546,
      "median": 1586787.0,
      "min": 1553714.0,
      "max": 1604011.0,
      "std_dev": 17073.404202815775
    },
    "wasmtime_app": {
      "mean": 6262241.7,
      "median": 6170059.5,
      "min": 6141724.0,
      "max": 7148291.0,
      "std_dev": 311571.8049506941
    }
  },
  "nestedloop3": {
    "base_native": {
      "mean": 2099668.5454545454,
      "median": 2088651.0,
      "min": 2064003.0,
      "max": 2189994.0,
      "std_dev": 34579.19566549701
    },
    "wasmtime_app": {
      "mean": 6815147.4,
      "median": 6697629.0,
      "min": 6674193.0,
      "max": 7877749.0,
      "std_dev": 373756.5375446666
    }
  },
  "random": {
    "base_native": {
      "mean": 577600738.0,
      "median": 577600738.0,
      "min": 577589426.0,
      "max": 577612050.0,
      "std_dev": 15997.583817564451
    },
    "wasmtime_app": {
      "mean": 290680978.6666667,
      "median": 290411577.0,
      "min": 290365430.0,
      "max": 291265929.0,
      "std_dev": 507107.0456543996
    }
  },
  "random2": {
    "base_native": {
      "mean": 577678407.5,
      "median": 577678407.5,
      "min": 577632348.0,
      "max": 577724467.0,
      "std_dev": 65137.96957612357
    },
    "wasmtime_app": {
      "mean": 290680395.3333333,
      "median": 290385279.0,
      "min": 290377154.0,
      "max": 291278753.0,
      "std_dev": 518208.8641178703
    }
  },
  "ratelimit": {
    "base_native": {
      "mean": 25940891.9,
      "median": 25937919.5,
      "min": 25924033.0,
      "max": 25967130.0,
      "std_dev": 14199.650742575013
    },
    "wasmtime_app": {
      "mean": 39016702.1,
      "median": 38288373.5,
      "min": 38254688.0,
      "max": 45550521.0,
      "std_dev": 2295868.359348518
    }
  },
  "seqhash": {
    "base_native": {
      "mean": 7126675252.0,
      "median": 7126675252.0,
      "min": 7126675252.0,
      "max": 7126675252.0,
      "std_dev": 0.0
    },
    "wasmtime_app": {
      "mean": 9673014437.0,
      "median": 9673014437.0,
      "min": 9673014437.0,
      "max": 9673014437.0,
      "std_dev": 0.0
    }
  },
  "sieve": {
    "base_native": {
      "mean": 569269529.5,
      "median": 569269529.5,
      "min": 569222670.0,
      "max": 569316389.0,
      "std_dev": 66269.34042602204
    },
    "wasmtime_app": {
      "mean": 766947993.0,
      "median": 766947993.0,
      "min": 766947993.0,
      "max": 766947993.0,
      "std_dev": 0.0
    }
  },
  "strcat": {
    "base_native": {
      "mean": 65854309.7,
      "median": 65846985.5,
      "min": 65830524.0,
      "max": 65951490.0,
      "std_dev": 35557.90633459738
    },
    "wasmtime_app": {
      "mean": 351167355.0,
      "median": 351167355.0,
      "min": 350114990.0,
      "max": 352219720.0,
      "std_dev": 1488268.8555667622
    }
  },
  "strcat2": {
    "base_native": {
      "mean": 2596315.090909091,
      "median": 2592890.0,
      "min": 2587741.0,
      "max": 2616764.0,
      "std_dev": 10047.049591343177
    },
    "wasmtime_app": {
      "mean": 9368709.0,
      "median": 8450529.0,
      "min": 8391595.0,
      "max": 17693038.0,
      "std_dev": 2924954.0455500796
    }
  },
  "strchr": {
    "base_native": {
      "mean": 154574340.8,
      "median": 154573771.0,
      "min": 154565896.0,
      "max": 154588570.0,
      "std_dev": 8672.34528256342
    },