{
  "ackermann": {
    "base_native": {
      "mean": 3322359.2,
      "median": 2883024.5,
      "min": 2850351.0,
      "max": 7297245.0,
      "std_dev": 1396781.5294091708
    },
    "wasmtime_app": {
      "mean": 9479922.7,
      "median": 9064658.5,
      "min": 8451302.0,
      "max": 13629942.0,
      "std_dev": 1568581.95592828
    }
  },
  "base64": {
    "base_native": {
      "mean": 252720431.0,
      "median": 253396629.0,
      "min": 251266590.0,
      "max": 253498074.0,
      "std_dev": 1260084.5257231754
    },
    "wasmtime_app": {
      "mean": 372470557.5,
      "median": 372470557.5,
      "min": 361570453.0,
      "max": 383370662.0,
      "std_dev": 15415075.615184003
    }
  },
  "ctype": {
    "base_native": {
      "mean": 654780092.5,
      "median": 654780092.5,
      "min": 654672048.0,
      "max": 654888137.0,
      "std_dev": 152797.99723981987
    },
    "wasmtime_app": {
      "mean": 987867732.0,
      "median": 987867732.0,
      "min": 987867732.0,
      "max": 987867732.0,
      "std_dev": 0.0
    }
  },
  "ed25519": {
    "base_native": {
      "mean": 1433161836.0,
      "median": 1433161836.0,
      "min": 1433161836.0,
      "max": 1433161836.0,
      "std_dev": 0.0
    },
    "wasmtime_app": {
      "mean": 6778347968.0,
      "median": 6778347968.0,
      "min": 6778347968.0,
      "max": 6778347968.0,
      "std_dev": 0.0
    }
  },
  "fib2": {
    "base_native": {
      "mean": 6956497211.0,
      "median": 6956497211.0,
      "min": 6956497211.0,
      "max": 6956497211.0,
      "std_dev": 0.0
    },
    "wasmtime_app": {
      "mean": 10674303751.0,
      "median": 10674303751.0,
      "min": 10674303751.0,
      "max": 10674303751.0,
      "std_dev": 0.0
    }
  },
  "gimli": {
    "base_native": {
      "mean": 4140349.3,
      "median": 4136996.5,
      "min": 4133110.0,
      "max": 4156458.0,
      "std_dev": 8118.676781211195
    },
    "wasmtime_app": {
      "mean": 9503216.3,
      "median": 9362268.5,
      "min": 9332482.0,
      "max": 10814133.0,
      "std_dev": 460864.9171332456
    }
  },
  "heapsort": {
    "base_native": {
      "mean": 1076832306.0,
      "median": 1076832306.0,
      "min": 1076832306.0,
      "max": 1076832306.0,
      "std_dev": 0.0
    },
    "wasmtime_app": {
      "mean": 1220569810.0,
      "median": 1220569810.0,
      "min": 1220569810.0,
      "max": 1220569810.0,
      "std_dev": 0.0
    }
  },
  "keccak": {
    "base_native": {
      "mean": 7489922.7,
      "median": 7486772.5,
      "min": 7469161.0,
      "max": 7510884.0,
      "std_dev": 14247.150662890846
    },
    "wasmtime_app": {
      "mean": 22828424.4,
      "median": 21261422.5,
      "min": 20991549.0,
      "max": 37141616.0,
      "std_dev": 5032801.56257286
    }
  },
  "matrix": {
    "base_native": {
      "mean": 377936968.5,
      "median": 377936968.5,
      "min": 377935506.0,
      "max": 377938431.0,
      "std_dev": 2068.2873349706515
    },
    "wasmtime_app": {
      "mean": 534190975.5,
      "median": 534190975.5,
      "min": 529430901.0,
      "max": 538951050.0,
      "std_dev": 6731761.915806329
    }
  },
  "matrix2": {
    "base_native": {
      "mean": 194302406.75,
      "median": 194290588.5,
      "min": 194284202.0,
      "max": 194344248.0,
      "std_dev": 28217.255375331362
    },
    "wasmtime_app": {
      "mean": 260515760.66666666,
      "median": 258465588.0,
      "min": 257710801.0,
      "max": 265370893.0,
      "std_dev": 4221570.600437275
    }
  },
  "memmove": {
    "base_native": {
      "mean": 47357670.4,
      "median": 47354075.5,
      "min": 47330764.0,
      "max": 47376987.0,
      "std_dev": 15713.89948209334
    },
    "wasmtime_app": {
      "mean": 520232887.0,
      "median": 520232887.0,
      "min": 514678815.0,
      "max": 525786959.0,
      "std_dev": 7854643.948796661
    }
  },
  "minicsv": {
    "base_native": {
      "mean": 750256705.0,
      "median": 750256705.0,
      "min": 750256705.0,
      "max": 750256705.0,
      "std_dev": 0.0
    },
    "wasmtime_app": {
      "mean": 1104835527.0,
      "median": 1104835527.0,
      "min": 1104835527.0,
      "max": 1104835527.0,
      "std_dev": 0.0
    }
  },
  "nestedloop": {
    "base_native": {
      "mean": 1584651.1818181819,
      "median": 1584442.0,
      "min": 1552694.0,
      "max": 1636689.0,
      "std_dev": 28048.833843203472
    },
    "wasmtime_app": {
      "mean": 6289749.6,
      "median": 6190964.5,
      "min": 6161691.0,
      "max": 7131468.0,
      "std_dev": 297788.2091570003
    }
  },
  "nestedloop2": {
    "base_native": {
      "mean": 1577651.7272727273,
      "median": 1586417.0,
      "min": 1556594.0,
      "max": 1596592.0,
      "std_dev": 16647.83145091822
    },
    "wasmtime_app": {
      "mean": 6252216.6,
      "median": 6172441.0,
      "min": 6123018.0,
      "max": 7020673.0,
      "std_dev": 270761.15073096356
    }
  },
  "nestedloop3": {
    "base_native": {
      "mean": 2092590.6363636365,
      "median": 2083941.0,
      "min": 2066742.0,
      "max": 2169787.0,
      "std_dev": 27571.662928712616
    },
    "wasmtime_app": {
      "mean": 6834465.0,
      "median": 6717363.0,
      "min": 6701964.0,
      "max": 7904479.0,
      "std_dev": 376055.386238369
    }
  },
  "random": {
    "base_native": {
      "mean": 577666637.5,
      "median": 577666637.5,
      "min": 577643301.0,
      "max": 577689974.0,
      "std_dev": 33002.79479831973
    },
    "wasmtime_app": {
      "mean": 290711157.6666667,
      "median": 290441688.0,
      "min": 290415414.0,
      "max": 291276371.0,
      "std_dev": 489665.3601209027
    }
  },
  "random2": {
    "base_native": {
      "mean": 577730309.0,
      "median": 577730309.0,
      "min": 577662425.0,
      "max": 577798193.0,
      "std_dev": 96002.47346813518
    },
    "wasmtime_app": {
      "mean": 290737431.6666667,
      "median": 290439013.0,
      "min": 290424889.0,
      "max": 291348393.0,
      "std_dev": 529155.1615219617
    }
  },
  "ratelimit": {
    "base_native": {
      "mean": 25937221.5,
      "median": 25932152.0,
      "min": 25916303.0,
      "max": 25977974.0,
      "std_dev": 17827.2024056247
    },
    "wasmtime_app": {
      "mean": 39023056.4,
      "median": 38303144.5,
      "min": 38233986.0,
      "max": 45529896.0,
      "std_dev": 2286602.2037488627
    }
  },
  "seqhash": {
    "base_native": {
      "mean": 7112528051.0,
      "median": 7112528051.0,
      "min": 7112528051.0,
      "max": 7112528051.0,
      "std_dev": 0.0
    },
    "wasmtime_app": {
      "mean": 9690052137.0,
      "median": 9690052137.0,
      "min": 9690052137.0,
      "max": 9690052137.0,
      "std_dev": 0.0
    }
  },
  "sieve": {
    "base_native": {
      "mean": 569283911.0,
      "median": 569283911.0,
      "min": 569269787.0,
      "max": 569298035.0,
      "std_dev": 19974.352354957595
    },
    "wasmtime_app": {
      "mean": 767168953.0,
      "median": 767168953.0,
      "min": 767168953.0,
      "max": 767168953.0,
      "std_dev": 0.0
    }
  },
  "strcat": {
    "base_native": {
      "mean": 65879657.8,
      "median": 65866901.0,
      "min": 65847127.0,
      "max": 65960671.0,
      "std_dev": 33145.48225558885
    },
    "wasmtime_app": {
      "mean": 354255156.5,
      "median": 354255156.5,
      "min": 350212471.0,
      "max": 358297842.0,
      "std_dev": 5717220.662509057
    }
  },
  "strcat2": {
    "base_native": {
      "mean": 2596019.3636363638,
      "median": 2592265.0,
      "min": 2575941.0,
      "max": 2615539.0,
      "std_dev": 12479.095297919053
    },
    "wasmtime_app": {
      "mean": 9383942.4,
      "median": 8466851.0,
      "min": 8427503.0,
      "max": 17571595.0,
      "std_dev": 2877054.3799991454
    }
  },
  "strchr": {
    "base_native": {
      "mean": 154605988.8,
      "median": 154607789.0,
      "min": 154578815.0,
      "max": 154636587.0,
      "std_dev": 23886.741912617552
    },