{
  "ackermann": {
    "base_native": {
      "mean": 3212725.5,
      "median": 2892788.5,
      "min": 2859715.0,
      "max": 6146807.0,
      "std_dev": 1031127.4120411706
    },
    "wasmtime_app": {
      "mean": 9014336.4,
      "median": 8600018.0,
      "min": 7935968.0,
      "max": 13079823.0,
      "std_dev": 1502824.3778406195
    }
  },
  "base64": {
    "base_native": {
      "mean": 250120655.33333334,
      "median": 249499915.0,
      "min": 249488440.0,
      "max": 251373611.0,
      "std_dev": 1085106.6057675316
    },
    "wasmtime_app": {
      "mean": 355053642.5,
      "median": 355053642.5,
      "min": 350395835.0,
      "max": 359711450.0,
      "std_dev": 6587134.53742312
    }
  },
  "ctype": {
    "base_native": {
      "mean": 654228741.5,
      "median": 654228741.5,
      "min": 654221592.0,
      "max": 654235891.0,
      "std_dev": 10110.919864186442
    },
    "wasmtime_app": {
      "mean": 956968898.0,
      "median": 956968898.0,
      "min": 956968898.0,
      "max": 956968898.0,
      "std_dev": 0.0
    }
  },
  "ed25519": {
    "base_native": {
      "mean": 1433342834.0,
      "median": 1433342834.0,
      "min": 1433342834.0,
      "max": 1433342834.0,
      "std_dev": 0.0
    },
    "wasmtime_app": {
      "mean": 6737168431.0,
      "median": 6737168431.0,
      "min": 6737168431.0,
      "max": 6737168431.0,
      "std_dev": 0.0
    }
  },
  "fib2": {
    "base_native": {
      "mean": 6956153240.0,
      "median": 6956153240.0,
      "min": 6956153240.0,
      "max": 6956153240.0,
      "std_dev": 0.0
    },
    "wasmtime_app": {
      "mean": 10687223176.0,
      "median": 10687223176.0,
      "min": 10687223176.0,
      "max": 10687223176.0,
      "std_dev": 0.0
    }
  },
  "gimli": {
    "base_native": {
      "mean": 4146388.7,
      "median": 4144681.5,
      "min": 4134819.0,
      "max": 4179692.0,
      "std_dev": 13164.997464235736
    },
    "wasmtime_app": {
      "mean": 9489109.2,
      "median": 9349112.0,
      "min": 9308639.0,
      "max": 10797504.0,
      "std_dev": 460086.3525677182
    }
  },
  "heapsort": {
    "base_native": {
      "mean": 1076381099.0,
      "median": 1076381099.0,
      "min": 1076381099.0,
      "max": 1076381099.0,
      "std_dev": 0.0
    },
    "wasmtime_app": {
      "mean": 1220386058.0,
      "median": 1220386058.0,
      "min": 1220386058.0,
      "max": 1220386058.0,
      "std_dev": 0.0
    }
  },
  "keccak": {
    "base_native": {
      "mean": 7488320.1,
      "median": 7487658.0,
      "min": 7459359.0,
      "max": 7521481.0,
      "std_dev": 16356.70273380984
    },
    "wasmtime_app": {
      "mean": 22859223.1,
      "median": 21320986.5,
      "min": 21135285.0,
      "max": 37172563.0,
      "std_dev": 5030323.010944226
    }
  },
  "matrix": {
    "base_native": {
      "mean": 377911006.0,
      "median": 377911006.0,
      "min": 377904994.0,
      "max": 377917018.0,
      "std_dev": 8502.251936987048
    },
    "wasmtime_app": {
      "mean": 533709674.5,
      "median": 533709674.5,
      "min": 529522540.0,
      "max": 537896809.0,
      "std_dev": 5921502.397380288
    }
  },
  "matrix2": {
    "base_native": {
      "mean": 194278250.5,
      "median": 194279463.0,
      "min": 194257689.0,
      "max": 194296387.0,
      "std_dev": 20547.378007911375
    },
    "wasmtime_app": {
      "mean": 260182329.0,
      "median": 257641117.0,
      "min": 257628417.0,
      "max": 265277453.0,
      "std_dev": 4412511.38854417
    }
  },
  "memmove": {
    "base_native": {
      "mean": 47372118.3,
      "median": 47374750.5,
      "min": 47321316.0,
      "max": 47423010.0,
      "std_dev": 32237.317916594046
    },
    "wasmtime_app": {
      "mean": 520836177.0,
      "median": 520836177.0,
      "min": 516042965.0,
      "max": 525629389.0,
      "std_dev": 6778625.417729468
    }
  },
  "minicsv": {
    "base_native": {
      "mean": 726259458.0,
      "median": 726259458.0,
      "min": 726259458.0,
      "max": 726259458.0,
      "std_dev": 0.0
    },
    "wasmtime_app": {
      "mean": 1104379325.0,
      "median": 1104379325.0,
      "min": 1104379325.0,
      "max": 1104379325.0,
      "std_dev": 0.0
    }
  },
  "nestedloop": {
    "base_native": {
      "mean": 1579802.5454545454,
      "median": 1582411.0,
      "min": 1557413.0,
      "max": 1601760.0,
      "std_dev": 14528.815432537069
    },
    "wasmtime_app": {
      "mean": 6270809.0,
      "median": 6174307.0,
      "min": 6160495.0,
      "max": 7106866.0,
      "std_dev": 294153.14078743255
    }
  },
  "nestedloop2": {
    "base_native": {
      "mean": 1578016.1818181819,
      "median": 1583086.0,
      "min": 1554613.0,
      "max": 1591361.0,
      "std_dev": 13244.060433403207
    },
    "wasmtime_app": {
      "mean": 6273964.0,
      "median": 6192356.0,
      "min": 6153621.0,
      "max": 7026521.0,
      "std_dev": 265730.5754744832
    }
  },
  "nestedloop3": {
    "base_native": {
      "mean": 2091153.5454545454,
      "median": 2090033.0,
      "min": 2072384.0,
      "max": 2105807.0,
      "std_dev": 9451.5910550937
    },
    "wasmtime_app": {
      "mean": 6852463.1,
      "median": 6734100.0,
      "min": 6691990.0,
      "max": 7958442.0,
      "std_dev": 389029.82427528047
    }
  },
  "random": {
    "base_native": {
      "mean": 577581019.5,
      "median": 577581019.5,
      "min": 577579707.0,
      "max": 577582332.0,
      "std_dev": 1856.1553006146873
    },
    "wasmtime_app": {
      "mean": 290666368.3333333,
      "median": 290403884.0,
      "min": 290352336.0,
      "max": 291242885.0,
      "std_dev": 499942.8960234692
    }
  },
  "random2": {
    "base_native": {
      "mean": 577653128.0,
      "median": 577653128.0,
      "min": 577586907.0,
      "max": 577719349.0,
      "std_dev": 93650.63631390873
    },
    "wasmtime_app": {
      "mean": 290689834.0,
      "median": 290393959.0,
      "min": 290385935.0,
      "max": 291289608.0,
      "std_dev": 519435.01465630904
    }
  },
  "ratelimit": {
    "base_native": {
      "mean": 25921157.0,
      "median": 25920144.5,
      "min": 25897933.0,
      "max": 25947556.0,
      "std_dev": 13097.32247446019
    },
    "wasmtime_app": {
      "mean": 38973312.1,
      "median": 38262550.5,
      "min": 38104084.0,
      "max": 45461087.0,
      "std_dev": 2281793.687768679
    }
  },
  "seqhash": {
    "base_native": {
      "mean": 7118825687.0,
      "median": 7118825687.0,
      "min": 7118825687.0,
      "max": 7118825687.0,
      "std_dev": 0.0
    },
    "wasmtime_app": {
      "mean": 9699802903.0,
      "median": 9699802903.0,
      "min": 9699802903.0,
      "max": 9699802903.0,
      "std_dev": 0.0
    }
  },
  "sieve": {
    "base_native": {
      "mean": 569204336.0,
      "median": 569204336.0,
      "min": 569193674.0,
      "max": 569214998.0,
      "std_dev": 15078.345002021939
    },
    "wasmtime_app": {
      "mean": 767072687.0,
      "median": 767072687.0,
      "min": 767072687.0,
      "max": 767072687.0,
      "std_dev": 0.0
    }
  },
  "strcat": {
    "base_native": {
      "mean": 65852087.3,
      "median": 65843460.0,
      "min": 65822186.0,
      "max": 65953179.0,
      "std_dev": 37056.543824719185
    },
    "wasmtime_app": {
      "mean": 351205101.5,
      "median": 351205101.5,
      "min": 347216218.0,
      "max": 355193985.0,
      "std_dev": 5641133.14442626
    }
  },
  "strcat2": {
    "base_native": {
      "mean": 2597613.909090909,
      "median": 2592080.0,
      "min": 2584381.0,
      "max": 2620329.0,
      "std_dev": 11813.916289313593
    },
    "wasmtime_app": {
      "mean": 9402431.6,
      "median": 8482762.0,
      "min": 8448339.0,
      "max": 17708032.0,
      "std_dev": 2918371.635049404
    }
  },
  "strchr": {
    "base_native": {
      "mean": 154658233.0,
      "median": 154660993.0,
      "min": 154641519.0,
      "max": 154674742.0,
      "std_dev": 12513.485745386855
    },