{
  "ackermann": {
    "base_native": {
      "mean": 3358745.4,
      "median": 3034823.0,
      "min": 3002562.0,
      "max": 6298409.0,
      "std_dev": 1033110.7387230729
    },
    "wasmtime_app": {
      "mean": 9339205.7,
      "median": 8690778.5,
      "min": 7948785.0,
      "max": 15225374.0,
      "std_dev": 2172647.728562142
    }
  },
  "base64": {
    "base_native": {
      "mean": 263908743.66666666,
      "median": 265911877.0,
      "min": 259814082.0,
      "max": 266000272.0,
      "std_dev": 3546356.4460384315
    },
    "wasmtime_app": {
      "mean": 355121648.5,
      "median": 355121648.5,
      "min": 350481809.0,
      "max": 359761488.0,
      "std_dev": 6561723.9481344
    }
  },
  "ctype": {
    "base_native": {
      "mean": 658729182.5,
      "median": 658729182.5,
      "min": 653831885.0,
      "max": 663626480.0,
      "std_dev": 6925824.543475852
    },
    "wasmtime_app": {
      "mean": 955379480.0,
      "median": 955379480.0,
      "min": 955379480.0,
      "max": 955379480.0,
      "std_dev": 0.0
    }
  },
  "ed25519": {
    "base_native": {
      "mean": 1434214205.0,
      "median": 1434214205.0,
      "min": 1434214205.0,
      "max": 1434214205.0,
      "std_dev": 0.0
    },
    "wasmtime_app": {
      "mean": 6758163426.0,
      "median": 6758163426.0,
      "min": 6758163426.0,
      "max": 6758163426.0,
      "std_dev": 0.0
    }
  },
  "fib2": {
    "base_native": {
      "mean": 6956511975.0,
      "median": 6956511975.0,
      "min": 6956511975.0,
      "max": 6956511975.0,
      "std_dev": 0.0
    },
    "wasmtime_app": {
      "mean": 10681678517.0,
      "median": 10681678517.0,
      "min": 10681678517.0,
      "max": 10681678517.0,
      "std_dev": 0.0
    }
  },
  "gimli": {
    "base_native": {
      "mean": 4150762.6,
      "median": 4149650.0,
      "min": 4131976.0,
      "max": 4173224.0,
      "std_dev": 11198.053850756589
    },
    "wasmtime_app": {
      "mean": 9565981.1,
      "median": 9403710.5,
      "min": 9359825.0,
      "max": 11096801.0,
      "std_dev": 538536.9112432622
    }
  },
  "heapsort": {
    "base_native": {
      "mean": 1076537613.0,
      "median": 1076537613.0,
      "min": 1076537613.0,
      "max": 1076537613.0,
      "std_dev": 0.0
    },
    "wasmtime_app": {
      "mean": 1220782597.0,
      "median": 1220782597.0,
      "min": 1220782597.0,
      "max": 1220782597.0,
      "std_dev": 0.0
    }
  },
  "keccak": {
    "base_native": {
      "mean": 7482197.5,
      "median": 7482482.5,
      "min": 7470046.0,
      "max": 7494694.0,
      "std_dev": 6744.174560314998
    },
    "wasmtime_app": {
      "mean": 22944444.8,
      "median": 21346713.0,
      "min": 21227443.0,
      "max": 37434126.0,
      "std_dev": 5091996.755599229
    }
  },
  "matrix": {
    "base_native": {
      "mean": 377886162.0,
      "median": 377886162.0,
      "min": 377880575.0,
      "max": 377891749.0,
      "std_dev": 7901.211172978482
    },
    "wasmtime_app": {
      "mean": 533992335.5,
      "median": 533992335.5,
      "min": 530287656.0,
      "max": 537697015.0,
      "std_dev": 5239207.993145577
    }
  },
  "matrix2": {
    "base_native": {
      "mean": 194295554.0,
      "median": 194292873.0,
      "min": 194271599.0,
      "max": 194324871.0,
      "std_dev": 26339.532000398183
    },
    "wasmtime_app": {
      "mean": 260283327.0,
      "median": 257740244.0,
      "min": 257721245.0,
      "max": 265388492.0,
      "std_dev": 4421212.785924129
    }
  },
  "memmove": {
    "base_native": {
      "mean": 47348970.3,
      "median": 47339853.5,
      "min": 47330341.0,
      "max": 47383663.0,
      "std_dev": 17678.634248719554
    },
    "wasmtime_app": {
      "mean": 520368904.5,
      "median": 520368904.5,
      "min": 515819074.0,
      "max": 524918735.0,
      "std_dev": 6434431.99959876
    }
  },
  "minicsv": {
    "base_native": {
      "mean": 756607205.0,
      "median": 756607205.0,
      "min": 756607205.0,
      "max": 756607205.0,
      "std_dev": 0.0
    },
    "wasmtime_app": {
      "mean": 1107546007.0,
      "median": 1107546007.0,
      "min": 1107546007.0,
      "max": 1107546007.0,
      "std_dev": 0.0
    }
  },
  "nestedloop": {
    "base_native": {
      "mean": 1581734.5454545454,
      "median": 1584514.0,
      "min": 1553816.0,
      "max": 1613612.0,
      "std_dev": 19323.166657479494
    },
    "wasmtime_app": {
      "mean": 6307495.3,
      "median": 6218521.5,
      "min": 6196110.0,
      "max": 7119371.0,
      "std_dev": 285699.5866236071
    }
  },
  "nestedloop2": {
    "base_native": {
      "mean": 1573707.6363636365,
      "median": 1580189.0,
      "min": 1553341.0,
      "max": 1591838.0,
      "std_dev": 14769.447310395384
    },
    "wasmtime_app": {
      "mean": 6299588.1,
      "median": 6220446.5,
      "min": 6191985.0,
      "max": 7062948.0,
      "std_dev": 268829.59805400483
    }
  },
  "nestedloop3": {
    "base_native": {
      "mean": 2090593.5454545454,
      "median": 2089687.0,
      "min": 2063588.0,
      "max": 2125360.0,
      "std_dev": 16785.098190738332
    },
    "wasmtime_app": {
      "mean": 6882178.3,
      "median": 6769998.0,
      "min": 6720188.0,
      "max": 7977159.0,
      "std_dev": 385695.1763591007
    }
  },
  "random": {
    "base_native": {
      "mean": 577601155.5,
      "median": 577601155.5,
      "min": 577593306.0,
      "max": 577609005.0,
      "std_dev": 11100.86935784761
    },
    "wasmtime_app": {
      "mean": 290748451.0,
      "median": 290470146.0,
      "min": 290463372.0,
      "max": 291311835.0,
      "std_dev": 487916.6120978051
    }
  },
  "random2": {
    "base_native": {
      "mean": 577672764.0,
      "median": 577672764.0,
      "min": 577591831.0,
      "max": 577753697.0,
      "std_dev": 114456.5462435417
    },
    "wasmtime_app": {
      "mean": 290758100.6666667,
      "median": 290455047.0,
      "min": 290448797.0,
      "max": 291370458.0,
      "std_dev": 530326.2141270534
    }
  },
  "ratelimit": {
    "base_native": {
      "mean": 25941639.9,
      "median": 25940260.0,
      "min": 25921548.0,
      "max": 25968846.0,
      "std_dev": 11866.580884053239
    },
    "wasmtime_app": {
      "mean": 39080363.1,
      "median": 38358811.5,
      "min": 38340512.0,
      "max": 45597927.0,
      "std_dev": 2290060.6661109533
    }
  },
  "seqhash": {
    "base_native": {
      "mean": 7121923460.0,
      "median": 7121923460.0,
      "min": 7121923460.0,
      "max": 7121923460.0,
      "std_dev": 0.0
    },
    "wasmtime_app": {
      "mean": 9721150756.0,
      "median": 9721150756.0,
      "min": 9721150756.0,
      "max": 9721150756.0,
      "std_dev": 0.0
    }
  },
  "sieve": {
    "base_native": {
      "mean": 569291254.5,
      "median": 569291254.5,
      "min": 569262681.0,
      "max": 569319828.0,
      "std_dev": 40409.03122446763
    },
    "wasmtime_app": {
      "mean": 766847780.0,
      "median": 766847780.0,
      "min": 766847780.0,
      "max": 766847780.0,
      "std_dev": 0.0
    }
  },
  "strcat": {
    "base_native": {
      "mean": 65853402.5,
      "median": 65849302.5,
      "min": 65829766.0,
      "max": 65923736.0,
      "std_dev": 26604.51096357742
    },
    "wasmtime_app": {
      "mean": 351395719.5,
      "median": 351395719.5,
      "min": 347448263.0,
      "max": 355343176.0,
      "std_dev": 5582546.51917783
    }
  },
  "strcat2": {
    "base_native": {
      "mean": 2596454.5454545454,
      "median": 2594884.0,
      "min": 2580835.0,
      "max": 2622333.0,
      "std_dev": 12222.714251455249
    },
    "wasmtime_app": {
      "mean": 9435109.3,
      "median": 8520248.5,
      "min": 8459663.0,
      "max": 17754541.0,
      "std_dev": 2923296.15127692
    }
  },
  "strchr": {
    "base_native": {
      "mean": 155146533.8,
      "median": 155158663.0,
      "min": 155006571.0,
      "max": 155230809.0,
      "std_dev": 84165.6374638724
    },