{
  "ackermann": {
    "base_native": {
      "mean": 3077447.090909091,
      "median": 3079072.0,
      "min": 3034575.0,
      "max": 3138194.0,
      "std_dev": 26099.490747731248
    },
    "wasmtime_app": {
      "mean": 9381196.5,
      "median": 8836834.0,
      "min": 8082976.0,
      "max": 13257364.0,
      "std_dev": 1428416.9617965391
    }
  },
  "base64": {
    "base_native": {
      "mean": 268676810.3333333,
      "median": 270330215.0,
      "min": 265295105.0,
      "max": 270405111.0,
      "std_dev": 2928882.13723689
    },
    "wasmtime_app": {
      "mean": 360107122.5,
      "median": 360107122.5,
      "min": 354831290.0,
      "max": 365382955.0,
      "std_dev": 7461153.874308752
    }
  },
  "ctype": {
    "base_native": {
      "mean": 675460834.0,
      "median": 675460834.0,
      "min": 675460834.0,
      "max": 675460834.0,
      "std_dev": 0.0
    },
    "wasmtime_app": {
      "mean": 987800126.0,
      "median": 987800126.0,
      "min": 987800126.0,
      "max": 987800126.0,
      "std_dev": 0.0
    }
  },
  "ed25519": {
    "base_native": {
      "mean": 1435905595.0,
      "median": 1435905595.0,
      "min": 1435905595.0,
      "max": 1435905595.0,
      "std_dev": 0.0
    },
    "wasmtime_app": {
      "mean": 6744163542.0,
      "median": 6744163542.0,
      "min": 6744163542.0,
      "max": 6744163542.0,
      "std_dev": 0.0
    }
  },
  "fib2": {
    "base_native": {
      "mean": 6955976912.0,
      "median": 6955976912.0,
      "min": 6955976912.0,
      "max": 6955976912.0,
      "std_dev": 0.0
    },
    "wasmtime_app": {
      "mean": 10695716255.0,
      "median": 10695716255.0,
      "min": 10695716255.0,
      "max": 10695716255.0,
      "std_dev": 0.0
    }
  },
  "gimli": {
    "base_native": {
      "mean": 4147465.2,
      "median": 4144210.5,
      "min": 4128961.0,
      "max": 4180533.0,
      "std_dev": 16430.654918981978
    },
    "wasmtime_app": {
      "mean": 9520144.0,
      "median": 9378067.0,
      "min": 9345481.0,
      "max": 10822249.0,
      "std_dev": 458019.0571047357
    }
  },
  "heapsort": {
    "base_native": {
      "mean": 1076383796.0,
      "median": 1076383796.0,
      "min": 1076383796.0,
      "max": 1076383796.0,
      "std_dev": 0.0
    },
    "wasmtime_app": {
      "mean": 1220406147.0,
      "median": 1220406147.0,
      "min": 1220406147.0,
      "max": 1220406147.0,
      "std_dev": 0.0
    }
  },
  "keccak": {
    "base_native": {
      "mean": 7476185.8,
      "median": 7477230.5,
      "min": 7459469.0,
      "max": 7494117.0,
      "std_dev": 11937.990997930374
    },
    "wasmtime_app": {
      "mean": 22872075.6,
      "median": 21337353.5,
      "min": 21001709.0,
      "max": 37257008.0,
      "std_dev": 5055542.15691084
    }
  },
  "matrix": {
    "base_native": {
      "mean": 377888177.0,
      "median": 377888177.0,
      "min": 377865941.0,
      "max": 377910413.0,
      "std_dev": 31446.45277292814
    },
    "wasmtime_app": {
      "mean": 533857984.0,
      "median": 533857984.0,
      "min": 529890929.0,
      "max": 537825039.0,
      "std_dev": 5610262.983679999
    }
  },
  "matrix2": {
    "base_native": {
      "mean": 194273737.25,
      "median": 194271700.0,
      "min": 194257651.0,
      "max": 194293898.0,
      "std_dev": 15269.185251676005
    },
    "wasmtime_app": {
      "mean": 260203139.66666666,
      "median": 257667355.0,
      "min": 257661831.0,
      "max": 265280233.0,
      "std_dev": 4396892.671555372
    }
  },
  "memmove": {
    "base_native": {
      "mean": 47329281.1,
      "median": 47326771.0,
      "min": 47313922.0,
      "max": 47371469.0,
      "std_dev": 16693.799370824287
    },
    "wasmtime_app": {
      "mean": 521184062.0,
      "median": 521184062.0,
      "min": 516174840.0,
      "max": 526193284.0,
      "std_dev": 7084109.68933768
    }
  },
  "minicsv": {
    "base_native": {
      "mean": 748532997.0,
      "median": 748532997.0,
      "min": 748532997.0,
      "max": 748532997.0,
      "std_dev": 0.0
    },
    "wasmtime_app": {
      "mean": 1097596010.0,
      "median": 1097596010.0,
      "min": 1097596010.0,
      "max": 1097596010.0,
      "std_dev": 0.0
    }
  },
  "nestedloop": {
    "base_native": {
      "mean": 1580522.0909090908,
      "median": 1582833.0,
      "min": 1553035.0,
      "max": 1609382.0,
      "std_dev": 16727.484798705063
    },
    "wasmtime_app": {
      "mean": 6252852.6,
      "median": 6173632.0,
      "min": 6095086.0,
      "max": 7071557.0,
      "std_dev": 288844.1129791486
    }
  },
  "nestedloop2": {
    "base_native": {
      "mean": 1587923.8181818181,
      "median": 1585558.0,
      "min": 1553135.0,
      "max": 1678703.0,
      "std_dev": 32949.020558487566
    },
    "wasmtime_app": {
      "mean": 6202775.4,
      "median": 6130709.5,
      "min": 6013316.0,
      "max": 7032134.0,
      "std_dev": 299951.86326483195
    }
  },
  "nestedloop3": {
    "base_native": {
      "mean": 2088772.1818181819,
      "median": 2088154.0,
      "min": 2062356.0,
      "max": 2109078.0,
      "std_dev": 11768.036878070885
    },
    "wasmtime_app": {
      "mean": 6830975.5,
      "median": 6712852.5,
      "min": 6691803.0,
      "max": 7925260.0,
      "std_dev": 384796.5515083552
    }
  },
  "random": {
    "base_native": {
      "mean": 577601126.0,
      "median": 577601126.0,
      "min": 577587202.0,
      "max": 577615050.0,
      "std_dev": 19691.509642482975
    },
    "wasmtime_app": {
      "mean": 290712547.3333333,
      "median": 290417964.0,
      "min": 290405764.0,
      "max": 291313914.0,
      "std_dev": 520834.5330652849
    }
  },
  "random2": {
    "base_native": {
      "mean": 577637023.5,
      "median": 577637023.5,
      "min": 577594276.0,
      "max": 577679771.0,
      "std_dev": 60454.09425754388
    },
    "wasmtime_app": {
      "mean": 290710564.0,
      "median": 290425038.0,
      "min": 290404389.0,
      "max": 291302265.0,
      "std_dev": 512532.09689833084
    }
  },
  "ratelimit": {
    "base_native": {
      "mean": 25935511.9,
      "median": 25932942.0,
      "min": 25921130.0,
      "max": 25965378.0,
      "std_dev": 12561.424666635374
    },
    "wasmtime_app": {
      "mean": 39040311.1,
      "median": 38314736.5,
      "min": 38289025.0,
      "max": 45548273.0,
      "std_dev": 2286727.0027977373
    }
  },
  "seqhash": {
    "base_native": {
      "mean": 7118356976.0,
      "median": 7118356976.0,
      "min": 7118356976.0,
      "max": 7118356976.0,
      "std_dev": 0.0
    },
    "wasmtime_app": {
      "mean": 9682180206.0,
      "median": 9682180206.0,
      "min": 9682180206.0,
      "max": 9682180206.0,
      "std_dev": 0.0
    }
  },
  "sieve": {
    "base_native": {
      "mean": 569267893.5,
      "median": 569267893.5,
      "min": 569251357.0,
      "max": 569284430.0,
      "std_dev": 23386.142574182686
    },
    "wasmtime_app": {
      "mean": 767317458.0,
      "median": 767317458.0,
      "min": 767317458.0,
      "max": 767317458.0,
      "std_dev": 0.0
    }
  },
  "strcat": {
    "base_native": {
      "mean": 65858957.8,
      "median": 65857665.5,
      "min": 65821330.0,
      "max": 65936448.0,
      "std_dev": 30524.497541774177
    },
    "wasmtime_app": {
      "mean": 351261738.0,
      "median": 351261738.0,
      "min": 347244536.0,
      "max": 355278940.0,
      "std_dev": 5681181.551192322
    }
  },
  "strcat2": {
    "base_native": {
      "mean": 2594297.5454545454,
      "median": 2589725.0,
      "min": 2575576.0,
      "max": 2611749.0,
      "std_dev": 11178.29576781395
    },
    "wasmtime_app": {
      "mean": 9437538.5,
      "median": 8516014.5,
      "min": 8483604.0,
      "max": 17783588.0,
      "std_dev": 2932574.1372358347
    }
  },
  "strchr": {
    "base_native": {
      "mean": 155185118.2,
      "median": 155176704.0,
      "min": 155122482.0,
      "max": 155278323.0,
      "std_dev": 57265.23610097142
    },