{
  "ackermann": {
    "base_native": {
      "mean": 3401846.5,
      "median": 2924707.0,
      "min": 2873935.0,
      "max": 7769796.0,
      "std_dev": 1535136.4151925645
    },
    "wasmtime_app": {
      "mean": 9526233.8,
      "median": 9147836.5,
      "min": 8076933.0,
      "max": 13938691.0,
      "std_dev": 1687327.6960720923
    }
  },
  "base64": {
    "base_native": {
      "mean": 253432986.66666666,
      "median": 253317751.0,
      "min": 249479987.0,
      "max": 257501222.0,
      "std_dev": 4011858.942617541
    },
    "wasmtime_app": {
      "mean": 357816213.0,
      "median": 357816213.0,
      "min": 350363175.0,
      "max": 365269251.0,
      "std_dev": 10540187.420482047
    }
  },
  "ctype": {
    "base_native": {
      "mean": 654377676.5,
      "median": 654377676.5,
      "min": 654137326.0,
      "max": 654618027.0,
      "std_dev": 339906.93682315457
    },
    "wasmtime_app": {
      "mean": 907251989.0,
      "median": 907251989.0,
      "min": 907251989.0,
      "max": 907251989.0,
      "std_dev": 0.0
    }
  },
  "ed25519": {
    "base_native": {
      "mean": 1432998784.0,
      "median": 1432998784.0,
      "min": 1432998784.0,
      "max": 1432998784.0,
      "std_dev": 0.0
    },
    "wasmtime_app": {
      "mean": 6787637628.0,
      "median": 6787637628.0,
      "min": 6787637628.0,
      "max": 6787637628.0,
      "std_dev": 0.0
    }
  },
  "fib2": {
    "base_native": {
      "mean": 6956034363.0,
      "median": 6956034363.0,
      "min": 6956034363.0,
      "max": 6956034363.0,
      "std_dev": 0.0
    },
    "wasmtime_app": {
      "mean": 10670189472.0,
      "median": 10670189472.0,
      "min": 10670189472.0,
      "max": 10670189472.0,
      "std_dev": 0.0
    }
  },
  "gimli": {
    "base_native": {
      "mean": 4138525.4,
      "median": 4137110.5,
      "min": 4112624.0,
      "max": 4164122.0,
      "std_dev": 13736.03157312103
    },
    "wasmtime_app": {
      "mean": 9507697.5,
      "median": 9345611.0,
      "min": 9316900.0,
      "max": 10952366.0,
      "std_dev": 507931.06760120514
    }
  },
  "heapsort": {
    "base_native": {
      "mean": 1076292713.0,
      "median": 1076292713.0,
      "min": 1076292713.0,
      "max": 1076292713.0,
      "std_dev": 0.0
    },
    "wasmtime_app": {
      "mean": 1220361585.0,
      "median": 1220361585.0,
      "min": 1220361585.0,
      "max": 1220361585.0,
      "std_dev": 0.0
    }
  },
  "keccak": {
    "base_native": {
      "mean": 7478373.2,
      "median": 7479861.0,
      "min": 7441337.0,
      "max": 7493310.0,
      "std_dev": 15158.478711415748
    },
    "wasmtime_app": {
      "mean": 22898370.4,
      "median": 21335982.5,
      "min": 21167581.0,
      "max": 37118438.0,
      "std_dev": 4998325.751285595
    }
  },
  "matrix": {
    "base_native": {
      "mean": 377877703.0,
      "median": 377877703.0,
      "min": 377866391.0,
      "max": 377889015.0,
      "std_dev": 15997.583817564451
    },
    "wasmtime_app": {
      "mean": 533537590.0,
      "median": 533537590.0,
      "min": 529500898.0,
      "max": 537574282.0,
      "std_dev": 5708744.573522974
    }
  },
  "matrix2": {
    "base_native": {
      "mean": 194263717.25,
      "median": 194257786.5,
      "min": 194252299.0,
      "max": 194286997.0,
      "std_dev": 15738.472996132758
    },
    "wasmtime_app": {
      "mean": 260208282.0,
      "median": 257659686.0,
      "min": 257634638.0,
      "max": 265330522.0,
      "std_dev": 4436007.643566003
    }
  },
  "memmove": {
    "base_native": {
      "mean": 47321944.7,
      "median": 47323734.5,
      "min": 47302373.0,
      "max": 47331297.0,
      "std_dev": 9325.680339197183
    },
    "wasmtime_app": {
      "mean": 520911036.0,
      "median": 520911036.0,
      "min": 516481370.0,
      "max": 525340702.0,
      "std_dev": 6264493.733982978
    }
  },
  "minicsv": {
    "base_native": {
      "mean": 719153113.0,
      "median": 719153113.0,
      "min": 719153113.0,
      "max": 719153113.0,
      "std_dev": 0.0
    },
    "wasmtime_app": {
      "mean": 1107743706.0,
      "median": 1107743706.0,
      "min": 1107743706.0,
      "max": 1107743706.0,
      "std_dev": 0.0
    }
  },
  "nestedloop": {
    "base_native": {
      "mean": 1586567.9090909092,
      "median": 1591772.0,
      "min": 1556449.0,
      "max": 1623821.0,
      "std_dev": 23601.26105721703
    },
    "wasmtime_app": {
      "mean": 6199914.1,
      "median": 6178985.5,
      "min": 5545678.0,
      "max": 7063701.0,
      "std_dev": 362744.14957973093
    }
  },
  "nestedloop2": {
    "base_native": {
      "mean": 1585151.7272727273,
      "median": 1585097.0,
      "min": 1551499.0,
      "max": 1642395.0,
      "std_dev": 23202.050155496643
    },
    "wasmtime_app": {
      "mean": 6243233.7,
      "median": 6166524.0,
      "min": 6083667.0,
      "max": 6991181.0,
      "std_dev": 264792.68537356623
    }
  },
  "nestedloop3": {
    "base_native": {
      "mean": 2082370.8181818181,
      "median": 2084973.0,
      "min": 2056499.0,
      "max": 2099297.0,
      "std_dev": 11086.54691793781
    },
    "wasmtime_app": {
      "mean": 6770120.9,
      "median": 6706075.0,
      "min": 6148913.0,
      "max": 7882171.0,
      "std_dev": 428650.47916855675
    }
  },
  "random": {
    "base_native": {
      "mean": 577576675.5,
      "median": 577576675.5,
      "min": 577558851.0,
      "max": 577594500.0,
      "std_dev": 25207.649642519234
    },
    "wasmtime_app": {
      "mean": 290639543.0,
      "median": 290373494.0,
      "min": 290359695.0,
      "max": 291185440.0,
      "std_dev": 472811.0130453816
    }
  },
  "random2": {
    "base_native": {
      "mean": 577638397.5,
      "median": 577638397.5,
      "min": 577561851.0,
      "max": 577714944.0,
      "std_dev": 108253.09845219212
    },
    "wasmtime_app": {
      "mean": 290646959.6666667,
      "median": 290356596.0,
      "min": 290317823.0,
      "max": 291266460.0,
      "std_dev": 536853.1769788956
    }
  },
  "ratelimit": {
    "base_native": {
      "mean": 25915463.6,
      "median": 25919963.5,
      "min": 25886615.0,
      "max": 25948912.0,
      "std_dev": 19530.774884781196
    },
    "wasmtime_app": {
      "mean": 38986759.8,
      "median": 38275185.0,
      "min": 38210139.0,
      "max": 45458454.0,
      "std_dev": 2274130.881645303
    }
  },
  "seqhash": {
    "base_native": {
      "mean": 7097691347.0,
      "median": 7097691347.0,
      "min": 7097691347.0,
      "max": 7097691347.0,
      "std_dev": 0.0
    },
    "wasmtime_app": {
      "mean": 9653661429.0,
      "median": 9653661429.0,
      "min": 9653661429.0,
      "max": 9653661429.0,
      "std_dev": 0.0
    }
  },
  "sieve": {
    "base_native": {
      "mean": 569208645.0,
      "median": 569208645.0,
      "min": 569179209.0,
      "max": 569238081.0,
      "std_dev": 41628.79042201443
    },
    "wasmtime_app": {
      "mean": 767008785.0,
      "median": 767008785.0,
      "min": 767008785.0,
      "max": 767008785.0,
      "std_dev": 0.0
    }
  },
  "strcat": {
    "base_native": {
      "mean": 65847455.9,
      "median": 65832522.0,
      "min": 65813823.0,
      "max": 66002388.0,
      "std_dev": 55614.400855753585
    },
    "wasmtime_app": {
      "mean": 351193132.0,
      "median": 351193132.0,
      "min": 347180488.0,
      "max": 355205776.0,
      "std_dev": 5674735.565775026
    }
  },
  "strcat2": {
    "base_native": {
      "mean": 2582907.727272727,
      "median": 2578799.0,
      "min": 2553350.0,
      "max": 2615447.0,
      "std_dev": 16222.412953016017
    },
    "wasmtime_app": {
      "mean": 9397154.8,
      "median": 8492293.0,
      "min": 8440634.0,
      "max": 17697339.0,
      "std_dev": 2916489.959476585
    }
  },
  "strchr": {
    "base_native": {
      "mean": 155049586.4,
      "median": 155064181.0,
      "min": 155003259.0,
      "max": 155090879.0,
      "std_dev": 40756.933297293115
    },