{
  "ackermann": {
    "base_native": {
      "mean": 3316623.7,
      "median": 2989897.0,
      "min": 2955587.0,
      "max": 6323120.0,
      "std_dev": 1056584.991181921
    },
    "wasmtime_app": {
      "mean": 9582753.0,
      "median": 9156695.0,
      "min": 7969158.0,
      "max": 15978338.0,
      "std_dev": 2354119.505992704
    }
  },
  "base64": {
    "base_native": {
      "mean": 261517776.0,
      "median": 261580830.0,
      "min": 261327873.0,
      "max": 261644625.0,
      "std_dev": 167525.55793967677
    },
    "wasmtime_app": {
      "mean": 355123692.5,
      "median": 355123692.5,
      "min": 350473386.0,
      "max": 359773999.0,
      "std_dev": 6576526.521491759
    }
  },
  "ctype": {
    "base_native": {
      "mean": 657763727.0,
      "median": 657763727.0,
      "min": 653704581.0,
      "max": 661822873.0,
      "std_dev": 5740499.324852499
    },
    "wasmtime_app": {
      "mean": 983912216.0,
      "median": 983912216.0,
      "min": 983912216.0,
      "max": 983912216.0,
      "std_dev": 0.0
    }
  },
  "ed25519": {
    "base_native": {
      "mean": 1433140353.0,
      "median": 1433140353.0,
      "min": 1433140353.0,
      "max": 1433140353.0,
      "std_dev": 0.0
    },
    "wasmtime_app": {
      "mean": 6754593515.0,
      "median": 6754593515.0,
      "min": 6754593515.0,
      "max": 6754593515.0,
      "std_dev": 0.0
    }
  },
  "fib2": {
    "base_native": {
      "mean": 6956157950.0,
      "median": 6956157950.0,
      "min": 6956157950.0,
      "max": 6956157950.0,
      "std_dev": 0.0
    },
    "wasmtime_app": {
      "mean": 10679992644.0,
      "median": 10679992644.0,
      "min": 10679992644.0,
      "max": 10679992644.0,
      "std_dev": 0.0
    }
  },
  "gimli": {
    "base_native": {
      "mean": 4138867.1,
      "median": 4137164.5,
      "min": 4105280.0,
      "max": 4166150.0,
      "std_dev": 16122.63534737558
    },
    "wasmtime_app": {
      "mean": 9508934.4,
      "median": 9360122.5,
      "min": 9307312.0,
      "max": 10868281.0,
      "std_dev": 478395.1128086026
    }
  },
  "heapsort": {
    "base_native": {
      "mean": 1076375562.0,
      "median": 1076375562.0,
      "min": 1076375562.0,
      "max": 1076375562.0,
      "std_dev": 0.0
    },
    "wasmtime_app": {
      "mean": 1220409792.0,
      "median": 1220409792.0,
      "min": 1220409792.0,
      "max": 1220409792.0,
      "std_dev": 0.0
    }
  },
  "keccak": {
    "base_native": {
      "mean": 7476302.4,
      "median": 7475099.5,
      "min": 7459764.0,
      "max": 7495661.0,
      "std_dev": 10384.797309314974
    },
    "wasmtime_app": {
      "mean": 22843861.6,
      "median": 21297797.5,
      "min": 20990351.0,
      "max": 37127432.0,
      "std_dev": 5022878.042504388
    }
  },
  "matrix": {
    "base_native": {
      "mean": 377868662.5,
      "median": 377868662.5,
      "min": 377854076.0,
      "max": 377883249.0,
      "std_dev": 20628.42612755515
    },
    "wasmtime_app": {
      "mean": 533527233.0,
      "median": 533527233.0,
      "min": 529455471.0,
      "max": 537598995.0,
      "std_dev": 5758341.043155398
    }
  },
  "matrix2": {
    "base_native": {
      "mean": 194259123.5,
      "median": 194255942.5,
      "min": 194245443.0,
      "max": 194279166.0,
      "std_dev": 14921.41424262459
    },
    "wasmtime_app": {
      "mean": 260213359.0,
      "median": 257682091.0,
      "min": 257675817.0,
      "max": 265282169.0,
      "std_dev": 4389719.347844916
    }
  },
  "memmove": {
    "base_native": {
      "mean": 47326386.5,
      "median": 47318687.0,
      "min": 47307850.0,
      "max": 47360347.0,
      "std_dev": 18476.193621041704
    },
    "wasmtime_app": {
      "mean": 520275726.0,
      "median": 520275726.0,
      "min": 515175543.0,
      "max": 525375909.0,
      "std_dev": 7212747.9691846995
    }
  },
  "minicsv": {
    "base_native": {
      "mean": 718963117.0,
      "median": 718963117.0,
      "min": 718963117.0,
      "max": 718963117.0,
      "std_dev": 0.0
    },
    "wasmtime_app": {
      "mean": 1119861628.0,
      "median": 1119861628.0,
      "min": 1119861628.0,
      "max": 1119861628.0,
      "std_dev": 0.0
    }
  },
  "nestedloop": {
    "base_native": {
      "mean": 1573081.9090909092,
      "median": 1575436.0,
      "min": 1544189.0,
      "max": 1631682.0,
      "std_dev": 24180.38533793267
    },
    "wasmtime_app": {
      "mean": 6305722.0,
      "median": 6205737.5,
      "min": 6156852.0,
      "max": 7115227.0,
      "std_dev": 289205.0667705837
    }
  },
  "nestedloop2": {
    "base_native": {
      "mean": 1576338.5454545454,
      "median": 1576561.0,
      "min": 1558663.0,
      "max": 1611109.0,
      "std_dev": 15660.250051411289
    },
    "wasmtime_app": {
      "mean": 6324208.6,
      "median": 6194487.5,
      "min": 6140203.0,
      "max": 7501032.0,
      "std_dev": 414134.69676723407
    }
  },
  "nestedloop3": {
    "base_native": {
      "mean": 2081186.3636363635,
      "median": 2081125.0,
      "min": 2054527.0,
      "max": 2107223.0,
      "std_dev": 13207.509093487139
    },
    "wasmtime_app": {
      "mean": 6877914.6,
      "median": 6756846.0,
      "min": 6692524.0,
      "max": 7987657.0,
      "std_dev": 391295.574642097
    }
  },
  "random": {
    "base_native": {
      "mean": 577631347.0,
      "median": 577631347.0,
      "min": 577588050.0,
      "max": 577674644.0,
      "std_dev": 61231.2046100679
    },
    "wasmtime_app": {
      "mean": 290685773.0,
      "median": 290395530.0,
      "min": 290391980.0,
      "max": 291269809.0,
      "std_dev": 505793.12727339426
    }
  },
  "random2": {
    "base_native": {
      "mean": 577655120.0,
      "median": 577655120.0,
      "min": 577582000.0,
      "max": 577728240.0,
      "std_dev": 103407.29568072071
    },
    "wasmtime_app": {
      "mean": 290798992.0,
      "median": 290464251.0,
      "min": 290372506.0,
      "max": 291560219.0,
      "std_dev": 660835.9822247877
    }
  },
  "ratelimit": {
    "base_native": {
      "mean": 25921679.5,
      "median": 25917562.0,
      "min": 25907063.0,
      "max": 25970484.0,
      "std_dev": 18774.71046233322
    },
    "wasmtime_app": {
      "mean": 39032252.0,
      "median": 38303132.5,
      "min": 38279597.0,
      "max": 45571740.0,
      "std_dev": 2297806.7770417267
    }
  },
  "seqhash": {
    "base_native": {
      "mean": 7110275651.0,
      "median": 7110275651.0,
      "min": 7110275651.0,
      "max": 7110275651.0,
      "std_dev": 0.0
    },
    "wasmtime_app": {
      "mean": 9669205608.0,
      "median": 9669205608.0,
      "min": 9669205608.0,
      "max": 9669205608.0,
      "std_dev": 0.0
    }
  },
  "sieve": {
    "base_native": {
      "mean": 569358241.0,
      "median": 569358241.0,
      "min": 569346067.0,
      "max": 569370415.0,
      "std_dev": 17216.63590833006
    },
    "wasmtime_app": {
      "mean": 767217355.0,
      "median": 767217355.0,
      "min": 767217355.0,
      "max": 767217355.0,
      "std_dev": 0.0
    }
  },
  "strcat": {
    "base_native": {
      "mean": 65857825.2,
      "median": 65849356.0,
      "min": 65839194.0,
      "max": 65936162.0,
      "std_dev": 28787.85449842038
    },
    "wasmtime_app": {
      "mean": 349300910.0,
      "median": 349300910.0,
      "min": 343094847.0,
      "max": 355506973.0,
      "std_dev": 8776698.463541858
    }
  },
  "strcat2": {
    "base_native": {
      "mean": 2590418.0,
      "median": 2587264.0,
      "min": 2575014.0,
      "max": 2614237.0,
      "std_dev": 12003.529206029367
    },
    "wasmtime_app": {
      "mean": 9412344.6,
      "median": 8492380.5,
      "min": 8463907.0,
      "max": 17638527.0,
      "std_dev": 2890727.0415008133
    }
  },
  "strchr": {
    "base_native": {
      "mean": 154914754.0,
      "median": 155000538.0,
      "min": 154554270.0,
      "max": 155086857.0,
      "std_dev": 221186.1178770042
    },
    "wasmtime_app": {
      "mean": 406543689.5,