{
  "ackermann": {
    "base_native": {
      "mean": 3254047.0,
      "median": 2935163.5,
      "min": 2908052.0,
      "max": 6148061.0,
      "std_dev": 1017015.833480373
    },
    "wasmtime_app": {
      "mean": 9004747.1,
      "median": 8520230.0,
      "min": 8458271.0,
      "max": 12608262.0,
      "std_dev": 1288531.7273740896
    }
  },
  "base64": {
    "base_native": {
      "mean": 251428073.0,
      "median": 249528902.0,
      "min": 249513903.0,
      "max": 255241414.0,
      "std_dev": 3302458.6945503196
    },
    "wasmtime_app": {
      "mean": 370684125.5,
      "median": 370684125.5,
      "min": 361598443.0,
      "max": 379769808.0,
      "std_dev": 12849095.414915888
    }
  },
  "ctype": {
    "base_native": {
      "mean": 653950623.5,
      "median": 653950623.5,
      "min": 653747098.0,
      "max": 654154149.0,
      "std_dev": 287828.52238876536
    },
    "wasmtime_app": {
      "mean": 984577113.0,
      "median": 984577113.0,
      "min": 984577113.0,
      "max": 984577113.0,
      "std_dev": 0.0
    }
  },
  "ed25519": {
    "base_native": {
      "mean": 1433444240.0,
      "median": 1433444240.0,
      "min": 1433444240.0,
      "max": 1433444240.0,
      "std_dev": 0.0
    },
    "wasmtime_app": {
      "mean": 6761640035.0,
      "median": 6761640035.0,
      "min": 6761640035.0,
      "max": 6761640035.0,
      "std_dev": 0.0
    }
  },
  "fib2": {
    "base_native": {
      "mean": 6955981005.0,
      "median": 6955981005.0,
      "min": 6955981005.0,
      "max": 6955981005.0,
      "std_dev": 0.0
    },
    "wasmtime_app": {
      "mean": 10676873404.0,
      "median": 10676873404.0,
      "min": 10676873404.0,
      "max": 10676873404.0,
      "std_dev": 0.0
    }
  },
  "gimli": {
    "base_native": {
      "mean": 4132119.8,
      "median": 4125667.5,
      "min": 4107881.0,
      "max": 4183452.0,
      "std_dev": 21662.879734698246
    },
    "wasmtime_app": {
      "mean": 9491159.3,
      "median": 9333879.5,
      "min": 9323867.0,
      "max": 10844697.0,
      "std_dev": 475913.234199272
    }
  },
  "heapsort": {
    "base_native": {
      "mean": 1076359929.0,
      "median": 1076359929.0,
      "min": 1076359929.0,
      "max": 1076359929.0,
      "std_dev": 0.0
    },
    "wasmtime_app": {
      "mean": 1220409560.0,
      "median": 1220409560.0,
      "min": 1220409560.0,
      "max": 1220409560.0,
      "std_dev": 0.0
    }
  },
  "keccak": {
    "base_native": {
      "mean": 7485361.4,
      "median": 7484806.0,
      "min": 7471582.0,
      "max": 7496981.0,
      "std_dev": 8213.2126776852
    },
    "wasmtime_app": {
      "mean": 22833823.4,
      "median": 21304631.5,
      "min": 20997738.0,
      "max": 37031012.0,
      "std_dev": 4989827.740070218
    }
  },
  "matrix": {
    "base_native": {
      "mean": 377884141.5,
      "median": 377884141.5,
      "min": 377865205.0,
      "max": 377903078.0,
      "std_dev": 26780.255123878116
    },
    "wasmtime_app": {
      "mean": 533777665.0,
      "median": 533777665.0,
      "min": 529692770.0,
      "max": 537862560.0,
      "std_dev": 5776913.909870044
    }
  },
  "matrix2": {
    "base_native": {
      "mean": 194279491.75,
      "median": 194272161.0,
      "min": 194261824.0,
      "max": 194311821.0,
      "std_dev": 23490.443977285744
    },
    "wasmtime_app": {
      "mean": 260206049.66666666,
      "median": 257707531.0,
      "min": 257641085.0,
      "max": 265269533.0,
      "std_dev": 4385231.050690184
    }
  },
  "memmove": {
    "base_native": {
      "mean": 47327565.2,
      "median": 47328560.5,
      "min": 47300524.0,
      "max": 47336922.0,
      "std_dev": 10594.972977785266
    },
    "wasmtime_app": {
      "mean": 520790401.0,
      "median": 520790401.0,
      "min": 516195888.0,
      "max": 525384914.0,
      "std_dev": 6497622.597099496
    }
  },
  "minicsv": {
    "base_native": {
      "mean": 745615559.0,
      "median": 745615559.0,
      "min": 745615559.0,
      "max": 745615559.0,
      "std_dev": 0.0
    },
    "wasmtime_app": {
      "mean": 1104404204.0,
      "median": 1104404204.0,
      "min": 1104404204.0,
      "max": 1104404204.0,
      "std_dev": 0.0
    }
  },
  "nestedloop": {
    "base_native": {
      "mean": 1570040.6363636365,
      "median": 1575031.0,
      "min": 1545458.0,
      "max": 1598080.0,
      "std_dev": 16882.802618479713
    },
    "wasmtime_app": {
      "mean": 6257406.2,
      "median": 6164589.5,
      "min": 6142191.0,
      "max": 7092107.0,
      "std_dev": 293839.11291944934
    }
  },
  "nestedloop2": {
    "base_native": {
      "mean": 1571858.8181818181,
      "median": 1578181.0,
      "min": 1549608.0,
      "max": 1595830.0,
      "std_dev": 16610.198685254683
    },
    "wasmtime_app": {
      "mean": 6248519.1,
      "median": 6134716.5,
      "min": 6091869.0,
      "max": 7273420.0,
      "std_dev": 361617.9640380009
    }
  },
  "nestedloop3": {
    "base_native": {
      "mean": 2084332.9090909092,
      "median": 2078426.0,
      "min": 2060678.0,
      "max": 2139848.0,
      "std_dev": 22871.93251762756
    },
    "wasmtime_app": {
      "mean": 6830548.1,
      "median": 6699931.0,
      "min": 6660284.0,
      "max": 7907281.0,
      "std_dev": 380317.6065701023
    }
  },
  "random": {
    "base_native": {
      "mean": 577650252.5,
      "median": 577650252.5,
      "min": 577596581.0,
      "max": 577703924.0,
      "std_dev": 75902.96321290758
    },
    "wasmtime_app": {
      "mean": 290652115.0,
      "median": 290350342.0,
      "min": 290340893.0,
      "max": 291265110.0,
      "std_dev": 530890.2649503002
    }
  },
  "random2": {
    "base_native": {
      "mean": 577642815.5,
      "median": 577642815.5,
      "min": 577573082.0,
      "max": 577712549.0,
      "std_dev": 98618.06145174423
    },
    "wasmtime_app": {
      "mean": 290671322.0,
      "median": 290365091.0,
      "min": 290343118.0,
      "max": 291305757.0,
      "std_dev": 549546.6587115237
    }
  },
  "ratelimit": {
    "base_native": {
      "mean": 25935758.9,
      "median": 25934964.0,
      "min": 25904666.0,
      "max": 25965512.0,
      "std_dev": 17529.624769071484
    },
    "wasmtime_app": {
      "mean": 38992487.0,
      "median": 38272984.5,
      "min": 38232862.0,
      "max": 45500758.0,
      "std_dev": 2286874.0272649233
    }
  },
  "seqhash": {
    "base_native": {
      "mean": 7138139222.0,
      "median": 7138139222.0,
      "min": 7138139222.0,
      "max": 7138139222.0,
      "std_dev": 0.0
    },
    "wasmtime_app": {
      "mean": 9679208883.0,
      "median": 9679208883.0,
      "min": 9679208883.0,
      "max": 9679208883.0,
      "std_dev": 0.0
    }
  },
  "sieve": {
    "base_native": {
      "mean": 569228001.0,
      "median": 569228001.0,
      "min": 569180379.0,
      "max": 569275623.0,
      "std_dev": 67347.67826733153
    },
    "wasmtime_app": {
      "mean": 767225761.0,
      "median": 767225761.0,
      "min": 767225761.0,
      "max": 767225761.0,
      "std_dev": 0.0
    }
  },
  "strcat": {
    "base_native": {
      "mean": 65863412.8,
      "median": 65854276.0,
      "min": 65846551.0,
      "max": 65939921.0,
      "std_dev": 27631.145590116637
    },
    "wasmtime_app": {
      "mean": 351359757.0,
      "median": 351359757.0,
      "min": 350286524.0,
      "max": 352432990.0,
      "std_dev": 1517780.6641863638
    }
  },
  "strcat2": {
    "base_native": {
      "mean": 2609070.090909091,
      "median": 2609245.0,
      "min": 2578797.0,
      "max": 2633394.0,
      "std_dev": 19627.725453829567
    },
    "wasmtime_app": {
      "mean": 9406439.7,
      "median": 8495831.5,
      "min": 8452047.0,
      "max": 17624674.0,
      "std_dev": 2887681.8088498306
    }
  },
  "strchr": {
    "base_native": {
      "mean": 155101967.6,
      "median": 155115942.0,
      "min": 154952126.0,
      "max": 155211286.0,
      "std_dev": 93477.37983758425
    },