{
  "ackermann": {
    "base_native": {
      "mean": 3517723.6,
      "median": 2989261.0,
      "min": 2955275.0,
      "max": 8341497.0,
      "std_dev": 1694993.4961579056
    },
    "wasmtime_app": {
      "mean": 8865310.3,
      "median": 8229402.5,
      "min": 8193517.0,
      "max": 13356638.0,
      "std_dev": 1603197.2884465072
    }
  },
  "base64": {
    "base_native": {
      "mean": 257901341.0,
      "median": 258583762.0,
      "min": 253416455.0,
      "max": 261703806.0,
      "std_dev": 4185608.7329361066
    },
    "wasmtime_app": {
      "mean": 364669763.5,
      "median": 364669763.5,
      "min": 358090401.0,
      "max": 371249126.0,
      "std_dev": 9304623.679268952
    }
  },
  "ctype": {
    "base_native": {
      "mean": 654954910.5,
      "median": 654954910.5,
      "min": 653748811.0,
      "max": 656161010.0,
      "std_dev": 1705682.2704714087
    },
    "wasmtime_app": {
      "mean": 984680826.0,
      "median": 984680826.0,
      "min": 984680826.0,
      "max": 984680826.0,
      "std_dev": 0.0
    }
  },
  "ed25519": {
    "base_native": {
      "mean": 1433471407.0,
      "median": 1433471407.0,
      "min": 1433471407.0,
      "max": 1433471407.0,
      "std_dev": 0.0
    },
    "wasmtime_app": {
      "mean": 6773555726.0,
      "median": 6773555726.0,
      "min": 6773555726.0,
      "max": 6773555726.0,
      "std_dev": 0.0
    }
  },
  "fib2": {
    "base_native": {
      "mean": 6956465087.0,
      "median": 6956465087.0,
      "min": 6956465087.0,
      "max": 6956465087.0,
      "std_dev": 0.0
    },
    "wasmtime_app": {
      "mean": 10668978405.0,
      "median": 10668978405.0,
      "min": 10668978405.0,
      "max": 10668978405.0,
      "std_dev": 0.0
    }
  },
  "gimli": {
    "base_native": {
      "mean": 4150197.0,
      "median": 4147824.5,
      "min": 4140300.0,
      "max": 4164699.0,
      "std_dev": 8773.061609267314
    },
    "wasmtime_app": {
      "mean": 9511727.2,
      "median": 9377997.5,
      "min": 9321126.0,
      "max": 10866635.0,
      "std_dev": 476845.89895101334
    }
  },
  "heapsort": {
    "base_native": {
      "mean": 1076574993.0,
      "median": 1076574993.0,
      "min": 1076574993.0,
      "max": 1076574993.0,
      "std_dev": 0.0
    },
    "wasmtime_app": {
      "mean": 1220462900.0,
      "median": 1220462900.0,
      "min": 1220462900.0,
      "max": 1220462900.0,
      "std_dev": 0.0
    }
  },
  "keccak": {
    "base_native": {
      "mean": 7491768.3,
      "median": 7493170.5,
      "min": 7473709.0,
      "max": 7506558.0,
      "std_dev": 10537.839448071569
    },
    "wasmtime_app": {
      "mean": 22877098.3,
      "median": 21304108.5,
      "min": 21046136.0,
      "max": 37296105.0,
      "std_dev": 5067940.601253466
    }
  },
  "matrix": {
    "base_native": {
      "mean": 377909664.5,
      "median": 377909664.5,
      "min": 377888153.0,
      "max": 377931176.0,
      "std_dev": 30421.855046988832
    },
    "wasmtime_app": {
      "mean": 533732027.0,
      "median": 533732027.0,
      "min": 529402094.0,
      "max": 538061960.0,
      "std_dev": 6123449.972766822
    }
  },
  "matrix2": {
    "base_native": {
      "mean": 194288362.75,
      "median": 194283475.5,
      "min": 194272901.0,
      "max": 194313599.0,
      "std_dev": 18639.28693870378
    },
    "wasmtime_app": {
      "mean": 260243651.0,
      "median": 257684460.0,
      "min": 257681160.0,
      "max": 265365333.0,
      "std_dev": 4435507.0290039
    }
  },
  "memmove": {
    "base_native": {
      "mean": 47333054.6,
      "median": 47327214.5,
      "min": 47279729.0,
      "max": 47413824.0,
      "std_dev": 38155.793834692464
    },
    "wasmtime_app": {
      "mean": 519891616.5,
      "median": 519891616.5,
      "min": 515411968.0,
      "max": 524371265.0,
      "std_dev": 6335179.663364292
    }
  },
  "minicsv": {
    "base_native": {
      "mean": 708945882.0,
      "median": 708945882.0,
      "min": 708945882.0,
      "max": 708945882.0,
      "std_dev": 0.0
    },
    "wasmtime_app": {
      "mean": 1103881236.0,
      "median": 1103881236.0,
      "min": 1103881236.0,
      "max": 1103881236.0,
      "std_dev": 0.0
    }
  },
  "nestedloop": {
    "base_native": {
      "mean": 1575521.9090909092,
      "median": 1582808.0,
      "min": 1553984.0,
      "max": 1586883.0,
      "std_dev": 13713.120450536015
    },
    "wasmtime_app": {
      "mean": 6295169.0,
      "median": 6193597.5,
      "min": 6168761.0,
      "max": 7158728.0,
      "std_dev": 304271.4697174219
    }
  },
  "nestedloop2": {
    "base_native": {
      "mean": 1576867.1818181819,
      "median": 1573658.0,
      "min": 1552209.0,
      "max": 1607907.0,
      "std_dev": 19131.380451071385
    },
    "wasmtime_app": {
      "mean": 6266463.2,
      "median": 6184935.5,
      "min": 6160612.0,
      "max": 7017837.0,
      "std_dev": 264630.7648810152
    }
  },
  "nestedloop3": {
    "base_native": {
      "mean": 2085911.5454545454,
      "median": 2084387.0,
      "min": 2064087.0,
      "max": 2117510.0,
      "std_dev": 13136.529430284365
    },
    "wasmtime_app": {
      "mean": 6850011.4,
      "median": 6738415.5,
      "min": 6682481.0,
      "max": 7934908.0,
      "std_dev": 381983.1138592385
    }
  },
  "random": {
    "base_native": {
      "mean": 577658047.0,
      "median": 577658047.0,
      "min": 577611399.0,
      "max": 577704695.0,
      "std_dev": 65970.23425758014
    },
    "wasmtime_app": {
      "mean": 290702516.6666667,
      "median": 290419658.0,
      "min": 290412234.0,
      "max": 291275658.0,
      "std_dev": 496368.83456290176
    }
  },
  "random2": {
    "base_native": {
      "mean": 577664372.0,
      "median": 577664372.0,
      "min": 577608899.0,
      "max": 577719845.0,
      "std_dev": 78450.6689455227
    },
    "wasmtime_app": {
      "mean": 290740264.3333333,
      "median": 290452481.0,
      "min": 290406709.0,
      "max": 291361603.0,
      "std_dev": 538581.5379469792
    }
  },
  "ratelimit": {
    "base_native": {
      "mean": 25925982.9,
      "median": 25927055.0,
      "min": 25914056.0,
      "max": 25940605.0,
      "std_dev": 9869.17110613765
    },
    "wasmtime_app": {
      "mean": 39034844.7,
      "median": 38319044.0,
      "min": 38251223.0,
      "max": 45557593.0,
      "std_dev": 2291984.8915348966
    }
  },
  "seqhash": {
    "base_native": {
      "mean": 7125528752.0,
      "median": 7125528752.0,
      "min": 7125528752.0,
      "max": 7125528752.0,
      "std_dev": 0.0
    },
    "wasmtime_app": {
      "mean": 9718991587.0,
      "median": 9718991587.0,
      "min": 9718991587.0,
      "max": 9718991587.0,
      "std_dev": 0.0
    }
  },
  "sieve": {
    "base_native": {
      "mean": 569290225.5,
      "median": 569290225.5,
      "min": 569248202.0,
      "max": 569332249.0,
      "std_dev": 59430.20363838576
    },
    "wasmtime_app": {
      "mean": 766923141.0,
      "median": 766923141.0,
      "min": 766923141.0,
      "max": 766923141.0,
      "std_dev": 0.0
    }
  },
  "strcat": {
    "base_native": {
      "mean": 65868232.3,
      "median": 65860357.5,
      "min": 65833121.0,
      "max": 65975115.0,
      "std_dev": 40592.06400558283
    },
    "wasmtime_app": {
      "mean": 348313276.0,
      "median": 348313276.0,
      "min": 344334910.0,
      "max": 352291642.0,
      "std_dev": 5626259.153284
    }
  },
  "strcat2": {
    "base_native": {
      "mean": 2598901.090909091,
      "median": 2593840.0,
      "min": 2584190.0,
      "max": 2623514.0,
      "std_dev": 14103.590234082567
    },
    "wasmtime_app": {
      "mean": 9411305.7,
      "median": 8501099.0,
      "min": 8439528.0,
      "max": 17724431.0,
      "std_dev": 2921100.9682916948
    }
  },
  "strchr": {
    "base_native": {
      "mean": 155193150.6,
      "median": 155197450.0,
      "min": 155139553.0,
      "max": 155257098.0,
      "std_dev": 44474.30681078683
    },