{
  "ackermann": {
    "base_native": {
      "mean": 3076507.272727273,
      "median": 3069887.0,
      "min": 3042989.0,
      "max": 3199354.0,
      "std_dev": 42252.012231587054
    },
    "wasmtime_app": {
      "mean": 9135183.4,
      "median": 8879763.0,
      "min": 8161574.0,
      "max": 12722292.0,
      "std_dev": 1376734.4811958477
    }
  },
  "base64": {
    "base_native": {
      "mean": 266199511.33333334,
      "median": 266681807.0,
      "min": 261569469.0,
      "max": 270347258.0,
      "std_dev": 4408724.505420398
    },
    "wasmtime_app": {
      "mean": 364013181.0,
      "median": 364013181.0,
      "min": 356994479.0,
      "max": 371031883.0,
      "std_dev": 9925943.558655167
    }
  },
  "ctype": {
    "base_native": {
      "mean": 668803827.0,
      "median": 668803827.0,
      "min": 668803827.0,
      "max": 668803827.0,
      "std_dev": 0.0
    },
    "wasmtime_app": {
      "mean": 985047408.0,
      "median": 985047408.0,
      "min": 985047408.0,
      "max": 985047408.0,
      "std_dev": 0.0
    }
  },
  "ed25519": {
    "base_native": {
      "mean": 1433196675.0,
      "median": 1433196675.0,
      "min": 1433196675.0,
      "max": 1433196675.0,
      "std_dev": 0.0
    },
    "wasmtime_app": {
      "mean": 6758656522.0,
      "median": 6758656522.0,
      "min": 6758656522.0,
      "max": 6758656522.0,
      "std_dev": 0.0
    }
  },
  "fib2": {
    "base_native": {
      "mean": 6956090803.0,
      "median": 6956090803.0,
      "min": 6956090803.0,
      "max": 6956090803.0,
      "std_dev": 0.0
    },
    "wasmtime_app": {
      "mean": 10671001557.0,
      "median": 10671001557.0,
      "min": 10671001557.0,
      "max": 10671001557.0,
      "std_dev": 0.0
    }
  },
  "gimli": {
    "base_native": {
      "mean": 4140911.7,
      "median": 4134984.5,
      "min": 4128598.0,
      "max": 4167795.0,
      "std_dev": 14410.29858623493
    },
    "wasmtime_app": {
      "mean": 9472868.3,
      "median": 9320008.5,
      "min": 9305972.0,
      "max": 10803496.0,
      "std_dev": 467893.5931287156
    }
  },
  "heapsort": {
    "base_native": {
      "mean": 1076338218.0,
      "median": 1076338218.0,
      "min": 1076338218.0,
      "max": 1076338218.0,
      "std_dev": 0.0
    },
    "wasmtime_app": {
      "mean": 1220415038.0,
      "median": 1220415038.0,
      "min": 1220415038.0,
      "max": 1220415038.0,
      "std_dev": 0.0
    }
  },
  "keccak": {
    "base_native": {
      "mean": 7474008.7,
      "median": 7471631.5,
      "min": 7458495.0,
      "max": 7490893.0,
      "std_dev": 11803.61217829337
    },
    "wasmtime_app": {
      "mean": 22836794.7,
      "median": 21224606.0,
      "min": 21024532.0,
      "max": 37087249.0,
      "std_dev": 5010224.293335336
    }
  },
  "matrix": {
    "base_native": {
      "mean": 378026340.0,
      "median": 378026340.0,
      "min": 377962744.0,
      "max": 378089936.0,
      "std_dev": 89938.32571267935
    },
    "wasmtime_app": {
      "mean": 533853279.0,
      "median": 533853279.0,
      "min": 529418003.0,
      "max": 538288555.0,
      "std_dev": 6272427.472067892
    }
  },
  "matrix2": {
    "base_native": {
      "mean": 194284341.75,
      "median": 194268724.0,
      "min": 194253500.0,
      "max": 194346419.0,
      "std_dev": 42043.540886205104
    },
    "wasmtime_app": {
      "mean": 260183640.0,
      "median": 257612105.0,
      "min": 257577432.0,
      "max": 265361383.0,
      "std_dev": 4484090.485791851
    }
  },
  "memmove": {
    "base_native": {
      "mean": 47419139.5,
      "median": 47359973.0,
      "min": 47333087.0,
      "max": 47548924.0,
      "std_dev": 90947.73165120723
    },
    "wasmtime_app": {
      "mean": 520980897.5,
      "median": 520980897.5,
      "min": 516193895.0,
      "max": 525767900.0,
      "std_dev": 6769843.858613912
    }
  },
  "minicsv": {
    "base_native": {
      "mean": 725034647.0,
      "median": 725034647.0,
      "min": 725034647.0,
      "max": 725034647.0,
      "std_dev": 0.0
    },
    "wasmtime_app": {
      "mean": 1108756142.0,
      "median": 1108756142.0,
      "min": 1108756142.0,
      "max": 1108756142.0,
      "std_dev": 0.0
    }
  },
  "nestedloop": {
    "base_native": {
      "mean": 1581393.9090909092,
      "median": 1580678.0,
      "min": 1551280.0,
      "max": 1642049.0,
      "std_dev": 27571.396273872477
    },
    "wasmtime_app": {
      "mean": 6274044.0,
      "median": 6183095.5,
      "min": 6163209.0,
      "max": 7100321.0,
      "std_dev": 290598.04733227874
    }
  },
  "nestedloop2": {
    "base_native": {
      "mean": 1576337.5454545454,
      "median": 1580153.0,
      "min": 1556080.0,
      "max": 1588828.0,
      "std_dev": 12532.41738343913
    },
    "wasmtime_app": {
      "mean": 6271859.2,
      "median": 6184732.5,
      "min": 6149235.0,
      "max": 7051074.0,
      "std_dev": 274733.02403638663
    }
  },
  "nestedloop3": {
    "base_native": {
      "mean": 2089215.0909090908,
      "median": 2085497.0,
      "min": 2062924.0,
      "max": 2117495.0,
      "std_dev": 14584.24204032932
    },
    "wasmtime_app": {
      "mean": 6843958.0,
      "median": 6723571.0,
      "min": 6706322.0,
      "max": 7911416.0,
      "std_dev": 375379.313587085
    }
  },
  "random": {
    "base_native": {
      "mean": 577691710.0,
      "median": 577691710.0,
      "min": 577677111.0,
      "max": 577706309.0,
      "std_dev": 20646.103797084816
    },
    "wasmtime_app": {
      "mean": 290643319.6666667,
      "median": 290360097.0,
      "min": 290332424.0,
      "max": 291237438.0,
      "std_dev": 514707.5812870191
    }
  },
  "random2": {
    "base_native": {
      "mean": 577729395.5,
      "median": 577729395.5,
      "min": 577672861.0,
      "max": 577785930.0,
      "std_dev": 79951.85664198174
    },
    "wasmtime_app": {
      "mean": 290703474.0,
      "median": 290462215.0,
      "min": 290365447.0,
      "max": 291282760.0,
      "std_dev": 504004.18034278246
    }
  },
  "ratelimit": {
    "base_native": {
      "mean": 25930467.7,
      "median": 25928168.0,
      "min": 25912694.0,
      "max": 25956041.0,
      "std_dev": 14628.423656627458
    },
    "wasmtime_app": {
      "mean": 38979908.8,
      "median": 38259482.5,
      "min": 38247196.0,
      "max": 45464609.0,
      "std_dev": 2278503.5804428896
    }
  },
  "seqhash": {
    "base_native": {
      "mean": 7118493846.0,
      "median": 7118493846.0,
      "min": 7118493846.0,
      "max": 7118493846.0,
      "std_dev": 0.0
    },
    "wasmtime_app": {
      "mean": 9656009493.0,
      "median": 9656009493.0,
      "min": 9656009493.0,
      "max": 9656009493.0,
      "std_dev": 0.0
    }
  },
  "sieve": {
    "base_native": {
      "mean": 569300872.5,
      "median": 569300872.5,
      "min": 569277024.0,
      "max": 569324721.0,
      "std_dev": 33726.87214225476
    },
    "wasmtime_app": {
      "mean": 767083179.0,
      "median": 767083179.0,
      "min": 767083179.0,
      "max": 767083179.0,
      "std_dev": 0.0
    }
  },
  "strcat": {
    "base_native": {
      "mean": 65886347.9,
      "median": 65876418.5,
      "min": 65856307.0,
      "max": 65987349.0,
      "std_dev": 38654.00608374534
    },
    "wasmtime_app": {
      "mean": 354090950.0,
      "median": 354090950.0,
      "min": 350201087.0,
      "max": 357980813.0,
      "std_dev": 5501097.010373294
    }
  },
  "strcat2": {
    "base_native": {
      "mean": 2587130.3636363638,
      "median": 2582642.0,
      "min": 2571743.0,
      "max": 2609290.0,
      "std_dev": 12229.645099288266
    },
    "wasmtime_app": {
      "mean": 9414159.8,
      "median": 8496889.0,
      "min": 8450605.0,
      "max": 17767402.0,
      "std_dev": 2935140.622255878
    }
  },
  "strchr": {
    "base_native": {
      "mean": 154755749.2,
      "median": 154738110.0,
      "min": 154723511.0,
      "max": 154807281.0,
      "std_dev": 34520.81342755411
    },