{
  "ackermann": {
    "base_native": {
      "mean": 3324490.8,
      "median": 3039852.0,
      "min": 2844563.0,
      "max": 6176174.0,
      "std_dev": 1005673.5201301994
    },
    "wasmtime_app": {
      "mean": 9294565.6,
      "median": 9005605.0,
      "min": 7937556.0,
      "max": 13062753.0,
      "std_dev": 1496697.5075530792
    }
  },
  "base64": {
    "base_native": {
      "mean": 264141202.66666666,
      "median": 261568099.0,
      "min": 260663725.0,
      "max": 270191784.0,
      "std_dev": 5259431.902442538
    },
    "wasmtime_app": {
      "mean": 355075182.5,
      "median": 355075182.5,
      "min": 350430232.0,
      "max": 359720133.0,
      "std_dev": 6568951.993651689
    }
  },
  "ctype": {
    "base_native": {
      "mean": 657490420.5,
      "median": 657490420.5,
      "min": 653688486.0,
      "max": 661292355.0,
      "std_dev": 5376747.333154172
    },
    "wasmtime_app": {
      "mean": 983901875.0,
      "median": 983901875.0,
      "min": 983901875.0,
      "max": 983901875.0,
      "std_dev": 0.0
    }
  },
  "ed25519": {
    "base_native": {
      "mean": 1433096385.0,
      "median": 1433096385.0,
      "min": 1433096385.0,
      "max": 1433096385.0,
      "std_dev": 0.0
    },
    "wasmtime_app": {
      "mean": 6752562411.0,
      "median": 6752562411.0,
      "min": 6752562411.0,
      "max": 6752562411.0,
      "std_dev": 0.0
    }
  },
  "fib2": {
    "base_native": {
      "mean": 6955923177.0,
      "median": 6955923177.0,
      "min": 6955923177.0,
      "max": 6955923177.0,
      "std_dev": 0.0
    },
    "wasmtime_app": {
      "mean": 10671638114.0,
      "median": 10671638114.0,
      "min": 10671638114.0,
      "max": 10671638114.0,
      "std_dev": 0.0
    }
  },
  "gimli": {
    "base_native": {
      "mean": 4139707.1,
      "median": 4137165.0,
      "min": 4129440.0,
      "max": 4171988.0,
      "std_dev": 11949.784548964331
    },
    "wasmtime_app": {
      "mean": 9509240.4,
      "median": 9357634.5,
      "min": 9335948.0,
      "max": 10876332.0,
      "std_dev": 480813.2091978708
    }
  },
  "heapsort": {
    "base_native": {
      "mean": 1076282094.0,
      "median": 1076282094.0,
      "min": 1076282094.0,
      "max": 1076282094.0,
      "std_dev": 0.0
    },
    "wasmtime_app": {
      "mean": 1220428733.0,
      "median": 1220428733.0,
      "min": 1220428733.0,
      "max": 1220428733.0,
      "std_dev": 0.0
    }
  },
  "keccak": {
    "base_native": {
      "mean": 7484209.6,
      "median": 7484637.5,
      "min": 7472025.0,
      "max": 7493374.0,
      "std_dev": 6622.078243774131
    },
    "wasmtime_app": {
      "mean": 22862609.5,
      "median": 21288642.5,
      "min": 20993910.0,
      "max": 37168605.0,
      "std_dev": 5030268.360727161
    }
  },
  "matrix": {
    "base_native": {
      "mean": 377873970.5,
      "median": 377873970.5,
      "min": 377863421.0,
      "max": 377884520.0,
      "std_dev": 14919.245976254966
    },
    "wasmtime_app": {
      "mean": 533487459.5,
      "median": 533487459.5,
      "min": 529396339.0,
      "max": 537578580.0,
      "std_dev": 5785718.096402598
    }
  },
  "matrix2": {
    "base_native": {
      "mean": 194264989.0,
      "median": 194261833.0,
      "min": 194248671.0,
      "max": 194287619.0,
      "std_dev": 17493.208529788546
    },
    "wasmtime_app": {
      "mean": 260215242.33333334,
      "median": 257677184.0,
      "min": 257640061.0,
      "max": 265328482.0,
      "std_dev": 4428234.348570809
    }
  },
  "memmove": {
    "base_native": {
      "mean": 47330697.3,
      "median": 47334699.5,
      "min": 47304664.0,
      "max": 47363435.0,
      "std_dev": 19227.573817307268
    },
    "wasmtime_app": {
      "mean": 520818795.0,
      "median": 520818795.0,
      "min": 515722421.0,
      "max": 525915169.0,
      "std_dev": 7207361.22972562
    }
  },
  "minicsv": {
    "base_native": {
      "mean": 714552531.0,
      "median": 714552531.0,
      "min": 714552531.0,
      "max": 714552531.0,
      "std_dev": 0.0
    },
    "wasmtime_app": {
      "mean": 1096791609.0,
      "median": 1096791609.0,
      "min": 1096791609.0,
      "max": 1096791609.0,
      "std_dev": 0.0
    }
  },
  "nestedloop": {
    "base_native": {
      "mean": 1572260.2727272727,
      "median": 1576435.0,
      "min": 1545087.0,
      "max": 1594034.0,
      "std_dev": 14529.992278669037
    },
    "wasmtime_app": {
      "mean": 6262182.2,
      "median": 6171260.0,
      "min": 6138912.0,
      "max": 7099330.0,
      "std_dev": 294740.6098184941
    }
  },
  "nestedloop2": {
    "base_native": {
      "mean": 1569712.7272727273,
      "median": 1572485.0,
      "min": 1539837.0,
      "max": 1601034.0,
      "std_dev": 17746.1738247483
    },
    "wasmtime_app": {
      "mean": 6267964.5,
      "median": 6190996.5,
      "min": 6161311.0,
      "max": 7009111.0,
      "std_dev": 261215.72612317116
    }
  },
  "nestedloop3": {
    "base_native": {
      "mean": 2082726.6363636365,
      "median": 2078406.0,
      "min": 2072082.0,
      "max": 2135853.0,
      "std_dev": 18068.820671381556
    },
    "wasmtime_app": {
      "mean": 6849225.1,
      "median": 6731252.0,
      "min": 6699504.0,
      "max": 7965004.0,
      "std_dev": 392286.23991656624
    }
  },
  "random": {
    "base_native": {
      "mean": 577584344.5,
      "median": 577584344.5,
      "min": 577569033.0,
      "max": 577599656.0,
      "std_dev": 21653.730960275643
    },
    "wasmtime_app": {
      "mean": 290747255.6666667,
      "median": 290421275.0,
      "min": 290404301.0,
      "max": 291416191.0,
      "std_dev": 579377.1563544194
    }
  },
  "random2": {
    "base_native": {
      "mean": 577616443.0,
      "median": 577616443.0,
      "min": 577575508.0,
      "max": 577657378.0,
      "std_dev": 57890.832175742646
    },
    "wasmtime_app": {
      "mean": 290699292.0,
      "median": 290422175.0,
      "min": 290400851.0,
      "max": 291274850.0,
      "std_dev": 498561.8685449179
    }
  },
  "ratelimit": {
    "base_native": {
      "mean": 25948198.7,
      "median": 25939989.5,
      "min": 25930927.0,
      "max": 26018447.0,
      "std_dev": 25777.492969427592
    },
    "wasmtime_app": {
      "mean": 39024660.1,
      "median": 38297338.0,
      "min": 38274089.0,
      "max": 45598682.0,
      "std_dev": 2309927.2250437024
    }
  },
  "seqhash": {
    "base_native": {
      "mean": 7124550578.0,
      "median": 7124550578.0,
      "min": 7124550578.0,
      "max": 7124550578.0,
      "std_dev": 0.0
    },
    "wasmtime_app": {
      "mean": 9698227219.0,
      "median": 9698227219.0,
      "min": 9698227219.0,
      "max": 9698227219.0,
      "std_dev": 0.0
    }
  },
  "sieve": {
    "base_native": {
      "mean": 569160610.0,
      "median": 569160610.0,
      "min": 569143786.0,
      "max": 569177434.0,
      "std_dev": 23792.728973364952
    },
    "wasmtime_app": {
      "mean": 767276767.0,
      "median": 767276767.0,
      "min": 767276767.0,
      "max": 767276767.0,
      "std_dev": 0.0
    }
  },
  "strcat": {
    "base_native": {
      "mean": 65850423.2,
      "median": 65844298.5,
      "min": 65828637.0,
      "max": 65913482.0,
      "std_dev": 23590.870657947326
    },
    "wasmtime_app": {
      "mean": 348304344.5,
      "median": 348304344.5,
      "min": 344287244.0,
      "max": 352321445.0,
      "std_dev": 5681038.008515742
    }
  },
  "strcat2": {
    "base_native": {
      "mean": 2587773.272727273,
      "median": 2584753.0,
      "min": 2565129.0,
      "max": 2616501.0,
      "std_dev": 15471.502390465568
    },
    "wasmtime_app": {
      "mean": 9411466.1,
      "median": 8494410.0,
      "min": 8471624.0,
      "max": 17632033.0,
      "std_dev": 2888515.87668529
    }
  },
  "strchr": {
    "base_native": {
      "mean": 154664403.4,
      "median": 154653394.0,
      "min": 154629095.0,
      "max": 154697617.0,
      "std_dev": 29542.372607832294
    },