{
  "ackermann": {
    "base_native": {
      "mean": 2999858.3,
      "median": 2947284.0,
      "min": 2907399.0,
      "max": 3549135.0,
      "std_dev": 193943.60841523553
    },
    "wasmtime_app": {
      "mean": 9362013.1,
      "median": 8946178.0,
      "min": 8055973.0,
      "max": 13603286.0,
      "std_dev": 1600226.5851640753
    }
  },
  "base64": {
    "base_native": {
      "mean": 256999371.0,
      "median": 257437120.0,
      "min": 256035779.0,
      "max": 257525214.0,
      "std_dev": 835656.8045896593
    },
    "wasmtime_app": {
      "mean": 357021986.0,
      "median": 357021986.0,
      "min": 350405493.0,
      "max": 363638479.0,
      "std_dev": 9357134.135946646
    }
  },
  "ctype": {
    "base_native": {
      "mean": 654319328.0,
      "median": 654319328.0,
      "min": 653688066.0,
      "max": 654950590.0,
      "std_dev": 892739.2818107647
    },
    "wasmtime_app": {
      "mean": 981372316.0,
      "median": 981372316.0,
      "min": 981372316.0,
      "max": 981372316.0,
      "std_dev": 0.0
    }
  },
  "ed25519": {
    "base_native": {
      "mean": 1433171243.0,
      "median": 1433171243.0,
      "min": 1433171243.0,
      "max": 1433171243.0,
      "std_dev": 0.0
    },
    "wasmtime_app": {
      "mean": 6771934767.0,
      "median": 6771934767.0,
      "min": 6771934767.0,
      "max": 6771934767.0,
      "std_dev": 0.0
    }
  },
  "fib2": {
    "base_native": {
      "mean": 6955886886.0,
      "median": 6955886886.0,
      "min": 6955886886.0,
      "max": 6955886886.0,
      "std_dev": 0.0
    },
    "wasmtime_app": {
      "mean": 10666230295.0,
      "median": 10666230295.0,
      "min": 10666230295.0,
      "max": 10666230295.0,
      "std_dev": 0.0
    }
  },
  "gimli": {
    "base_native": {
      "mean": 4158398.6,
      "median": 4157261.5,
      "min": 4146149.0,
      "max": 4172023.0,
      "std_dev": 8037.163695400677
    },
    "wasmtime_app": {
      "mean": 9469226.1,
      "median": 9326365.5,
      "min": 9300967.0,
      "max": 10775196.0,
      "std_dev": 459269.66733680066
    }
  },
  "heapsort": {
    "base_native": {
      "mean": 1076539932.0,
      "median": 1076539932.0,
      "min": 1076539932.0,
      "max": 1076539932.0,
      "std_dev": 0.0
    },
    "wasmtime_app": {
      "mean": 1220357410.0,
      "median": 1220357410.0,
      "min": 1220357410.0,
      "max": 1220357410.0,
      "std_dev": 0.0
    }
  },
  "keccak": {
    "base_native": {
      "mean": 7496809.7,
      "median": 7498947.0,
      "min": 7479123.0,
      "max": 7515096.0,
      "std_dev": 9916.193636337148
    },
    "wasmtime_app": {
      "mean": 22903121.5,
      "median": 21305646.0,
      "min": 21152318.0,
      "max": 37163348.0,
      "std_dev": 5012645.306109279
    }
  },
  "matrix": {
    "base_native": {
      "mean": 377881779.0,
      "median": 377881779.0,
      "min": 377866630.0,
      "max": 377896928.0,
      "std_dev": 21423.92125639002
    },
    "wasmtime_app": {
      "mean": 533425204.5,
      "median": 533425204.5,
      "min": 529550495.0,
      "max": 537299914.0,
      "std_dev": 5479666.725155874
    }
  },
  "matrix2": {
    "base_native": {
      "mean": 194277486.25,
      "median": 194269855.5,
      "min": 194260706.0,
      "max": 194309528.0,
      "std_dev": 22773.60332160899
    },
    "wasmtime_app": {
      "mean": 260165377.33333334,
      "median": 257635401.0,
      "min": 257557581.0,
      "max": 265303150.0,
      "std_dev": 4449611.777319493
    }
  },
  "memmove": {
    "base_native": {
      "mean": 47347268.2,
      "median": 47344343.0,
      "min": 47326245.0,
      "max": 47377941.0,
      "std_dev": 17061.389195751
    },
    "wasmtime_app": {
      "mean": 520983867.0,
      "median": 520983867.0,
      "min": 516564368.0,
      "max": 525403366.0,
      "std_dev": 6250115.424694331
    }
  },
  "minicsv": {
    "base_native": {
      "mean": 716144448.0,
      "median": 716144448.0,
      "min": 716144448.0,
      "max": 716144448.0,
      "std_dev": 0.0
    },
    "wasmtime_app": {
      "mean": 1119015828.0,
      "median": 1119015828.0,
      "min": 1119015828.0,
      "max": 1119015828.0,
      "std_dev": 0.0
    }
  },
  "nestedloop": {
    "base_native": {
      "mean": 1591939.8181818181,
      "median": 1591703.0,
      "min": 1561880.0,
      "max": 1641500.0,
      "std_dev": 23393.94432676192
    },
    "wasmtime_app": {
      "mean": 6233520.0,
      "median": 6147310.5,
      "min": 6087927.0,
      "max": 7058989.0,
      "std_dev": 291312.3398328483
    }
  },
  "nestedloop2": {
    "base_native": {
      "mean": 1588519.5454545454,
      "median": 1591678.0,
      "min": 1564180.0,
      "max": 1620327.0,
      "std_dev": 17091.514937907854
    },
    "wasmtime_app": {
      "mean": 6282759.3,
      "median": 6187282.5,
      "min": 6139824.0,
      "max": 7181656.0,
      "std_dev": 317262.3474946072
    }
  },
  "nestedloop3": {
    "base_native": {
      "mean": 2106283.727272727,
      "median": 2096473.0,
      "min": 2092198.0,
      "max": 2178568.0,
      "std_dev": 25920.729326509732
    },
    "wasmtime_app": {
      "mean": 6847967.2,
      "median": 6728047.5,
      "min": 6689188.0,
      "max": 7984128.0,
      "std_dev": 399515.8662781186
    }
  },
  "random": {
    "base_native": {
      "mean": 577694138.0,
      "median": 577694138.0,
      "min": 577603906.0,
      "max": 577784370.0,
      "std_dev": 127607.31816004911
    },
    "wasmtime_app": {
      "mean": 290650045.0,
      "median": 290393062.0,
      "min": 290300643.0,
      "max": 291256430.0,
      "std_dev": 527173.9694436743
    }
  },
  "random2": {
    "base_native": {
      "mean": 577652740.0,
      "median": 577652740.0,
      "min": 577584607.0,
      "max": 577720873.0,
      "std_dev": 96354.61264516608
    },
    "wasmtime_app": {
      "mean": 290639046.0,
      "median": 290331816.0,
      "min": 290300643.0,
      "max": 291284679.0,
      "std_dev": 559351.7828692424
    }
  },
  "ratelimit": {
    "base_native": {
      "mean": 25946416.6,
      "median": 25944534.0,
      "min": 25927885.0,
      "max": 25982457.0,
      "std_dev": 16846.51218897649
    },
    "wasmtime_app": {
      "mean": 39002485.3,
      "median": 38271288.0,
      "min": 38250352.0,
      "max": 45586498.0,
      "std_dev": 2313476.8879993903
    }
  },
  "seqhash": {
    "base_native": {
      "mean": 7123465276.0,
      "median": 7123465276.0,
      "min": 7123465276.0,
      "max": 7123465276.0,
      "std_dev": 0.0
    },
    "wasmtime_app": {
      "mean": 9674997422.0,
      "median": 9674997422.0,
      "min": 9674997422.0,
      "max": 9674997422.0,
      "std_dev": 0.0
    }
  },
  "sieve": {
    "base_native": {
      "mean": 569255496.5,
      "median": 569255496.5,
      "min": 569251184.0,
      "max": 569259809.0,
      "std_dev": 6098.795987733973
    },
    "wasmtime_app": {
      "mean": 766849049.0,
      "median": 766849049.0,
      "min": 766849049.0,
      "max": 766849049.0,
      "std_dev": 0.0
    }
  },
  "strcat": {
    "base_native": {
      "mean": 65864711.2,
      "median": 65851039.5,
      "min": 65846177.0,
      "max": 65959346.0,
      "std_dev": 34300.653446318545
    },
    "wasmtime_app": {
      "mean": 351203378.5,
      "median": 351203378.5,
      "min": 347228151.0,
      "max": 355178606.0,
      "std_dev": 5621820.644018493
    }
  },
  "strcat2": {
    "base_native": {
      "mean": 2600908.5454545454,
      "median": 2596618.0,
      "min": 2580244.0,
      "max": 2639615.0,
      "std_dev": 17233.330881542526
    },
    "wasmtime_app": {
      "mean": 9408090.2,
      "median": 8500657.0,
      "min": 8448373.0,
      "max": 17705518.0,
      "std_dev": 2915533.570952391
    }
  },
  "strchr": {
    "base_native": {
      "mean": 154803691.0,
      "median": 154798011.0,
      "min": 154711592.0,
      "max": 154886756.0,
      "std_dev": 64853.98130801223
    },