{
  "ackermann": {
    "base_native": {
      "mean": 3427845.4,
      "median": 3026239.5,
      "min": 2952906.0,
      "max": 7174605.0,
      "std_dev": 1316714.0528021683
    },
    "wasmtime_app": {
      "mean": 9595576.1,
      "median": 9094328.0,
      "min": 8390657.0,
      "max": 13497732.0,
      "std_dev": 1556799.9868514794
    }
  },
  "base64": {
    "base_native": {
      "mean": 259278541.0,
      "median": 257420046.0,
      "min": 255735106.0,
      "max": 264680471.0,
      "std_dev": 4753461.001688665
    },
    "wasmtime_app": {
      "mean": 379833206.0,
      "median": 379833206.0,
      "min": 370166636.0,
      "max": 389499776.0,
      "std_dev": 13670594.39562889
    }
  },
  "ctype": {
    "base_native": {
      "mean": 654055516.0,
      "median": 654055516.0,
      "min": 653872828.0,
      "max": 654238204.0,
      "std_dev": 258359.847282816
    },
    "wasmtime_app": {
      "mean": 988581170.0,
      "median": 988581170.0,
      "min": 988581170.0,
      "max": 988581170.0,
      "std_dev": 0.0
    }
  },
  "ed25519": {
    "base_native": {
      "mean": 1433179630.0,
      "median": 1433179630.0,
      "min": 1433179630.0,
      "max": 1433179630.0,
      "std_dev": 0.0
    },
    "wasmtime_app": {
      "mean": 6777646207.0,
      "median": 6777646207.0,
      "min": 6777646207.0,
      "max": 6777646207.0,
      "std_dev": 0.0
    }
  },
  "fib2": {
    "base_native": {
      "mean": 6955859460.0,
      "median": 6955859460.0,
      "min": 6955859460.0,
      "max": 6955859460.0,
      "std_dev": 0.0
    },
    "wasmtime_app": {
      "mean": 10700085687.0,
      "median": 10700085687.0,
      "min": 10700085687.0,
      "max": 10700085687.0,
      "std_dev": 0.0
    }
  },
  "gimli": {
    "base_native": {
      "mean": 4147248.4,
      "median": 4143029.0,
      "min": 4138154.0,
      "max": 4179701.0,
      "std_dev": 12013.873454376726
    },
    "wasmtime_app": {
      "mean": 9539346.8,
      "median": 9371786.5,
      "min": 9332426.0,
      "max": 11099323.0,
      "std_dev": 548500.0484999067
    }
  },
  "heapsort": {
    "base_native": {
      "mean": 1076348858.0,
      "median": 1076348858.0,
      "min": 1076348858.0,
      "max": 1076348858.0,
      "std_dev": 0.0
    },
    "wasmtime_app": {
      "mean": 1220411231.0,
      "median": 1220411231.0,
      "min": 1220411231.0,
      "max": 1220411231.0,
      "std_dev": 0.0
    }
  },
  "keccak": {
    "base_native": {
      "mean": 7490819.7,
      "median": 7488572.5,
      "min": 7473486.0,
      "max": 7506084.0,
      "std_dev": 10427.500574602396
    },
    "wasmtime_app": {
      "mean": 22891617.7,
      "median": 21303036.0,
      "min": 21017840.0,
      "max": 37304434.0,
      "std_dev": 5067223.937857406
    }
  },
  "matrix": {
    "base_native": {
      "mean": 377873696.0,
      "median": 377873696.0,
      "min": 377866246.0,
      "max": 377881146.0,
      "std_dev": 10535.891039679558
    },
    "wasmtime_app": {
      "mean": 533550042.0,
      "median": 533550042.0,
      "min": 529445783.0,
      "max": 537654301.0,
      "std_dev": 5804298.741291837
    }
  },
  "matrix2": {
    "base_native": {
      "mean": 194255875.0,
      "median": 194252488.0,
      "min": 194238451.0,
      "max": 194280073.0,
      "std_dev": 17967.72296833037
    },
    "wasmtime_app": {
      "mean": 260218501.33333334,
      "median": 257676742.0,
      "min": 257667843.0,
      "max": 265310919.0,
      "std_dev": 4410165.310607339
    }
  },
  "memmove": {
    "base_native": {
      "mean": 47330060.3,
      "median": 47329405.5,
      "min": 47318131.0,
      "max": 47346954.0,
      "std_dev": 10628.42481325954
    },
    "wasmtime_app": {
      "mean": 521092423.5,
      "median": 521092423.5,
      "min": 515963000.0,
      "max": 526221847.0,
      "std_dev": 7254100.280855269
    }
  },
  "minicsv": {
    "base_native": {
      "mean": 740919387.0,
      "median": 740919387.0,
      "min": 740919387.0,
      "max": 740919387.0,
      "std_dev": 0.0
    },
    "wasmtime_app": {
      "mean": 1113135581.0,
      "median": 1113135581.0,
      "min": 1113135581.0,
      "max": 1113135581.0,
      "std_dev": 0.0
    }
  },
  "nestedloop": {
    "base_native": {
      "mean": 1599456.1818181819,
      "median": 1606994.0,
      "min": 1566922.0,
      "max": 1630593.0,
      "std_dev": 22883.6070619043
    },
    "wasmtime_app": {
      "mean": 6302399.3,
      "median": 6214672.0,
      "min": 6189886.0,
      "max": 7153104.0,
      "std_dev": 299123.7857658599
    }
  },
  "nestedloop2": {
    "base_native": {
      "mean": 1612544.0909090908,
      "median": 1602720.0,
      "min": 1565822.0,
      "max": 1761784.0,
      "std_dev": 52722.459137362974
    },
    "wasmtime_app": {
      "mean": 6284440.6,
      "median": 6209097.5,
      "min": 6163488.0,
      "max": 7048311.0,
      "std_dev": 269387.77845131233
    }
  },
  "nestedloop3": {
    "base_native": {
      "mean": 2115220.1818181816,
      "median": 2112411.0,
      "min": 2086013.0,
      "max": 2143484.0,
      "std_dev": 18988.25594844446
    },
    "wasmtime_app": {
      "mean": 6871568.5,
      "median": 6745441.0,
      "min": 6728304.0,
      "max": 7964182.0,
      "std_dev": 384300.64257102145
    }
  },
  "random": {
    "base_native": {
      "mean": 577575140.5,
      "median": 577575140.5,
      "min": 577555192.0,
      "max": 577595089.0,
      "std_dev": 28211.439248999686
    },
    "wasmtime_app": {
      "mean": 290696861.6666667,
      "median": 290410745.0,
      "min": 290402996.0,
      "max": 291276844.0,
      "std_dev": 502294.3778147764
    }
  },
  "random2": {
    "base_native": {
      "mean": 577771278.0,
      "median": 577771278.0,
      "min": 577646286.0,
      "max": 577896270.0,
      "std_dev": 176765.38158813788
    },
    "wasmtime_app": {
      "mean": 290719385.3333333,
      "median": 290423569.0,
      "min": 290419520.0,
      "max": 291315067.0,
      "std_dev": 515879.42835737625
    }
  },
  "ratelimit": {
    "base_native": {
      "mean": 25920462.3,
      "median": 25914342.5,
      "min": 25899556.0,
      "max": 25948128.0,
      "std_dev": 14663.83836403916
    },
    "wasmtime_app": {
      "mean": 39016165.9,
      "median": 38293126.0,
      "min": 38239854.0,
      "max": 45549025.0,
      "std_dev": 2295709.1202833387
    }
  },
  "seqhash": {
    "base_native": {
      "mean": 7119750196.0,
      "median": 7119750196.0,
      "min": 7119750196.0,
      "max": 7119750196.0,
      "std_dev": 0.0
    },
    "wasmtime_app": {
      "mean": 9708651209.0,
      "median": 9708651209.0,
      "min": 9708651209.0,
      "max": 9708651209.0,
      "std_dev": 0.0
    }
  },
  "sieve": {
    "base_native": {
      "mean": 569253434.5,
      "median": 569253434.5,
      "min": 569242835.0,
      "max": 569264034.0,
      "std_dev": 14989.956654373622
    },
    "wasmtime_app": {
      "mean": 767111326.0,
      "median": 767111326.0,
      "min": 767111326.0,
      "max": 767111326.0,
      "std_dev": 0.0
    }
  },
  "strcat": {
    "base_native": {
      "mean": 65852784.3,
      "median": 65844407.5,
      "min": 65822621.0,
      "max": 65978336.0,
      "std_dev": 45637.09278658218
    },
    "wasmtime_app": {
      "mean": 348312007.5,
      "median": 348312007.5,
      "min": 344288781.0,
      "max": 352335234.0,
      "std_dev": 5689701.480798839
    }
  },
  "strcat2": {
    "base_native": {
      "mean": 2577767.272727273,
      "median": 2576131.0,
      "min": 2552883.0,
      "max": 2599455.0,
      "std_dev": 15439.253667784003
    },
    "wasmtime_app": {
      "mean": 9414324.2,
      "median": 8504150.0,
      "min": 8473502.0,
      "max": 17632439.0,
      "std_dev": 2887617.7815281427
    }
  },
  "strchr": {
    "base_native": {
      "mean": 154928306.0,
      "median": 155013191.0,
      "min": 154604817.0,
      "max": 155334794.0,
      "std_dev": 307516.3758932197
    },