{
  "ackermann": {
    "base_native": {
      "mean": 3159449.9,
      "median": 2848281.0,
      "min": 2813358.0,
      "max": 6045166.0,
      "std_dev": 1014048.1798225531
    },
    "wasmtime_app": {
      "mean": 9098965.9,
      "median": 8419240.0,
      "min": 8331845.0,
      "max": 12887433.0,
      "std_dev": 1418221.9760565183
    }
  },
  "base64": {
    "base_native": {
      "mean": 249529279.33333334,
      "median": 249512747.0,
      "min": 249507922.0,
      "max": 249567169.0,
      "std_dev": 32901.9799758819
    },
    "wasmtime_app": {
      "mean": 359898146.5,
      "median": 359898146.5,
      "min": 353128811.0,
      "max": 366667482.0,
      "std_dev": 9573286.072353657
    }
  },
  "ctype": {
    "base_native": {
      "mean": 653748994.0,
      "median": 653748994.0,
      "min": 653722808.0,
      "max": 653775180.0,
      "std_dev": 37032.59634430187
    },
    "wasmtime_app": {
      "mean": 982636223.0,
      "median": 982636223.0,
      "min": 982636223.0,
      "max": 982636223.0,
      "std_dev": 0.0
    }
  },
  "ed25519": {
    "base_native": {
      "mean": 1433148671.0,
      "median": 1433148671.0,
      "min": 1433148671.0,
      "max": 1433148671.0,
      "std_dev": 0.0
    },
    "wasmtime_app": {
      "mean": 6754326982.0,
      "median": 6754326982.0,
      "min": 6754326982.0,
      "max": 6754326982.0,
      "std_dev": 0.0
    }
  },
  "fib2": {
    "base_native": {
      "mean": 6956009930.0,
      "median": 6956009930.0,
      "min": 6956009930.0,
      "max": 6956009930.0,
      "std_dev": 0.0
    },
    "wasmtime_app": {
      "mean": 10690388060.0,
      "median": 10690388060.0,
      "min": 10690388060.0,
      "max": 10690388060.0,
      "std_dev": 0.0
    }
  },
  "gimli": {
    "base_native": {
      "mean": 4136814.5,
      "median": 4137054.5,
      "min": 4129080.0,
      "max": 4141104.0,
      "std_dev": 3764.9421199623594
    },
    "wasmtime_app": {
      "mean": 9520839.3,
      "median": 9367198.0,
      "min": 9334488.0,
      "max": 10840701.0,
      "std_dev": 464759.9520691777
    }
  },
  "heapsort": {
    "base_native": {
      "mean": 1076244684.0,
      "median": 1076244684.0,
      "min": 1076244684.0,
      "max": 1076244684.0,
      "std_dev": 0.0
    },
    "wasmtime_app": {
      "mean": 1220406746.0,
      "median": 1220406746.0,
      "min": 1220406746.0,
      "max": 1220406746.0,
      "std_dev": 0.0
    }
  },
  "keccak": {
    "base_native": {
      "mean": 7476739.3,
      "median": 7477557.0,
      "min": 7459158.0,
      "max": 7494231.0,
      "std_dev": 10923.279666738272
    },
    "wasmtime_app": {
      "mean": 22850130.1,
      "median": 21285525.5,
      "min": 21015666.0,
      "max": 37068467.0,
      "std_dev": 4998285.385839638
    }
  },
  "matrix": {
    "base_native": {
      "mean": 377900293.0,
      "median": 377900293.0,
      "min": 377884644.0,
      "max": 377915942.0,
      "std_dev": 22131.028037576565
    },
    "wasmtime_app": {
      "mean": 533507022.0,
      "median": 533507022.0,
      "min": 529542713.0,
      "max": 537471331.0,
      "std_dev": 5606379.553237722
    }
  },
  "matrix2": {
    "base_native": {
      "mean": 194260075.75,
      "median": 194253907.5,
      "min": 194250070.0,
      "max": 194282418.0,
      "std_dev": 15004.31712041571
    },
    "wasmtime_app": {
      "mean": 260139201.33333334,
      "median": 257610930.0,
      "min": 257530360.0,
      "max": 265276314.0,
      "std_dev": 4449052.460215021
    }
  },
  "memmove": {
    "base_native": {
      "mean": 47327804.1,
      "median": 47326209.5,
      "min": 47300573.0,
      "max": 47351370.0,
      "std_dev": 14113.930978134886
    },
    "wasmtime_app": {
      "mean": 520775516.5,
      "median": 520775516.5,
      "min": 515848425.0,
      "max": 525702608.0,
      "std_dev": 6967959.622353196
    }
  },
  "minicsv": {
    "base_native": {
      "mean": 724103514.0,
      "median": 724103514.0,
      "min": 724103514.0,
      "max": 724103514.0,
      "std_dev": 0.0
    },
    "wasmtime_app": {
      "mean": 1103772580.0,
      "median": 1103772580.0,
      "min": 1103772580.0,
      "max": 1103772580.0,
      "std_dev": 0.0
    }
  },
  "nestedloop": {
    "base_native": {
      "mean": 1575679.0909090908,
      "median": 1579256.0,
      "min": 1552408.0,
      "max": 1600930.0,
      "std_dev": 16677.71776625654
    },
    "wasmtime_app": {
      "mean": 6312956.3,
      "median": 6232453.5,
      "min": 6181044.0,
      "max": 7110665.0,
      "std_dev": 281536.0914274284
    }
  },
  "nestedloop2": {
    "base_native": {
      "mean": 1574033.5454545454,
      "median": 1577981.0,
      "min": 1550883.0,
      "max": 1608404.0,
      "std_dev": 17354.888696638973
    },
    "wasmtime_app": {
      "mean": 6320455.8,
      "median": 6208354.5,
      "min": 6161945.0,
      "max": 7318778.0,
      "std_dev": 352771.2712445716
    }
  },
  "nestedloop3": {
    "base_native": {
      "mean": 2089732.5454545454,
      "median": 2084626.0,
      "min": 2076752.0,
      "max": 2139798.0,
      "std_dev": 17653.00276079759
    },
    "wasmtime_app": {
      "mean": 6860552.3,
      "median": 6745436.5,
      "min": 6702639.0,
      "max": 7933668.0,
      "std_dev": 378194.08484711184
    }
  },
  "random": {
    "base_native": {
      "mean": 577676849.0,
      "median": 577676849.0,
      "min": 577656938.0,
      "max": 577696760.0,
      "std_dev": 28158.406240410695
    },
    "wasmtime_app": {
      "mean": 290653813.3333333,
      "median": 290373521.0,
      "min": 290308050.0,
      "max": 291279869.0,
      "std_dev": 543167.4569452162
    }
  },
  "random2": {
    "base_native": {
      "mean": 577652325.5,
      "median": 577652325.5,
      "min": 577597691.0,
      "max": 577706960.0,
      "std_dev": 77264.85087347287
    },
    "wasmtime_app": {
      "mean": 290717717.6666667,
      "median": 290396894.0,
      "min": 290353197.0,
      "max": 291403062.0,
      "std_dev": 593927.6036490755
    }
  },
  "ratelimit": {
    "base_native": {
      "mean": 25927919.0,
      "median": 25925726.5,
      "min": 25912890.0,
      "max": 25966362.0,
      "std_dev": 15352.617069701468
    },
    "wasmtime_app": {
      "mean": 39001633.6,
      "median": 38282972.5,
      "min": 38244399.0,
      "max": 45502982.0,
      "std_dev": 2284429.4621371096
    }
  },
  "seqhash": {
    "base_native": {
      "mean": 7096917735.0,
      "median": 7096917735.0,
      "min": 7096917735.0,
      "max": 7096917735.0,
      "std_dev": 0.0
    },
    "wasmtime_app": {
      "mean": 9657818034.0,
      "median": 9657818034.0,
      "min": 9657818034.0,
      "max": 9657818034.0,
      "std_dev": 0.0
    }
  },
  "sieve": {
    "base_native": {
      "mean": 569353829.5,
      "median": 569353829.5,
      "min": 569318732.0,
      "max": 569388927.0,
      "std_dev": 49635.360505389704
    },
    "wasmtime_app": {
      "mean": 767083923.0,
      "median": 767083923.0,
      "min": 767083923.0,
      "max": 767083923.0,
      "std_dev": 0.0
    }
  },
  "strcat": {
    "base_native": {
      "mean": 65879095.3,
      "median": 65871248.0,
      "min": 65847725.0,
      "max": 65971167.0,
      "std_dev": 35716.2231207488
    },
    "wasmtime_app": {
      "mean": 352651950.5,
      "median": 352651950.5,
      "min": 350135083.0,
      "max": 355168818.0,
      "std_dev": 3559388.1531960657
    }
  },
  "strcat2": {
    "base_native": {
      "mean": 2596754.8181818184,
      "median": 2597571.0,
      "min": 2576147.0,
      "max": 2611820.0,
      "std_dev": 10699.881072406195
    },
    "wasmtime_app": {
      "mean": 9377430.2,
      "median": 8450951.0,
      "min": 8422590.0,
      "max": 17684007.0,
      "std_dev": 2918722.481796894
    }
  },
  "strchr": {
    "base_native": {
      "mean": 155163350.0,
      "median": 155190008.0,
      "min": 155069641.0,
      "max": 155217707.0,
      "std_dev": 58265.33725981512
    },