{
  "ackermann": {
    "base_native": {
      "mean": 3290643.8,
      "median": 2969273.0,
      "min": 2937225.0,
      "max": 6237029.0,
      "std_dev": 1035366.8315581896
    },
    "wasmtime_app": {
      "mean": 9370507.6,
      "median": 9449731.0,
      "min": 8029673.0,
      "max": 12984844.0,
      "std_dev": 1441361.864832947
    }
  },
  "base64": {
    "base_native": {
      "mean": 260246094.66666666,
      "median": 261579124.0,
      "min": 257509466.0,
      "max": 261649694.0,
      "std_dev": 2370252.597433728
    },
    "wasmtime_app": {
      "mean": 360611249.0,
      "median": 360611249.0,
      "min": 355895564.0,
      "max": 365326934.0,
      "std_dev": 6668985.682879369
    }
  },
  "ctype": {
    "base_native": {
      "mean": 656638037.5,
      "median": 656638037.5,
      "min": 653751209.0,
      "max": 659524866.0,
      "std_dev": 4082592.0169451786
    },
    "wasmtime_app": {
      "mean": 985593110.0,
      "median": 985593110.0,
      "min": 985593110.0,
      "max": 985593110.0,
      "std_dev": 0.0
    }
  },
  "ed25519": {
    "base_native": {
      "mean": 1433036056.0,
      "median": 1433036056.0,
      "min": 1433036056.0,
      "max": 1433036056.0,
      "std_dev": 0.0
    },
    "wasmtime_app": {
      "mean": 6746336337.0,
      "median": 6746336337.0,
      "min": 6746336337.0,
      "max": 6746336337.0,
      "std_dev": 0.0
    }
  },
  "fib2": {
    "base_native": {
      "mean": 6956132932.0,
      "median": 6956132932.0,
      "min": 6956132932.0,
      "max": 6956132932.0,
      "std_dev": 0.0
    },
    "wasmtime_app": {
      "mean": 10716634657.0,
      "median": 10716634657.0,
      "min": 10716634657.0,
      "max": 10716634657.0,
      "std_dev": 0.0
    }
  },
  "gimli": {
    "base_native": {
      "mean": 4142733.3,
      "median": 4137741.0,
      "min": 4120630.0,
      "max": 4166727.0,
      "std_dev": 17262.048063438026
    },
    "wasmtime_app": {
      "mean": 9473614.2,
      "median": 9327350.0,
      "min": 9296952.0,
      "max": 10815316.0,
      "std_dev": 471823.4625869205
    }
  },
  "heapsort": {
    "base_native": {
      "mean": 1076776310.0,
      "median": 1076776310.0,
      "min": 1076776310.0,
      "max": 1076776310.0,
      "std_dev": 0.0
    },
    "wasmtime_app": {
      "mean": 1220403007.0,
      "median": 1220403007.0,
      "min": 1220403007.0,
      "max": 1220403007.0,
      "std_dev": 0.0
    }
  },
  "keccak": {
    "base_native": {
      "mean": 7487344.4,
      "median": 7484542.0,
      "min": 7475030.0,
      "max": 7511228.0,
      "std_dev": 9826.980062845123
    },
    "wasmtime_app": {
      "mean": 22864674.1,
      "median": 21242555.0,
      "min": 21161360.0,
      "max": 36957472.0,
      "std_dev": 4953462.784569138
    }
  },
  "matrix": {
    "base_native": {
      "mean": 377870697.5,
      "median": 377870697.5,
      "min": 377870010.0,
      "max": 377871385.0,
      "std_dev": 972.2718241315029
    },
    "wasmtime_app": {
      "mean": 534313557.5,
      "median": 534313557.5,
      "min": 530092495.0,
      "max": 538534620.0,
      "std_dev": 5969483.835124482
    }
  },
  "matrix2": {
    "base_native": {
      "mean": 194266763.0,
      "median": 194252976.5,
      "min": 194233902.0,
      "max": 194327197.0,
      "std_dev": 42112.18525953424
    },
    "wasmtime_app": {
      "mean": 260180254.0,
      "median": 257667212.0,
      "min": 257599416.0,
      "max": 265274134.0,
      "std_dev": 4411559.720235463
    }
  },
  "memmove": {
    "base_native": {
      "mean": 47323946.2,
      "median": 47322261.0,
      "min": 47313687.0,
      "max": 47341885.0,
      "std_dev": 8989.098110736386
    },
    "wasmtime_app": {
      "mean": 520719834.5,
      "median": 520719834.5,
      "min": 516199151.0,
      "max": 525240518.0,
      "std_dev": 6393211.9168962715
    }
  },
  "minicsv": {
    "base_native": {
      "mean": 751612141.0,
      "median": 751612141.0,
      "min": 751612141.0,
      "max": 751612141.0,
      "std_dev": 0.0
    },
    "wasmtime_app": {
      "mean": 1101723155.0,
      "median": 1101723155.0,
      "min": 1101723155.0,
      "max": 1101723155.0,
      "std_dev": 0.0
    }
  },
  "nestedloop": {
    "base_native": {
      "mean": 1572803.6363636365,
      "median": 1578531.0,
      "min": 1548632.0,
      "max": 1592805.0,
      "std_dev": 15185.329994917643
    },
    "wasmtime_app": {
      "mean": 6269502.0,
      "median": 6171177.5,
      "min": 6162328.0,
      "max": 7102875.0,
      "std_dev": 293206.5603824944
    }
  },
  "nestedloop2": {
    "base_native": {
      "mean": 1577248.8181818181,
      "median": 1581480.0,
      "min": 1553482.0,
      "max": 1604454.0,
      "std_dev": 17554.258798469287
    },
    "wasmtime_app": {
      "mean": 6285823.5,
      "median": 6192176.0,
      "min": 6157053.0,
      "max": 7168396.0,
      "std_dev": 310583.2156959799
    }
  },
  "nestedloop3": {
    "base_native": {
      "mean": 2086000.6363636365,
      "median": 2080826.0,
      "min": 2065852.0,
      "max": 2142497.0,
      "std_dev": 19667.70072109461
    },
    "wasmtime_app": {
      "mean": 6835312.9,
      "median": 6715309.5,
      "min": 6699698.0,
      "max": 7928204.0,
      "std_dev": 384291.5564644606
    }
  },
  "random": {
    "base_native": {
      "mean": 577620135.0,
      "median": 577620135.0,
      "min": 577582487.0,
      "max": 577657783.0,
      "std_dev": 53242.31219622228
    },
    "wasmtime_app": {
      "mean": 290679973.0,
      "median": 290383648.0,
      "min": 290380348.0,
      "max": 291275923.0,
      "std_dev": 516110.4769087719
    }
  },
  "random2": {
    "base_native": {
      "mean": 577646358.5,
      "median": 577646358.5,
      "min": 577575888.0,
      "max": 577716829.0,
      "std_dev": 99660.3368472132
    },
    "wasmtime_app": {
      "mean": 290669306.3333333,
      "median": 290359624.0,
      "min": 290354249.0,
      "max": 291294046.0,
      "std_dev": 541047.0968283014
    }
  },
  "ratelimit": {
    "base_native": {
      "mean": 25920303.5,
      "median": 25918271.5,
      "min": 25895310.0,
      "max": 25960106.0,
      "std_dev": 17048.01702544903
    },
    "wasmtime_app": {
      "mean": 39001701.6,
      "median": 38275672.0,
      "min": 38250199.0,
      "max": 45495217.0,
      "std_dev": 2281669.7585874936
    }
  },
  "seqhash": {
    "base_native": {
      "mean": 7119236186.0,
      "median": 7119236186.0,
      "min": 7119236186.0,
      "max": 7119236186.0,
      "std_dev": 0.0
    },
    "wasmtime_app": {
      "mean": 9671503419.0,
      "median": 9671503419.0,
      "min": 9671503419.0,
      "max": 9671503419.0,
      "std_dev": 0.0
    }
  },
  "sieve": {
    "base_native": {
      "mean": 569283305.5,
      "median": 569283305.5,
      "min": 569280481.0,
      "max": 569286130.0,
      "std_dev": 3994.446206922807
    },
    "wasmtime_app": {
      "mean": 767106444.0,
      "median": 767106444.0,
      "min": 767106444.0,
      "max": 767106444.0,
      "std_dev": 0.0
    }
  },
  "strcat": {
    "base_native": {
      "mean": 65853217.0,
      "median": 65840010.0,
      "min": 65829711.0,
      "max": 65978052.0,
      "std_dev": 44155.362014897655
    },
    "wasmtime_app": {
      "mean": 352686269.5,
      "median": 352686269.5,
      "min": 350172136.0,
      "max": 355200403.0,
      "std_dev": 3555521.693316538
    }
  },
  "strcat2": {
    "base_native": {
      "mean": 2596490.6363636362,
      "median": 2588646.0,
      "min": 2571897.0,
      "max": 2627018.0,
      "std_dev": 17882.47537827315
    },
    "wasmtime_app": {
      "mean": 9386724.3,
      "median": 8492559.5,
      "min": 8437225.0,
      "max": 17567337.0,
      "std_dev": 2874503.1443596208
    }
  },
  "strchr": {
    "base_native": {
      "mean": 154623662.2,
      "median": 154621757.0,
      "min": 154595309.0,
      "max": 154644031.0,
      "std_dev": 20331.808802957006
    },