{
  "ackermann": {
    "base_native": {
      "mean": 1218095.5454545454,
      "median": 1099990.0,
      "min": 1086390.0,
      "max": 2371072.0,
      "std_dev": 382618.5237103305
    },
    "wasmtime_app": {
      "mean": 3422102.7,
      "median": 3231220.0,
      "min": 3204324.0,
      "max": 5151617.0,
      "std_dev": 607928.4423305555
    },
    "wasmtime_vcode_app": {
      "mean": 3525998.8,
      "median": 3376243.5,
      "min": 3361003.0,
      "max": 4882339.0,
      "std_dev": 476629.8980804476
    }
  },
  "base64": {
    "base_native": {
      "mean": 109711352.57142857,
      "median": 109720637.0,
      "min": 109648822.0,
      "max": 109769465.0,
      "std_dev": 36941.34811137398
    },
    "wasmtime_app": {
      "mean": 168263846.25,
      "median": 167373778.0,
      "min": 167235220.0,
      "max": 171072609.0,
      "std_dev": 1875117.000135436
    },
    "wasmtime_vcode_app": {
      "mean": 167442044.0,
      "median": 167442030.0,
      "min": 167373476.0,
      "max": 167510640.0,
      "std_dev": 56049.34852431382
    }
  },
  "ctype": {
    "base_native": {
      "mean": 497515531.5,
      "median": 497515531.5,
      "min": 497479915.0,
      "max": 497551148.0,
      "std_dev": 50369.33734426134
    },
    "wasmtime_app": {
      "mean": 651486499.0,
      "median": 651486499.0,
      "min": 649895545.0,
      "max": 653077453.0,
      "std_dev": 2249948.723911725
    },
    "wasmtime_vcode_app": {
      "mean": 650017672.5,
      "median": 650017672.5,
      "min": 649959661.0,
      "max": 650075684.0,
      "std_dev": 82040.6500736068
    }
  },
  "ed25519": {
    "base_native": {
      "mean": 503189041.5,
      "median": 503189041.5,
      "min": 500302116.0,
      "max": 506075967.0,
      "std_dev": 4082729.1956607285
    },
    "wasmtime_app": {
      "mean": 3457508943.0,
      "median": 3457508943.0,
      "min": 3457508943.0,
      "max": 3457508943.0,
      "std_dev": 0.0
    },
    "wasmtime_vcode_app": {
      "mean": 3407432905.0,
      "median": 3407432905.0,
      "min": 3407432905.0,
      "max": 3407432905.0,
      "std_dev": 0.0
    }
  },
  "fib2": {
    "base_native": {
      "mean": 2868525246.0,
      "median": 2868525246.0,
      "min": 2868525246.0,
      "max": 2868525246.0,
      "std_dev": 0.0
    },
    "wasmtime_app": {
      "mean": 5871293369.0,
      "median": 5871293369.0,
      "min": 5871293369.0,
      "max": 5871293369.0,
      "std_dev": 0.0
    },
    "wasmtime_vcode_app": {
      "mean": 5854987746.0,
      "median": 5854987746.0,
      "min": 5854987746.0,
      "max": 5854987746.0,
      "std_dev": 0.0
    }
  },
  "gimli": {
    "base_native": {
      "mean": 1162426.5454545454,
      "median": 1154278.0,
      "min": 1150788.0,
      "max": 1246678.0,
      "std_dev": 28047.82339634802
    },
    "wasmtime_app": {
      "mean": 5642783.1,
      "median": 5441442.0,
      "min": 5431431.0,
      "max": 7453328.0,
      "std_dev": 636195.740430997
    },
    "wasmtime_vcode_app": {
      "mean": 5636248.8,
      "median": 5612581.0,
      "min": 5597346.0,
      "max": 5861648.0,
      "std_dev": 79790.9797851027
    }
  },
  "heapsort": {
    "base_native": {
      "mean": 741012117.0,
      "median": 741012117.0,
      "min": 741012117.0,
      "max": 741012117.0,
      "std_dev": 0.0
    },
    "wasmtime_app": {
      "mean": 906875621.0,
      "median": 906875621.0,
      "min": 906875621.0,
      "max": 906875621.0,
      "std_dev": 0.0
    },
    "wasmtime_vcode_app": {
      "mean": 901872143.0,
      "median": 901872143.0,
      "min": 901872143.0,
      "max": 901872143.0,
      "std_dev": 0.0
    }
  },
  "keccak": {
    "base_native": {
      "mean": 4993527.6,
      "median": 4988022.0,
      "min": 4977339.0,
      "max": 5027249.0,
      "std_dev": 14381.611663664276
    },
    "wasmtime_app": {
      "mean": 11946730.4,
      "median": 11498687.0,
      "min": 11479688.0,
      "max": 15969162.0,
      "std_dev": 1413412.3134710554
    },
    "wasmtime_vcode_app": {
      "mean": 11670022.6,
      "median": 11666210.5,
      "min": 11625457.0,
      "max": 11767755.0,
      "std_dev": 38775.041546506865
    }
  },
  "matrix": {
    "base_native": {
      "mean": 128151644.0,
      "median": 128151943.0,
      "min": 128065914.0,
      "max": 128231189.0,
      "std_dev": 68978.78583158739
    },
    "wasmtime_app": {
      "mean": 365575369.0,
      "median": 365575369.0,
      "min": 363872824.0,
      "max": 367277914.0,
      "std_dev": 2407762.2295505013
    },
    "wasmtime_vcode_app": {
      "mean": 364368142.5,
      "median": 364368142.5,
      "min": 364353407.0,
      "max": 364382878.0,
      "std_dev": 20839.14394834874
    }
  },
  "matrix2": {
    "base_native": {
      "mean": 83965936.625,
      "median": 83907961.5,
      "min": 83838801.0,
      "max": 84240111.0,
      "std_dev": 140657.2051000359
    },
    "wasmtime_app": {
      "mean": 167261607.5,
      "median": 166546424.5,
      "min": 166178755.0,
      "max": 169774826.0,
      "std_dev": 1703038.1498154995
    },
    "wasmtime_vcode_app": {
      "mean": 166608554.0,
      "median": 166489305.0,
      "min": 166374469.0,
      "max": 166865825.0,
      "std_dev": 237140.05465757992
    }
  },
  "memmove": {
    "base_native": {
      "mean": 11361619.8,
      "median": 11359861.0,
      "min": 11342592.0,
      "max": 11393248.0,
      "std_dev": 15178.309031860785
    },
    "wasmtime_app": {
      "mean": 568320146.0,
      "median": 568320146.0,
      "min": 566540011.0,
      "max": 570100281.0,
      "std_dev": 2517491.0598550295
    },
    "wasmtime_vcode_app": {
      "mean": 566528798.0,
      "median": 566528798.0,
      "min": 566285645.0,
      "max": 566771951.0,
      "std_dev": 343870.27033170516
    }
  },
  "minicsv": {
    "base_native": {
      "mean": 546815624.5,
      "median": 546815624.5,
      "min": 543387792.0,
      "max": 550243457.0,
      "std_dev": 4847687.211043272
    },
    "wasmtime_app": {
      "mean": 822452371.0,
      "median": 822452371.0,
      "min": 822452371.0,
      "max": 822452371.0,
      "std_dev": 0.0
    },
    "wasmtime_vcode_app": {
      "mean": 828771748.0,
      "median": 828771748.0,
      "min": 828771748.0,
      "max": 828771748.0,
      "std_dev": 0.0
    }
  },
  "nestedloop": {
    "base_native": {
      "mean": 571891.5833333334,
      "median": 569407.0,
      "min": 565585.0,
      "max": 597393.0,
      "std_dev": 8486.472299096566
    },
    "wasmtime_app": {
      "mean": 2149515.0,
      "median": 2113166.0,
      "min": 2106619.0,
      "max": 2507332.0,
      "std_dev": 118789.41681311512
    },
    "wasmtime_vcode_app": {
      "mean": 2285056.1818181816,
      "median": 2283711.0,
      "min": 2266714.0,
      "max": 2310717.0,
      "std_dev": 11346.09658709269
    }
  },
  "nestedloop2": {
    "base_native": {
      "mean": 571667.6666666666,
      "median": 568736.5,
      "min": 567258.0,
      "max": 601031.0,
      "std_dev": 9394.596593335722
    },
    "wasmtime_app": {
      "mean": 2146604.272727273,
      "median": 2109690.0,
      "min": 2101438.0,
      "max": 2508032.0,
      "std_dev": 120003.73828101433
    },
    "wasmtime_vcode_app": {
      "mean": 2282768.5454545454,
      "median": 2275779.0,
      "min": 2250983.0,
      "max": 2361521.0,
      "std_dev": 28979.27228680402
    }
  },
  "nestedloop3": {
    "base_native": {
      "mean": 788003.0833333334,
      "median": 785011.5,
      "min": 780438.0,
      "max": 821581.0,
      "std_dev": 10856.151984083272
    },
    "wasmtime_app": {
      "mean": 2398566.4545454546,
      "median": 2348558.0,
      "min": 2345343.0,
      "max": 2885451.0,
      "std_dev": 161529.90566106554
    },
    "wasmtime_vcode_app": {
      "mean": 2518761.6363636362,
      "median": 2513929.0,
      "min": 2495846.0,
      "max": 2556756.0,
      "std_dev": 17135.978263715948
    }
  },