{
  "ackermann": {
    "base_native": {
      "mean": 1230853.9090909092,
      "median": 1102911.0,
      "min": 1089314.0,
      "max": 2534935.0,
      "std_dev": 432653.14062848414
    },
    "wasmtime_app": {
      "mean": 3413345.5,
      "median": 3238297.5,
      "min": 3204208.0,
      "max": 5050284.0,
      "std_dev": 575349.8813439523
    },
    "wasmtime_vcode_app": {
      "mean": 3528395.7,
      "median": 3371611.0,
      "min": 3361369.0,
      "max": 4879755.0,
      "std_dev": 475136.01645050605
    }
  },
  "base64": {
    "base_native": {
      "mean": 109727048.85714285,
      "median": 109700512.0,
      "min": 109665124.0,
      "max": 109819406.0,
      "std_dev": 66491.53744757942
    },
    "wasmtime_app": {
      "mean": 168182658.5,
      "median": 167268780.5,
      "min": 167220094.0,
      "max": 170972979.0,
      "std_dev": 1860356.7384116591
    },
    "wasmtime_vcode_app": {
      "mean": 167615790.0,
      "median": 167604537.5,
      "min": 167540440.0,
      "max": 167713645.0,
      "std_dev": 71964.6150502685
    }
  },
  "ctype": {
    "base_native": {
      "mean": 497624461.5,
      "median": 497624461.5,
      "min": 497623601.0,
      "max": 497625322.0,
      "std_dev": 1216.9307704220482
    },
    "wasmtime_app": {
      "mean": 652112630.5,
      "median": 652112630.5,
      "min": 650342430.0,
      "max": 653882831.0,
      "std_dev": 2503441.555219634
    },
    "wasmtime_vcode_app": {
      "mean": 686484810.5,
      "median": 686484810.5,
      "min": 650962184.0,
      "max": 722007437.0,
      "std_dev": 50236580.16741391
    }
  },
  "ed25519": {
    "base_native": {
      "mean": 502692078.0,
      "median": 502692078.0,
      "min": 500194999.0,
      "max": 505189157.0,
      "std_dev": 3531402.9881170457
    },
    "wasmtime_app": {
      "mean": 3429620598.0,
      "median": 3429620598.0,
      "min": 3429620598.0,
      "max": 3429620598.0,
      "std_dev": 0.0
    },
    "wasmtime_vcode_app": {
      "mean": 3395181892.0,
      "median": 3395181892.0,
      "min": 3395181892.0,
      "max": 3395181892.0,
      "std_dev": 0.0
    }
  },
  "fib2": {
    "base_native": {
      "mean": 2865649404.0,
      "median": 2865649404.0,
      "min": 2865649404.0,
      "max": 2865649404.0,
      "std_dev": 0.0
    },
    "wasmtime_app": {
      "mean": 5858946222.0,
      "median": 5858946222.0,
      "min": 5858946222.0,
      "max": 5858946222.0,
      "std_dev": 0.0
    },
    "wasmtime_vcode_app": {
      "mean": 5855856960.0,
      "median": 5855856960.0,
      "min": 5855856960.0,
      "max": 5855856960.0,
      "std_dev": 0.0
    }
  },
  "gimli": {
    "base_native": {
      "mean": 1157501.0909090908,
      "median": 1154802.0,
      "min": 1147012.0,
      "max": 1191827.0,
      "std_dev": 12028.19932869875
    },
    "wasmtime_app": {
      "mean": 5506070.6,
      "median": 5441128.0,
      "min": 5417859.0,
      "max": 6077136.0,
      "std_dev": 202177.07195932095
    },
    "wasmtime_vcode_app": {
      "mean": 5608298.4,
      "median": 5595715.0,
      "min": 5579045.0,
      "max": 5723302.0,
      "std_dev": 42690.72287251386
    }
  },
  "heapsort": {
    "base_native": {
      "mean": 740712640.0,
      "median": 740712640.0,
      "min": 740712640.0,
      "max": 740712640.0,
      "std_dev": 0.0
    },
    "wasmtime_app": {
      "mean": 906536916.0,
      "median": 906536916.0,
      "min": 906536916.0,
      "max": 906536916.0,
      "std_dev": 0.0
    },
    "wasmtime_vcode_app": {
      "mean": 904263776.0,
      "median": 904263776.0,
      "min": 904263776.0,
      "max": 904263776.0,
      "std_dev": 0.0
    }
  },
  "keccak": {
    "base_native": {
      "mean": 4994259.2,
      "median": 4992188.5,
      "min": 4981761.0,
      "max": 5012968.0,
      "std_dev": 8476.619908115892
    },
    "wasmtime_app": {
      "mean": 11942027.1,
      "median": 11514335.5,
      "min": 11474927.0,
      "max": 15858614.0,
      "std_dev": 1376313.5124220992
    },
    "wasmtime_vcode_app": {
      "mean": 11674702.9,
      "median": 11671211.5,
      "min": 11641834.0,
      "max": 11736420.0,
      "std_dev": 26367.76904332678
    }
  },
  "matrix": {
    "base_native": {
      "mean": 128219020.33333333,
      "median": 128226267.5,
      "min": 128124563.0,
      "max": 128358699.0,
      "std_dev": 87846.10424979964
    },
    "wasmtime_app": {
      "mean": 365943528.0,
      "median": 365943528.0,
      "min": 364236640.0,
      "max": 367650416.0,
      "std_dev": 2413904.1590518877
    },
    "wasmtime_vcode_app": {
      "mean": 364664604.0,
      "median": 364664604.0,
      "min": 364489227.0,
      "max": 364839981.0,
      "std_dev": 248020.5319283063
    }
  },
  "matrix2": {
    "base_native": {
      "mean": 83893993.5,
      "median": 83884597.0,
      "min": 83797700.0,
      "max": 84066817.0,
      "std_dev": 89084.30259831736
    },
    "wasmtime_app": {
      "mean": 167183428.75,
      "median": 166497582.0,
      "min": 166232095.0,
      "max": 169506456.0,
      "std_dev": 1558309.2618502432
    },
    "wasmtime_vcode_app": {
      "mean": 166870790.75,
      "median": 166921968.5,
      "min": 166595806.0,
      "max": 167043420.0,
      "std_dev": 195096.76939299467
    }
  },
  "memmove": {
    "base_native": {
      "mean": 11362003.0,
      "median": 11363290.0,
      "min": 11347222.0,
      "max": 11377542.0,
      "std_dev": 10928.621220345125
    },
    "wasmtime_app": {
      "mean": 568927087.5,
      "median": 568927087.5,
      "min": 567239083.0,
      "max": 570615092.0,
      "std_dev": 2387198.857246815
    },
    "wasmtime_vcode_app": {
      "mean": 567409738.0,
      "median": 567409738.0,
      "min": 567066657.0,
      "max": 567752819.0,
      "std_dev": 485189.80319252383
    }
  },
  "minicsv": {
    "base_native": {
      "mean": 546025050.5,
      "median": 546025050.5,
      "min": 545115367.0,
      "max": 546934734.0,
      "std_dev": 1286486.7431670255
    },
    "wasmtime_app": {
      "mean": 829371109.0,
      "median": 829371109.0,
      "min": 829371109.0,
      "max": 829371109.0,
      "std_dev": 0.0
    },
    "wasmtime_vcode_app": {
      "mean": 824402800.0,
      "median": 824402800.0,
      "min": 824402800.0,
      "max": 824402800.0,
      "std_dev": 0.0
    }
  },
  "nestedloop": {
    "base_native": {
      "mean": 569903.9166666666,
      "median": 569008.0,
      "min": 564578.0,
      "max": 580013.0,
      "std_dev": 3655.358170694167
    },
    "wasmtime_app": {
      "mean": 2146059.6363636362,
      "median": 2110554.0,
      "min": 2103442.0,
      "max": 2502318.0,
      "std_dev": 118309.04367483723
    },
    "wasmtime_vcode_app": {
      "mean": 2336586.272727273,
      "median": 2330741.0,
      "min": 2287733.0,
      "max": 2406501.0,
      "std_dev": 28846.63011546031
    }
  },
  "nestedloop2": {
    "base_native": {
      "mean": 573355.5833333334,
      "median": 570081.5,
      "min": 567420.0,
      "max": 608655.0,
      "std_dev": 11258.191486108184
    },
    "wasmtime_app": {
      "mean": 2147823.0,
      "median": 2112997.0,
      "min": 2106518.0,
      "max": 2499501.0,
      "std_dev": 116768.43453348169
    },
    "wasmtime_vcode_app": {
      "mean": 2390453.3636363638,
      "median": 2358497.0,
      "min": 2335039.0,
      "max": 2739630.0,
      "std_dev": 116232.96264078683
    }
  },
  "nestedloop3": {
    "base_native": {
      "mean": 787517.8333333334,
      "median": 785279.0,
      "min": 780749.0,
      "max": 808180.0,
      "std_dev": 7190.139596992706
    },
    "wasmtime_app": {
      "mean": 2399431.8181818184,
      "median": 2349829.0,
      "min": 2341005.0,
      "max": 2885341.0,
      "std_dev": 161337.64465295643
    },
    "wasmtime_vcode_app": {
      "mean": 2603112.090909091,
      "median": 2601251.0,
      "min": 2574041.0,
      "max": 2655641.0,
      "std_dev": 23208.85088691185
    }
  },