{
  "ackermann": {
    "base_native": {
      "mean": 1237604.2727272727,
      "median": 1104742.0,
      "min": 1088983.0,
      "max": 2532244.0,
      "std_dev": 429864.5020322313
    },
    "wasmtime_app": {
      "mean": 3478776.0,
      "median": 3228361.0,
      "min": 3217323.0,
      "max": 5329147.0,
      "std_dev": 656353.9117655961
    },
    "wasmtime_vcode_app": {
      "mean": 3521069.4,
      "median": 3386324.0,
      "min": 3364863.0,
      "max": 4771818.0,
      "std_dev": 439630.30870650604
    }
  },
  "base64": {
    "base_native": {
      "mean": 109836379.85714285,
      "median": 109827417.0,
      "min": 109640678.0,
      "max": 110052057.0,
      "std_dev": 141162.64955649397
    },
    "wasmtime_app": {
      "mean": 168191879.75,
      "median": 167253382.0,
      "min": 167159353.0,
      "max": 171101402.0,
      "std_dev": 1940329.1133225097
    },
    "wasmtime_vcode_app": {
      "mean": 167446081.5,
      "median": 167412718.0,
      "min": 167299633.0,
      "max": 167659257.0,
      "std_dev": 160431.72123887055
    }
  },
  "ctype": {
    "base_native": {
      "mean": 497707692.5,
      "median": 497707692.5,
      "min": 497685684.0,
      "max": 497729701.0,
      "std_dev": 31124.719187488263
    },
    "wasmtime_app": {
      "mean": 651835499.5,
      "median": 651835499.5,
      "min": 650148011.0,
      "max": 653522988.0,
      "std_dev": 2386469.1230486305
    },
    "wasmtime_vcode_app": {
      "mean": 650635215.5,
      "median": 650635215.5,
      "min": 650399935.0,
      "max": 650870496.0,
      "std_dev": 332736.874061923
    }
  },
  "ed25519": {
    "base_native": {
      "mean": 500938854.5,
      "median": 500938854.5,
      "min": 500872809.0,
      "max": 501004900.0,
      "std_dev": 93402.44183371225
    },
    "wasmtime_app": {
      "mean": 3473091563.0,
      "median": 3473091563.0,
      "min": 3473091563.0,
      "max": 3473091563.0,
      "std_dev": 0.0
    },
    "wasmtime_vcode_app": {
      "mean": 3400396171.0,
      "median": 3400396171.0,
      "min": 3400396171.0,
      "max": 3400396171.0,
      "std_dev": 0.0
    }
  },
  "fib2": {
    "base_native": {
      "mean": 2867922252.0,
      "median": 2867922252.0,
      "min": 2867922252.0,
      "max": 2867922252.0,
      "std_dev": 0.0
    },
    "wasmtime_app": {
      "mean": 5876504208.0,
      "median": 5876504208.0,
      "min": 5876504208.0,
      "max": 5876504208.0,
      "std_dev": 0.0
    },
    "wasmtime_vcode_app": {
      "mean": 5854014057.0,
      "median": 5854014057.0,
      "min": 5854014057.0,
      "max": 5854014057.0,
      "std_dev": 0.0
    }
  },
  "gimli": {
    "base_native": {
      "mean": 1166640.0909090908,
      "median": 1155217.0,
      "min": 1145588.0,
      "max": 1209724.0,
      "std_dev": 22654.228724256074
    },
    "wasmtime_app": {
      "mean": 5508591.8,
      "median": 5437862.0,
      "min": 5422288.0,
      "max": 6137337.0,
      "std_dev": 221397.98694849154
    },
    "wasmtime_vcode_app": {
      "mean": 5609545.8,
      "median": 5596998.5,
      "min": 5588969.0,
      "max": 5720717.0,
      "std_dev": 39528.520445650654
    }
  },
  "heapsort": {
    "base_native": {
      "mean": 742106000.0,
      "median": 742106000.0,
      "min": 742106000.0,
      "max": 742106000.0,
      "std_dev": 0.0
    },
    "wasmtime_app": {
      "mean": 908765956.0,
      "median": 908765956.0,
      "min": 908765956.0,
      "max": 908765956.0,
      "std_dev": 0.0
    },
    "wasmtime_vcode_app": {
      "mean": 901192729.0,
      "median": 901192729.0,
      "min": 901192729.0,
      "max": 901192729.0,
      "std_dev": 0.0
    }
  },
  "keccak": {
    "base_native": {
      "mean": 4997646.1,
      "median": 4991767.0,
      "min": 4982783.0,
      "max": 5044950.0,
      "std_dev": 17758.73386033538
    },
    "wasmtime_app": {
      "mean": 11940130.9,
      "median": 11506159.0,
      "min": 11476244.0,
      "max": 15820735.0,
      "std_dev": 1363716.6607472592
    },
    "wasmtime_vcode_app": {
      "mean": 11686042.2,
      "median": 11682912.0,
      "min": 11633382.0,
      "max": 11788139.0,
      "std_dev": 43277.31934807834
    }
  },
  "matrix": {
    "base_native": {
      "mean": 128221213.5,
      "median": 128247784.5,
      "min": 127984826.0,
      "max": 128436128.0,
      "std_dev": 169805.95515676122
    },
    "wasmtime_app": {
      "mean": 365897445.5,
      "median": 365897445.5,
      "min": 364474362.0,
      "max": 367320529.0,
      "std_dev": 2012543.9860893723
    },
    "wasmtime_vcode_app": {
      "mean": 364257535.5,
      "median": 364257535.5,
      "min": 364246494.0,
      "max": 364268577.0,
      "std_dev": 15615.039048942528
    }
  },
  "matrix2": {
    "base_native": {
      "mean": 83905775.125,
      "median": 83870212.5,
      "min": 83804006.0,
      "max": 84074507.0,
      "std_dev": 104973.64113969277
    },
    "wasmtime_app": {
      "mean": 167214900.75,
      "median": 166565744.0,
      "min": 166308384.0,
      "max": 169419731.0,
      "std_dev": 1476297.162658967
    },
    "wasmtime_vcode_app": {
      "mean": 166661844.4,
      "median": 166610330.0,
      "min": 166543893.0,
      "max": 166939815.0,
      "std_dev": 159548.6354557757
    }
  },
  "memmove": {
    "base_native": {
      "mean": 11355711.3,
      "median": 11344844.0,
      "min": 11317300.0,
      "max": 11417959.0,
      "std_dev": 35409.353946379764
    },
    "wasmtime_app": {
      "mean": 568784106.5,
      "median": 568784106.5,
      "min": 566999849.0,
      "max": 570568364.0,
      "std_dev": 2523321.1552659124
    },
    "wasmtime_vcode_app": {
      "mean": 567043597.0,
      "median": 567043597.0,
      "min": 566976115.0,
      "max": 567111079.0,
      "std_dev": 95433.9596160612
    }
  },
  "minicsv": {
    "base_native": {
      "mean": 547604102.5,
      "median": 547604102.5,
      "min": 546820769.0,
      "max": 548387436.0,
      "std_dev": 1107800.859561185
    },
    "wasmtime_app": {
      "mean": 827531395.0,
      "median": 827531395.0,
      "min": 827531395.0,
      "max": 827531395.0,
      "std_dev": 0.0
    },
    "wasmtime_vcode_app": {
      "mean": 827039564.0,
      "median": 827039564.0,
      "min": 827039564.0,
      "max": 827039564.0,
      "std_dev": 0.0
    }
  },
  "nestedloop": {
    "base_native": {
      "mean": 572796.25,
      "median": 570938.5,
      "min": 566573.0,
      "max": 602371.0,
      "std_dev": 9499.513079626766
    },
    "wasmtime_app": {
      "mean": 2151323.3636363638,
      "median": 2118698.0,
      "min": 2108050.0,
      "max": 2487569.0,
      "std_dev": 111778.53115806516
    },
    "wasmtime_vcode_app": {
      "mean": 2290406.3636363638,
      "median": 2284547.0,
      "min": 2274502.0,
      "max": 2353309.0,
      "std_dev": 22079.794198645635
    }
  },
  "nestedloop2": {
    "base_native": {
      "mean": 572116.4166666666,
      "median": 570586.0,
      "min": 566123.0,
      "max": 592870.0,
      "std_dev": 6753.4161787448975
    },
    "wasmtime_app": {
      "mean": 2146823.090909091,
      "median": 2110861.0,
      "min": 2104616.0,
      "max": 2488282.0,
      "std_dev": 113531.00000656607
    },
    "wasmtime_vcode_app": {
      "mean": 2287304.6363636362,
      "median": 2277997.0,
      "min": 2270346.0,
      "max": 2361299.0,
      "std_dev": 25967.951849434437
    }
  },
  "nestedloop3": {
    "base_native": {
      "mean": 1213477.4,
      "median": 792901.5,
      "min": 776716.0,
      "max": 5000576.0,
      "std_dev": 1330717.393358451
    },
    "wasmtime_app": {
      "mean": 2392829.1818181816,
      "median": 2349856.0,
      "min": 2336054.0,
      "max": 2839683.0,
      "std_dev": 148335.21660874615
    },
    "wasmtime_vcode_app": {
      "mean": 2517415.727272727,
      "median": 2514599.0,
      "min": 2492006.0,
      "max": 2559125.0,
      "std_dev": 16623.155777955697
    }
  },