{
  "ackermann": {
    "base_native": {
      "mean": 1232369.8181818181,
      "median": 1096262.0,
      "min": 1085597.0,
      "max": 2591899.0,
      "std_dev": 450955.9278301635
    },
    "wasmtime_app": {
      "mean": 3407060.6,
      "median": 3218743.0,
      "min": 3190346.0,
      "max": 5132531.0,
      "std_dev": 606404.9098542803
    },
    "wasmtime_vcode_app": {
      "mean": 3525500.5,
      "median": 3368402.0,
      "min": 3353818.0,
      "max": 4906710.0,
      "std_dev": 485583.7429701951
    }
  },
  "base64": {
    "base_native": {
      "mean": 109639772.28571428,
      "median": 109635303.0,
      "min": 109570277.0,
      "max": 109681379.0,
      "std_dev": 37624.85634840478
    },
    "wasmtime_app": {
      "mean": 168251941.5,
      "median": 167402490.5,
      "min": 167304068.0,
      "max": 170898717.0,
      "std_dev": 1765275.6857810246
    },
    "wasmtime_vcode_app": {
      "mean": 167643780.5,
      "median": 167620017.0,
      "min": 167526425.0,
      "max": 167808663.0,
      "std_dev": 138397.27911944897
    }
  },
  "ctype": {
    "base_native": {
      "mean": 497421273.0,
      "median": 497421273.0,
      "min": 497324849.0,
      "max": 497517697.0,
      "std_dev": 136364.12853826332
    },
    "wasmtime_app": {
      "mean": 652363135.0,
      "median": 652363135.0,
      "min": 650797644.0,
      "max": 653928626.0,
      "std_dev": 2213938.603973019
    },
    "wasmtime_vcode_app": {
      "mean": 650737790.5,
      "median": 650737790.5,
      "min": 650446808.0,
      "max": 651028773.0,
      "std_dev": 411511.3979132291
    }
  },
  "ed25519": {
    "base_native": {
      "mean": 500384088.0,
      "median": 500384088.0,
      "min": 500361654.0,
      "max": 500406522.0,
      "std_dev": 31726.467058278013
    },
    "wasmtime_app": {
      "mean": 3440173264.0,
      "median": 3440173264.0,
      "min": 3440173264.0,
      "max": 3440173264.0,
      "std_dev": 0.0
    },
    "wasmtime_vcode_app": {
      "mean": 3386704137.0,
      "median": 3386704137.0,
      "min": 3386704137.0,
      "max": 3386704137.0,
      "std_dev": 0.0
    }
  },
  "fib2": {
    "base_native": {
      "mean": 2865805297.0,
      "median": 2865805297.0,
      "min": 2865805297.0,
      "max": 2865805297.0,
      "std_dev": 0.0
    },
    "wasmtime_app": {
      "mean": 5874224895.0,
      "median": 5874224895.0,
      "min": 5874224895.0,
      "max": 5874224895.0,
      "std_dev": 0.0
    },
    "wasmtime_vcode_app": {
      "mean": 5857934132.0,
      "median": 5857934132.0,
      "min": 5857934132.0,
      "max": 5857934132.0,
      "std_dev": 0.0
    }
  },
  "gimli": {
    "base_native": {
      "mean": 1158700.9090909092,
      "median": 1155665.0,
      "min": 1149811.0,
      "max": 1188240.0,
      "std_dev": 11113.87648351866
    },
    "wasmtime_app": {
      "mean": 5510298.9,
      "median": 5435623.0,
      "min": 5419366.0,
      "max": 6128728.0,
      "std_dev": 218802.68492535563
    },
    "wasmtime_vcode_app": {
      "mean": 5610963.4,
      "median": 5605011.5,
      "min": 5580629.0,
      "max": 5706155.0,
      "std_dev": 35570.652670112446
    }
  },
  "heapsort": {
    "base_native": {
      "mean": 741737565.0,
      "median": 741737565.0,
      "min": 741737565.0,
      "max": 741737565.0,
      "std_dev": 0.0
    },
    "wasmtime_app": {
      "mean": 906908922.0,
      "median": 906908922.0,
      "min": 906908922.0,
      "max": 906908922.0,
      "std_dev": 0.0
    },
    "wasmtime_vcode_app": {
      "mean": 900859136.0,
      "median": 900859136.0,
      "min": 900859136.0,
      "max": 900859136.0,
      "std_dev": 0.0
    }
  },
  "keccak": {
    "base_native": {
      "mean": 4996270.0,
      "median": 4991840.5,
      "min": 4988220.0,
      "max": 5027015.0,
      "std_dev": 11362.80997132507
    },
    "wasmtime_app": {
      "mean": 11944996.0,
      "median": 11497398.0,
      "min": 11466036.0,
      "max": 15869500.0,
      "std_dev": 1379792.5901435735
    },
    "wasmtime_vcode_app": {
      "mean": 11670425.4,
      "median": 11661475.0,
      "min": 11640143.0,
      "max": 11730039.0,
      "std_dev": 30340.221691125906
    }
  },
  "matrix": {
    "base_native": {
      "mean": 128191414.5,
      "median": 128209398.0,
      "min": 128066330.0,
      "max": 128266967.0,
      "std_dev": 77624.61130530703
    },
    "wasmtime_app": {
      "mean": 365784333.5,
      "median": 365784333.5,
      "min": 364484527.0,
      "max": 367084140.0,
      "std_dev": 1838203.9807607043
    },
    "wasmtime_vcode_app": {
      "mean": 364471265.5,
      "median": 364471265.5,
      "min": 364434659.0,
      "max": 364507872.0,
      "std_dev": 51769.408771010705
    }
  },
  "matrix2": {
    "base_native": {
      "mean": 83835271.75,
      "median": 83822037.5,
      "min": 83750501.0,
      "max": 83943186.0,
      "std_dev": 63002.798286493366
    },
    "wasmtime_app": {
      "mean": 167204901.75,
      "median": 166561774.5,
      "min": 166301455.0,
      "max": 169394603.0,
      "std_dev": 1465231.503734336
    },
    "wasmtime_vcode_app": {
      "mean": 166629969.0,
      "median": 166659146.0,
      "min": 166415445.0,
      "max": 166883250.0,
      "std_dev": 186486.72805725344
    }
  },
  "memmove": {
    "base_native": {
      "mean": 11336336.1,
      "median": 11336013.5,
      "min": 11322962.0,
      "max": 11359324.0,
      "std_dev": 10746.081398972061
    },
    "wasmtime_app": {
      "mean": 568939293.5,
      "median": 568939293.5,
      "min": 567035154.0,
      "max": 570843433.0,
      "std_dev": 2692859.905550324
    },
    "wasmtime_vcode_app": {
      "mean": 567006552.5,
      "median": 567006552.5,
      "min": 566995227.0,
      "max": 567017878.0,
      "std_dev": 16016.675700656488
    }
  },
  "minicsv": {
    "base_native": {
      "mean": 546038536.5,
      "median": 546038536.5,
      "min": 541531101.0,
      "max": 550545972.0,
      "std_dev": 6374476.415621953
    },
    "wasmtime_app": {
      "mean": 830155708.0,
      "median": 830155708.0,
      "min": 830155708.0,
      "max": 830155708.0,
      "std_dev": 0.0
    },
    "wasmtime_vcode_app": {
      "mean": 828321228.0,
      "median": 828321228.0,
      "min": 828321228.0,
      "max": 828321228.0,
      "std_dev": 0.0
    }
  },
  "nestedloop": {
    "base_native": {
      "mean": 571355.8333333334,
      "median": 569011.0,
      "min": 565298.0,
      "max": 601656.0,
      "std_dev": 9659.966768560695
    },
    "wasmtime_app": {
      "mean": 2150451.090909091,
      "median": 2109937.0,
      "min": 2091222.0,
      "max": 2547068.0,
      "std_dev": 132654.43895132537
    },
    "wasmtime_vcode_app": {
      "mean": 2287544.272727273,
      "median": 2275668.0,
      "min": 2264938.0,
      "max": 2377555.0,
      "std_dev": 35748.20502092632
    }
  },
  "nestedloop2": {
    "base_native": {
      "mean": 569857.25,
      "median": 567672.5,
      "min": 563856.0,
      "max": 589432.0,
      "std_dev": 6807.791193318005
    },
    "wasmtime_app": {
      "mean": 2142730.4545454546,
      "median": 2107123.0,
      "min": 2099083.0,
      "max": 2502051.0,
      "std_dev": 119307.7102867737
    },
    "wasmtime_vcode_app": {
      "mean": 2278560.6363636362,
      "median": 2274192.0,
      "min": 2257366.0,
      "max": 2364676.0,
      "std_dev": 29295.051364599884
    }
  },
  "nestedloop3": {
    "base_native": {
      "mean": 786102.5,
      "median": 784703.0,
      "min": 780210.0,
      "max": 800169.0,
      "std_dev": 5133.445157184226
    },
    "wasmtime_app": {
      "mean": 2394332.4545454546,
      "median": 2339373.0,
      "min": 2322207.0,
      "max": 2892463.0,
      "std_dev": 166233.348162373
    },
    "wasmtime_vcode_app": {
      "mean": 2512456.0,
      "median": 2511355.0,
      "min": 2490554.0,
      "max": 2562420.0,
      "std_dev": 18201.771237986704
    }
  },
  "random": {
    "base_native": {
      "mean": 136667378.2,