{
  "ackermann": {
    "base_native": {
      "mean": 1234015.0,
      "median": 1102309.0,
      "min": 1086220.0,
      "max": 2560232.0,
      "std_dev": 439965.72436929675
    },
    "wasmtime_app": {
      "mean": 3417930.8,
      "median": 3220803.5,
      "min": 3198389.0,
      "max": 5221977.0,
      "std_dev": 634055.8148019604
    },
    "wasmtime_vcode_app": {
      "mean": 3518640.1,
      "median": 3359180.0,
      "min": 3331321.0,
      "max": 4933127.0,
      "std_dev": 497309.8763157747
    }
  },
  "base64": {
    "base_native": {
      "mean": 109730401.57142857,
      "median": 109740698.0,
      "min": 109650189.0,
      "max": 109797312.0,
      "std_dev": 52411.35198236206
    },
    "wasmtime_app": {
      "mean": 168297943.25,
      "median": 167385153.5,
      "min": 167275785.0,
      "max": 171145681.0,
      "std_dev": 1899333.8016729928
    },
    "wasmtime_vcode_app": {
      "mean": 167357205.5,
      "median": 167359530.0,
      "min": 167255746.0,
      "max": 167454016.0,
      "std_dev": 88830.83786801368
    }
  },
  "ctype": {
    "base_native": {
      "mean": 498129930.0,
      "median": 498129930.0,
      "min": 497989373.0,
      "max": 498270487.0,
      "std_dev": 198777.61568647512
    },
    "wasmtime_app": {
      "mean": 652025556.5,
      "median": 652025556.5,
      "min": 650444298.0,
      "max": 653606815.0,
      "std_dev": 2236237.2163177365
    },
    "wasmtime_vcode_app": {
      "mean": 649781039.5,
      "median": 649781039.5,
      "min": 649731090.0,
      "max": 649830989.0,
      "std_dev": 70639.26033375491
    }
  },
  "ed25519": {
    "base_native": {
      "mean": 500898509.0,
      "median": 500898509.0,
      "min": 500853744.0,
      "max": 500943274.0,
      "std_dev": 63307.2701196316
    },
    "wasmtime_app": {
      "mean": 3415904753.0,
      "median": 3415904753.0,
      "min": 3415904753.0,
      "max": 3415904753.0,
      "std_dev": 0.0
    },
    "wasmtime_vcode_app": {
      "mean": 3404616493.0,
      "median": 3404616493.0,
      "min": 3404616493.0,
      "max": 3404616493.0,
      "std_dev": 0.0
    }
  },
  "fib2": {
    "base_native": {
      "mean": 2867881187.0,
      "median": 2867881187.0,
      "min": 2867881187.0,
      "max": 2867881187.0,
      "std_dev": 0.0
    },
    "wasmtime_app": {
      "mean": 5869114495.0,
      "median": 5869114495.0,
      "min": 5869114495.0,
      "max": 5869114495.0,
      "std_dev": 0.0
    },
    "wasmtime_vcode_app": {
      "mean": 5854585034.0,
      "median": 5854585034.0,
      "min": 5854585034.0,
      "max": 5854585034.0,
      "std_dev": 0.0
    }
  },
  "gimli": {
    "base_native": {
      "mean": 1158743.1818181819,
      "median": 1154829.0,
      "min": 1149781.0,
      "max": 1194947.0,
      "std_dev": 12773.218637588425
    },
    "wasmtime_app": {
      "mean": 5499714.7,
      "median": 5432263.5,
      "min": 5411163.0,
      "max": 6077807.0,
      "std_dev": 203902.0710341391
    },
    "wasmtime_vcode_app": {
      "mean": 5623161.2,
      "median": 5603080.5,
      "min": 5591232.0,
      "max": 5751899.0,
      "std_dev": 47947.911380302416
    }
  },
  "heapsort": {
    "base_native": {
      "mean": 741246011.0,
      "median": 741246011.0,
      "min": 741246011.0,
      "max": 741246011.0,
      "std_dev": 0.0
    },
    "wasmtime_app": {
      "mean": 905826642.0,
      "median": 905826642.0,
      "min": 905826642.0,
      "max": 905826642.0,
      "std_dev": 0.0
    },
    "wasmtime_vcode_app": {
      "mean": 902734213.0,
      "median": 902734213.0,
      "min": 902734213.0,
      "max": 902734213.0,
      "std_dev": 0.0
    }
  },
  "keccak": {
    "base_native": {
      "mean": 5001779.0,
      "median": 4992251.5,
      "min": 4986864.0,
      "max": 5040433.0,
      "std_dev": 18157.200359330975
    },
    "wasmtime_app": {
      "mean": 11947203.3,
      "median": 11505869.0,
      "min": 11481076.0,
      "max": 15817281.0,
      "std_dev": 1360744.8852385592
    },
    "wasmtime_vcode_app": {
      "mean": 11668196.3,
      "median": 11655684.0,
      "min": 11635760.0,
      "max": 11801328.0,
      "std_dev": 47369.15626825822
    }
  },
  "matrix": {
    "base_native": {
      "mean": 128212862.16666667,
      "median": 128151321.5,
      "min": 128007180.0,
      "max": 128453782.0,
      "std_dev": 186635.5484117821
    },
    "wasmtime_app": {
      "mean": 365532174.5,
      "median": 365532174.5,
      "min": 363818448.0,
      "max": 367245901.0,
      "std_dev": 2423575.258498176
    },
    "wasmtime_vcode_app": {
      "mean": 364072750.0,
      "median": 364072750.0,
      "min": 363939831.0,
      "max": 364205669.0,
      "std_dev": 187975.85249706943
    }
  },
  "matrix2": {
    "base_native": {
      "mean": 83855751.375,
      "median": 83859863.0,
      "min": 83778180.0,
      "max": 83945145.0,
      "std_dev": 50577.103450184986
    },
    "wasmtime_app": {
      "mean": 167121670.5,
      "median": 166426275.5,
      "min": 166167944.0,
      "max": 169466187.0,
      "std_dev": 1568644.0776178853
    },
    "wasmtime_vcode_app": {
      "mean": 166610813.4,
      "median": 166556608.0,
      "min": 166514678.0,
      "max": 166873119.0,
      "std_dev": 148112.7923097799
    }
  },
  "memmove": {
    "base_native": {
      "mean": 11612542.6,
      "median": 11357207.0,
      "min": 11346016.0,
      "max": 13888763.0,
      "std_dev": 799862.2246952839
    },
    "wasmtime_app": {
      "mean": 569087317.5,
      "median": 569087317.5,
      "min": 567321596.0,
      "max": 570853039.0,
      "std_dev": 2497107.2926737648
    },
    "wasmtime_vcode_app": {
      "mean": 567547148.5,
      "median": 567547148.5,
      "min": 566831386.0,
      "max": 568262911.0,
      "std_dev": 1012241.0349380724
    }
  },
  "minicsv": {
    "base_native": {
      "mean": 545756130.5,
      "median": 545756130.5,
      "min": 545644262.0,
      "max": 545867999.0,
      "std_dev": 158205.94990233457
    },
    "wasmtime_app": {
      "mean": 821479384.0,
      "median": 821479384.0,
      "min": 821479384.0,
      "max": 821479384.0,
      "std_dev": 0.0
    },
    "wasmtime_vcode_app": {
      "mean": 830554180.0,
      "median": 830554180.0,
      "min": 830554180.0,
      "max": 830554180.0,
      "std_dev": 0.0
    }
  },
  "nestedloop": {
    "base_native": {
      "mean": 570178.25,
      "median": 569176.5,
      "min": 565768.0,
      "max": 586031.0,
      "std_dev": 5437.510929978565
    },
    "wasmtime_app": {
      "mean": 2140193.272727273,
      "median": 2103357.0,
      "min": 2095979.0,
      "max": 2499455.0,
      "std_dev": 119355.51168009872
    },
    "wasmtime_vcode_app": {
      "mean": 2365310.909090909,
      "median": 2360533.0,
      "min": 2343857.0,
      "max": 2406061.0,
      "std_dev": 16646.138125430447
    }
  },
  "nestedloop2": {
    "base_native": {
      "mean": 571702.3333333334,
      "median": 568424.0,
      "min": 564361.0,
      "max": 609766.0,
      "std_dev": 12114.145753346924
    },
    "wasmtime_app": {
      "mean": 2139705.8181818184,
      "median": 2103499.0,
      "min": 2091097.0,
      "max": 2494681.0,
      "std_dev": 118050.05661821444
    },
    "wasmtime_vcode_app": {
      "mean": 2387138.5454545454,
      "median": 2352200.0,
      "min": 2340918.0,
      "max": 2724238.0,
      "std_dev": 112039.27327893878
    }
  },
  "nestedloop3": {
    "base_native": {
      "mean": 788059.25,
      "median": 785020.5,
      "min": 782968.0,
      "max": 816757.0,
      "std_dev": 9297.299482058805
    },
    "wasmtime_app": {
      "mean": 2385082.0,
      "median": 2340308.0,
      "min": 2326418.0,
      "max": 2841804.0,
      "std_dev": 151641.71532068608
    },
    "wasmtime_vcode_app": {
      "mean": 2593339.909090909,
      "median": 2585957.0,
      "min": 2572124.0,
      "max": 2672679.0,
      "std_dev": 28312.45114593417
    }
  },
  "random": {
    "base_native": {
      "mean": 136626753.2,