{
  "ackermann": {
    "base_native": {
      "mean": 1244693.0909090908,
      "median": 1111561.0,
      "min": 1089941.0,
      "max": 2587050.0,
      "std_dev": 445538.77380031795
    },
    "wasmtime_app": {
      "mean": 3464326.8,
      "median": 3230065.5,
      "min": 3209762.0,
      "max": 5162590.0,
      "std_dev": 604477.6467093625
    },
    "wasmtime_vcode_app": {
      "mean": 3519245.2,
      "median": 3375245.0,
      "min": 3359895.0,
      "max": 4835733.0,
      "std_dev": 462637.4782725671
    }
  },
  "base64": {
    "base_native": {
      "mean": 109736250.14285715,
      "median": 109737422.0,
      "min": 109683564.0,
      "max": 109812983.0,
      "std_dev": 46380.64089117561
    },
    "wasmtime_app": {
      "mean": 168327987.5,
      "median": 167536245.5,
      "min": 167376394.0,
      "max": 170863065.0,
      "std_dev": 1692168.37986423
    },
    "wasmtime_vcode_app": {
      "mean": 167683778.75,
      "median": 167706648.5,
      "min": 167430496.0,
      "max": 167891322.0,
      "std_dev": 217854.88278419804
    }
  },
  "ctype": {
    "base_native": {
      "mean": 498060082.0,
      "median": 498060082.0,
      "min": 497741037.0,
      "max": 498379127.0,
      "std_dev": 451197.7660073241
    },
    "wasmtime_app": {
      "mean": 652394375.5,
      "median": 652394375.5,
      "min": 650606956.0,
      "max": 654181795.0,
      "std_dev": 2527792.8985501365
    },
    "wasmtime_vcode_app": {
      "mean": 686283417.0,
      "median": 686283417.0,
      "min": 650582429.0,
      "max": 721984405.0,
      "std_dev": 50488821.419719115
    }
  },
  "ed25519": {
    "base_native": {
      "mean": 500482054.5,
      "median": 500482054.5,
      "min": 500419923.0,
      "max": 500544186.0,
      "std_dev": 87867.20995058396
    },
    "wasmtime_app": {
      "mean": 3736761122.0,
      "median": 3736761122.0,
      "min": 3736761122.0,
      "max": 3736761122.0,
      "std_dev": 0.0
    },
    "wasmtime_vcode_app": {
      "mean": 3400223762.0,
      "median": 3400223762.0,
      "min": 3400223762.0,
      "max": 3400223762.0,
      "std_dev": 0.0
    }
  },
  "fib2": {
    "base_native": {
      "mean": 2865885694.0,
      "median": 2865885694.0,
      "min": 2865885694.0,
      "max": 2865885694.0,
      "std_dev": 0.0
    },
    "wasmtime_app": {
      "mean": 5873019920.0,
      "median": 5873019920.0,
      "min": 5873019920.0,
      "max": 5873019920.0,
      "std_dev": 0.0
    },
    "wasmtime_vcode_app": {
      "mean": 5859899222.0,
      "median": 5859899222.0,
      "min": 5859899222.0,
      "max": 5859899222.0,
      "std_dev": 0.0
    }
  },
  "gimli": {
    "base_native": {
      "mean": 1158827.0,
      "median": 1154637.0,
      "min": 1150971.0,
      "max": 1200222.0,
      "std_dev": 13996.42327167909
    },
    "wasmtime_app": {
      "mean": 5517271.4,
      "median": 5457787.5,
      "min": 5434095.0,
      "max": 6079462.0,
      "std_dev": 198594.23621668605
    },
    "wasmtime_vcode_app": {
      "mean": 5843083.0,
      "median": 5782951.0,
      "min": 5758741.0,
      "max": 6297887.0,
      "std_dev": 166055.85357543608
    }
  },
  "heapsort": {
    "base_native": {
      "mean": 741482782.0,
      "median": 741482782.0,
      "min": 741482782.0,
      "max": 741482782.0,
      "std_dev": 0.0
    },
    "wasmtime_app": {
      "mean": 905844873.0,
      "median": 905844873.0,
      "min": 905844873.0,
      "max": 905844873.0,
      "std_dev": 0.0
    },
    "wasmtime_vcode_app": {
      "mean": 918606197.0,
      "median": 918606197.0,
      "min": 918606197.0,
      "max": 918606197.0,
      "std_dev": 0.0
    }
  },
  "keccak": {
    "base_native": {
      "mean": 4995892.6,
      "median": 4990449.0,
      "min": 4977874.0,
      "max": 5033756.0,
      "std_dev": 15506.499742581069
    },
    "wasmtime_app": {
      "mean": 11950907.5,
      "median": 11506920.0,
      "min": 11490957.0,
      "max": 15852312.0,
      "std_dev": 1371121.7750694542
    },
    "wasmtime_vcode_app": {
      "mean": 11683094.9,
      "median": 11674640.5,
      "min": 11628098.0,
      "max": 11767656.0,
      "std_dev": 43750.874511767695
    }
  },
  "matrix": {
    "base_native": {
      "mean": 128169983.16666667,
      "median": 128170524.5,
      "min": 128127841.0,
      "max": 128236587.0,
      "std_dev": 40388.40463507647
    },
    "wasmtime_app": {
      "mean": 365537631.0,
      "median": 365537631.0,
      "min": 363981243.0,
      "max": 367094019.0,
      "std_dev": 2201065.0179147366
    },
    "wasmtime_vcode_app": {
      "mean": 364799884.5,
      "median": 364799884.5,
      "min": 364778698.0,
      "max": 364821071.0,
      "std_dev": 29962.23563921758
    }
  },
  "matrix2": {
    "base_native": {
      "mean": 83960529.125,
      "median": 83911819.5,
      "min": 83817125.0,
      "max": 84185936.0,
      "std_dev": 142005.7359469655
    },
    "wasmtime_app": {
      "mean": 167242184.25,
      "median": 166553722.0,
      "min": 166276126.0,
      "max": 169585167.0,
      "std_dev": 1569414.079977275
    },
    "wasmtime_vcode_app": {
      "mean": 166561131.8,
      "median": 166578221.0,
      "min": 166442229.0,
      "max": 166652236.0,
      "std_dev": 82753.03916896346
    }
  },
  "memmove": {
    "base_native": {
      "mean": 11365348.2,
      "median": 11365822.0,
      "min": 11345335.0,
      "max": 11385619.0,
      "std_dev": 15020.229498172714
    },
    "wasmtime_app": {
      "mean": 568785307.5,
      "median": 568785307.5,
      "min": 566954756.0,
      "max": 570615859.0,
      "std_dev": 2588790.757922413
    },
    "wasmtime_vcode_app": {
      "mean": 567104206.0,
      "median": 567104206.0,
      "min": 567024525.0,
      "max": 567183887.0,
      "std_dev": 112685.95086345059
    }
  },
  "minicsv": {
    "base_native": {
      "mean": 550391462.0,
      "median": 550391462.0,
      "min": 548578530.0,
      "max": 552204394.0,
      "std_dev": 2563873.02206018
    },
    "wasmtime_app": {
      "mean": 824374542.0,
      "median": 824374542.0,
      "min": 824374542.0,
      "max": 824374542.0,
      "std_dev": 0.0
    },
    "wasmtime_vcode_app": {
      "mean": 821851798.0,
      "median": 821851798.0,
      "min": 821851798.0,
      "max": 821851798.0,
      "std_dev": 0.0
    }
  },
  "nestedloop": {
    "base_native": {
      "mean": 572573.9166666666,
      "median": 570346.0,
      "min": 565771.0,
      "max": 597697.0,
      "std_dev": 8267.182552481867
    },
    "wasmtime_app": {
      "mean": 2159969.6363636362,
      "median": 2118293.0,
      "min": 2109636.0,
      "max": 2495141.0,
      "std_dev": 114632.72541492917
    },
    "wasmtime_vcode_app": {
      "mean": 2282546.272727273,
      "median": 2277329.0,
      "min": 2265992.0,
      "max": 2331541.0,
      "std_dev": 17685.945296143538
    }
  },
  "nestedloop2": {
    "base_native": {
      "mean": 575587.6666666666,
      "median": 571805.5,
      "min": 568155.0,
      "max": 617519.0,
      "std_dev": 13466.22094071839
    },
    "wasmtime_app": {
      "mean": 2147853.090909091,
      "median": 2114097.0,
      "min": 2106101.0,
      "max": 2487965.0,
      "std_dev": 113019.94780254902
    },
    "wasmtime_vcode_app": {
      "mean": 2287771.4545454546,
      "median": 2284209.0,
      "min": 2258334.0,
      "max": 2378333.0,
      "std_dev": 32361.51465974248
    }
  },
  "nestedloop3": {
    "base_native": {
      "mean": 795896.75,
      "median": 788615.5,
      "min": 781068.0,
      "max": 840154.0,
      "std_dev": 19937.570168015594
    },
    "wasmtime_app": {
      "mean": 2399169.8181818184,
      "median": 2356008.0,
      "min": 2337688.0,
      "max": 2870663.0,
      "std_dev": 156540.73633135765
    },
    "wasmtime_vcode_app": {
      "mean": 2512711.090909091,
      "median": 2510719.0,
      "min": 2490471.0,
      "max": 2544881.0,
      "std_dev": 16814.881346322643
    }
  },